trial_id,stim_id,param_id,index,sample_n_mean,sample_n_std
0,46,17,0,83.45,36.685684860503976
0,40,5,0,71.05,53.53353597217552
0,46,17,0,53.0,32.824894275694575
0,46,17,0,54.65,37.98929904730098
0,40,5,0,96.15,52.1639873758455
0,46,17,0,63.6,43.23059345563412
0,46,17,0,47.75,30.320871741391187
0,45,5,0,69.9,44.28008938325976
0,46,17,0,48.75,33.01335455459454
0,45,5,0,72.65,56.21975210115915
0,46,17,0,64.1,39.66159484013671
0,30,5,0,65.55,55.17386394986212
0,46,17,0,76.65,57.27153697403642
0,30,5,0,72.55,41.42650435600251
0,46,17,0,66.65,43.83975004730897
0,46,17,0,51.85,33.06337614499257
0,27,5,0,68.7,49.67271834083999
0,36,17,0,66.55,41.983047957353854
0,27,5,0,63.8,56.12729892138518
0,29,5,0,70.2,53.940122748333295
0,36,17,0,85.35,47.35117961071631
0,29,5,0,54.75,41.325250341522114
0,36,17,0,60.75,40.03666083137199
0,36,17,0,80.05,50.0215479884209
0,43,5,0,89.5,62.7941499118978
0,36,17,0,59.65,49.019088655661264
0,43,5,0,77.4,43.11600020507713
0,36,17,0,76.3,40.70186857213263
0,35,5,0,96.95,74.93188134636193
0,36,17,0,72.6,43.399490659150416
0,35,5,0,64.0,53.96002418945265
0,36,17,0,57.3,28.17819238907615
0,36,17,0,59.45,47.96432336424099
0,41,5,0,81.95,54.02384950917023
0,36,17,0,88.85,50.495726760317375
0,41,5,0,84.45,74.61372457354504
0,35,17,0,59.85,39.577073373887885
0,45,5,0,62.4,36.56054819351764
0,35,17,0,51.65,43.45993315081932
0,45,5,0,69.45,43.8495934086653
0,35,17,0,68.75,63.571654557341006
0,30,5,0,65.05,45.91694447013743
0,35,17,0,66.65,42.040425407232185
0,30,5,0,77.9,43.084861182994366
0,46,5,0,66.8,59.959284430967685
0,35,17,0,78.15,44.08875617493231
0,35,17,0,48.0,37.388430521246875
0,46,5,0,69.05,50.458398706260986
0,35,17,0,73.25,54.22455745858095
0,41,5,0,66.45,46.20147525555297
0,35,17,0,69.25,39.3671984752468
0,41,5,0,73.25,84.8341260777078
0,35,17,0,56.55,35.61116767473225
0,25,5,0,67.25,28.98434241557255
0,35,17,0,55.05,47.459095961403264
0,26,17,0,56.6,36.99274466560621
0,25,5,0,90.35,71.55952619654273
0,26,17,0,69.85,35.591653368081744
0,25,5,0,81.25,45.347633838347534
0,26,17,0,73.25,38.34315282317108
0,25,5,0,62.85,37.826856235108664
0,26,17,0,59.1,46.2463654332908
0,40,5,0,89.8,54.48283167538578
0,26,17,0,79.7,43.76865016015579
0,26,17,0,61.65,43.304642998911305
0,26,17,0,40.7,30.41485094316158
0,40,5,0,98.05,97.99434731280758
0,26,17,0,62.8,31.12217013134223
0,47,5,0,75.25,54.07779483981241
0,26,17,0,72.9,50.04303411223079
0,47,5,0,61.65,39.1666815976082
0,26,17,0,58.25,45.361559195331665
0,33,5,0,66.3,69.38079515861796
0,43,17,0,59.25,34.16041876977383
0,33,5,0,60.15,41.195650000301825
0,43,17,0,49.05,29.476975850028406
0,28,5,0,54.75,41.763589027058636
0,43,17,0,59.2,49.22622322128298
0,28,5,0,65.75,46.81191368826845
0,43,17,0,68.3,36.73819180147691
0,24,5,0,67.2,50.91747709465003
0,43,17,0,54.1,33.40170181608306
0,24,5,0,62.25,45.468178577527105
0,43,17,0,63.85,41.72248541822124
0,36,5,0,64.45,53.46368664311959
0,43,17,0,72.95,50.91528051060589
0,36,5,0,63.5,52.67926786846885
0,43,17,0,59.4,40.00315777009294
1,7,5,0,71.2,43.39973320315763
0,43,17,0,81.55,44.195111661097116
1,7,5,0,81.35,60.74387558472567
0,43,17,0,60.2,40.023151195013966
0,35,17,0,61.95,44.827711119468574
1,14,5,0,86.95,60.17472366717651
0,35,17,0,65.1,47.680846866375354
1,14,5,0,68.75,42.325648563439515
0,35,17,0,100.3,57.016248838194784
1,1,5,0,85.85,54.117100128478704
1,1,5,0,75.45,52.48104921127043
0,35,17,0,87.35,58.581724292245205
0,35,17,0,69.6,40.88160054545192
1,7,5,0,90.3,65.20905652309024
0,35,17,0,65.45,46.71354475050994
1,7,5,0,90.55,76.30994623728182
0,35,17,0,79.5,50.86669885722464
1,18,5,0,77.05,55.08316678585115
0,35,17,0,64.35,41.2365129466593
1,18,5,0,54.25,41.10944954758289
0,35,17,0,70.55,58.87316876132964
1,16,5,0,67.5,46.983199684904164
0,35,17,0,55.25,46.98698027953567
1,16,5,0,78.2,42.49284769538467
0,30,17,0,70.9,47.517199102286284
0,30,17,0,45.0,30.782770300420022
1,5,5,0,72.85,48.02003419626569
0,30,17,0,72.95,43.10876696767937
1,5,5,0,99.6,73.51219018137847
0,30,17,0,68.4,36.84590957801936
1,17,5,0,72.45,50.483426149474774
0,30,17,0,73.6,56.80752359364124
1,17,5,0,66.65,60.05197310400558
0,30,17,0,74.15,34.7173170804306
1,15,5,0,59.15,48.84807274116673
0,30,17,0,66.8,54.15630400200788
1,15,5,0,65.75,39.92344648132685
0,30,17,0,76.5,52.44997616777343
1,18,5,0,83.55,62.12845352044509
0,30,17,0,64.55,48.11223173066558
0,30,17,0,44.85,41.31811760118391
1,18,5,0,66.45,42.721219921473995
0,32,17,0,55.8,57.906094579704515
1,20,5,0,63.85,46.95493360099324
1,20,5,0,60.65,35.510228326349484
0,32,17,0,94.8,43.82092746862538
1,3,5,0,73.95,61.241948987515684
0,32,17,0,59.55,40.494931456717026
1,3,5,0,68.8,42.64739147943283
0,32,17,0,62.4,44.66648337223454
0,32,17,0,53.95,39.711426169568036
1,10,5,0,78.4,67.11059215166685
0,32,17,0,55.05,43.330401385292134
0,32,17,0,67.7,34.99187875703973
1,10,5,0,99.6,61.30888147216862
0,32,17,0,58.8,54.86020511502994
1,0,5,0,62.05,45.218155412924226
0,32,17,0,65.45,45.673296355748185
1,0,5,0,79.6,28.512970271162743
0,32,17,0,59.05,45.92955131732212
1,19,5,0,77.5,55.4773543178229
0,41,17,0,67.9,40.73004839311222
0,41,17,0,53.9,36.53246573435167
1,19,5,0,78.65,38.963241786667545
0,41,17,0,64.45,49.480963910110766
1,2,5,0,87.8,53.78964877919796
0,41,17,0,64.0,35.654777490467346
1,2,5,0,61.65,46.733595489416615
0,41,17,0,69.45,43.581110103974375
1,1,5,0,67.05,49.360622490316906
0,41,17,0,77.8,51.506361385346324
1,1,5,0,84.3,59.3819926630252
0,41,17,0,61.75,47.73597892795881
1,3,5,0,64.85,36.74417247028862
0,41,17,0,77.05,42.83318315217033
1,3,5,0,74.4,56.30499650633989
0,41,17,0,39.2,32.48740646692759
0,41,17,0,70.3,53.531200936315734
1,7,5,0,75.65,55.48662712288146
1,7,5,0,57.25,35.90612761075747
0,43,17,0,64.2,46.82284642531273
1,19,5,0,86.1,45.62305511355785
0,43,17,0,74.75,54.40672849256017
0,43,17,0,63.6,32.48708245311957
1,19,5,0,68.15,57.41471936707521
0,43,17,0,76.85,46.4364591333373
2,26,5,1,83.95,39.45080213980045
0,43,17,0,58.05,33.99609110657159
2,26,5,1,67.25,45.71291997489965
0,43,17,0,60.35,42.44287182108501
0,43,17,0,39.45,32.06321880285883
2,46,5,1,64.7,68.94933303749782
0,43,17,0,73.35,45.780109447800925
2,46,5,1,63.3,48.33664840415984
0,43,17,0,55.55,39.30243731560892
2,39,5,1,106.5,70.13783422286207
0,43,17,0,76.05,60.29792263158168
0,32,17,0,57.1,41.51714927846716
2,39,5,1,80.95,51.10306922495484
0,32,17,0,58.65,46.90334406212979
2,38,5,1,65.1,42.27342078970139
2,38,5,1,68.3,30.005438103608377
0,32,17,0,87.9,67.82865409094798
0,32,17,0,61.35,46.19669047157292
2,28,5,1,82.85,66.33350744929983
0,32,17,0,83.0,43.597440774720525
2,28,5,1,69.5,58.930378190575105
0,32,17,0,70.35,44.654551250330805
2,44,5,1,80.5,51.42342288347434
0,32,17,0,77.45,44.12002171111744
0,32,17,0,60.7,40.960957020069735
2,44,5,1,104.55,111.65429494178613
0,32,17,0,79.6,62.399730093883214
2,40,5,1,77.4,56.72407824400128
0,32,17,0,58.05,41.837373118704335
0,41,17,0,67.4,36.00204672544399
2,40,5,1,90.55,46.47973525606277
0,41,17,0,57.6,44.84405728392794
2,27,5,1,64.3,56.62071408202033
0,41,17,0,79.25,52.43529847646325
2,27,5,1,81.55,54.39279654319562
0,41,17,0,78.95,41.89645758169462
2,31,5,1,56.55,53.60722162662709
0,41,17,0,40.55,28.094717615500905
0,41,17,0,56.7,49.718258850827574
2,31,5,1,79.2,67.97336939837852
0,41,17,0,74.35,47.831144885447095
2,46,5,1,68.1,48.06782488810665
0,41,17,0,56.45,35.12904780946959
2,46,5,1,65.35,61.48622010790625
0,41,17,0,64.65,38.01699758349096
2,28,5,1,78.55,46.37203671905822
0,41,17,0,80.65,43.71953074337661
2,28,5,1,87.65,54.16862074747898
0,26,17,0,67.95,57.279990995294796
2,27,5,1,64.6,52.2226004714434
0,26,17,0,62.15,46.03348323717605
2,27,5,1,70.0,49.558046773455466
0,26,17,0,93.3,47.487505281860585
2,36,5,1,44.15,27.238276087346758
2,36,5,1,68.45,34.87341771547341
0,26,17,0,87.7,52.996623527005546
2,33,5,1,44.1,38.13259415306157
0,26,17,0,66.45,46.446885341158634
2,33,5,1,72.45,56.19184713292959
0,26,17,0,79.3,52.29481206029
2,25,5,1,72.85,53.29389715234016
0,26,17,0,65.85,46.13969064299823
2,25,5,1,69.35,46.86742219450408
0,26,17,0,53.1,43.379476107583656
2,33,5,1,49.95,44.60171698370744
0,26,17,0,50.55,34.91866489278674
2,33,5,1,76.0,65.06110488164992
0,26,17,0,75.6,39.16550576853646
0,31,17,0,68.5,57.5495210094841
2,24,5,1,86.45,63.065942931940185
0,31,17,0,65.4,40.616823063719224
2,24,5,1,79.75,48.03384223648988
0,31,17,0,52.1,42.67490326199993
0,31,17,0,53.2,38.64902803979749
2,46,5,1,67.55,42.240508120947
0,31,17,0,72.3,51.21173796370475
2,46,5,1,86.75,52.12623846818515
0,31,17,0,63.85,37.37192162995889
2,43,5,1,77.8,67.52278367921062
0,31,17,0,62.7,44.81787707224827
2,43,5,1,58.1,36.20686180967999
0,31,17,0,68.05,46.22994586560579
2,45,5,1,72.35,48.05399923112814
0,31,17,0,78.0,64.12323661266804
2,45,5,1,66.3,33.876089999942586
0,31,17,0,59.65,31.623234296453948
3,9,5,1,46.7,38.64562343301393
0,28,17,0,54.5,41.354055360228486
0,28,17,0,59.45,43.48680985746077
3,9,5,1,93.1,48.89935959111379
0,28,17,0,66.75,46.63506135268207
3,20,5,1,60.65,38.87127880311469
0,28,17,0,49.5,31.26878382836888
3,20,5,1,47.6,42.93495692691201
0,28,17,0,77.3,49.15400074738255
3,16,5,1,73.65,37.904693501909286
0,28,17,0,63.7,42.56153440051611
3,16,5,1,70.55,55.38618011172481
0,28,17,0,77.6,46.243520171962864
3,14,5,1,78.95,59.3929598876039
0,28,17,0,77.45,44.64535692249355
3,14,5,1,74.5,70.30497474350027
0,28,17,0,72.35,56.82778693932267
3,10,5,1,68.1,48.35384924535073
0,28,17,0,64.95,41.25463291367535
3,10,5,1,53.45,42.78277444806127
0,29,17,0,65.9,47.93405557858135
3,17,5,1,54.55,49.948894935355256
0,29,17,0,76.05,45.178563850336666
3,17,5,1,98.55,71.95866869252099
0,29,17,0,77.5,45.08529927289289
3,13,5,1,69.15,51.220138925806786
0,29,17,0,64.6,61.61544577372411
3,13,5,1,59.45,63.22014585640612
0,29,17,0,63.35,41.4567307721652
0,29,17,0,66.35,51.53565449483033
3,23,5,1,85.7,72.49108838151653
0,29,17,0,63.8,41.896614610126605
3,23,5,1,88.15,65.6900817635757
0,29,17,0,70.2,35.57586408315556
3,6,5,1,67.95,45.05841238121678
0,29,17,0,69.85,46.682888784469604
0,29,17,0,54.15,35.03272905817013
3,6,5,1,84.7,50.47886477996196
0,46,17,0,49.85,27.04825123250747
0,46,17,0,57.7,34.021819623975375
3,8,5,1,80.45,54.95785466585904
0,46,17,0,71.8,46.36650333569426
3,8,5,1,65.5,56.9602816373877
0,46,17,0,76.95,38.719606076726066
3,4,5,1,77.8,56.0212365747885
0,46,17,0,70.9,42.34184194089067
3,4,5,1,69.8,51.80489714709462
0,46,17,0,46.1,44.987600630910684
3,17,5,1,84.25,65.8346213509355
0,46,17,0,76.45,69.56592859333247
0,46,17,0,63.75,34.893635371994186
3,17,5,1,64.8,54.78436196388047
0,46,17,0,57.4,39.104986894256854
3,21,5,1,68.6,51.07929851556407
3,21,5,1,53.2,32.76326569417903
0,46,17,0,91.5,53.61313664627944
3,7,5,1,58.8,42.15959652258746
0,40,17,0,64.6,48.13292996866512
3,7,5,1,59.8,51.13820283773848
0,40,17,0,51.3,39.85117049063533
0,40,17,0,61.4,46.10103321139229
3,7,5,1,101.05,80.64703799174589
0,40,17,0,56.95,34.32119952510555
3,7,5,1,64.7,42.46992744098
0,40,17,0,66.7,38.75985443457539
3,5,5,1,70.45,57.93142497815844
0,40,17,0,83.45,48.86337020067712
3,5,5,1,63.85,58.57094213992033
0,40,17,0,70.95,56.90664099622893
0,40,17,0,46.15,33.67222031664428
3,7,5,1,86.7,59.91230433330298
0,40,17,0,66.45,53.73176557288014
0,40,17,0,53.8,32.41604540964243
3,7,5,1,82.15,49.235497463987464
0,45,17,0,60.0,38.49538591626411
3,2,5,1,68.3,61.95762558734036
0,45,17,0,72.05,47.13080900955061
3,2,5,1,106.3,71.34504740676597
0,45,17,0,77.55,49.07617601883402
0,45,17,0,74.3,41.80418009821758
3,14,5,1,95.1,100.29372651839878
0,45,17,0,81.45,59.17545276993084
3,14,5,1,60.05,48.776045673864814
0,45,17,0,54.0,36.38536432196475
0,45,17,0,58.45,41.625491936400806
3,12,5,1,84.1,61.163198429327274
0,45,17,0,61.1,31.397116863948217
3,12,5,1,48.5,31.490182262847707
4,32,5,2,56.3,41.01232164015821
0,45,17,0,70.55,51.817975950233205
0,45,17,0,58.25,39.64430668622645
4,32,5,2,79.95,38.06846325683297
0,26,17,0,67.6,47.279015040056564
4,28,5,2,48.3,42.75893258477664
4,28,5,2,59.55,31.93822161611382
0,26,17,0,78.2,35.70139316167102
0,26,17,0,57.8,50.32693116016513
4,36,5,2,64.25,52.1635837887334
0,26,17,0,66.2,32.82425290768045
4,36,5,2,71.65,55.168903330924046
0,26,17,0,54.7,34.197722300269
0,26,17,0,75.45,50.92561655053998
4,47,5,2,100.35,76.27255490396888
0,26,17,0,69.0,38.69312464426777
4,47,5,2,82.25,93.55205418431636
0,26,17,0,71.95,44.09496331185325
0,26,17,0,59.1,43.044530186161495
4,29,5,2,82.55,48.670184323723944
0,26,17,0,50.95,33.86890360757117
4,29,5,2,81.2,67.67460847008239
1,7,17,0,79.65,55.693971137391806
4,36,5,2,59.45,39.92028240592019
1,7,17,0,57.6,35.37676906493419
4,36,5,2,60.25,28.487993777619444
1,7,17,0,85.5,51.90325007570385
4,34,5,2,69.25,51.5301393667618
1,7,17,0,70.9,45.268671634795595
1,7,17,0,71.75,46.66439530813278
4,34,5,2,88.2,57.61816234121796
1,7,17,0,61.65,44.30548855152681
4,39,5,2,85.85,64.54233616700543
1,7,17,0,70.85,42.977686989266516
4,39,5,2,67.4,52.15705028792216
1,7,17,0,61.65,42.29878062196667
4,43,5,2,45.65,40.841510101469325
1,7,17,0,50.1,40.50458063764614
4,43,5,2,47.35,35.029724220258544
1,7,17,0,62.6,28.340783334269364
1,21,17,0,61.5,43.1978313295812
4,46,5,2,93.25,88.81019085668039
1,21,17,0,60.75,39.541949742946215
4,46,5,2,65.0,49.13354519224005
1,21,17,0,76.1,49.29065247136248
4,45,5,2,66.45,52.767090022794356
1,21,17,0,63.9,42.87914472831261
1,21,17,0,60.9,42.688467566286505
4,45,5,2,60.75,58.848489673415614
1,21,17,0,54.75,43.91244278765356
4,30,5,2,66.4,66.58148944595717
1,21,17,0,79.75,51.376704735450716
4,30,5,2,70.6,42.4331052487634
1,21,17,0,54.05,28.262817306582566
1,21,17,0,58.85,44.25199965746419
4,46,5,2,71.9,65.69619070908306
1,21,17,0,55.25,36.21118611699981
4,46,5,2,56.45,50.249351920408415
1,0,17,0,67.25,45.66223246496179
4,40,5,2,58.0,41.021175532952036
1,0,17,0,76.65,32.91500217865787
4,40,5,2,62.75,34.424402299592806
1,0,17,0,62.75,51.13333962350427
4,37,5,2,84.35,65.70450196864267
1,0,17,0,69.35,54.82150461653759
4,37,5,2,56.35,52.67005041317424
1,0,17,0,69.55,35.59194911922165
4,39,5,2,54.9,47.5758673898305
1,0,17,0,62.55,47.96322604487295
4,39,5,2,63.5,54.23972131584982
1,0,17,0,82.0,55.2001144163574
4,34,5,2,81.85,69.45598757865527
1,0,17,0,60.85,37.78091275261957
1,0,17,0,57.2,36.47436013651811
4,34,5,2,71.25,54.540062532533206
1,0,17,0,80.55,49.72500694609779
4,35,5,2,68.3,59.221351057305604
1,18,17,0,51.1,28.328709633050433
4,35,5,2,65.7,54.477518298835896
4,34,5,2,72.55,41.27504024672079
1,18,17,0,108.3,56.30378130706396
1,18,17,0,61.25,34.86496507202731
4,34,5,2,75.05,63.475212733624986
1,18,17,0,60.35,42.84890835678805
4,44,5,2,66.9,42.54273393337946
1,18,17,0,68.8,45.00596451699778
4,44,5,2,78.35,48.81034726366941
1,18,17,0,71.85,44.018267738938135
5,23,5,2,70.95,46.021133589277284
1,18,17,0,76.4,36.13629171549522
5,23,5,2,78.1,60.06566582105218
1,18,17,0,63.7,33.9955105395125
5,18,5,2,59.45,45.27166535715829
1,18,17,0,76.75,61.65086331405604
5,18,5,2,79.1,66.07005851048527
1,18,17,0,79.45,54.1114590451967
5,11,5,2,55.8,54.358072077659266
1,11,17,0,56.05,44.41251009154492
5,11,5,2,63.6,45.34476120149992
1,11,17,0,78.95,54.36666451536562
5,15,5,2,84.25,72.33465719542014
1,11,17,0,81.25,52.28552682903246
1,11,17,0,63.95,38.30689782601342
5,15,5,2,90.9,90.08411274148762
1,11,17,0,65.15,40.11335910824931
5,21,5,2,67.8,46.630236406954026
1,11,17,0,60.15,39.70320814294615
5,21,5,2,60.9,46.93657534655845
1,11,17,0,68.15,72.95223743908353
5,13,5,2,73.2,64.35313757533096
1,11,17,0,60.05,39.084894107166534
5,13,5,2,80.3,69.13076853250467
1,11,17,0,80.85,42.80097760811692
5,6,5,2,67.15,54.25211613626844
1,11,17,0,73.1,58.46177338542187
5,6,5,2,51.45,48.200758893348734
1,16,17,0,71.2,34.84189855241591
5,20,5,2,68.65,71.88021834603512
1,16,17,0,64.35,44.656908465367486
1,16,17,0,52.85,36.067590058549506
5,20,5,2,61.8,68.81064789084532
1,16,17,0,62.2,38.98123705201341
5,11,5,2,64.85,58.27365117317287
1,16,17,0,70.45,44.99295266454163
5,11,5,2,65.4,58.07291242821163
1,16,17,0,66.1,42.96130449847312
1,16,17,0,54.5,46.49900961027925
5,1,5,2,75.45,85.2954462904951
1,16,17,0,64.75,46.43713917476875
5,1,5,2,85.1,68.47965506553561
1,16,17,0,58.8,51.60232552899142
1,16,17,0,63.25,43.32724316177986
5,3,5,2,78.7,55.71648154531542
5,3,5,2,57.45,39.482807717577
1,7,17,0,67.5,41.4697099351474
5,21,5,2,72.4,58.273764070526354
1,7,17,0,75.65,50.44671498355051
1,7,17,0,61.05,42.60649196888587
5,21,5,2,71.55,49.94467992320683
1,7,17,0,65.15,44.73345033582105
5,21,5,2,90.85,71.46532099741216
1,7,17,0,77.1,50.17118065604049
5,21,5,2,49.65,23.644905983052002
5,2,5,2,56.75,41.96975728206907
1,7,17,0,90.45,57.74305608742742
5,2,5,2,66.4,55.16997657956249
1,7,17,0,66.35,47.19196519480163
5,6,5,2,44.75,45.05771153111366
1,7,17,0,66.25,56.60563018305735
1,7,17,0,49.3,35.09100949486095
5,6,5,2,74.4,56.18803019186654
1,7,17,0,60.2,35.15319855178263
5,6,5,2,68.65,69.5657772789254
1,20,17,0,70.45,35.72331539986028
1,20,17,0,51.7,32.653040480659364
5,6,5,2,76.0,54.02533518734764
1,20,17,0,54.25,33.481927568230155
5,2,5,2,68.2,47.04040816149452
1,20,17,0,73.5,34.95937491913782
5,2,5,2,48.45,42.38479742350527
1,20,17,0,54.8,40.12821556225153
1,20,17,0,58.85,32.97890075088681
5,0,5,2,78.85,62.98811500258558
1,20,17,0,72.95,39.878070744656014
5,0,5,2,83.2,58.00598880152037
1,20,17,0,52.15,34.86103993375926
5,18,5,2,60.0,47.698615228713315
1,20,17,0,68.25,54.53137677183273
1,20,17,0,70.6,35.848218042771734
5,18,5,2,85.3,61.80453057826749
5,14,5,2,70.8,51.84958001149499
1,0,17,0,80.9,59.89455646999018
5,14,5,2,56.0,65.67303379942982
1,0,17,0,66.75,37.788713157572104
1,0,17,0,61.4,50.94930400846873
6,36,5,3,68.05,66.98976748256722
1,0,17,0,68.9,38.01370943834813
6,36,5,3,48.15,56.54087948229651
1,0,17,0,75.8,57.48738992161672
6,46,5,3,67.2,44.463586521060016
1,0,17,0,64.55,39.99799337072062
6,46,5,3,46.8,45.97092902900129
1,0,17,0,77.25,44.448521377336945
6,33,5,3,80.1,67.73003687240131
1,0,17,0,65.0,41.11217005116355
6,33,5,3,65.4,47.66925523581044
1,0,17,0,69.95,50.790047719690335
6,30,5,3,45.5,45.3471986020375
6,30,5,3,30.75,35.49777606080637
1,0,17,0,72.8,43.172359578542235
1,20,17,0,55.1,48.61870984886807
6,36,5,3,75.0,65.81713102864713
1,20,17,0,64.85,45.86051506585227
6,36,5,3,68.4,64.31615987489172
1,20,17,0,83.35,60.57555091306272
6,46,5,3,55.85,57.3532681581534
6,46,5,3,59.55,59.0062217950473
1,20,17,0,86.15,52.93817148334461
1,20,17,0,62.3,45.5955907378865
6,45,5,3,66.2,42.57822522320411
1,20,17,0,46.1,33.390669985869756
6,45,5,3,42.45,30.268056811726364
1,20,17,0,63.2,43.431252390537004
6,33,5,3,63.0,57.532599454570104
1,20,17,0,60.65,42.29006975638607
6,33,5,3,66.95,57.613480695881734
1,20,17,0,57.1,38.56218491298383
1,20,17,0,71.3,38.432579381232486
6,31,5,3,72.15,75.5473187374711
6,31,5,3,43.25,39.29359797861814
1,17,17,0,74.95,43.754668923802626
6,31,5,3,45.6,54.20176730464947
1,17,17,0,71.85,47.83774660244774
6,31,5,3,53.15,42.461468601421146
1,17,17,0,55.2,42.98543204878896
6,28,5,3,50.5,51.03920062069938
1,17,17,0,72.7,44.525687441130685
1,17,17,0,64.35,39.96482005596001
6,28,5,3,80.4,50.747465583592394
1,17,17,0,81.65,40.89302475587017
6,39,5,3,86.25,63.71141763327908
1,17,17,0,65.8,36.662902518112666
1,17,17,0,71.45,58.157205282886395
6,39,5,3,64.55,56.02393755304395
6,38,5,3,54.8,44.34624531664671
1,17,17,0,80.4,42.652080840212236
1,17,17,0,58.4,38.78469584229
6,38,5,3,63.4,61.94938511227915
1,9,17,0,77.05,44.61233603293813
6,35,5,3,53.2,48.81824507939198
1,9,17,0,80.4,39.457372068173974
6,35,5,3,60.05,64.31622124930438
1,9,17,0,54.45,39.96244947974351
6,33,5,3,66.4,50.163312238496005
1,9,17,0,73.7,49.06504812357184
6,33,5,3,40.15,36.984029270113766
1,9,17,0,66.05,55.10895905768002
6,25,5,3,68.05,61.190363018336384
1,9,17,0,65.45,41.53688912153554
6,25,5,3,42.6,38.949900344443826
1,9,17,0,68.8,54.576455305234056
6,24,5,3,65.45,51.16482652842879
1,9,17,0,69.7,53.165184492346704
6,24,5,3,50.1,36.94647622254601
1,9,17,0,60.0,45.35358164931467
1,9,17,0,55.35,41.39193285246726
6,40,5,3,59.55,55.62607775419537
1,2,17,0,75.7,57.98193911174319
6,40,5,3,64.25,53.61743137607789
1,2,17,0,73.95,43.607670740001936
6,33,5,3,58.1,52.534600127214404
1,2,17,0,59.1,45.428833876387586
6,33,5,3,74.75,55.305729216877026
1,2,17,0,87.9,54.369980107060044
6,39,5,3,83.0,52.38621755265104
6,39,5,3,33.7,30.900689823674607
1,2,17,0,94.05,47.48348743455316
1,2,17,0,69.35,40.518059651157245
7,11,5,3,79.8,69.62123088163325
1,2,17,0,77.35,49.75548105221013
7,11,5,3,56.05,68.01197649949913
1,2,17,0,50.75,40.37179187189204
7,20,5,3,61.95,46.06799893978237
1,2,17,0,65.65,44.76873321509345
7,20,5,3,52.85,52.08927053878906
1,2,17,0,69.75,38.930268294396384
1,12,17,0,72.2,43.9276917816445
7,14,5,3,72.2,60.24476391311837
1,12,17,0,65.2,55.633764832821484
7,14,5,3,58.35,61.788497481753275
1,12,17,0,67.95,56.44883570660762
7,8,5,3,59.0,49.55698474324386
1,12,17,0,83.8,51.34260567885835
7,8,5,3,50.75,48.82393179363451
1,12,17,0,82.75,49.94826270620852
7,11,5,3,59.45,74.66379027980946
1,12,17,0,44.05,35.770430305079174
7,11,5,3,66.95,66.17717447166078
1,12,17,0,62.0,39.431486216767915
1,12,17,0,69.25,41.73837688822073
7,20,5,3,98.45,91.12540520449942
1,12,17,0,68.15,52.23758981302338
1,12,17,0,71.7,39.38487553684322
7,20,5,3,76.85,77.93943330021008
1,8,17,0,59.6,42.62739420656751
7,3,5,3,58.15,43.46719876436775
1,8,17,0,70.5,46.88900667926781
7,3,5,3,63.3,53.608817028152146
1,8,17,0,74.95,41.76056437408509
1,8,17,0,61.35,35.09277178535414
7,17,5,3,70.75,53.92184890629849
1,8,17,0,68.0,52.35707361851632
7,17,5,3,68.9,51.875255230824244
1,8,17,0,63.25,57.829945803008904
7,23,5,3,52.3,53.42688067768292
1,8,17,0,68.9,53.62727114562437
7,23,5,3,68.05,62.02841029891485
1,8,17,0,74.2,42.27180222273347
7,10,5,3,44.25,41.02614698996368
1,8,17,0,61.85,40.40879919809025
7,10,5,3,56.8,50.10893396549057
1,8,17,0,70.65,46.38883145985168
1,12,17,0,53.85,36.10113717409963
7,16,5,3,48.5,50.14557754546677
1,12,17,0,51.15,38.29288102039471
7,16,5,3,63.0,65.0667673280786
1,12,17,0,60.1,39.25208676987089
1,12,17,0,62.25,38.84500238803334
7,22,5,3,61.55,56.595029538123335
1,12,17,0,72.2,49.54806279074681
7,22,5,3,82.3,80.55798826736061
1,12,17,0,70.4,48.33479731600151
1,12,17,0,59.8,47.973238153655714
7,5,5,3,72.2,63.29097383056333
1,12,17,0,68.2,40.0402429142429
7,5,5,3,56.2,36.194794624292825
1,12,17,0,63.65,45.92932213280474
7,17,5,3,61.1,57.770781177812864
1,12,17,0,54.1,30.876494210593957
7,17,5,3,47.1,46.48474565862836
1,12,17,0,65.5,44.887578870352385
7,6,5,3,50.35,47.238783129743595
1,12,17,0,76.15,52.80477948862305
7,6,5,3,75.15,70.2441419172034
1,12,17,0,89.05,53.3779719991013
7,10,5,3,69.4,67.66823090405283
1,12,17,0,68.5,53.15171928694212
7,10,5,3,48.85,38.799450620093225
1,12,17,0,60.05,43.537612293401274
1,12,17,0,69.55,36.65698037927178
7,16,5,3,66.25,66.75160159718621
7,16,5,3,59.6,43.35216864605263
1,12,17,0,81.85,43.93688655332784
1,12,17,0,73.05,54.351172940425116
7,19,5,3,80.25,79.69737167957032
1,12,17,0,62.0,46.61827064461676
7,19,5,3,57.4,45.711221701828144
1,12,17,0,72.75,54.781743981770155
1,1,17,0,62.65,31.160492868205306
7,13,5,3,79.9,66.6245568761802
1,1,17,0,72.8,49.84037678323406
7,13,5,3,79.85,57.03117799202376
1,1,17,0,50.45,39.71142616956803
1,1,17,0,66.6,45.10152290578504
7,8,5,3,65.3,75.76355185360362
1,1,17,0,64.75,45.614950226987276
1,1,17,0,68.05,46.09426839583603
7,8,5,3,69.65,98.32024741949941
8,45,5,4,49.3,43.76744764872873
1,1,17,0,82.5,46.90135224175592
1,1,17,0,61.6,35.42880184256871
8,45,5,4,62.45,55.6969950998965
1,1,17,0,64.95,38.64885781658128
8,41,5,4,50.45,40.39082099998255
1,1,17,0,64.65,35.57390380010251
8,41,5,4,43.5,50.32996387002373
1,3,17,0,71.35,53.00573454577195
8,36,5,4,53.5,42.40717416962172
1,3,17,0,77.95,53.36811091989199
8,36,5,4,55.25,56.83482531354392
1,3,17,0,79.6,63.125939284309396
8,44,5,4,65.3,54.50939078920739
1,3,17,0,64.0,43.805791494059925
8,44,5,4,76.5,57.153993275784515
1,3,17,0,68.3,43.33844774137139
1,3,17,0,63.1,37.90417280181001
8,25,5,4,81.2,70.43369408995879
1,3,17,0,49.05,45.13427335826896
8,25,5,4,49.3,62.55784691408677
1,3,17,0,58.65,36.137566108006304
8,27,5,4,36.7,50.31281096667548
1,3,17,0,54.35,29.711374748969195
1,3,17,0,63.55,50.518860469708684
8,27,5,4,66.0,66.0796966986795
1,14,17,0,54.8,33.205262740779666
8,47,5,4,66.5,56.822438118090375
1,14,17,0,64.75,30.93265179981214
1,14,17,0,50.35,39.0980885250902
8,47,5,4,53.25,53.25694913885837
1,14,17,0,78.5,42.981636225620576
8,24,5,4,78.25,66.42833494985801
1,14,17,0,60.1,42.27217574368823
8,24,5,4,60.4,56.511200566557456
1,14,17,0,63.15,50.75770618184105
1,14,17,0,68.9,44.68120999162612
8,45,5,4,81.25,79.0908039101759
1,14,17,0,67.4,44.766528849835545
8,45,5,4,65.35,77.80899352699667
1,14,17,0,77.95,52.32839120702823
1,14,17,0,54.25,37.50070174781997
8,41,5,4,78.1,68.23635394714462
2,30,17,1,64.5,51.28095983993732
8,41,5,4,75.6,47.58416366375421
2,30,17,1,48.85,39.70055680373156
8,33,5,4,64.35,53.18218439329195
2,30,17,1,64.6,49.627454201543685
2,30,17,1,68.3,39.158382849249804
8,33,5,4,60.4,50.846932319617764
2,30,17,1,44.4,37.45509592200126
2,30,17,1,51.65,46.51686168533548
8,24,5,4,72.15,76.44074072185107
2,30,17,1,47.4,32.40760144748369
8,24,5,4,51.8,43.490591844068625
2,30,17,1,62.5,45.38200431657326
8,27,5,4,57.05,68.50775983707786
2,30,17,1,62.75,39.41262821936511
8,27,5,4,39.4,36.67553321823836
2,30,17,1,56.3,38.7435563403095
8,35,5,4,64.6,53.8051063904181
2,37,17,1,56.4,47.173141332307885
2,37,17,1,59.55,48.776045673864814
8,35,5,4,60.05,66.60525899893933
2,37,17,1,65.95,57.30387605150559
8,41,5,4,58.3,41.53514681631246
2,37,17,1,58.3,42.80936936306301
8,41,5,4,79.45,38.408435202919186
2,37,17,1,57.8,39.24766168026346
2,37,17,1,61.35,37.21809831392871
8,34,5,4,70.7,75.33580961618662
2,37,17,1,69.55,52.48405772984282
8,34,5,4,72.95,58.83024195446635
2,37,17,1,65.25,49.502658089184834
8,40,5,4,59.65,66.44687232748629
2,37,17,1,59.6,46.25490016715725
8,40,5,4,56.85,59.057754961161805
2,37,17,1,64.0,56.29246934771256
8,24,5,4,55.65,43.910525054095125
2,30,17,1,64.05,52.92942172563882
2,30,17,1,63.15,54.2356214270561
8,24,5,4,78.5,52.44495861577666
8,41,5,4,45.25,52.54058581605973
2,30,17,1,71.2,48.70166970011345
8,41,5,4,48.1,39.37658935806508
2,30,17,1,91.55,64.53189745756501
8,24,5,4,68.5,77.9017599963333
2,30,17,1,77.75,63.54515592950625
8,24,5,4,55.3,40.744518520577515
2,30,17,1,65.35,56.51667196966145
9,7,5,4,49.85,52.29498818695425
2,30,17,1,59.1,47.993310937430046
9,7,5,4,46.4,45.55089692340115
2,30,17,1,46.25,47.79988438655915
9,11,5,4,72.65,50.583203994169736
2,30,17,1,72.75,52.02517103338183
9,11,5,4,63.75,62.966887705907936
2,30,17,1,61.6,40.933064745675765
2,43,17,1,62.9,46.638475193996776
9,3,5,4,58.0,55.06742278908265
2,43,17,1,77.3,49.85885340797454
9,3,5,4,70.3,66.42851321850469
2,43,17,1,79.4,63.3082683549729
9,19,5,4,64.95,84.97273556543702
9,19,5,4,38.75,41.36725758374611
2,43,17,1,69.6,47.00212761141776
2,43,17,1,62.55,41.80591119119778
9,16,5,4,50.2,68.40406266789778
2,43,17,1,60.0,49.582467189840195
9,16,5,4,57.7,66.63182422836704
2,43,17,1,67.2,44.84429201487954
9,8,5,4,74.2,77.04516788700535
2,43,17,1,53.45,49.79587279452406
2,43,17,1,55.95,42.657108989808734
9,8,5,4,69.9,90.20613819702655
2,43,17,1,54.25,37.72877583908321
2,25,17,1,50.1,37.07588235809876
9,7,5,4,56.8,50.42722739907376
2,25,17,1,63.0,43.389302586552006
9,7,5,4,71.6,50.099269875969874
2,25,17,1,57.6,50.923471994749136
9,18,5,4,32.95,30.870655458234967
2,25,17,1,74.25,42.60575078554537
9,18,5,4,57.05,62.20041885118747
2,25,17,1,78.7,54.47945049572168
9,9,5,4,57.75,59.89101944804676
2,25,17,1,57.5,37.975754037765235
9,9,5,4,77.55,68.47471680923744
2,25,17,1,69.75,48.90363779386646
9,13,5,4,70.1,83.19596397093208
2,25,17,1,89.85,63.31980234035046
9,13,5,4,52.0,62.37914631298541
2,25,17,1,64.7,52.37124562602128
9,13,5,4,60.75,60.09980733833731
2,25,17,1,70.05,57.458886903685546
9,13,5,4,56.8,48.41878713235619
2,43,17,1,60.05,40.61044071094085
9,21,5,4,75.35,56.022810204040056
2,43,17,1,72.8,49.822421500871734
2,43,17,1,46.1,46.25319334637168
9,21,5,4,51.45,46.15588575115512
2,43,17,1,65.8,68.1867404921761
9,17,5,4,64.95,64.5962969445414
2,43,17,1,53.85,43.59294365883205
9,17,5,4,56.75,40.5175400614546
2,43,17,1,58.7,43.858744552075486
2,43,17,1,62.15,40.48037211187403
9,18,5,4,67.05,107.91101353478831
2,43,17,1,61.95,45.65716061900338
9,18,5,4,73.55,49.83390834615153
2,43,17,1,60.0,47.89132434343846
2,43,17,1,55.65,46.366134419990544
9,23,5,4,71.9,68.67919320250763
2,25,17,1,85.45,53.24765870810412
9,23,5,4,86.4,67.00777645365616
2,25,17,1,65.7,42.48727363638
9,4,5,4,54.9,59.32240191041705
2,25,17,1,59.15,49.57745136864668
9,4,5,4,80.15,70.62821487792328
2,25,17,1,79.85,57.36244415992053
2,25,17,1,56.8,43.26977795425494
9,17,5,4,87.25,75.83074990779761
2,25,17,1,74.4,35.55929073947815
9,17,5,4,43.65,46.8438334985738
2,25,17,1,56.5,31.513572681590624
9,5,5,4,60.75,51.029274363891
2,25,17,1,68.9,54.882554029874605
2,25,17,1,73.1,53.78015677885194
9,5,5,4,83.2,110.51296661240112
2,25,17,1,66.6,35.09295925785805
9,19,5,4,63.35,53.68943344046289
2,46,17,1,57.55,43.52189406675558
9,19,5,4,46.7,43.54803760156557
2,46,17,1,56.7,40.69928229032262
9,2,5,4,42.95,35.15151415470493
2,46,17,1,60.1,42.18368355057127
9,2,5,4,44.7,43.36151580182108
2,46,17,1,69.2,45.6434695853577
10,36,5,5,44.45,44.48828941122419
2,46,17,1,63.4,50.35599582760204
10,36,5,5,37.0,51.16845245183589
2,46,17,1,54.0,34.22679774987029
10,24,5,5,45.2,58.995628740833965
2,46,17,1,67.65,43.40055177917491
10,24,5,5,53.65,59.566217023798956
2,46,17,1,48.8,49.62660576747114
10,38,5,5,52.9,44.25155364504166
2,46,17,1,84.0,49.41340112283626
10,38,5,5,64.95,43.5291493381764
2,46,17,1,80.8,62.425197341761724
10,43,5,5,54.9,58.17930541822726
2,24,17,1,63.1,38.385715544909885
10,43,5,5,30.05,28.858046401398397
10,25,5,5,35.45,32.39147873649553
2,24,17,1,74.05,49.326490160753856
2,24,17,1,41.7,38.40929163901004
10,25,5,5,63.1,67.84882576651373
2,24,17,1,57.9,35.92228453642376
10,36,5,5,61.1,48.621957353053006
2,24,17,1,71.3,49.9801013035767
2,24,17,1,59.65,44.78636423123261
10,36,5,5,74.15,63.06243773143866
10,41,5,5,52.95,41.15628109637957
2,24,17,1,85.0,58.9352901159622
2,24,17,1,49.25,33.67159508828582
10,41,5,5,49.7,42.17519849889331
2,24,17,1,64.7,37.79459721901225
10,41,5,5,58.35,52.41160478166523
2,24,17,1,59.15,44.708735752999985
10,41,5,5,50.9,59.070787151830324
2,29,17,1,63.0,46.14508013919395
2,29,17,1,45.6,32.208857885926186
10,29,5,5,67.3,49.74154252364495
10,29,5,5,48.1,46.06277181595156
2,29,17,1,73.75,52.86116373651783
2,29,17,1,51.15,37.29720604746913
10,41,5,5,61.35,35.02221099756403
2,29,17,1,55.1,50.604659656472045
10,41,5,5,49.6,47.11620572696047
2,29,17,1,71.85,58.99533879892547
10,38,5,5,63.6,100.07018589601579
2,29,17,1,68.05,45.913505638319535
10,38,5,5,47.3,48.33338173016331
2,29,17,1,70.65,48.66996804471608
2,29,17,1,58.1,32.528368185971225
10,32,5,5,56.4,64.91159980676554
10,32,5,5,48.45,39.13065160122998
2,29,17,1,78.5,43.147848638202845
10,44,5,5,42.05,39.258220728107915
2,36,17,1,66.1,43.87050321835366
10,44,5,5,66.4,56.93431117940818
2,36,17,1,75.85,42.15169972223759
10,26,5,5,50.45,52.16620704914951
2,36,17,1,74.5,46.8890066792678
2,36,17,1,59.3,35.05349295606719
10,26,5,5,55.5,56.149705909151564
2,36,17,1,50.7,34.09753811147013
10,42,5,5,45.05,46.35046698226118
2,36,17,1,66.15,43.23774544976816
10,42,5,5,72.95,61.03448119495113
2,36,17,1,71.2,50.57209548857218
2,36,17,1,65.55,39.37468462697428
10,24,5,5,74.0,60.05436133861948
2,36,17,1,76.5,55.90734816593762
10,24,5,5,60.25,60.72533070699314
2,36,17,1,60.1,51.63118192883464
10,41,5,5,60.45,69.87091481326193
2,42,17,1,64.55,51.083497180699425
10,41,5,5,44.35,39.91606324856145
2,42,17,1,55.35,62.697498481115446
10,24,5,5,66.5,43.2526238936346
2,42,17,1,66.95,43.682436552439405
10,24,5,5,52.5,54.679448655442364
2,42,17,1,58.0,28.990016430343378
2,42,17,1,49.35,34.20722453702311
10,24,5,5,47.05,45.175068811295276
2,42,17,1,71.45,47.89624202377468
10,24,5,5,54.65,59.09250108271376
2,42,17,1,65.4,47.54764923072875
10,25,5,5,66.35,67.41565880885226
2,42,17,1,70.45,47.60857397349214
10,25,5,5,50.9,38.16432613676919
2,42,17,1,66.25,38.75683301384618
11,12,5,5,64.05,100.304523170299
2,42,17,1,82.3,43.21683395208521
2,33,17,1,62.3,38.42984037930612
11,12,5,5,76.05,69.71254889676759
2,33,17,1,60.7,44.567039980590806
11,0,5,5,54.7,52.51776641741044
2,33,17,1,60.65,46.305933460888255
2,33,17,1,57.3,47.583831840569324
11,0,5,5,69.3,67.41552218576184
2,33,17,1,64.45,41.080761280293004
11,6,5,5,59.0,40.61630473746123
2,33,17,1,82.8,48.32194663210278
11,6,5,5,59.15,64.89446898822085
11,4,5,5,46.35,57.62151918931165
2,33,17,1,80.45,54.97987670143745
2,33,17,1,45.95,40.63246692512101
11,4,5,5,67.7,59.26843484031828
2,33,17,1,64.35,39.137107173304685
2,33,17,1,47.95,39.536092770770196
11,22,5,5,62.0,55.03682977406082
2,33,17,1,53.2,46.56020437647313
11,22,5,5,40.55,50.63956742976468
2,33,17,1,77.55,44.139104276319316
11,11,5,5,64.55,84.12301456169631
2,33,17,1,47.2,49.132045497178744
2,33,17,1,46.1,41.889453515049276
11,11,5,5,75.45,70.7259164886387
2,33,17,1,60.0,40.19557451419641
2,33,17,1,45.8,35.905724510606646
11,2,5,5,59.05,56.022058625434134
2,33,17,1,61.45,44.3698273486315
11,2,5,5,56.95,50.077282379601186
2,33,17,1,73.6,43.94661833586169
11,19,5,5,63.0,56.79510727629904
2,33,17,1,56.5,44.348500241656545
11,19,5,5,37.6,47.47453611092339
2,33,17,1,68.8,41.068107744139006
2,28,17,1,59.05,35.78808240329821
11,16,5,5,57.25,60.643804734132395
2,28,17,1,61.9,40.76104951905357
11,16,5,5,42.8,56.08320885781656
2,28,17,1,68.65,46.57452997191987
11,18,5,5,51.9,48.41802622121119
2,28,17,1,62.75,48.64141077420826
11,18,5,5,68.25,60.8145368701994
2,28,17,1,70.1,53.4000788487492
11,22,5,5,63.6,60.65901243404548
2,28,17,1,54.4,41.27366944522482
11,22,5,5,51.3,40.31859959974069
2,28,17,1,59.95,42.72245188114608
2,28,17,1,45.8,36.79187553337228
11,4,5,5,45.2,41.183287361437486
2,28,17,1,65.45,33.99454290571387
11,4,5,5,56.55,57.80864531957319
2,28,17,1,52.55,32.15501106891592
2,39,17,1,57.0,47.41307836451879
11,21,5,5,65.75,84.4990657064512
2,39,17,1,57.55,45.15409289602836
11,21,5,5,51.15,53.70609590020583
2,39,17,1,52.1,35.07720807469987
11,8,5,5,66.55,62.768979096701145
2,39,17,1,71.5,53.84040744351969
11,8,5,5,54.8,58.238710222849654
2,39,17,1,66.8,41.42031029897239
2,39,17,1,53.15,40.59332976059776
11,10,5,5,66.85,68.82416573757857
2,39,17,1,79.25,42.05494526274683
11,10,5,5,38.4,36.57494109071776
11,3,5,5,36.0,31.970381029288575
2,39,17,1,74.95,46.191221540119734
2,39,17,1,55.95,52.16015317220002
11,3,5,5,72.85,69.70560273487044
2,39,17,1,68.65,36.74274006342506
11,19,5,5,42.4,39.291622248863284
2,30,17,1,58.7,45.94745282442359
2,30,17,1,54.2,49.298873692696276
11,19,5,5,78.9,70.45110286387887
2,30,17,1,67.7,49.90527869980553
11,16,5,5,62.3,44.13627222949158
2,30,17,1,68.45,51.202873069060445
11,16,5,5,59.45,56.27982250374135
2,30,17,1,63.7,47.654568456097074
11,8,5,5,56.3,50.98926615629896
2,30,17,1,36.6,33.64426908264264
11,8,5,5,51.45,56.587589303290656
2,30,17,1,65.65,43.40418970802849
11,10,5,5,54.9,54.84322152616876
2,30,17,1,71.75,51.07875755814946
2,30,17,1,65.85,43.16098994035678
11,10,5,5,75.45,66.73709218780971
2,30,17,1,75.85,46.88875412247476
12,40,5,6,44.8,47.4703231392769
2,36,17,1,65.0,43.837018723064595
2,36,17,1,60.35,45.20045994176794
12,40,5,6,82.0,85.6658133618503
2,36,17,1,72.4,53.49412166426867
12,44,5,6,64.65,62.88860243151754
2,36,17,1,78.25,57.56998029858051
12,44,5,6,48.3,48.50187191178674
2,36,17,1,43.15,28.49242743348891
12,34,5,6,62.5,58.31628823651425
2,36,17,1,72.2,54.576455305234056
2,36,17,1,41.05,30.79042058822841
12,34,5,6,53.25,47.565882288618766
2,36,17,1,61.95,28.420665202037686
2,36,17,1,65.7,54.487178598078906
12,39,5,6,96.1,77.22959618122957
2,36,17,1,53.9,34.165079124435636
12,39,5,6,37.6,33.861016243648564
2,39,17,1,56.25,41.23217318142663
2,39,17,1,60.35,45.045328047949305
12,39,5,6,58.05,59.309602488706844
2,39,17,1,80.6,39.8489252314948
12,39,5,6,54.25,48.11376321310064
2,39,17,1,49.25,34.291129741485165
12,32,5,6,46.4,51.21718461610322
2,39,17,1,78.9,50.08193287004806
12,32,5,6,54.75,36.29828907088713
2,39,17,1,51.35,44.65337259614918
12,34,5,6,47.9,41.88317084462446
2,39,17,1,62.5,66.70950378122177
12,34,5,6,34.4,33.64739764708487
2,39,17,1,59.5,39.27701885996843
12,36,5,6,54.25,47.33739480968953
2,39,17,1,72.15,52.309076398692135
12,36,5,6,48.15,44.42530691775626
2,39,17,1,70.7,41.20181396108927
2,43,17,1,61.85,46.31502541235801
12,39,5,6,73.35,65.02329542070612
2,43,17,1,61.0,39.67366884975474
12,39,5,6,41.55,33.30951341899978
2,43,17,1,61.3,31.750839193219512
12,35,5,6,50.4,41.08835153153443
2,43,17,1,76.3,46.72438786172197
12,35,5,6,70.55,56.20402214488887
2,43,17,1,46.05,44.97774303387235
2,43,17,1,58.2,36.28628855149153
12,35,5,6,61.35,62.34984067003658
2,43,17,1,64.05,48.61824976823328
12,35,5,6,58.1,48.39519332373934
2,43,17,1,70.65,46.23313348215701
12,33,5,6,38.4,39.041678134769604
2,43,17,1,60.65,47.979463808679874
12,33,5,6,57.0,48.23953390714868
2,43,17,1,57.8,46.308575993290006
12,44,5,6,50.2,62.586865950242995
3,7,17,1,77.8,54.28831414431267
12,44,5,6,46.85,51.40988538977181
3,7,17,1,47.4,48.4250913647482
3,7,17,1,58.5,44.32713318997863
12,25,5,6,51.8,43.32326468720812
12,25,5,6,46.7,37.26166366317221
3,7,17,1,90.6,65.93489611970121
12,34,5,6,43.75,34.668163766593814
3,7,17,1,58.1,66.01267820813307
12,34,5,6,67.25,68.62934388514334
3,7,17,1,75.1,63.47888169346268
3,7,17,1,54.65,33.72064025114838
12,29,5,6,64.5,68.61678481169703
3,7,17,1,65.15,45.12004455951514
12,29,5,6,47.65,46.7212055990808
12,24,5,6,41.3,40.319904970648246
3,7,17,1,82.45,67.3337914696938
3,7,17,1,69.45,49.44904341579159
12,24,5,6,55.5,47.47021226655279
3,18,17,1,39.05,35.61264559557166
12,36,5,6,55.55,70.46572515097415
3,18,17,1,57.45,41.13069669390874
12,36,5,6,60.4,54.583976827598306
3,18,17,1,76.4,68.77606682866544
3,18,17,1,79.2,59.923284289164265
12,24,5,6,75.1,66.98460152979388
12,24,5,6,46.65,36.560368246446714
3,18,17,1,77.9,68.64469926252212
12,24,5,6,29.95,41.88766304998972
3,18,17,1,60.85,38.01007484172695
12,24,5,6,46.75,47.74920776416362
3,18,17,1,59.9,33.0532266121431
3,18,17,1,45.7,30.35422453907233
13,13,5,6,42.25,53.307326444228835
3,18,17,1,38.2,29.85332565446568
3,18,17,1,64.8,43.83893967215616
13,13,5,6,78.65,96.95808915521994
3,5,17,1,69.7,55.88248948981199
3,5,17,1,60.85,46.94708667604861
13,4,5,6,75.4,63.51328083247836
3,5,17,1,53.75,48.963869601123136
13,4,5,6,51.55,66.91666065849527
3,5,17,1,66.4,45.53125011288516
3,5,17,1,63.55,53.26445936625046
13,8,5,6,55.7,105.79180149311142
3,5,17,1,55.3,43.487566281095006
13,8,5,6,33.6,34.374715309825895
3,5,17,1,50.55,44.92271140525692
13,15,5,6,75.3,56.38598183386027
3,5,17,1,61.2,46.06128640477986
3,5,17,1,80.4,45.14001609028932
13,15,5,6,76.9,106.05902031168156
3,5,17,1,54.4,49.343479279114696
3,20,17,1,50.75,36.81372026839993
3,20,17,1,50.0,35.01127637896411
13,14,5,6,78.75,75.89527063831551
3,20,17,1,55.65,26.721320090302818
13,14,5,6,62.4,58.65007739932974
3,20,17,1,51.4,33.86878705891466
3,20,17,1,65.55,45.480446926471366
13,20,5,6,73.05,60.01795783894929
3,20,17,1,57.5,49.425648572801805
3,20,17,1,63.8,47.11642913821932
13,20,5,6,67.5,95.38095363220832
3,20,17,1,60.15,51.08432141799324
3,20,17,1,61.35,51.47025201128574
13,13,5,6,75.45,82.68231848148481
3,20,17,1,72.8,48.09595671812319
13,13,5,6,79.25,73.70701244936282
3,14,17,1,57.2,48.83872492839651
3,14,17,1,49.2,34.88115159856545
13,16,5,6,52.35,68.48686005358984
3,14,17,1,62.85,44.593219923637434
13,16,5,6,50.35,68.61507813424409
3,14,17,1,77.65,48.41408559717437
13,18,5,6,35.95,42.779083674150854
3,14,17,1,46.65,40.730532967166944
13,18,5,6,30.5,29.061640479649828
3,14,17,1,76.3,35.55144530336136
13,7,5,6,61.05,58.31265548295399
3,14,17,1,59.6,50.22727294377449
13,7,5,6,71.05,59.70319131027737
3,14,17,1,73.65,50.562389808610654
3,14,17,1,60.35,46.970623518154525
13,8,5,6,56.75,53.136244939925795
3,14,17,1,59.8,43.75241346726517
13,8,5,6,65.9,72.97000104585156
3,19,17,1,60.35,39.2941337526153
3,19,17,1,53.55,31.35278884598709
13,23,5,6,43.8,47.577748005377025
3,19,17,1,64.1,52.91592139273496
13,23,5,6,67.25,79.62866119815483
3,19,17,1,76.3,52.260581905032694
3,19,17,1,60.05,51.13807418723301
13,12,5,6,63.6,67.37046049544578
3,19,17,1,59.1,50.767685536538316
13,12,5,6,63.1,80.5813743661452
3,19,17,1,62.8,42.59182031675491
13,15,5,6,54.05,60.80293881401665
3,19,17,1,68.65,56.78887492977365
3,19,17,1,54.05,49.97944314257718
13,15,5,6,63.0,64.55271203891397
3,19,17,1,64.35,51.52748372419683
3,13,17,1,74.35,59.7276934798344
13,14,5,6,90.35,117.35025172085217
3,13,17,1,69.85,50.63832020993795
13,14,5,6,71.1,71.4400005893794
3,13,17,1,62.95,46.07599557710124
3,13,17,1,53.65,54.06358342388691
13,2,5,6,46.15,61.67169016997226
3,13,17,1,62.55,41.89520133305057
13,2,5,6,48.8,40.83677393310052
3,13,17,1,77.75,50.253960304793786
13,19,5,6,43.3,44.78145762889392
3,13,17,1,70.5,45.531365707146264
13,19,5,6,55.85,69.25336776914479
3,13,17,1,58.9,45.84057040152142
3,13,17,1,54.25,43.83926982680446
13,14,5,6,80.35,86.29708478335328
3,13,17,1,41.0,29.00453685020219
3,20,17,1,66.8,60.117954232098015
13,14,5,6,76.7,98.7666574891494
3,20,17,1,67.2,46.40848379791191
13,7,5,6,24.7,46.63757238423476
3,20,17,1,77.15,54.736954706361914
13,7,5,6,56.2,55.393900481247165
3,20,17,1,70.95,53.219975474192815
13,8,5,6,50.0,60.79560233403313
3,20,17,1,66.55,43.172207190323384
13,8,5,6,42.25,45.17087440748565
3,20,17,1,63.55,45.805624798248246
14,36,5,7,46.7,46.66126535157963
3,20,17,1,66.0,45.44864076480639
14,36,5,7,71.15,77.66546004634574
3,20,17,1,72.1,55.53367873357761
14,37,5,7,46.8,40.02183614504778
3,20,17,1,68.1,41.96602635967638
14,37,5,7,49.85,59.24727397681863
3,20,17,1,70.5,60.16687320759612
14,36,5,7,39.65,44.013484775750975
3,22,17,1,68.65,55.818573592440856
14,36,5,7,51.05,45.95360933078397
3,22,17,1,67.0,60.618739503122036
3,22,17,1,56.05,39.83845669173126
14,27,5,7,48.8,56.442425252827796
3,22,17,1,54.95,35.858603900378085
14,27,5,7,51.8,57.51301912107425
3,22,17,1,59.3,35.095508784488445
14,40,5,7,42.95,40.54818446192005
3,22,17,1,83.55,49.70700998959064
3,22,17,1,52.5,35.32331867343813
14,40,5,7,58.35,59.72857466555641
3,22,17,1,62.8,49.19841674816697
14,35,5,7,51.9,36.915123131170425
3,22,17,1,67.15,45.71338051265447
14,35,5,7,22.6,31.893573020281064
14,36,5,7,44.6,44.75124226443916
3,22,17,1,69.95,60.578331196281034
14,36,5,7,24.85,35.65223105146953
3,17,17,1,53.3,44.51859457752339
3,17,17,1,57.2,57.450756946137886
14,25,5,7,46.95,52.95725684579573
14,25,5,7,32.3,27.78318309981588
3,17,17,1,67.8,59.07141084270265
14,46,5,7,42.75,50.43168907698705
3,17,17,1,74.1,47.083240956282616
3,17,17,1,53.4,42.74329741239217
14,46,5,7,51.5,53.65238995020093
3,17,17,1,72.1,54.19059930127714
14,41,5,7,46.5,46.78337536482715
3,17,17,1,46.65,30.32677295550479
14,41,5,7,62.9,73.65131220469655
3,17,17,1,64.15,55.22706716247406
3,17,17,1,48.2,30.564168908259745
14,28,5,7,39.15,42.51721013771643
3,17,17,1,64.35,53.652169230683434
14,28,5,7,63.2,82.3928969856274
3,1,17,1,69.35,47.191965194801625
14,40,5,7,47.35,45.55075249248445
3,1,17,1,65.55,43.21729064305531
3,1,17,1,51.8,34.48966282968367
14,40,5,7,38.9,42.67860304525837
3,1,17,1,65.55,45.253060379207625
14,40,5,7,54.1,52.41725308572199
3,1,17,1,43.2,41.83375620111988
14,40,5,7,41.3,42.88307235654696
3,1,17,1,74.35,46.12714122829136
3,1,17,1,34.9,32.2227445007078
14,45,5,7,54.2,58.67896601535834
3,1,17,1,64.05,43.90597010118687
3,1,17,1,55.1,52.18781870372272
14,45,5,7,75.9,75.14400210683203
3,1,17,1,64.45,39.87279114489241
14,45,5,7,53.95,61.87549042867841
3,20,17,1,50.35,50.55302062920516
14,45,5,7,38.55,31.500167083934485
3,20,17,1,60.95,37.80068921677431
14,46,5,7,44.55,46.558932660943974
3,20,17,1,64.2,38.24519233631994
14,46,5,7,48.8,57.21483061327075
3,20,17,1,72.35,55.50938754177673
14,31,5,7,43.5,53.75627258381354
3,20,17,1,71.15,58.17602599009321
3,20,17,1,55.1,41.243691702649
14,31,5,7,51.75,45.6184115646765
3,20,17,1,83.55,50.78279339759834
14,46,5,7,54.95,49.40005859787703
14,46,5,7,45.85,40.668460558650686
3,20,17,1,81.55,52.26196664779022
3,20,17,1,57.0,54.603836379584365
14,35,5,7,40.65,45.931613926518374
3,20,17,1,62.45,49.29340192849556
14,35,5,7,58.9,75.97638137155383
3,11,17,1,42.5,37.91472426102389
3,11,17,1,58.6,40.96519703871876
14,30,5,7,60.55,41.93412754108017
3,11,17,1,50.9,45.290756579891074
14,30,5,7,57.2,52.744268833085954
3,11,17,1,66.2,42.09463023637151
3,11,17,1,62.75,45.37548027873992
15,2,5,7,74.65,65.73413356688802
3,11,17,1,59.9,47.9131890423767
3,11,17,1,47.85,35.188627050287295
15,2,5,7,54.8,64.12372908353777
3,11,17,1,62.45,37.13060165075929
15,7,5,7,40.75,37.64777899369224
3,11,17,1,71.25,46.53337794699515
3,11,17,1,55.1,54.4724942661794
15,7,5,7,75.8,92.25856114888828
3,15,17,1,51.4,27.461743725063286
3,15,17,1,57.45,48.42734655891072
15,19,5,7,97.6,109.13699744140992
3,15,17,1,61.75,44.99108098746965
3,15,17,1,51.65,36.58627151211086
15,19,5,7,49.15,51.16153468748711
3,15,17,1,53.15,36.62078069822336
3,15,17,1,53.95,41.84869362231916
15,6,5,7,48.4,80.75850940987745
3,15,17,1,61.7,37.545901731641834
15,6,5,7,49.8,51.05270754199449
3,15,17,1,77.35,51.20883455852228
15,16,5,7,55.9,59.27180922176286
3,15,17,1,69.15,57.167597557762704
3,15,17,1,76.45,53.32371349646076
15,16,5,7,86.65,103.727515001667
3,1,17,1,76.65,52.09533265284449
15,16,5,7,56.7,87.17622804894752
3,1,17,1,63.15,42.77022451733399
15,16,5,7,46.85,41.32703333425382
3,1,17,1,68.6,50.621817638767496
3,1,17,1,75.8,49.75582483753191
15,20,5,7,61.0,91.95307727886345
3,1,17,1,72.75,49.570656642816424
15,20,5,7,57.15,52.56902730295613
3,1,17,1,50.7,38.94544091958714
3,1,17,1,62.35,60.78545099472059
15,14,5,7,79.05,88.22845644300816
3,1,17,1,66.5,50.33519225102223
15,14,5,7,64.5,83.30697828861005
3,1,17,1,87.6,72.60665476242156
15,17,5,7,23.75,22.638753452757438
15,17,5,7,42.95,41.995582474451055
3,1,17,1,75.6,56.59681969863678
3,5,17,1,66.0,43.255665889903334
3,5,17,1,58.7,32.29322888128326
15,5,5,7,99.3,112.26430280463389
3,5,17,1,56.9,45.43810133171916
3,5,17,1,64.45,42.674379100098776
15,5,5,7,68.0,71.48205516439992
3,5,17,1,51.55,46.37771129824281
15,13,5,7,31.9,38.13535450415919
3,5,17,1,60.2,43.48938164413785
3,5,17,1,63.2,42.18081379764476
15,13,5,7,73.3,64.26024390996676
3,5,17,1,47.5,39.72471059150648
3,5,17,1,57.25,44.195588015094906
15,8,5,7,75.0,109.36274743401333
3,5,17,1,80.65,66.00739591734758
15,8,5,7,58.55,45.62948608082279
3,0,17,1,75.0,54.514121782197044
3,0,17,1,60.8,53.96353544658409
15,12,5,7,83.6,77.94086827440672
3,0,17,1,70.7,67.56369314638556
15,12,5,7,61.25,76.54023709616297
3,0,17,1,52.65,42.45898950132568
3,0,17,1,49.2,38.30706956878023
15,5,5,7,66.35,64.35532530208236
3,0,17,1,50.1,38.2497334012037
3,0,17,1,63.45,47.02572084564608
15,5,5,7,69.3,69.65184094744676
3,0,17,1,61.75,50.02617735798561
3,0,17,1,61.5,55.48399484725776
15,23,5,7,60.0,90.67872726801677
3,0,17,1,59.1,63.50457919667974
15,23,5,7,54.1,60.43691796105737
3,19,17,1,86.75,44.56205017489067
3,19,17,1,61.9,53.469026941821774
15,10,5,7,87.25,88.49851321974434
3,19,17,1,61.2,57.11447415405955
15,10,5,7,57.65,63.003153638695366
3,19,17,1,66.6,42.048092766059646
15,3,5,7,55.65,82.61851137034986
3,19,17,1,56.95,44.33422700589835
3,19,17,1,67.85,61.26755387556073
15,3,5,7,51.6,57.22844342494478
3,19,17,1,56.9,53.79679113889698
15,21,5,7,40.05,51.40497108871455
3,19,17,1,56.3,38.637451152721596
3,19,17,1,50.9,42.811582299038754
15,21,5,7,68.3,79.82817073004531
3,19,17,1,54.0,39.13135773129699
3,0,17,1,51.1,39.5978468314151
15,14,5,7,48.5,42.493962419445694
15,14,5,7,42.5,46.27321607923734
3,0,17,1,71.6,51.70503385856922
3,0,17,1,58.4,42.735908727168095
15,11,5,7,70.65,73.38956974508314
3,0,17,1,75.95,42.89334999372525
15,11,5,7,48.05,51.83625534720899
3,0,17,1,65.5,55.249196231352784
16,39,5,8,27.5,34.861379626653964
3,0,17,1,78.2,52.51325647170587
3,0,17,1,55.55,40.61692024915621
16,39,5,8,63.05,64.35058172558391
3,0,17,1,57.9,37.11135448321642
16,35,5,8,41.5,45.156453172917544
3,0,17,1,49.6,46.0907571508306
16,35,5,8,30.9,60.38638745175675
3,0,17,1,66.6,36.65256507143517
16,40,5,8,55.5,60.16687320759612
3,13,17,1,76.7,40.96352678073251
3,13,17,1,58.7,34.44614408181652
16,40,5,8,42.25,43.10315045269161
3,13,17,1,63.95,48.91074039836025
16,38,5,8,56.3,57.91109338323794
3,13,17,1,60.35,37.135987652779185
3,13,17,1,60.0,42.018792788089726
16,38,5,8,49.0,58.68201553600917
3,13,17,1,69.1,49.06590626794471
16,25,5,8,92.05,87.51208939040185
3,13,17,1,85.85,66.40408595545117
16,25,5,8,44.4,47.107268407774455
3,13,17,1,66.95,59.3131519985239
3,13,17,1,48.85,32.860590698473935
16,43,5,8,34.4,44.22478466818542
3,13,17,1,48.0,34.813790371058424
16,43,5,8,40.6,40.751364200607156
4,46,17,2,41.95,33.559805218680715
16,34,5,8,39.0,35.574976421192765
4,46,17,2,60.65,49.230152292440074
4,46,17,2,67.45,44.572206350453065
16,34,5,8,69.6,71.43300136638895
4,46,17,2,64.2,53.62305081723128
16,32,5,8,66.35,52.416625526439105
4,46,17,2,61.8,45.69417790853493
4,46,17,2,53.4,38.04208196195366
16,32,5,8,38.75,38.56897444155969
4,46,17,2,70.75,45.40330964055143
16,24,5,8,56.0,63.128940731606896
4,46,17,2,50.55,32.04679965957681
16,24,5,8,54.5,65.96849327719376
4,46,17,2,70.95,48.11988865542527
16,30,5,8,43.2,50.30810335480651
4,46,17,2,77.25,50.0388007345037
16,30,5,8,38.7,43.85634443690469
4,45,17,2,56.25,35.719484584010566
16,26,5,8,36.9,40.68997031469212
4,45,17,2,44.15,48.95677470456652
4,45,17,2,53.5,40.84824289205621
16,26,5,8,38.5,42.906875905849866
4,45,17,2,60.4,51.01227922352566
16,44,5,8,39.55,46.01427124159131
16,44,5,8,33.1,29.945388890269463
4,45,17,2,63.9,54.92090005779125
4,45,17,2,55.6,37.286091664036704
16,45,5,8,42.1,38.484309858215695
4,45,17,2,60.8,43.080829782361924
16,45,5,8,32.35,39.14651964095914
4,45,17,2,56.9,46.692611835278605
16,25,5,8,28.55,37.87441158132465
4,45,17,2,68.1,50.05355027105312
16,25,5,8,52.9,61.87159879009193
4,45,17,2,65.75,44.99108098746965
16,41,5,8,46.85,54.882913648296004
4,30,17,2,59.3,35.81546270008322
16,41,5,8,42.6,42.69154976166397
4,30,17,2,61.6,37.28044499395586
16,35,5,8,49.5,51.888037359806084
4,30,17,2,71.5,57.725758183801595
16,35,5,8,49.45,53.66217426985624
4,30,17,2,77.2,56.9733086167272
4,30,17,2,41.3,29.620583170633576
16,36,5,8,61.45,88.28570546511867
4,30,17,2,64.45,40.83274614687012
16,36,5,8,62.8,64.37685102090985
4,30,17,2,63.3,48.68383499143925
4,30,17,2,60.7,43.81191858988049
16,29,5,8,47.35,49.01801494831961
4,30,17,2,57.85,34.24566818553383
16,29,5,8,40.95,30.000833321759583
4,30,17,2,66.7,38.11768480294733
16,29,5,8,47.85,53.383690590410026
4,30,17,2,53.9,52.27749843006323
16,29,5,8,41.5,37.71290439484523
4,30,17,2,74.7,46.72664065999632
4,30,17,2,41.8,32.03879227633769
16,39,5,8,61.25,48.83147712177809
4,30,17,2,66.4,58.40367688497197
16,39,5,8,56.55,46.79234642770681
4,30,17,2,61.35,40.008255726984515
17,21,5,8,55.9,61.24145482819365
4,30,17,2,58.05,52.353530017212385
4,30,17,2,58.75,37.73853956396634
17,21,5,8,70.35,97.56632022427239
4,30,17,2,82.3,63.398572124050396
17,12,5,8,44.8,54.6554759619892
4,30,17,2,70.4,41.70497887732225
17,12,5,8,48.1,44.00107654185412
4,30,17,2,61.5,34.60225121973546
17,13,5,8,58.65,68.22584399971673
4,46,17,2,63.1,44.187280856301676
4,46,17,2,50.9,45.23145156333495
17,13,5,8,46.95,71.89793569981504
4,46,17,2,66.75,41.92709838454562
17,3,5,8,47.05,60.50356666302713
4,46,17,2,45.6,42.880985848840055
4,46,17,2,56.2,39.30929982372593
17,3,5,8,42.55,48.32725612126687
4,46,17,2,65.25,55.09310301662088
17,14,5,8,58.95,87.20784308040672
4,46,17,2,73.1,43.49942528355978
17,14,5,8,59.85,60.84516587639741
4,46,17,2,55.15,32.021826437932184
4,46,17,2,37.1,28.048641959807497
17,23,5,8,41.5,48.69075347213484
4,46,17,2,66.3,53.966948949772664
17,23,5,8,51.45,55.607151187215976
4,28,17,2,65.35,46.387696871612754
4,28,17,2,39.05,23.919767205344925
4,28,17,2,61.55,46.31297987889742
17,15,5,8,75.15,101.61344451037547
4,28,17,2,47.9,49.13236686425976
17,15,5,8,46.75,55.09692416670443
4,28,17,2,52.1,40.201990000496245
4,28,17,2,47.1,34.80759142848915
17,19,5,8,60.85,67.91192051008734
4,28,17,2,61.25,53.111476606929514
17,19,5,8,47.65,81.24380138298487
4,28,17,2,67.9,39.951154386852274
4,28,17,2,58.25,47.7921761930042
17,18,5,8,68.8,87.58190151900226
4,28,17,2,73.75,41.36725758374611
4,40,17,2,68.45,46.01884625375038
17,18,5,8,100.65,114.72313353644527
4,40,17,2,67.95,69.99133405004696
17,6,5,8,53.55,49.73770675940147
4,40,17,2,63.45,44.12360032072584
4,40,17,2,55.85,38.887523367838824
17,6,5,8,53.25,57.218763024948935
4,40,17,2,50.0,58.08523682350021
4,40,17,2,66.0,36.4734943414212
17,23,5,8,65.0,63.21392251711643
4,40,17,2,53.4,28.066462473733196
17,23,5,8,63.6,55.6392515746705
4,40,17,2,43.05,38.870195590749965
4,40,17,2,55.7,45.37922084181841
17,6,5,8,62.9,57.6503982731484
4,40,17,2,51.15,36.792841122896945
4,27,17,2,57.1,48.38866765984301
17,6,5,8,48.25,62.31066057307234
4,27,17,2,44.45,30.44663147904958
17,6,5,8,57.5,71.29959031402193
4,27,17,2,59.65,38.25575292134436
4,27,17,2,75.4,62.29927768441622
17,6,5,8,52.25,90.00811366935643
4,27,17,2,72.25,50.2361528446554
17,15,5,8,85.05,69.02514797254389
4,27,17,2,68.55,41.008952809433154
17,15,5,8,30.35,45.66384611599491
4,27,17,2,51.75,42.899975463126346
4,27,17,2,77.0,52.711728446233614
17,21,5,8,64.5,101.88151012457146
4,27,17,2,68.9,53.61843752017829
4,27,17,2,63.6,62.06312575875766
17,21,5,8,92.7,104.34361251980981
4,34,17,2,53.9,43.26406068977369
17,8,5,8,27.4,50.69662087773752
4,34,17,2,49.95,43.28057179309028
4,34,17,2,45.5,37.94109007118106
17,8,5,8,49.15,66.11415566236454
4,34,17,2,70.2,57.859721468574776
17,0,5,8,63.6,70.901265670538
4,34,17,2,70.05,47.383624753039335
4,34,17,2,67.0,43.46807661043362
17,0,5,8,59.2,72.67707956939961
4,34,17,2,54.45,34.85832227143107
17,1,5,8,38.0,40.76634318702261
4,34,17,2,53.05,43.649892988353784
17,1,5,8,39.65,48.64184358521397
4,34,17,2,56.05,49.53624404094653
4,34,17,2,56.35,44.86972370388699
17,11,5,8,61.3,67.93580561243479
4,40,17,2,46.5,37.403208418530085
17,11,5,8,67.3,91.34728411830028
4,40,17,2,81.4,55.09933613125718
4,40,17,2,62.6,49.68574930712555
17,3,5,8,74.9,87.55683868208126
4,40,17,2,65.6,48.608424654255366
4,40,17,2,47.75,32.42623207089885
17,3,5,8,44.5,52.231770932420446
4,40,17,2,46.45,31.566929730836648
18,47,5,9,54.5,58.48931526355902
4,40,17,2,75.7,60.60927495463311
18,47,5,9,31.1,32.70586620486493
4,40,17,2,52.75,27.035794986023916
4,40,17,2,69.6,65.77105426361484
18,24,5,9,52.95,62.051315775523115
18,24,5,9,30.8,38.134940464232095
4,40,17,2,85.25,64.14447098460425
18,47,5,9,53.0,56.139862936476035
4,39,17,2,59.85,47.210920904294795
4,39,17,2,56.85,46.20124741993332
18,47,5,9,45.2,46.16058925100503
4,39,17,2,56.25,34.499237215061044
18,36,5,9,42.45,44.430282465903815
4,39,17,2,71.95,38.254652279855215
18,36,5,9,41.05,50.82009030833542
4,39,17,2,66.05,62.21226397965022
18,39,5,9,44.55,46.048572753469564
4,39,17,2,47.95,35.124552816033344
4,39,17,2,57.85,34.900271451213975
18,39,5,9,48.0,81.13795918713159
4,39,17,2,63.9,58.90661655267777
4,39,17,2,46.55,43.36561213437986
18,32,5,9,63.95,64.55717580074598
4,39,17,2,63.2,47.5843848779253
18,32,5,9,47.65,59.16638003389923
4,30,17,2,77.55,62.07590853988874
18,44,5,9,47.55,50.178077620453045
4,30,17,2,56.25,46.56955748351628
4,30,17,2,57.3,49.195742220557854
18,44,5,9,30.15,34.880661208122035
4,30,17,2,73.65,60.481641407690155
4,30,17,2,50.05,35.40364982671464
18,44,5,9,72.7,107.42248123034679
4,30,17,2,37.25,32.24393047740271
4,30,17,2,44.5,36.89316011346676
18,44,5,9,60.7,47.00627057834104
4,30,17,2,43.6,38.87144805231997
18,44,5,9,46.8,48.68978062018873
4,30,17,2,64.55,42.49145424918435
4,30,17,2,58.25,48.021787818272216
18,44,5,9,37.4,50.66962133582399
4,39,17,2,65.0,41.04682819979101
18,26,5,9,32.0,37.0447808668601
4,39,17,2,58.6,43.56652505379741
18,26,5,9,41.25,46.7837972401827
4,39,17,2,43.9,34.21587812389847
4,39,17,2,39.25,34.54649803259065
18,32,5,9,42.4,49.95408418053312
4,39,17,2,61.35,42.24648848689893
18,32,5,9,58.0,57.17378862086331
4,39,17,2,78.3,53.08295394945537
18,39,5,9,28.7,35.32272267028839
4,39,17,2,60.25,36.25766706577564
18,39,5,9,34.55,51.20904011474619
4,39,17,2,58.95,42.80368282236815
18,26,5,9,33.0,24.389385093994434
4,39,17,2,57.05,54.65054051834591
18,26,5,9,48.4,54.13472472501021
4,39,17,2,74.1,47.65434756772212
18,32,5,9,38.85,44.81103599972244
4,40,17,2,60.1,51.563859232483445
4,40,17,2,61.6,49.68892707318413
18,32,5,9,47.0,52.148573175212825
4,40,17,2,73.55,42.99017635644095
18,28,5,9,30.95,32.87852442584752
4,40,17,2,48.3,45.168806190019886
18,28,5,9,51.0,60.75490017057753
4,40,17,2,69.1,55.63688666608456
18,30,5,9,30.35,38.11240300949147
4,40,17,2,57.35,42.30873370083794
18,30,5,9,40.0,46.81542705696826
4,40,17,2,57.15,42.59018295582359
4,40,17,2,52.7,35.505522179840675
18,39,5,9,66.55,66.2185178425428
4,40,17,2,57.1,38.326711861380225
4,40,17,2,41.6,32.851179583083464
18,39,5,9,25.55,32.13863882094507
4,37,17,2,73.0,70.73077198266083
18,32,5,9,50.2,54.30963857461456
4,37,17,2,63.5,52.65428457600128
18,32,5,9,58.55,56.328430701229
4,37,17,2,59.25,55.30858408677816
18,27,5,9,26.3,34.148437584663874
4,37,17,2,68.8,34.0148574348885
18,27,5,9,34.0,40.565736125065214
4,37,17,2,58.2,37.09816281449159
18,25,5,9,49.25,50.57238168678319
4,37,17,2,65.6,43.62809331515405
4,37,17,2,56.8,35.47215364494418
18,25,5,9,50.8,50.584582631469836
4,37,17,2,65.05,48.984933236767056
19,7,5,9,54.8,58.4831059726698
4,37,17,2,55.65,46.40131009947206
4,37,17,2,57.3,59.27997798138663
19,7,5,9,44.3,53.63826207004414
4,46,17,2,56.8,36.80045766305803
19,22,5,9,43.8,40.92432039753379
4,46,17,2,52.9,46.91302142206754
4,46,17,2,51.8,35.76914283215867
19,22,5,9,68.25,85.48984242525387
4,46,17,2,61.4,53.4488442098463
19,6,5,9,52.9,65.35965277238179
4,46,17,2,65.1,65.77465517323444
4,46,17,2,47.0,35.264414745865565
19,6,5,9,50.5,68.72102260130026
4,46,17,2,60.8,44.367603164091655
4,46,17,2,55.2,32.05849916045747
19,8,5,9,70.8,102.12871136076537
4,46,17,2,56.15,52.26377934649337
4,46,17,2,59.15,49.058799307297406
19,8,5,9,58.0,66.06057825965497
4,44,17,2,56.75,43.32238390680297
4,44,17,2,66.25,45.051870689590444
19,14,5,9,64.2,62.729662252524435
4,44,17,2,52.5,40.4806646502539
4,44,17,2,40.55,31.776315244633317
4,44,17,2,62.2,47.67058013624667
19,14,5,9,90.35,103.41295602430196
4,44,17,2,56.4,41.57605586215018
19,20,5,9,52.9,54.30992930443412
4,44,17,2,53.55,37.187257296863905
4,44,17,2,55.05,52.71719483791742
19,20,5,9,59.55,77.37636998191985
4,44,17,2,42.2,36.70164201116606
4,44,17,2,67.5,41.374413654614585
19,11,5,9,34.5,52.84186936412012
4,30,17,2,54.75,47.8889889552692
19,11,5,9,35.85,55.76668973688977
4,30,17,2,55.9,43.34306233564466
4,30,17,2,49.85,42.73944929822785
19,15,5,9,77.35,77.46189215893261
4,30,17,2,57.35,34.59125992440713
4,30,17,2,59.25,61.109801953016024
19,15,5,9,49.4,90.64122450048525
4,30,17,2,67.9,54.87775889240223
19,16,5,9,49.1,72.27935571902874
4,30,17,2,47.5,45.149459401088365
4,30,17,2,48.45,39.42678090627713
19,16,5,9,49.8,55.941322642098555
4,30,17,2,62.1,52.02418465938399
4,30,17,2,44.35,37.055115422129894
4,42,17,2,50.35,41.94140649700924
19,13,5,9,77.6,94.00414324575497
4,42,17,2,53.45,34.221376821790024
19,13,5,9,40.4,44.42545500759198
4,42,17,2,62.4,48.21377833205599
4,42,17,2,61.75,40.50584753107292
19,3,5,9,82.95,94.08477420306704
4,42,17,2,66.5,44.404243514615395
19,3,5,9,59.75,65.8945529255883
4,42,17,2,71.75,54.77117470848483
4,42,17,2,41.25,30.75347648298439
19,0,5,9,46.65,37.99622557432168
4,42,17,2,56.25,43.75274427483318
4,42,17,2,52.2,48.45681745528422
19,0,5,9,45.1,52.25333028923409
4,42,17,2,39.0,39.722723180090576
4,36,17,2,52.2,45.36240038204606
19,23,5,9,72.8,79.81795075769544
4,36,17,2,64.2,55.05174599267589
19,23,5,9,41.1,54.978368952084956
4,36,17,2,67.05,44.43265157871843
4,36,17,2,50.6,42.60269326796383
19,17,5,9,63.1,72.6664332846727
4,36,17,2,60.3,50.04745116807701
4,36,17,2,39.15,25.947872846596844
19,17,5,9,59.6,54.26678736138999
4,36,17,2,46.6,41.092194162062356
4,36,17,2,58.95,55.631754468676945
19,7,5,9,62.95,64.80373202378492
4,36,17,2,57.15,44.151980345405256
19,7,5,9,57.05,65.13910217050083
4,36,17,2,62.85,51.7222084032117
19,0,5,9,31.85,53.121781636260344
5,13,17,2,63.75,56.994805857523914
5,13,17,2,55.65,69.93099982727335
19,0,5,9,75.25,81.30959352991502
5,13,17,2,54.75,39.16076849952876
19,17,5,9,41.35,50.54781477915111
5,13,17,2,55.85,41.067691232377484
5,13,17,2,58.75,41.19002817494341
19,17,5,9,45.8,55.43663998324194
5,13,17,2,36.85,31.553254899246795
5,13,17,2,74.6,68.1819547048075
19,4,5,9,56.95,53.585617669787396
5,13,17,2,58.85,56.70354579092173
19,4,5,9,42.45,50.08358802515734
5,13,17,2,69.1,36.13410693805129
19,8,5,9,42.15,48.50097665864168
5,13,17,2,71.4,88.61947035677763
19,8,5,9,60.95,70.47991501876709
5,9,17,2,41.85,35.29466188950869
5,9,17,2,65.6,68.28531475014461
19,21,5,9,77.4,88.64856694302865
5,9,17,2,55.0,36.58875294547852
19,21,5,9,22.8,28.85645052396613
5,9,17,2,46.65,39.24990781082033
5,9,17,2,48.7,48.17741335828167
5,9,17,2,57.35,46.11344706265191
5,9,17,2,84.45,44.22368381903882
5,9,17,2,48.5,43.17833277296185
5,9,17,2,67.85,52.84762106880099
5,9,17,2,53.2,46.7429702004258
5,11,17,2,57.15,51.733400592287616
5,11,17,2,57.95,50.051000305477885
5,11,17,2,57.85,43.429646677428956
5,11,17,2,49.3,46.508742811376194
5,11,17,2,63.8,60.38874067241343
5,11,17,2,75.95,42.09072281831735
5,11,17,2,69.6,62.62116675945754
5,11,17,2,61.2,39.16443069392108
5,11,17,2,76.35,79.37205858619598
5,11,17,2,57.3,43.4572990659252
5,21,17,2,55.9,39.28693367895663
5,21,17,2,73.65,63.28488220570118
5,21,17,2,59.05,47.359181847485054
5,21,17,2,64.35,63.8594468138303
5,21,17,2,55.4,49.08038519129934
5,21,17,2,49.8,46.46402116861921
5,21,17,2,57.25,50.994194716034514
5,21,17,2,48.7,45.32932128789326
5,21,17,2,53.4,28.92349254589825
5,21,17,2,56.85,50.77222095843978
5,22,17,2,68.2,65.51383943789844
5,22,17,2,58.0,46.65099987646229
5,22,17,2,42.35,24.06848780590833
5,22,17,2,62.15,52.03771405635077
5,22,17,2,65.45,57.52480014375493
5,22,17,2,57.85,44.607380791216954
5,22,17,2,69.2,50.744561544226485
5,22,17,2,79.9,93.27147699619981
5,22,17,2,60.3,46.08813067888178
5,22,17,2,47.95,37.09231016914706
5,8,17,2,87.2,57.647385479582496
5,8,17,2,56.5,53.21802227382038
5,8,17,2,58.4,51.89199309497006
5,8,17,2,58.7,58.304193222858515
5,8,17,2,70.0,40.44879804342639
5,8,17,2,47.75,39.906304738659244
5,8,17,2,58.85,45.321396132162796
5,8,17,2,68.75,73.90668013394358
5,8,17,2,61.85,69.28755869182928
5,8,17,2,58.35,56.993328326078746
5,2,17,2,53.0,43.86222448579307
5,2,17,2,63.35,56.47474983053093
5,2,17,2,70.65,64.04297488077007
5,2,17,2,38.9,32.673665558866084
5,2,17,2,64.15,46.89661080785218
5,2,17,2,56.7,47.05886571205539
5,2,17,2,74.9,48.6771317755549
5,2,17,2,63.35,42.43170984063687
5,2,17,2,85.75,67.75254899069733
5,2,17,2,56.75,40.12201784294346
5,15,17,2,68.95,63.47438356078027
5,15,17,2,68.05,77.85916773251562
5,15,17,2,54.75,31.69737661401218
5,15,17,2,57.95,57.00551681520326
5,15,17,2,58.15,47.50432113309051
5,15,17,2,67.95,43.25381029762763
5,15,17,2,63.65,64.86851072909356
5,15,17,2,64.45,66.1302343466046
5,15,17,2,74.4,54.765913332636885
5,15,17,2,36.55,38.2367624152464
5,13,17,2,62.75,55.470119979375525
5,13,17,2,51.1,42.15622573738134
5,13,17,2,55.5,53.72493295531071
5,13,17,2,68.9,51.6861989112639
5,13,17,2,47.05,44.362709565579955
5,13,17,2,52.1,50.723087237937015
5,13,17,2,66.25,49.67883696409633
5,13,17,2,82.55,58.83829311632098
5,13,17,2,62.75,49.166607195920015
5,13,17,2,82.75,64.50938324240738
5,13,17,2,58.75,40.95167241620555
5,13,17,2,67.15,53.35903711748614
5,13,17,2,52.35,33.00442554057196
5,13,17,2,77.35,60.417211733778394
5,13,17,2,62.1,48.33534176105403
5,13,17,2,44.65,41.30792583563238
5,13,17,2,64.5,70.09730079644555
5,13,17,2,54.85,40.747327971808225
5,13,17,2,36.75,42.53775412872416
5,13,17,2,68.7,48.18833665394235
5,8,17,2,51.7,46.22951893598539
5,8,17,2,72.25,48.1432894159661
5,8,17,2,42.5,36.5405326495905
5,8,17,2,61.2,65.26754654174574
5,8,17,2,42.7,38.09282291842831
5,8,17,2,76.9,54.0700325601218
5,8,17,2,48.95,39.68225773500506
5,8,17,2,84.0,62.70398291722951
5,8,17,2,41.2,36.30948839309666
5,8,17,2,58.8,40.01920591547592
5,5,17,2,79.3,61.84028664739176
5,5,17,2,69.9,61.44308448946022
5,5,17,2,63.25,58.511244983111446
5,5,17,2,49.2,50.05428631942891
5,5,17,2,57.35,48.197264608994914
5,5,17,2,52.55,66.5301474995794
5,5,17,2,65.6,40.62071029983545
5,5,17,2,71.0,71.92100930150639
5,5,17,2,57.35,51.98914360355995
5,5,17,2,46.95,47.96761517172975
5,11,17,2,75.85,56.41320767338088
5,11,17,2,80.75,67.45749148830497
5,11,17,2,73.0,49.37504163888984
5,11,17,2,58.95,47.946763240735635
5,11,17,2,71.8,48.33719282836267
5,11,17,2,70.8,57.55235602658267
5,11,17,2,71.25,53.700803679176666
5,11,17,2,51.1,41.064647364343635
5,11,17,2,51.6,61.93663995101004
5,11,17,2,52.0,47.30194165370516
5,2,17,2,67.9,63.55345864123491
5,2,17,2,58.75,60.39595228681785
5,2,17,2,64.6,53.668965843742896
5,2,17,2,43.7,49.49439096344257
5,2,17,2,74.55,63.33243535836162
5,2,17,2,73.95,58.38661977217942
5,2,17,2,63.5,51.45923271463487
5,2,17,2,64.65,40.71890159825558
5,2,17,2,55.5,32.036985205425175
5,2,17,2,58.0,41.5502232560979
5,0,17,2,60.2,38.15701632382755
5,0,17,2,56.5,44.63359603187763
5,0,17,2,64.6,55.58151907925776
5,0,17,2,74.1,48.53636726588035
5,0,17,2,48.2,37.95093785679777
5,0,17,2,93.7,69.76283130420487
5,0,17,2,44.5,41.907793522144985
5,0,17,2,69.1,50.12185152206571
5,0,17,2,69.45,74.46332548379277
5,0,17,2,67.3,50.41522326482454
5,22,17,2,75.1,64.44736734650017
5,22,17,2,62.8,41.75441987319867
5,22,17,2,60.8,56.579334148004776
5,22,17,2,54.75,41.470185866348295
5,22,17,2,45.4,47.20883057448602
5,22,17,2,64.4,51.5735550349922
5,22,17,2,56.3,50.38180540422776
5,22,17,2,64.05,27.44079751794857
5,22,17,2,68.75,40.54221321821959
5,22,17,2,46.1,44.15034123966595
5,13,17,2,50.45,35.871811246510305
5,13,17,2,55.9,44.769467979393
5,13,17,2,71.5,74.14672509359576
5,13,17,2,60.75,71.572469714637
5,13,17,2,69.25,63.93572018668025
5,13,17,2,76.9,52.046436755529854
5,13,17,2,56.2,47.40042193905029
5,13,17,2,39.55,46.17412695438864
5,13,17,2,55.1,43.93284348687329
5,13,17,2,61.15,50.95847122386703
5,8,17,2,73.2,57.30123540507105
5,8,17,2,69.35,58.080049115536724
5,8,17,2,73.6,37.48740139243977
5,8,17,2,71.85,53.549067513626674
5,8,17,2,68.7,42.914971010617094
5,8,17,2,60.55,45.90204100496025
5,8,17,2,68.95,58.7890743519397
5,8,17,2,50.95,46.72481026967196
5,8,17,2,58.2,33.42013260233859
5,8,17,2,68.75,47.93841992872896
5,2,17,2,70.8,66.76321079598759
5,2,17,2,64.65,61.996837780138776
5,2,17,2,63.9,60.533505293827936
5,2,17,2,65.7,46.97490931617812
5,2,17,2,54.3,51.6853842722333
5,2,17,2,73.05,58.91963750915755
5,2,17,2,42.7,29.15132930073687
5,2,17,2,85.7,56.8776156136554
5,2,17,2,66.55,43.37896045926315
5,2,17,2,56.0,46.33629928661705
5,9,17,2,53.1,33.411154771391764
5,9,17,2,61.0,64.25770484213506
5,9,17,2,42.1,38.56900855677563
5,9,17,2,60.35,52.23154420966621
5,9,17,2,30.75,30.66263798861821
5,9,17,2,60.45,58.240404676153354
5,9,17,2,56.6,50.58229355271103
5,9,17,2,62.85,63.72744182928782
5,9,17,2,60.75,47.6476928253504
5,9,17,2,60.75,42.49318830861694
6,32,17,3,48.5,36.73733222414725
6,32,17,3,75.3,53.85370045439384
6,32,17,3,73.7,49.20750905470039
6,32,17,3,58.55,68.40011926736292
6,32,17,3,69.45,41.745437821962874
6,32,17,3,38.15,45.186484938005876
6,32,17,3,56.2,40.18981279667248
6,32,17,3,43.05,41.78450354906835
6,32,17,3,40.4,37.30020459941064
6,32,17,3,47.65,37.49985964886016
6,31,17,3,67.3,49.82717499940221
6,31,17,3,63.85,43.00706796256683
6,31,17,3,61.9,48.8659821401997
6,31,17,3,57.75,48.191367429622105
6,31,17,3,41.7,40.3759959955365
6,31,17,3,45.0,47.74603868936475
6,31,17,3,53.85,48.629939878963235
6,31,17,3,53.6,47.33019510229228
6,31,17,3,47.35,41.51001781434656
6,31,17,3,53.4,43.54840017606544
6,24,17,3,53.7,33.84811275155685
6,24,17,3,59.4,52.30417111272746
6,24,17,3,49.8,46.75310290856583
6,24,17,3,62.1,38.95868256715595
6,24,17,3,52.8,40.849660180252485
6,24,17,3,37.5,42.63122157095171
6,24,17,3,58.6,39.37859423862825
6,24,17,3,56.1,46.60799569985707
6,24,17,3,68.95,55.445065273276526
6,24,17,3,60.85,44.10427237927482
6,31,17,3,68.15,36.306118086712544
6,31,17,3,65.9,51.49440439708499
6,31,17,3,67.8,49.91318779430415
6,31,17,3,46.4,33.70210051239193
6,31,17,3,65.05,40.85465250836124
6,31,17,3,64.15,42.90782654653307
6,31,17,3,61.7,52.20717837313381
6,31,17,3,45.25,37.89025009988162
6,31,17,3,59.95,57.34060286430642
6,31,17,3,49.35,44.98452950445121
6,29,17,3,45.35,31.988937232473944
6,29,17,3,55.0,41.23999081116851
6,29,17,3,70.15,52.31511304232821
6,29,17,3,73.3,60.838094021842316
6,29,17,3,69.5,54.654416684819665
6,29,17,3,53.45,38.864779076068075
6,29,17,3,78.35,101.87054478472588
6,29,17,3,57.6,41.046058853054596
6,29,17,3,43.85,45.55768465998845
6,29,17,3,49.95,43.73301173929682
6,27,17,3,76.45,35.84098653482454
6,27,17,3,53.75,36.7478964668298
6,27,17,3,42.75,37.792891283665334
6,27,17,3,71.25,57.86542918476317
6,27,17,3,61.9,50.583854299464704
6,27,17,3,55.15,38.04190902288243
6,27,17,3,42.8,35.29663768093142
6,27,17,3,49.9,45.13593503605467
6,27,17,3,36.55,30.795548208688935
6,27,17,3,36.8,41.03605603291869
6,25,17,3,63.35,45.01143129659866
6,25,17,3,52.9,45.27448450693195
6,25,17,3,52.55,40.59358907123403
6,25,17,3,62.25,46.75116097629639
6,25,17,3,75.8,54.63910302107245
6,25,17,3,44.5,27.230980808437174
6,25,17,3,54.15,46.27296016147295
6,25,17,3,61.1,43.22754969497552
6,25,17,3,45.65,35.97407692389502
6,25,17,3,53.3,40.98793147154159
6,31,17,3,73.9,47.80321504272545
6,31,17,3,72.1,52.48147542855378
6,31,17,3,63.4,53.032661237153995
6,31,17,3,60.45,33.69753231633626
6,31,17,3,62.2,71.11340091342619
6,31,17,3,45.2,48.61188938391188
6,31,17,3,57.0,47.38420789561367
6,31,17,3,82.7,64.25205300836289
6,31,17,3,42.85,36.36261093051777
6,31,17,3,49.7,50.75648778857319
6,24,17,3,68.9,45.62882283912451
6,24,17,3,64.3,39.1234214411669
6,24,17,3,45.2,32.489026487496716
6,24,17,3,34.6,30.152943471575046
6,24,17,3,56.5,44.763119217780876
6,24,17,3,64.1,39.301667300912044
6,24,17,3,52.15,43.06576977502886
6,24,17,3,47.95,49.89301712559321
6,24,17,3,40.2,40.739997157842964
6,24,17,3,47.05,36.62250530393629
6,39,17,3,51.0,33.87127334327331
6,39,17,3,56.6,30.665255497661224
6,39,17,3,55.75,43.27376134625498
6,39,17,3,52.9,34.013774299616664
6,39,17,3,74.4,45.6778191017778
6,39,17,3,50.35,40.38274123278018
6,39,17,3,51.5,48.96024165747035
6,39,17,3,67.1,46.891700533755106
6,39,17,3,58.35,42.29629198628969
6,39,17,3,56.05,32.02708557652906
6,37,17,3,38.1,29.17262595761921
6,37,17,3,37.65,34.49374466555685
6,37,17,3,75.05,39.04582328225995
6,37,17,3,50.0,44.53147910836723
6,37,17,3,39.25,35.33728461852334
6,37,17,3,43.5,45.239130709690045
6,37,17,3,75.45,58.47759354973852
6,37,17,3,70.2,49.48428777745624
6,37,17,3,64.5,62.68173577685927
6,37,17,3,43.65,42.13296621536707
6,38,17,3,49.2,55.506851165561436
6,38,17,3,49.65,48.545448049387595
6,38,17,3,42.3,30.681899344213047
6,38,17,3,58.4,57.63533273042994
6,38,17,3,60.3,37.943309513563854
6,38,17,3,60.6,49.58819893567633
6,38,17,3,45.8,41.06938929229537
6,38,17,3,46.95,29.20972260629741
6,38,17,3,46.6,50.201069395193684
6,38,17,3,52.65,51.52441935115508
6,37,17,3,40.45,27.91240999231251
6,37,17,3,48.0,39.1784043628764
6,37,17,3,53.5,47.87648582275899
6,37,17,3,39.75,36.68338932857185
6,37,17,3,78.1,55.07592845097431
6,37,17,3,69.9,47.87362750540547
6,37,17,3,51.55,46.86652379504564
6,37,17,3,44.85,34.7173170804306
6,37,17,3,73.7,41.440001016053635
6,37,17,3,32.45,28.415109027639353
6,26,17,3,53.1,42.062484847889664
6,26,17,3,69.05,47.11182106659141
6,26,17,3,53.8,43.03927215193608
6,26,17,3,43.95,47.39362049008173
6,26,17,3,58.65,34.50442382011174
6,26,17,3,40.05,30.943879592102316
6,26,17,3,75.25,66.6584973064792
6,26,17,3,52.95,53.544349547090896
6,26,17,3,47.35,44.75932716675992
6,26,17,3,55.9,41.61970687066405
6,28,17,3,77.6,56.092404964815344
6,28,17,3,47.45,40.05190711012267
6,28,17,3,63.1,37.65759866005937
6,28,17,3,65.25,40.57206064847037
6,28,17,3,60.6,42.455425541322
6,28,17,3,52.45,49.45436492895563
6,28,17,3,50.0,45.126722156961264
6,28,17,3,56.45,60.56616651494289
6,28,17,3,40.55,30.531217845967014
6,28,17,3,54.6,45.3052802778289
6,37,17,3,58.85,41.13683840165905
6,37,17,3,52.7,55.774074339437064
6,37,17,3,44.9,34.58612438536588
6,37,17,3,68.6,43.76901090714153
6,37,17,3,48.7,41.41586271237781
6,37,17,3,51.65,52.038725458723725
6,37,17,3,46.35,34.46321456124975
6,37,17,3,44.35,33.60807390462815
6,37,17,3,52.65,37.55455680529468
6,37,17,3,38.85,35.90964538364236
6,46,17,3,44.35,34.746109210430426
6,46,17,3,42.95,37.55203407483934
6,46,17,3,42.45,40.282522003312664
6,46,17,3,62.45,48.456681685810885
6,46,17,3,54.2,37.785544437271945
6,46,17,3,61.7,40.80131576825743
6,46,17,3,59.25,44.64936493919801
6,46,17,3,73.55,51.22137197858353
6,46,17,3,45.2,42.91435779856385
6,46,17,3,47.7,42.279894437950176
6,45,17,3,35.8,33.413832622527984
6,45,17,3,50.7,40.77938075470056
6,45,17,3,42.25,33.579246410151676
6,45,17,3,42.8,33.41383262252799
6,45,17,3,62.35,58.79605697484717
6,45,17,3,45.55,33.01431109143587
6,45,17,3,67.0,61.22435016095784
6,45,17,3,56.3,40.377299510857256
6,45,17,3,56.45,40.329530776238634
6,45,17,3,65.7,55.05987171874096
6,31,17,3,33.8,35.30856463865538
6,31,17,3,51.95,43.9790320852778
6,31,17,3,57.95,46.30616078143155
6,31,17,3,38.75,32.6397803785181
6,31,17,3,64.7,43.82393001666171
6,31,17,3,54.5,52.20758162324097
6,31,17,3,79.6,49.74397609655602
6,31,17,3,64.6,47.85658399404357
6,31,17,3,50.95,52.62426396534907
6,31,17,3,45.7,42.01390747184356
6,39,17,3,49.55,39.715402023581944
6,39,17,3,60.6,47.659317308536735
6,39,17,3,48.85,47.00870580065603
6,39,17,3,56.7,41.90352327857283
6,39,17,3,46.55,34.56721141867185
6,39,17,3,51.7,44.37294101968949
6,39,17,3,61.5,50.36446115435388
6,39,17,3,57.75,52.62566414132737
6,39,17,3,60.5,48.90646281692388
6,39,17,3,50.2,34.515595254746415
7,7,17,3,59.15,58.62124188380864
7,7,17,3,69.95,64.28102363839581
7,7,17,3,67.05,69.59845355208768
7,7,17,3,47.4,31.31907103549394
7,7,17,3,68.15,55.579506825334185
7,7,17,3,64.55,48.43495366821471
7,7,17,3,71.55,48.7080183607543
7,7,17,3,75.1,72.10219355740486
7,7,17,3,59.6,46.53736472759791
7,7,17,3,67.75,50.41498837282003
7,20,17,3,43.95,41.529285798667054
7,20,17,3,43.45,49.35315806031379
7,20,17,3,55.65,62.761264453398915
7,20,17,3,77.4,58.916890617207564
7,20,17,3,45.45,59.25899887247861
7,20,17,3,62.15,47.81903937048285
7,20,17,3,53.0,60.76183012385325
7,20,17,3,62.0,55.662516916446414
7,20,17,3,61.6,48.22360199605256
7,20,17,3,42.85,32.756317189047266
7,23,17,3,51.75,47.78997362363123
7,23,17,3,51.0,43.93895286584978
7,23,17,3,36.6,18.021624437558927
7,23,17,3,58.6,39.62375682924523
7,23,17,3,45.6,35.08395944767802
7,23,17,3,56.25,38.38156767046007
7,23,17,3,51.4,40.987032609171195
7,23,17,3,54.45,44.507214081125746
7,23,17,3,36.6,34.57014227396389
7,23,17,3,80.4,94.31827416839891
7,14,17,3,75.65,53.467427369134604
7,14,17,3,57.05,44.11405671665212
7,14,17,3,45.2,40.658526651536256
7,14,17,3,37.8,30.433015313186296
7,14,17,3,53.7,45.34557368290293
7,14,17,3,65.8,48.18888275372891
7,14,17,3,75.8,75.38923558509704
7,14,17,3,48.6,49.938277693041925
7,14,17,3,55.4,51.70503385856922
7,14,17,3,55.8,42.72876511696836
7,21,17,3,80.65,80.82813150200408
7,21,17,3,56.9,42.946600870334194
7,21,17,3,43.3,51.415848467998764
7,21,17,3,63.15,49.17666862285514
7,21,17,3,60.0,64.56738625979104
7,21,17,3,47.3,42.3159793135307
7,21,17,3,49.0,47.72508994780749
7,21,17,3,65.35,66.79448054726488
7,21,17,3,53.8,53.54250647849799
7,21,17,3,76.35,66.52366021515242
7,16,17,3,44.35,41.87735853530803
7,16,17,3,59.55,53.46467107007748
7,16,17,3,75.05,53.95073288610052
7,16,17,3,63.7,47.44204220331427
7,16,17,3,57.8,60.812567953118304
7,16,17,3,48.5,60.118742151634684
7,16,17,3,57.25,81.37300405830969
7,16,17,3,65.3,49.558152975224864
7,16,17,3,53.2,67.17894406966956
7,16,17,3,47.5,46.98768035627166
7,0,17,3,44.95,37.30172142210908
7,0,17,3,69.35,58.14887879626879
7,0,17,3,86.25,81.50936336268045
7,0,17,3,69.1,56.32976216231663
7,0,17,3,47.15,46.985188035559055
7,0,17,3,53.25,54.22552807245718
7,0,17,3,44.0,38.74885397286643
7,0,17,3,62.8,58.24593954675477
7,0,17,3,45.8,29.029204895107018
7,0,17,3,59.9,44.815293442259076
7,18,17,3,69.05,47.79503938144296
7,18,17,3,36.0,32.168961830670845
7,18,17,3,59.05,56.34337863306986
7,18,17,3,67.8,52.19255845323868
7,18,17,3,62.65,71.37172888623707
7,18,17,3,59.5,55.177703353514275
7,18,17,3,71.35,67.34692193958713
7,18,17,3,57.5,59.684697853760944
7,18,17,3,51.7,53.265076936512834
7,18,17,3,55.2,58.909922316774626
7,7,17,3,60.9,60.265989361199495
7,7,17,3,67.15,67.0131762377645
7,7,17,3,88.3,104.69610157121672
7,7,17,3,39.0,40.19295565407608
7,7,17,3,63.05,53.2506239152972
7,7,17,3,56.4,38.21049731766334
7,7,17,3,40.35,39.99641431296982
7,7,17,3,59.95,38.33436688156629
7,7,17,3,46.6,35.26053407363386
7,7,17,3,70.1,50.52659539396319
7,13,17,3,63.5,54.45857914144716
7,13,17,3,63.3,53.095841843336764
7,13,17,3,59.85,56.060376287300144
7,13,17,3,42.8,35.69254676731323
7,13,17,3,60.55,45.9008943841311
7,13,17,3,49.1,43.640758351267046
7,13,17,3,53.45,40.17000058959946
7,13,17,3,59.6,49.48301143880223
7,13,17,3,57.8,49.59796260671241
7,13,17,3,49.0,40.93512196789349
7,9,17,3,62.15,50.94917488097949
7,9,17,3,41.25,39.513988196054
7,9,17,3,60.45,44.87347710361234
7,9,17,3,56.2,73.0879787077119
7,9,17,3,48.5,42.43570988783162
7,9,17,3,82.35,60.15530339309901
7,9,17,3,61.5,84.26181004214749
7,9,17,3,53.85,52.502907187677664
7,9,17,3,36.3,38.25000859993023
7,9,17,3,44.65,54.942338194836495
7,3,17,3,72.4,64.1859141786371
7,3,17,3,82.65,71.30237687039907
7,3,17,3,77.85,77.63902640459006
7,3,17,3,75.7,65.82120918782462
7,3,17,3,46.65,54.29866238538575
7,3,17,3,57.6,41.5709919104783
7,3,17,3,61.05,46.92488398325674
7,3,17,3,56.75,66.28556642127661
7,3,17,3,42.95,37.712869505193964
7,3,17,3,46.5,47.041415123719496
7,17,17,3,53.0,45.351260645160274
7,17,17,3,50.8,60.06627918172427
7,17,17,3,63.85,68.91205302870884
7,17,17,3,62.95,55.78292041948249
7,17,17,3,38.4,43.82669217917799
7,17,17,3,58.05,60.54791491042445
7,17,17,3,50.75,61.28438884242441
7,17,17,3,74.55,70.39248988051884
7,17,17,3,47.95,35.59194911922166
7,17,17,3,80.35,61.66315542398154
7,9,17,3,46.0,67.79302867435636
7,9,17,3,88.65,71.84506355968193
7,9,17,3,52.65,51.47434210105888
7,9,17,3,51.4,50.7007733772635
7,9,17,3,35.15,36.50418144758069
7,9,17,3,46.85,36.55892863799341
7,9,17,3,66.05,62.42677816113008
7,9,17,3,48.55,39.29440163687443
7,9,17,3,80.35,84.97508922898336
7,9,17,3,57.65,61.71008191962084
7,8,17,3,55.55,44.81244540479681
7,8,17,3,45.15,47.824542257143065
7,8,17,3,59.3,57.83743096864376
7,8,17,3,53.5,61.62407253492318
7,8,17,3,56.75,66.25538706995434
7,8,17,3,55.55,52.89261713479889
7,8,17,3,51.0,56.35694511910573
7,8,17,3,67.55,65.77671560506403
7,8,17,3,41.45,48.76309540712331
7,8,17,3,55.7,53.5154675132143
7,6,17,3,61.4,70.6223462473011
7,6,17,3,55.2,43.212571270285146
7,6,17,3,44.9,37.14395891945992
7,6,17,3,40.6,53.3325219236522
7,6,17,3,62.75,37.899972226069536
7,6,17,3,52.6,46.28902336635033
7,6,17,3,63.85,59.34757122685238
7,6,17,3,67.75,75.56445488525186
7,6,17,3,45.85,52.19122229082709
7,6,17,3,71.85,57.42296899691841
7,7,17,3,63.45,54.36279203549738
7,7,17,3,54.3,32.174033335170016
7,7,17,3,51.55,37.33134001570826
7,7,17,3,47.95,33.238333924931666
7,7,17,3,58.55,43.131957867382795
7,7,17,3,59.55,54.782320428939
7,7,17,3,57.25,49.313044073444445
7,7,17,3,56.9,50.478656250360956
7,7,17,3,52.85,50.841627163492504
7,7,17,3,62.3,70.62286792310412
7,17,17,3,71.65,62.66895059294558
7,17,17,3,84.85,60.0747560610068
7,17,17,3,69.65,72.80635816653435
7,17,17,3,61.75,72.63671320525977
7,17,17,3,47.05,50.9380170299882
7,17,17,3,61.15,42.42178561466787
7,17,17,3,78.25,92.29522140791927
7,17,17,3,84.95,61.55825225794371
7,17,17,3,69.7,55.35825902343085
7,17,17,3,56.75,56.40630330585031
7,9,17,3,56.3,40.47364314555441
7,9,17,3,88.35,60.05810782724905
7,9,17,3,58.0,54.71457036773948
7,9,17,3,67.4,54.84274168738716
7,9,17,3,53.0,49.6948583594764
7,9,17,3,65.9,57.52427405246552
7,9,17,3,64.2,71.11562120200715
7,9,17,3,59.3,54.5296635834691
7,9,17,3,65.5,40.8521081076865
7,9,17,3,61.0,58.05532751291288
7,16,17,3,53.45,33.42623457547584
7,16,17,3,51.8,41.5294442154251
7,16,17,3,51.05,25.638119234739836
7,16,17,3,78.0,74.38590698441968
7,16,17,3,65.75,62.12455654824257
7,16,17,3,64.45,53.89216816452725
7,16,17,3,54.4,42.00927215947
7,16,17,3,37.4,25.92377490380515
7,16,17,3,51.5,43.45051631938397
7,16,17,3,83.9,61.74131091646994
8,36,17,4,62.4,42.23667650402034
8,36,17,4,45.25,44.78354373510078
8,36,17,4,44.5,29.231381838882104
8,36,17,4,55.9,43.71546757456859
8,36,17,4,51.95,31.610249836672317
8,36,17,4,51.5,42.82584069903295
8,36,17,4,55.75,61.39593248999309
8,36,17,4,46.0,29.984206369002788
8,36,17,4,23.65,21.969536324551537
8,36,17,4,47.8,33.81622158233033
8,38,17,4,50.35,47.25326499440625
8,38,17,4,43.1,32.41003743157032
8,38,17,4,41.6,39.94390803957074
8,38,17,4,51.5,38.498803809168436
8,38,17,4,44.5,41.4697099351474
8,38,17,4,65.75,43.69014702845964
8,38,17,4,45.7,48.49427529968981
8,38,17,4,58.35,47.639297135652065
8,38,17,4,57.1,42.23729955482725
8,38,17,4,51.1,51.403358481308345
8,33,17,4,49.55,45.664076632916185
8,33,17,4,49.15,47.50764481417147
8,33,17,4,54.95,41.111497943493795
8,33,17,4,42.9,30.786018699539913
8,33,17,4,61.4,34.84461749569154
8,33,17,4,41.9,43.123934006657215
8,33,17,4,52.4,42.39339571206817
8,33,17,4,42.1,27.05141303829471
8,33,17,4,44.4,32.8960083964765
8,33,17,4,51.35,39.68994967574484
8,36,17,4,49.35,47.465527657337525
8,36,17,4,48.9,42.50684155459411
8,36,17,4,48.2,39.09717986868376
8,36,17,4,48.4,42.49012269123013
8,36,17,4,49.75,43.112917834571654
8,36,17,4,43.6,31.95292590177323
8,36,17,4,39.55,42.97303315973133
8,36,17,4,46.1,37.79431870421518
8,36,17,4,34.8,34.643447014588936
8,36,17,4,42.3,42.40171297433507
8,31,17,4,41.55,41.88263677418
8,31,17,4,33.8,32.43065476398915
8,31,17,4,42.3,29.465590994099863
8,31,17,4,60.55,50.84390456661395
8,31,17,4,59.55,43.772708392330486
8,31,17,4,61.5,49.94259862977433
8,31,17,4,53.35,50.49781131265414
8,31,17,4,50.6,48.29776065420141
8,31,17,4,53.4,42.15185579981528
8,31,17,4,49.7,33.206055249956414
8,39,17,4,43.5,33.514333147413055
8,39,17,4,67.85,37.97267022755348
8,39,17,4,72.75,42.247235973119246
8,39,17,4,46.05,40.858517117641846
8,39,17,4,50.3,62.17386487652357
8,39,17,4,46.55,36.893124448587265
8,39,17,4,53.45,43.49407098129946
8,39,17,4,47.5,47.05819465524072
8,39,17,4,56.5,39.61857618526148
8,39,17,4,42.8,38.408606491665104
8,27,17,4,75.3,48.266911407734646
8,27,17,4,63.9,55.47299010851089
8,27,17,4,55.0,58.80655172951216
8,27,17,4,50.7,32.434711750157255
8,27,17,4,56.35,45.85592425710864
8,27,17,4,54.65,44.11381810009672
8,27,17,4,48.55,28.320487283943404
8,27,17,4,46.35,45.678827296220014
8,27,17,4,77.55,61.08619880308911
8,27,17,4,45.45,38.18579923424276
8,41,17,4,42.95,40.45592143243518
8,41,17,4,43.35,32.13012195498338
8,41,17,4,55.5,45.3924408267558
8,41,17,4,46.9,51.136453163132686
8,41,17,4,57.75,50.23196193659968
8,41,17,4,55.5,42.69906938465743
8,41,17,4,40.75,41.737115881494056
8,41,17,4,47.85,40.07923074164604
8,41,17,4,54.55,47.32471814357082
8,41,17,4,46.4,40.76169512512555
8,30,17,4,50.7,38.71093956629396
8,30,17,4,58.05,45.093440998138874
8,30,17,4,68.65,38.9564871970875
8,30,17,4,54.7,38.48048035590321
8,30,17,4,57.1,47.123466050701104
8,30,17,4,49.8,52.84495693710243
8,30,17,4,50.4,44.9038739390806
8,30,17,4,43.75,45.920841501550534
8,30,17,4,44.55,44.63356655206813
8,30,17,4,49.05,32.79517775848343
8,45,17,4,50.95,50.237829109986535
8,45,17,4,61.35,47.24546761887659
8,45,17,4,44.85,47.83994697233463
8,45,17,4,78.9,60.62646634146371
8,45,17,4,61.2,47.492492481499255
8,45,17,4,46.7,42.703506573631756
8,45,17,4,55.0,41.5007926366917
8,45,17,4,41.3,38.93597984275969
8,45,17,4,49.1,39.930070452176636
8,45,17,4,41.35,47.76948486440404
8,44,17,4,32.5,30.294171751432042
8,44,17,4,26.05,27.98209013674734
8,44,17,4,37.0,32.718898450123184
8,44,17,4,38.9,31.032919702521674
8,44,17,4,33.6,34.98781742865726
8,44,17,4,59.65,50.29625391512509
8,44,17,4,40.5,34.83117176202646
8,44,17,4,35.85,35.664039089964646
8,44,17,4,54.9,56.08724407000598
8,44,17,4,51.55,39.49480312248955
8,35,17,4,57.7,41.756310585158396
8,35,17,4,55.75,37.89719473023106
8,35,17,4,35.9,45.487881555652294
8,35,17,4,48.2,47.09855288870907
8,35,17,4,49.8,38.83243354126602
8,35,17,4,53.7,55.15060719234386
8,35,17,4,42.25,40.72355454447514
8,35,17,4,47.75,45.402150424378526
8,35,17,4,32.6,28.227273112513384
8,35,17,4,53.65,48.74344760283711
8,37,17,4,50.7,48.0077844564926
8,37,17,4,48.35,43.532534717695555
8,37,17,4,64.35,46.01976120160373
8,37,17,4,57.9,39.66292183413941
8,37,17,4,66.2,64.84848738243225
8,37,17,4,43.9,41.97981971326097
8,37,17,4,45.45,43.636627541068
8,37,17,4,74.5,50.38326789927908
8,37,17,4,73.4,43.681141299915204
8,37,17,4,40.0,33.82773698422175
8,25,17,4,51.25,46.046743984552776
8,25,17,4,36.85,25.94381581316381
8,25,17,4,62.85,81.2561090820739
8,25,17,4,62.8,53.860052572921745
8,25,17,4,45.3,42.896570835833536
8,25,17,4,60.0,50.11355526254979
8,25,17,4,56.7,47.24972848710629
8,25,17,4,38.1,30.604265268612142
8,25,17,4,36.05,27.009696114738617
8,25,17,4,60.55,47.554373311532885
8,31,17,4,51.3,39.83531889641336
8,31,17,4,52.9,42.90245975036372
8,31,17,4,64.85,44.19606436395845
8,31,17,4,60.65,50.706871744422
8,31,17,4,63.2,49.30421141401508
8,31,17,4,50.1,43.95919160216427
8,31,17,4,48.9,56.67441639473856
8,31,17,4,54.3,49.72355155202983
8,31,17,4,32.65,32.156320488644546
8,31,17,4,58.85,51.16976389277271
8,27,17,4,63.95,48.68099704899449
8,27,17,4,47.7,35.073006564503196
8,27,17,4,43.1,48.372349648599
8,27,17,4,42.65,52.84961285522694
8,27,17,4,62.1,57.15436162386541
8,27,17,4,40.2,39.75662804721008
8,27,17,4,51.75,44.21463796669963
8,27,17,4,61.0,40.021047094326704
8,27,17,4,56.55,49.125483792984035
8,27,17,4,47.85,42.81450197009617
8,24,17,4,46.8,38.54266262345225
8,24,17,4,48.4,38.98096701563064
8,24,17,4,67.9,45.40217940514356
8,24,17,4,66.2,47.44592489849559
8,24,17,4,67.65,55.47429466357416
8,24,17,4,51.35,40.04638757609401
8,24,17,4,46.15,47.98933543808951
8,24,17,4,39.05,36.14077009635925
8,24,17,4,65.75,48.5775289181065
8,24,17,4,61.65,51.51318175706915
8,26,17,4,47.2,49.85832559943171
8,26,17,4,58.45,49.50861169108812
8,26,17,4,67.4,59.64314933970117
8,26,17,4,66.4,52.866664454326184
8,26,17,4,53.4,46.314031067098995
8,26,17,4,54.7,40.980226297184124
8,26,17,4,46.0,45.71306389344644
8,26,17,4,58.05,48.19966695670046
8,26,17,4,56.65,54.8445410611715
8,26,17,4,46.1,43.40494757149478
8,40,17,4,49.45,42.451799292349136
8,40,17,4,62.9,45.877296299907144
8,40,17,4,49.0,53.78319048687395
8,40,17,4,47.25,35.38937544994037
8,40,17,4,41.3,38.76257011738596
8,40,17,4,41.85,47.39784027946732
8,40,17,4,46.75,44.4958602450539
8,40,17,4,50.2,47.17671147147879
8,40,17,4,35.2,35.44692103027167
8,40,17,4,45.95,38.93513499195945
8,34,17,4,43.65,40.935475542550336
8,34,17,4,59.6,43.588264958647564
8,34,17,4,56.5,48.58145628464469
8,34,17,4,50.7,61.13754983641395
8,34,17,4,48.45,40.518319443509945
8,34,17,4,65.15,48.37602168103751
8,34,17,4,52.9,40.50588001499873
8,34,17,4,49.15,46.06434287179756
8,34,17,4,41.0,38.968273194862945
8,34,17,4,61.45,53.20217150297137
9,20,17,4,45.75,33.18191485861252
9,20,17,4,58.0,54.492877371364116
9,20,17,4,73.95,54.248429518864036
9,20,17,4,35.9,40.373128113687336
9,20,17,4,40.3,47.15495174087458
9,20,17,4,67.25,58.446444221229264
9,20,17,4,58.05,44.47290718723266
9,20,17,4,55.65,55.4135410014176
9,20,17,4,58.75,56.4063033058503
9,20,17,4,59.4,52.23066250071081
9,17,17,4,52.4,47.61622898926263
9,17,17,4,55.2,46.42889300062148
9,17,17,4,39.05,38.699211198271485
9,17,17,4,48.85,37.31413588497133
9,17,17,4,62.0,49.40274869829986
9,17,17,4,50.55,46.260674443851336
9,17,17,4,39.1,38.660329184211285
9,17,17,4,58.55,64.65493427663344
9,17,17,4,63.15,58.32691443380509
9,17,17,4,71.05,70.15732321005413
9,23,17,4,55.8,56.82808794027271
9,23,17,4,59.15,41.60753347778817
9,23,17,4,53.7,44.52332327881055
9,23,17,4,59.7,53.63335568566695
9,23,17,4,29.45,33.566077801068275
9,23,17,4,58.55,61.12409723797886
9,23,17,4,54.8,48.12549384572315
9,23,17,4,68.8,57.562414637916014
9,23,17,4,61.45,62.02671326045526
9,23,17,4,46.05,44.004156502240605
9,17,17,4,68.65,59.454781579210085
9,17,17,4,58.7,61.669833963232236
9,17,17,4,83.5,67.60917097554147
9,17,17,4,66.15,67.18025634146734
9,17,17,4,73.5,67.0667381674482
9,17,17,4,46.45,55.90167589993213
9,17,17,4,74.0,68.43744742848259
9,17,17,4,53.65,52.51693962302469
9,17,17,4,44.6,52.72211161013546
9,17,17,4,57.65,39.362385197305464
9,9,17,4,62.35,62.04096694078332
9,9,17,4,41.85,42.693861262173094
9,9,17,4,43.75,47.223851021101176
9,9,17,4,61.7,66.44356528980855
9,9,17,4,52.8,45.03869681203393
9,9,17,4,54.2,50.12363661356208
9,9,17,4,63.25,70.45855444682954
9,9,17,4,41.25,31.569263866182112
9,9,17,4,65.85,59.622739392211585
9,9,17,4,35.25,38.27858409084641
9,21,17,4,36.5,30.619051516816675
9,21,17,4,48.85,48.48143974759826
9,21,17,4,56.2,51.33953027074802
9,21,17,4,47.1,43.47158781742877
9,21,17,4,51.4,54.60229414883398
9,21,17,4,64.6,59.49648375280147
9,21,17,4,75.65,64.07748188100501
9,21,17,4,68.5,66.28685667929241
9,21,17,4,74.75,86.69782671955933
9,21,17,4,75.4,53.317717011969116
9,9,17,4,60.0,59.04770595838054
9,9,17,4,54.95,70.65593058134462
9,9,17,4,37.55,32.36709667808376
9,9,17,4,86.5,71.11776741507893
9,9,17,4,64.2,42.5002786368575
9,9,17,4,57.2,56.75209247243665
9,9,17,4,53.8,59.997894699906375
9,9,17,4,51.65,47.42559269113316
9,9,17,4,64.75,65.06262165669398
9,9,17,4,60.85,48.7553235959661
9,23,17,4,53.25,41.02358115189745
9,23,17,4,52.25,45.39171614663673
9,23,17,4,55.25,48.87995499179598
9,23,17,4,61.5,56.68240235595264
9,23,17,4,50.95,47.496786594906666
9,23,17,4,73.05,72.83107708577215
9,23,17,4,59.75,66.24426489575492
9,23,17,4,48.0,37.848729381439924
9,23,17,4,35.35,37.276032937786546
9,23,17,4,77.45,87.08645129984342
9,1,17,4,74.45,56.199339760122484
9,1,17,4,50.5,50.16236794545027
9,1,17,4,58.8,47.45036187538787
9,1,17,4,59.85,45.521857098367704
9,1,17,4,59.4,53.82760004231834
9,1,17,4,46.7,47.33097350183682
9,1,17,4,85.45,69.62491613904048
9,1,17,4,37.25,31.46405635173671
9,1,17,4,48.7,53.4081602280716
9,1,17,4,71.9,70.69571564477098
9,22,17,4,53.3,65.21147784021815
9,22,17,4,53.3,55.67490221672693
9,22,17,4,42.9,39.28425424491277
9,22,17,4,32.9,36.753660755731104
9,22,17,4,60.05,61.57620439234966
9,22,17,4,57.2,44.68203453879776
9,22,17,4,40.6,41.15234852925996
9,22,17,4,56.9,47.83953441068986
9,22,17,4,41.05,37.294665908989685
9,22,17,4,35.6,43.86750385805924
9,19,17,4,63.0,66.37612126122022
9,19,17,4,59.3,50.173488491118704
9,19,17,4,51.3,48.17959821553649
9,19,17,4,46.4,37.50845518714834
9,19,17,4,57.1,60.70281359992606
9,19,17,4,49.65,35.37211955912825
9,19,17,4,49.85,74.12952746446764
9,19,17,4,54.05,53.03075076138173
9,19,17,4,43.1,37.3121963974248
9,19,17,4,59.45,59.40004873292347
9,12,17,4,41.65,36.1652275564599
9,12,17,4,62.65,43.94646863245279
9,12,17,4,56.95,56.36579309811002
9,12,17,4,52.15,48.763958865237
9,12,17,4,68.1,56.64654957671621
9,12,17,4,41.0,33.427061208736724
9,12,17,4,54.1,63.95631732921923
9,12,17,4,58.05,39.290383181210075
9,12,17,4,87.0,90.11571508490158
9,12,17,4,58.4,61.63338124921046
9,10,17,4,64.35,55.18035024020398
9,10,17,4,46.2,50.57209548857219
9,10,17,4,56.65,57.856696832960075
9,10,17,4,58.05,96.77998651308897
9,10,17,4,68.95,73.52870903688967
9,10,17,4,57.3,79.31290463792926
9,10,17,4,68.2,70.5665792373639
9,10,17,4,53.0,51.897672597647684
9,10,17,4,74.1,70.99658998482732
9,10,17,4,59.25,58.08693575377477
9,21,17,4,77.95,78.57981192459846
9,21,17,4,52.8,54.51759735216356
9,21,17,4,62.75,57.12578457367474
9,21,17,4,38.1,56.719902753980925
9,21,17,4,53.45,41.876353081045885
9,21,17,4,52.15,65.56898737408683
9,21,17,4,59.65,65.64279332713892
9,21,17,4,57.9,49.04444815406573
9,21,17,4,50.85,59.50168064853295
9,21,17,4,42.8,46.95417699036056
9,14,17,4,58.3,62.037425037336604
9,14,17,4,59.6,66.68811935538365
9,14,17,4,57.65,54.568426382797
9,14,17,4,49.6,42.793752618319125
9,14,17,4,40.45,37.94937763861082
9,14,17,4,49.3,45.79600074472144
9,14,17,4,43.0,37.60179167063858
9,14,17,4,61.0,51.74431064581426
9,14,17,4,54.3,54.02348417221221
9,14,17,4,72.3,67.72552966512002
9,2,17,4,34.55,27.61097226599752
9,2,17,4,55.45,42.02565006228809
9,2,17,4,52.15,55.99085921638883
9,2,17,4,50.8,51.10010814696559
9,2,17,4,44.05,29.94991433077986
9,2,17,4,60.25,47.94939766923152
9,2,17,4,29.55,43.7678985943856
9,2,17,4,54.4,55.147076078428675
9,2,17,4,66.15,66.53869076275136
9,2,17,4,58.3,43.25213715437715
9,2,17,4,74.4,65.33105975277803
9,2,17,4,48.4,44.91559335370946
9,2,17,4,57.9,38.78130314577129
9,2,17,4,74.4,70.37149542549919
9,2,17,4,51.3,42.7687785779841
9,2,17,4,33.75,43.91364132859904
9,2,17,4,61.25,61.4276425004077
9,2,17,4,51.35,70.95534177435684
9,2,17,4,45.2,55.806620999379824
9,2,17,4,68.3,55.7957742221813
9,5,17,4,59.55,58.37309672317062
9,5,17,4,49.45,47.86876247671996
9,5,17,4,78.95,68.49085609350385
9,5,17,4,52.4,47.70126336184178
9,5,17,4,44.65,45.25864267564931
9,5,17,4,36.2,46.36536820107279
9,5,17,4,56.45,40.88298449297252
9,5,17,4,70.0,104.37281356045892
9,5,17,4,51.75,35.6855786882571
9,5,17,4,73.5,68.62522169458965
9,6,17,4,57.75,62.34697055063787
9,6,17,4,55.7,38.03613240618784
9,6,17,4,59.5,39.28103868280471
9,6,17,4,83.0,79.67433714816836
9,6,17,4,85.15,63.2649191890735
9,6,17,4,40.9,39.3551976103204
9,6,17,4,87.2,69.42743277014232
9,6,17,4,41.85,47.628247920745515
9,6,17,4,68.7,63.24979717046737
9,6,17,4,53.45,48.6755909865996
9,13,17,4,30.6,24.98083475913401
9,13,17,4,67.05,50.765171442426436
9,13,17,4,54.8,59.935579451695695
9,13,17,4,74.1,66.50753815605377
9,13,17,4,52.7,48.96411145447567
9,13,17,4,49.4,56.513994540709724
9,13,17,4,72.1,61.6927019483197
9,13,17,4,44.75,39.68544078785462
9,13,17,4,77.55,53.87165547073799
9,13,17,4,83.4,61.24188453217808
10,25,17,5,29.05,26.470390608137393
10,25,17,5,50.4,52.989969259334956
10,25,17,5,48.1,38.3363233006313
10,25,17,5,48.9,46.068484489484725
10,25,17,5,33.1,25.007156870320987
10,25,17,5,41.9,31.50421859804944
10,25,17,5,50.8,40.36752211995756
10,25,17,5,48.85,41.04589857066944
10,25,17,5,41.2,41.457143375323206
10,25,17,5,36.25,36.98488311388003
10,34,17,5,53.1,46.79394922648148
10,34,17,5,34.2,34.69506259428065
10,34,17,5,37.95,30.94898178751945
10,34,17,5,45.9,42.35054215771779
10,34,17,5,27.2,30.66216595501093
10,34,17,5,37.2,44.64432538938946
10,34,17,5,54.35,52.68903311436182
10,34,17,5,51.15,47.07471664671409
10,34,17,5,44.75,44.932551791839245
10,34,17,5,36.9,36.46180409544674
10,36,17,5,40.1,34.00448886776413
10,36,17,5,33.1,33.25325468835225
10,36,17,5,43.45,42.76185585062315
10,36,17,5,59.25,47.259501968554325
10,36,17,5,51.7,37.795989762212386
10,36,17,5,47.6,53.1565711143183
10,36,17,5,45.5,47.37698752947913
10,36,17,5,45.45,36.01384967510489
10,36,17,5,48.15,57.06992479221849
10,36,17,5,54.1,52.90099989105767
10,42,17,5,42.3,38.160464523267784
10,42,17,5,36.5,38.05466981510734
10,42,17,5,43.9,39.62574920427373
10,42,17,5,57.95,59.99603057045129
10,42,17,5,37.8,40.42224504820139
10,42,17,5,42.45,41.39981566193388
10,42,17,5,40.15,42.29255875819988
10,42,17,5,38.15,41.29518259147377
10,42,17,5,53.9,45.90138170148327
10,42,17,5,38.8,33.09412414057183
10,45,17,5,45.7,46.05043002256502
10,45,17,5,58.4,54.668763331636896
10,45,17,5,45.2,33.583517260390515
10,45,17,5,49.95,46.43781920624158
10,45,17,5,56.4,48.91173575673677
10,45,17,5,44.5,34.779758178391184
10,45,17,5,55.1,53.22237360952233
10,45,17,5,52.85,44.87089667502815
10,45,17,5,42.85,32.73542262957426
10,45,17,5,42.8,41.68503454794247
10,43,17,5,55.4,51.874747938512535
10,43,17,5,47.6,38.83758353369635
10,43,17,5,34.0,29.27366339256248
10,43,17,5,49.9,40.288303121638826
10,43,17,5,49.2,40.20290641496615
10,43,17,5,67.1,49.99357853501629
10,43,17,5,50.0,41.2016862199646
10,43,17,5,40.65,35.41078485730762
10,43,17,5,48.65,38.64177586635044
10,43,17,5,29.85,36.97691313864852
10,38,17,5,51.65,65.82534706167127
10,38,17,5,37.8,43.76925140348019
10,38,17,5,40.25,37.06590858116618
10,38,17,5,67.0,56.37748710816738
10,38,17,5,50.25,50.1805949074257
10,38,17,5,57.15,50.17891673014201
10,38,17,5,38.25,36.080137413672276
10,38,17,5,54.75,55.51754108766933
10,38,17,5,46.35,43.760442362817514
10,38,17,5,40.55,38.632512895637255
10,43,17,5,38.35,34.74913857319268
10,43,17,5,27.7,31.212514359333166
10,43,17,5,64.15,44.52353014802516
10,43,17,5,48.4,40.288956303185614
10,43,17,5,64.75,52.60365706718598
10,43,17,5,46.7,36.865473791811446
10,43,17,5,54.2,41.179453231205635
10,43,17,5,40.5,33.74907406137241
10,43,17,5,55.55,53.247658708104126
10,43,17,5,44.0,43.71679190810828
10,30,17,5,54.3,45.89931773372076
10,30,17,5,35.55,36.952992899229784
10,30,17,5,50.65,46.149955807699655
10,30,17,5,40.85,35.345326498183006
10,30,17,5,50.7,54.35080980367992
10,30,17,5,66.4,66.01068494051391
10,30,17,5,53.45,57.33876708237033
10,30,17,5,46.25,37.705053409743094
10,30,17,5,23.9,32.26681528166442
10,30,17,5,57.1,49.89768478966154
10,41,17,5,45.1,52.073733150317985
10,41,17,5,30.9,31.076984206457695
10,41,17,5,54.95,46.20603173202663
10,41,17,5,44.75,30.333020048507496
10,41,17,5,45.6,36.37726299706858
10,41,17,5,50.65,44.266269682219075
10,41,17,5,40.45,46.89459064304696
10,41,17,5,33.9,31.60596212908671
10,41,17,5,61.9,47.03850606292231
10,41,17,5,51.0,36.51964143479938
10,28,17,5,39.75,37.141089460539376
10,28,17,5,48.85,62.502442057554
10,28,17,5,35.45,37.259368302693886
10,28,17,5,57.9,49.23188953684818
10,28,17,5,57.6,41.42259744327205
10,28,17,5,57.5,52.12182086733268
10,28,17,5,57.0,44.51965857910413
10,28,17,5,52.75,40.335272535664316
10,28,17,5,61.75,62.96855940613705
10,28,17,5,40.7,33.68601146501397
10,46,17,5,56.2,41.73803011516878
10,46,17,5,58.0,49.28542007104076
10,46,17,5,43.7,38.30638259309303
10,46,17,5,41.3,41.3420901872732
10,46,17,5,28.3,25.26928653732161
10,46,17,5,59.65,49.30066189370985
10,46,17,5,61.6,50.055127504319515
10,46,17,5,55.7,46.87059452982165
10,46,17,5,47.4,34.758414354240216
10,46,17,5,69.25,50.53802632932115
10,33,17,5,79.45,68.21596895927398
10,33,17,5,41.5,35.19045923332959
10,33,17,5,51.6,49.316806145786174
10,33,17,5,48.55,35.836580840194415
10,33,17,5,45.25,39.653598761484965
10,33,17,5,40.3,36.13585477057378
10,33,17,5,46.6,39.189687150414564
10,33,17,5,29.8,28.50780133300541
10,33,17,5,43.2,45.3322239286337
10,33,17,5,40.9,45.00982348917085
10,26,17,5,54.6,49.45641355886276
10,26,17,5,29.4,32.73240789058741
10,26,17,5,30.4,34.188948660734155
10,26,17,5,51.5,31.471791881151706
10,26,17,5,46.1,49.212642791525795
10,26,17,5,43.3,40.07112098309835
10,26,17,5,58.5,51.39475705392117
10,26,17,5,63.15,56.38521176038233
10,26,17,5,70.4,55.46018012004079
10,26,17,5,37.95,33.32057211867452
10,28,17,5,48.1,51.476003607199544
10,28,17,5,54.7,47.29982752833805
10,28,17,5,42.8,50.325885355770005
10,28,17,5,44.9,45.839422243075305
10,28,17,5,49.8,44.474238551512514
10,28,17,5,52.15,42.748068592873906
10,28,17,5,41.1,46.33164202390822
10,28,17,5,41.0,42.01252945942374
10,28,17,5,45.85,33.37391827539331
10,28,17,5,54.8,44.104660214444216
10,24,17,5,42.25,38.2318068188201
10,24,17,5,42.2,34.88266044899672
10,24,17,5,79.6,60.84700399146077
10,24,17,5,37.45,34.52302816504095
10,24,17,5,40.65,34.00506928153662
10,24,17,5,47.65,37.98791359034303
10,24,17,5,56.3,47.634684400074875
10,24,17,5,47.05,41.53055311581178
10,24,17,5,34.85,38.945677417059834
10,24,17,5,54.65,44.98218945784045
10,27,17,5,51.0,41.90842146244218
10,27,17,5,43.4,38.283430523290086
10,27,17,5,45.35,45.9327597804947
10,27,17,5,59.75,45.24189371996293
10,27,17,5,55.65,37.45070444141064
10,27,17,5,47.65,36.2742115152436
10,27,17,5,42.7,42.33214530726961
10,27,17,5,46.8,48.22927697876816
10,27,17,5,60.4,39.99131484657506
10,27,17,5,40.45,32.68264467814523
10,29,17,5,47.2,34.77839619800291
10,29,17,5,68.5,59.88717462203845
10,29,17,5,56.35,47.92128963206228
10,29,17,5,48.7,48.40628493339095
10,29,17,5,35.85,30.354527972298513
10,29,17,5,54.05,47.35695913957491
10,29,17,5,58.55,52.581240400976306
10,29,17,5,44.8,65.55238965494458
10,29,17,5,44.85,34.59734550206813
10,29,17,5,48.7,39.47964165570855
10,44,17,5,46.1,48.5125051702624
10,44,17,5,37.05,30.58633165664896
10,44,17,5,56.3,50.53617776561554
10,44,17,5,44.85,33.004425540571944
10,44,17,5,47.7,36.172248740538215
10,44,17,5,48.5,51.402948922165315
10,44,17,5,37.9,24.11572974331549
10,44,17,5,49.95,43.53761229340128
10,44,17,5,47.9,39.93797823204322
10,44,17,5,46.55,43.20023757244617
10,39,17,5,62.25,63.163009661301636
10,39,17,5,28.35,27.50746310214356
10,39,17,5,42.7,37.78066896401413
10,39,17,5,49.6,49.222801733813526
10,39,17,5,61.25,50.775952658921646
10,39,17,5,38.6,35.63765010860225
10,39,17,5,55.5,49.84238314822774
10,39,17,5,53.8,49.44811209210807
10,39,17,5,53.4,41.33228634780372
10,39,17,5,37.7,33.75936517238002
11,9,17,5,59.05,61.42044490747018
11,9,17,5,64.85,47.85094730404757
11,9,17,5,41.35,46.61745211940763
11,9,17,5,53.45,52.118766192933656
11,9,17,5,47.85,45.437377379838885
11,9,17,5,70.45,57.825941182865414
11,9,17,5,62.75,104.16175427013304
11,9,17,5,46.75,46.07188319411994
11,9,17,5,43.65,40.01220208623206
11,9,17,5,54.3,50.81555915889915
11,7,17,5,55.95,61.0155070884702
11,7,17,5,37.95,45.92611342947323
11,7,17,5,56.3,70.59976144286519
11,7,17,5,39.15,34.94849593932553
11,7,17,5,61.25,62.13048662630168
11,7,17,5,42.1,53.636103316212
11,7,17,5,42.0,44.68250570177856
11,7,17,5,72.35,54.231739589905914
11,7,17,5,44.15,45.109545027982485
11,7,17,5,41.0,39.46350746009067
11,15,17,5,53.95,50.471956778518425
11,15,17,5,75.35,64.61405664241701
11,15,17,5,46.5,60.19311028943253
11,15,17,5,81.95,85.23310142748161
11,15,17,5,29.1,35.276203399966235
11,15,17,5,56.6,56.73613904456498
11,15,17,5,44.7,50.979975428954866
11,15,17,5,44.1,39.36188378033808
11,15,17,5,31.1,23.85680968656649
11,15,17,5,69.2,64.46018763138751
11,11,17,5,52.55,45.66177141133547
11,11,17,5,50.2,41.7745830556534
11,11,17,5,40.7,52.249502641803105
11,11,17,5,55.1,69.04681859357994
11,11,17,5,31.75,37.86940856764412
11,11,17,5,62.65,57.07822425593254
11,11,17,5,78.4,76.69515870262641
11,11,17,5,53.6,68.26758497189378
11,11,17,5,69.25,59.77666768899049
11,11,17,5,43.75,37.85828839237189
11,23,17,5,34.2,33.246448168029524
11,23,17,5,46.95,37.07527903859219
11,23,17,5,48.15,46.54853155013254
11,23,17,5,55.9,56.38112786161136
11,23,17,5,27.15,20.828308165874432
11,23,17,5,76.2,69.39710292754908
11,23,17,5,35.55,37.53240704973994
11,23,17,5,49.7,47.511882170341565
11,23,17,5,55.9,49.75508437388718
11,23,17,5,56.05,33.50329913055696
11,0,17,5,78.7,87.21184130126994
11,0,17,5,42.7,44.900005860977224
11,0,17,5,49.85,46.67048543272628
11,0,17,5,52.65,58.49091247454824
11,0,17,5,54.1,54.423195519248175
11,0,17,5,33.1,33.844691724031655
11,0,17,5,72.95,63.90492526937349
11,0,17,5,27.8,25.452949368962084
11,0,17,5,90.2,97.09875602216864
11,0,17,5,36.55,42.9068452396707
11,8,17,5,48.6,47.7916530919695
11,8,17,5,45.9,64.49063579515368
11,8,17,5,36.6,53.56098344287958
11,8,17,5,64.6,54.31041385067489
11,8,17,5,47.75,39.03827406668055
11,8,17,5,45.85,40.09367321135527
11,8,17,5,58.9,63.97359652725161
11,8,17,5,37.55,33.416785885949125
11,8,17,5,47.45,34.70397368420055
11,8,17,5,41.55,39.95981534123079
11,17,17,5,60.6,78.1903211132265
11,17,17,5,41.3,41.74370422117883
11,17,17,5,50.85,45.648860019201265
11,17,17,5,54.8,58.58111784885171
11,17,17,5,69.3,68.59960104226478
11,17,17,5,38.2,36.161334395499814
11,17,17,5,53.45,71.4728325272875
11,17,17,5,37.0,46.506366287457446
11,17,17,5,50.45,47.70024274461019
11,17,17,5,67.25,76.2080773450661
11,3,17,5,44.3,44.80730673497466
11,3,17,5,49.7,54.67232533828004
11,3,17,5,50.75,52.8113574308047
11,3,17,5,52.1,56.33910486369219
11,3,17,5,54.7,68.3713544202772
11,3,17,5,29.25,45.04018673421139
11,3,17,5,72.5,75.11920351575957
11,3,17,5,39.35,32.55323575153071
11,3,17,5,54.55,56.838158976074105
11,3,17,5,47.9,38.770444521839735
11,6,17,5,46.9,42.652697822985914
11,6,17,5,38.45,46.706784134754194
11,6,17,5,65.45,63.834881571623185
11,6,17,5,84.4,87.20840133357504
11,6,17,5,54.35,69.92121506230762
11,6,17,5,56.85,48.654826125094296
11,6,17,5,66.3,64.7774327175266
11,6,17,5,54.35,52.88744254496873
11,6,17,5,54.35,48.07808889274767
11,6,17,5,51.9,44.00227266857929
11,1,17,5,58.2,58.49570384584711
11,1,17,5,38.9,36.51805609630161
11,1,17,5,67.65,59.68097201832953
11,1,17,5,51.7,55.79105757433854
11,1,17,5,37.2,29.045517817094566
11,1,17,5,91.45,99.6300921567269
11,1,17,5,51.55,65.19967306989395
11,1,17,5,45.15,53.46545859859331
11,1,17,5,22.6,24.581550634143234
11,1,17,5,38.95,51.155567685865414
11,5,17,5,59.25,66.40218369903208
11,5,17,5,45.55,38.42624514299405
11,5,17,5,49.15,41.147072544074966
11,5,17,5,41.55,54.147435182491385
11,5,17,5,66.85,77.58748881780252
11,5,17,5,80.3,76.26001228484172
11,5,17,5,75.1,56.739385745149214
11,5,17,5,47.9,55.04438400533079
11,5,17,5,73.3,64.12742249451068
11,5,17,5,58.85,61.51617245638915
11,16,17,5,52.15,48.456464453862296
11,16,17,5,56.6,44.64408960704771
11,16,17,5,64.6,66.09992435699151
11,16,17,5,58.7,61.62116861154641
11,16,17,5,51.8,59.989999166527745
11,16,17,5,60.25,43.84887323763891
11,16,17,5,55.85,62.610975160320855
11,16,17,5,55.95,62.99496638203472
11,16,17,5,54.0,57.72712579569139
11,16,17,5,39.8,40.116409557554796
11,12,17,5,69.25,75.22658754512403
11,12,17,5,64.5,76.4670551696336
11,12,17,5,46.05,39.59728193755356
11,12,17,5,37.75,34.40758025417318
11,12,17,5,55.4,59.20028449433775
11,12,17,5,51.7,51.584473388189615
11,12,17,5,58.5,61.3896099558086
11,12,17,5,57.75,55.27050703013698
11,12,17,5,81.85,83.54089764269575
11,12,17,5,51.2,43.856944478011336
11,1,17,5,59.05,51.67252654941502
11,1,17,5,61.3,55.43616528091234
11,1,17,5,65.2,55.19401187962713
11,1,17,5,39.3,51.937310389798924
11,1,17,5,41.25,44.11095460075052
11,1,17,5,43.1,38.29923731547886
11,1,17,5,56.8,53.22801003824564
11,1,17,5,52.55,43.43231273457222
11,1,17,5,37.25,33.61997369985508
11,1,17,5,79.1,63.876443232227636
11,22,17,5,64.5,48.07067165834289
11,22,17,5,56.0,42.12512689345248
11,22,17,5,51.45,45.750438594388875
11,22,17,5,46.25,67.23006454665479
11,22,17,5,54.2,49.16417180705563
11,22,17,5,46.45,59.882758260137834
11,22,17,5,42.2,52.2278409320264
11,22,17,5,44.5,55.682842486428626
11,22,17,5,70.45,58.028554676941056
11,22,17,5,40.75,39.69870076092243
11,22,17,5,62.1,53.89355981444985
11,22,17,5,37.0,39.86688376400433
11,22,17,5,55.9,47.7955073863202
11,22,17,5,77.55,57.07472018512685
11,22,17,5,51.75,44.3786043754847
11,22,17,5,23.05,24.797018072001272
11,22,17,5,53.7,55.840091238049425
11,22,17,5,34.9,49.14307789773813
11,22,17,5,45.7,50.303395302378625
11,22,17,5,49.75,42.54765130508319
11,20,17,5,55.45,65.80631468659811
11,20,17,5,43.5,36.83319441110581
11,20,17,5,38.15,35.83628710796098
11,20,17,5,58.15,43.70749062623139
11,20,17,5,54.95,60.93523308873896
11,20,17,5,63.8,65.35941119363719
11,20,17,5,53.15,71.52347792673984
11,20,17,5,37.25,31.704017676662133
11,20,17,5,43.6,49.833829135596126
11,20,17,5,77.15,63.3264516113465
11,9,17,5,37.85,47.637087497696136
11,9,17,5,53.4,60.2218704808355
11,9,17,5,37.05,42.849154017319876
11,9,17,5,32.95,40.663542445420646
11,9,17,5,53.9,67.11176851852593
11,9,17,5,54.75,55.10170023167209
11,9,17,5,40.05,43.583525376115766
11,9,17,5,92.9,51.95129297818547
11,9,17,5,63.9,80.73797775911643
11,9,17,5,42.6,40.372476293946384
11,13,17,5,56.5,65.70308011685682
11,13,17,5,52.25,55.64915944889393
11,13,17,5,44.2,46.75422862947095
11,13,17,5,51.7,44.99485350687635
11,13,17,5,70.95,63.54565288042921
11,13,17,5,56.5,55.13094460129972
11,13,17,5,51.85,52.77287481073467
11,13,17,5,53.05,42.07446406451055
11,13,17,5,56.9,49.69792964024071
11,13,17,5,53.65,48.31287830926983
12,28,17,6,60.9,61.968497939211865
12,28,17,6,52.15,50.671568899500656
12,28,17,6,55.9,43.4861139360964
12,28,17,6,67.85,60.94628782788989
12,28,17,6,69.1,37.010524818873094
12,28,17,6,40.0,28.2302562585084
12,28,17,6,44.1,36.979226031580716
12,28,17,6,49.65,49.21732151226949
12,28,17,6,47.7,39.06418470051294
12,28,17,6,42.45,46.31638905114303
12,39,17,6,57.8,50.67398377450649
12,39,17,6,41.15,35.16319098147949
12,39,17,6,48.85,64.97795172615335
12,39,17,6,41.3,34.67305946454075
12,39,17,6,42.55,44.4681731247488
12,39,17,6,57.55,55.399482232047504
12,39,17,6,59.1,47.5581638351232
12,39,17,6,49.2,54.37646549749257
12,39,17,6,45.2,42.83456548162943
12,39,17,6,45.8,40.81485797572922
12,35,17,6,33.35,34.8081584508121
12,35,17,6,55.1,46.33732154992401
12,35,17,6,41.6,30.906310035330975
12,35,17,6,32.15,48.555204610184084
12,35,17,6,35.0,41.2910083241019
12,35,17,6,41.75,40.704163759601066
12,35,17,6,33.6,32.59867611131664
12,35,17,6,73.9,45.13243669585393
12,35,17,6,46.4,41.01655634907497
12,35,17,6,37.8,36.619810571817396
12,27,17,6,56.8,41.36817999126229
12,27,17,6,47.6,38.81182673795247
12,27,17,6,46.1,53.989180202586596
12,27,17,6,42.0,41.88957915884645
12,27,17,6,44.7,39.69634743902769
12,27,17,6,45.05,51.653170280245135
12,27,17,6,36.05,31.870585349602788
12,27,17,6,35.45,30.720257331707295
12,27,17,6,39.8,33.012916132613114
12,27,17,6,39.8,37.57042509880961
12,28,17,6,44.6,43.7028241891215
12,28,17,6,63.5,56.109385648879964
12,28,17,6,49.25,42.54022863868481
12,28,17,6,39.9,27.4147482398185
12,28,17,6,34.0,23.190288348449027
12,28,17,6,50.6,40.59608485141341
12,28,17,6,45.45,44.229634028734516
12,28,17,6,41.25,30.691804152008775
12,28,17,6,44.2,43.64763211760386
12,28,17,6,41.2,39.2664313578271
12,38,17,6,47.95,43.446851984561796
12,38,17,6,36.35,27.564804027103683
12,38,17,6,47.15,39.435857314191395
12,38,17,6,41.35,40.592033182568436
12,38,17,6,39.95,36.158241398782536
12,38,17,6,48.55,56.160929479487784
12,38,17,6,44.55,49.203631658862875
12,38,17,6,39.9,31.64756579979938
12,38,17,6,32.65,23.3740184145154
12,38,17,6,34.35,43.28032858129965
12,25,17,6,26.75,27.010475550676336
12,25,17,6,47.55,43.418980811815956
12,25,17,6,32.35,34.136375104324685
12,25,17,6,52.1,52.67966750484529
12,25,17,6,33.6,34.165849369771195
12,25,17,6,47.95,43.20267413750657
12,25,17,6,32.75,30.676366696273053
12,25,17,6,53.95,64.95137857618857
12,25,17,6,46.4,43.24520052469467
12,25,17,6,31.1,35.53486057084611
12,38,17,6,46.6,41.75668871727713
12,38,17,6,40.85,42.00159771397174
12,38,17,6,54.8,47.492492481499255
12,38,17,6,63.7,75.04391696656171
12,38,17,6,45.95,37.12918415195079
12,38,17,6,56.9,45.77622917950687
12,38,17,6,63.55,60.42783865248306
12,38,17,6,51.1,56.31574520411442
12,38,17,6,53.55,41.03974325353156
12,38,17,6,32.6,36.53318606706136
12,47,17,6,42.35,41.3206651497898
12,47,17,6,61.05,45.54982812377302
12,47,17,6,40.95,31.903596563463037
12,47,17,6,40.35,40.484272449798006
12,47,17,6,46.95,41.36165908308398
12,47,17,6,35.6,30.879050980781198
12,47,17,6,42.6,37.386178138310335
12,47,17,6,32.45,28.744747804003943
12,47,17,6,56.9,51.32855981450852
12,47,17,6,44.1,39.76099649286048
12,40,17,6,44.8,49.61175582248096
12,40,17,6,45.15,49.09954978891032
12,40,17,6,38.5,39.35466266764601
12,40,17,6,54.3,48.32684771973355
12,40,17,6,49.7,52.87233880325624
12,40,17,6,46.25,45.347633838347534
12,40,17,6,51.8,39.19935552638857
12,40,17,6,33.0,46.59681489001944
12,40,17,6,48.0,32.991226904005536
12,40,17,6,32.6,32.84156544765537
12,42,17,6,34.95,46.08627492911642
12,42,17,6,40.95,42.323907639710406
12,42,17,6,34.45,45.05257163055529
12,42,17,6,33.2,38.01883189877575
12,42,17,6,56.4,42.670586442752594
12,42,17,6,59.15,52.503909628862786
12,42,17,6,60.0,47.65335355736423
12,42,17,6,60.5,56.56993808319788
12,42,17,6,41.4,55.94583846994577
12,42,17,6,36.05,36.63400060053502
12,32,17,6,53.85,48.68402418172019
12,32,17,6,53.25,45.95177678255417
12,32,17,6,31.9,30.891831657541687
12,32,17,6,36.8,38.44558697555204
12,32,17,6,51.5,39.54810528431099
12,32,17,6,57.65,58.9596427540416
12,32,17,6,43.45,32.6488091182834
12,32,17,6,37.25,36.518020065081345
12,32,17,6,63.1,47.99331093743004
12,32,17,6,32.95,28.036583244040276
12,30,17,6,43.45,37.739376337133464
12,30,17,6,41.35,42.25645388265374
12,30,17,6,42.2,47.113077858097505
12,30,17,6,36.95,29.321224574125747
12,30,17,6,37.9,45.65880326716277
12,30,17,6,38.55,43.70050583833459
12,30,17,6,40.5,35.73808229768057
12,30,17,6,42.55,49.27204288971908
12,30,17,6,39.05,33.44827113776231
12,30,17,6,51.6,46.43660080945678
12,43,17,6,47.5,41.057725729821705
12,43,17,6,58.7,52.738780298452305
12,43,17,6,36.25,29.28062948704988
12,43,17,6,39.5,42.14948335826219
12,43,17,6,33.2,42.70782006537962
12,43,17,6,38.2,47.6451797970659
12,43,17,6,54.45,44.94028201255997
12,43,17,6,43.05,35.494217468261084
12,43,17,6,28.6,27.917924821085634
12,43,17,6,46.35,49.73114559413711
12,42,17,6,32.75,31.527556868638953
12,42,17,6,35.55,36.367242345130784
12,42,17,6,45.35,47.93117324269304
12,42,17,6,38.9,31.26777389278819
12,42,17,6,36.1,31.545956451200727
12,42,17,6,42.55,40.48583247975701
12,42,17,6,48.5,42.10825647254817
12,42,17,6,61.9,34.84235172436284
12,42,17,6,51.35,52.585043901334366
12,42,17,6,57.9,52.93183302482941
12,46,17,6,35.5,39.75384787731411
12,46,17,6,50.45,42.274136674554896
12,46,17,6,44.1,51.82247023302374
12,46,17,6,50.6,38.935033608631485
12,46,17,6,44.4,34.901967973468956
12,46,17,6,32.85,38.637689535369205
12,46,17,6,43.25,43.35881504498553
12,46,17,6,62.3,40.71738281321498
12,46,17,6,43.85,29.594229522875427
12,46,17,6,60.5,50.29544292425874
12,41,17,6,61.35,51.87766480156136
12,41,17,6,34.85,30.297255390720235
12,41,17,6,29.5,26.61914625543842
12,41,17,6,43.4,38.93638536463237
12,41,17,6,31.35,35.77013602963997
12,41,17,6,44.75,41.261521516962226
12,41,17,6,27.55,41.36802095695099
12,41,17,6,36.35,31.86199683173142
12,41,17,6,28.4,37.417136518755115
12,41,17,6,48.1,59.722075615215125
12,35,17,6,41.6,33.63644639844985
12,35,17,6,59.05,49.65191998195777
12,35,17,6,28.15,27.63726507910346
12,35,17,6,30.4,27.692674311563263
12,35,17,6,57.25,51.328534179855865
12,35,17,6,26.2,29.61791776326585
12,35,17,6,38.3,38.84801695135328
12,35,17,6,40.1,36.15449305993727
12,35,17,6,54.7,57.80193039937972
12,35,17,6,48.95,41.80968787254935
12,26,17,6,33.2,41.57630904354318
12,26,17,6,44.4,28.094577112992727
12,26,17,6,43.8,37.69489704400179
12,26,17,6,46.5,48.65723292368231
12,26,17,6,43.1,51.03548816883776
12,26,17,6,44.65,32.61138806581142
12,26,17,6,44.8,37.5844312672709
12,26,17,6,33.1,53.99307947856788
12,26,17,6,41.15,33.462115263305414
12,26,17,6,31.1,40.680914961505756
12,47,17,6,41.05,43.27813961367854
12,47,17,6,37.0,36.109482644342954
12,47,17,6,44.1,33.22792104303406
12,47,17,6,44.75,45.981546641875234
12,47,17,6,34.75,32.47488908453163
12,47,17,6,33.7,32.330692603322404
12,47,17,6,52.35,45.498727570409216
12,47,17,6,41.0,32.66577155952309
12,47,17,6,60.2,47.20347890836682
12,47,17,6,43.35,40.88015217810794
13,8,17,6,61.75,77.63739942497871
13,8,17,6,31.0,36.65486253375425
13,8,17,6,70.4,59.842248761574
13,8,17,6,46.45,50.89977251526045
13,8,17,6,34.65,46.30707005244561
13,8,17,6,62.75,62.54251185772509
13,8,17,6,42.05,42.68177843677927
13,8,17,6,54.7,63.926026328133865
13,8,17,6,61.5,59.332692683314406
13,8,17,6,38.45,38.136148068121464
13,19,17,6,63.6,56.76952481189552
13,19,17,6,37.2,31.466941717501427
13,19,17,6,55.6,64.62230346608791
13,19,17,6,43.85,37.56156350089249
13,19,17,6,59.15,54.10931917010814
13,19,17,6,71.1,63.441560344519964
13,19,17,6,65.4,67.66123044449574
13,19,17,6,37.55,46.80021929773182
13,19,17,6,45.65,47.36007090144052
13,19,17,6,47.95,50.75169170112771
13,15,17,6,78.8,80.0510363521462
13,15,17,6,43.05,36.22949510812252
13,15,17,6,52.0,63.94652371112008
13,15,17,6,59.05,50.51260916059005
13,15,17,6,45.6,49.04283841704107
13,15,17,6,49.15,66.73456849024309
13,15,17,6,37.75,31.26099806468117
13,15,17,6,51.2,52.776190804087726
13,15,17,6,61.4,55.16043585950465
13,15,17,6,40.35,45.54497488024453
13,11,17,6,49.95,42.779083674150854
13,11,17,6,64.45,53.33950348080629
13,11,17,6,51.3,57.89382295929425
13,11,17,6,50.45,53.83549504105808
13,11,17,6,50.75,50.208905689392545
13,11,17,6,39.25,41.77996875864897
13,11,17,6,54.55,62.88123726518109
13,11,17,6,47.3,53.518417882366236
13,11,17,6,59.25,54.1128207398307
13,11,17,6,52.7,32.245929975734924
13,5,17,6,66.9,90.11624072333056
13,5,17,6,60.7,63.28473666482971
13,5,17,6,57.65,61.44854501296615
13,5,17,6,53.1,51.096297115812305
13,5,17,6,58.3,79.11158009585675
13,5,17,6,50.45,41.842404831764426
13,5,17,6,64.4,55.95524527409571
13,5,17,6,63.2,66.37897574573317
13,5,17,6,33.75,37.44592592554032
13,5,17,6,34.45,35.58455460330773
13,7,17,6,53.85,45.319073479635826
13,7,17,6,61.4,67.13097959252964
13,7,17,6,49.3,44.84018404582164
13,7,17,6,50.55,53.52763673782771
13,7,17,6,53.75,54.25269821085302
13,7,17,6,63.25,67.75410261417852
13,7,17,6,47.25,47.61785932101305
13,7,17,6,21.6,17.804198203912765
13,7,17,6,51.65,46.945965579701586
13,7,17,6,37.45,33.41993574594598
13,17,17,6,82.9,69.88479241241484
13,17,17,6,46.9,72.51780180719331
13,17,17,6,50.2,39.878235720885726
13,17,17,6,73.95,88.44770979749025
13,17,17,6,61.6,66.81506290933915
13,17,17,6,62.55,58.16896893850209
13,17,17,6,37.8,47.62308153339977
13,17,17,6,63.45,79.24410985914614
13,17,17,6,73.85,101.86382809262673
13,17,17,6,51.4,49.078240435151365
13,18,17,6,53.6,42.28275746622219
13,18,17,6,60.9,64.42122892992732
13,18,17,6,41.8,47.576641769940665
13,18,17,6,57.85,53.7031558417978
13,18,17,6,44.65,47.90481241620281
13,18,17,6,37.7,38.2307399050059
13,18,17,6,45.75,37.92496053496888
13,18,17,6,68.45,56.015481882478845
13,18,17,6,70.05,64.33831223347897
13,18,17,6,58.5,52.939389374721934
13,17,17,6,56.35,71.12500115622976
13,17,17,6,35.9,41.239863188297235
13,17,17,6,35.9,45.545697121855426
13,17,17,6,62.2,71.26791556846379
13,17,17,6,47.45,60.59309931180717
13,17,17,6,56.8,45.88383501615218
13,17,17,6,69.7,67.996207324573
13,17,17,6,83.65,91.4683005199069
13,17,17,6,66.2,61.84411642866366
13,17,17,6,66.6,61.8362864003772
13,13,17,6,34.75,37.52735844126185
13,13,17,6,52.85,48.826518894637786
13,13,17,6,51.2,55.474603008470176
13,13,17,6,37.4,43.320591918976895
13,13,17,6,36.35,36.59777818968049
13,13,17,6,49.15,56.40854265278024
13,13,17,6,40.85,29.73439440322126
13,13,17,6,41.9,60.097201966568505
13,13,17,6,50.35,63.28654550617582
13,13,17,6,54.5,49.92046305453253
13,10,17,6,42.75,41.2449358932961
13,10,17,6,75.0,86.96823376503933
13,10,17,6,28.6,45.156336618929856
13,10,17,6,53.25,45.84168982831883
13,10,17,6,49.85,63.3547032275634
13,10,17,6,70.25,67.31065060011325
13,10,17,6,58.3,64.72378558963182
13,10,17,6,61.75,64.12887928144961
13,10,17,6,32.2,54.99339673279444
13,10,17,6,41.15,51.01111849907151
13,22,17,6,37.35,61.12995217265902
13,22,17,6,66.15,49.33801246183525
13,22,17,6,54.45,52.08037816177686
13,22,17,6,48.25,51.925934094428655
13,22,17,6,102.1,111.7223532267662
13,22,17,6,66.8,67.01657296991229
13,22,17,6,61.95,73.69744336063998
13,22,17,6,47.55,55.602418538840745
13,22,17,6,45.7,45.01473442984501
13,22,17,6,74.25,94.63162651482908
13,18,17,6,69.6,67.4212210852902
13,18,17,6,58.95,64.8240330676663
13,18,17,6,80.5,112.44390414312092
13,18,17,6,53.3,61.88622838045549
13,18,17,6,63.9,71.62247515527805
13,18,17,6,43.35,51.018340355519
13,18,17,6,59.9,47.91977945648221
13,18,17,6,60.75,65.40873513208268
13,18,17,6,64.0,58.65510252852329
13,18,17,6,66.7,56.40558016441468
13,21,17,6,70.1,71.90483476900488
13,21,17,6,35.05,38.137528140029985
13,21,17,6,54.2,64.12044587296137
13,21,17,6,51.9,46.23384497370549
13,21,17,6,65.4,62.14871807120994
13,21,17,6,58.95,63.70613041640168
13,21,17,6,55.75,43.99506551277863
13,21,17,6,50.85,54.02170616374593
13,21,17,6,35.75,56.33814730806528
13,21,17,6,79.8,70.83903176252927
13,7,17,6,41.5,40.09921905001459
13,7,17,6,46.0,68.18396168879416
13,7,17,6,70.45,55.848926861480045
13,7,17,6,23.3,27.183779993533683
13,7,17,6,71.45,92.98640251473103
13,7,17,6,51.8,54.705527479790426
13,7,17,6,69.55,80.0903930108448
13,7,17,6,42.65,54.24726527184282
13,7,17,6,51.7,57.67157468212385
13,7,17,6,61.1,62.32757267686168
13,12,17,6,48.2,46.18680604492564
13,12,17,6,69.8,59.3469726093483
13,12,17,6,53.0,53.81449618829484
13,12,17,6,55.95,53.26248309329145
13,12,17,6,86.05,65.94613032819407
13,12,17,6,49.55,54.11534951038919
13,12,17,6,48.7,57.077140783329355
13,12,17,6,44.6,53.21792337569226
13,12,17,6,46.1,48.21869041422794
13,12,17,6,43.55,36.915942925858786
13,22,17,6,38.4,44.88863412584761
13,22,17,6,36.95,36.29335882412707
13,22,17,6,62.15,59.358212308163836
13,22,17,6,28.65,30.977538551938597
13,22,17,6,33.75,50.66388207952901
13,22,17,6,51.75,38.41309398465169
13,22,17,6,51.45,45.31349862783426
13,22,17,6,58.95,77.50550065368874
13,22,17,6,53.0,64.79928524622052
13,22,17,6,48.7,55.072296980758324
13,10,17,6,35.65,43.595358275370266
13,10,17,6,51.75,69.10927654999115
13,10,17,6,37.5,48.363209157374996
13,10,17,6,52.55,80.6320264176123
13,10,17,6,42.55,37.886916225164484
13,10,17,6,62.3,89.48925251553659
13,10,17,6,42.9,55.664313428566466
13,10,17,6,23.25,35.630966721009464
13,10,17,6,39.4,38.28892927809758
13,10,17,6,85.9,102.22776427895548
13,5,17,6,68.3,64.52180374024533
13,5,17,6,50.7,48.2221831460213
13,5,17,6,48.05,48.60200883870846
13,5,17,6,59.8,54.97903906801305
13,5,17,6,54.75,57.3850108798823
13,5,17,6,53.55,56.37793054584018
13,5,17,6,62.5,67.66753089068719
13,5,17,6,42.8,43.23205438463212
13,5,17,6,44.4,39.42935054259107
13,5,17,6,51.8,66.57690448290846
13,0,17,6,85.55,89.89378235041153
13,0,17,6,44.95,45.840082437695685
13,0,17,6,66.55,64.42169869817074
13,0,17,6,57.85,50.08863197005463
13,0,17,6,53.9,64.33129712258011
13,0,17,6,66.1,79.4453801114491
13,0,17,6,46.85,49.21197436653636
13,0,17,6,39.35,47.577388481681524
13,0,17,6,44.5,60.266513351768964
13,0,17,6,63.9,72.55553227120517
14,28,17,7,44.25,45.0214860985987
14,28,17,7,44.4,31.20964763119183
14,28,17,7,33.45,31.898647059248866
14,28,17,7,33.95,33.41678588594912
14,28,17,7,52.45,49.82123305537404
14,28,17,7,19.9,24.339484922976276
14,28,17,7,66.05,62.79496711311219
14,28,17,7,47.85,49.92444291126342
14,28,17,7,43.95,46.06114357425813
14,28,17,7,48.95,40.230225610000986
14,27,17,7,27.2,30.591708542985096
14,27,17,7,47.35,43.7520225096419
14,27,17,7,31.45,25.748735278087985
14,27,17,7,31.85,28.94691147964712
14,27,17,7,42.95,46.04628678097497
14,27,17,7,39.4,40.91763228217082
14,27,17,7,43.45,37.500140350614544
14,27,17,7,40.8,36.62268494569423
14,27,17,7,61.05,67.91362548351981
14,27,17,7,38.4,38.23941201926289
14,28,17,7,40.55,43.82558133039844
14,28,17,7,44.25,48.84440925827104
14,28,17,7,41.8,53.88740698511061
14,28,17,7,32.5,29.25118081287264
14,28,17,7,33.3,31.701070876814907
14,28,17,7,40.05,38.00896708603601
14,28,17,7,51.6,51.52148248929505
14,28,17,7,48.95,53.71217151094388
14,28,17,7,42.5,38.68972391788426
14,28,17,7,55.55,63.710261092080394
14,36,17,7,44.1,45.43462625749105
14,36,17,7,53.85,43.64603436498525
14,36,17,7,45.4,42.02054635281975
14,36,17,7,27.9,41.04028829282142
14,36,17,7,51.85,48.809268964430366
14,36,17,7,44.6,44.85227213630848
14,36,17,7,60.1,47.093300451002804
14,36,17,7,30.05,36.471293686376065
14,36,17,7,46.95,44.254616173135865
14,36,17,7,45.5,43.162483709814474
14,41,17,7,29.95,32.750210927404325
14,41,17,7,33.75,30.99893886129517
14,41,17,7,49.85,45.904104850277434
14,41,17,7,48.4,46.62098014278211
14,41,17,7,32.25,37.47121702404604
14,41,17,7,36.9,43.021292158039245
14,41,17,7,20.25,28.77658953495285
14,41,17,7,30.25,40.84486052833266
14,41,17,7,32.45,31.915142421575897
14,41,17,7,42.6,28.13014865154279
14,38,17,7,51.45,44.956675050307574
14,38,17,7,45.15,39.077891178355166
14,38,17,7,57.6,60.16503618337953
14,38,17,7,35.45,41.24059701441364
14,38,17,7,61.4,62.671575022409264
14,38,17,7,41.35,44.01587632231185
14,38,17,7,30.15,34.51357475117962
14,38,17,7,36.75,38.78941119755019
14,38,17,7,49.35,54.75714324946203
14,38,17,7,42.8,48.996884970803045
14,42,17,7,25.9,24.061106418975484
14,42,17,7,35.65,35.48057289040834
14,42,17,7,41.85,35.79367041957646
14,42,17,7,34.0,34.32507139564009
14,42,17,7,43.15,41.52142756900852
14,42,17,7,48.45,42.66697848022026
14,42,17,7,44.35,45.23770551210571
14,42,17,7,27.0,32.24413451352534
14,42,17,7,44.35,44.77696188654913
14,42,17,7,41.85,51.55811743735617
14,43,17,7,38.65,39.98325307320291
14,43,17,7,56.75,60.60560595921973
14,43,17,7,38.95,43.38623963278777
14,43,17,7,39.4,26.882590727281592
14,43,17,7,42.15,41.18287201456961
14,43,17,7,53.25,41.852969460142
14,43,17,7,57.5,50.40311185046541
14,43,17,7,50.45,54.04527828833115
14,43,17,7,44.55,52.682240091444775
14,43,17,7,36.25,29.41334283691851
14,26,17,7,37.35,34.94548385850828
14,26,17,7,49.8,59.616846788912206
14,26,17,7,54.65,41.79432724035266
14,26,17,7,28.65,36.02816880398477
14,26,17,7,45.9,32.07048159092227
14,26,17,7,39.8,43.62833458828527
14,26,17,7,34.2,46.27787922175299
14,26,17,7,35.25,38.59898416988935
14,26,17,7,52.9,47.81752596562985
14,26,17,7,48.25,49.71907925641084
14,47,17,7,34.0,35.76384531309444
14,47,17,7,39.15,38.8929367149845
14,47,17,7,37.8,40.44957875000223
14,47,17,7,42.2,49.916351081215446
14,47,17,7,51.65,39.44119540197587
14,47,17,7,61.0,47.23847673465483
14,47,17,7,56.95,58.67795694789439
14,47,17,7,56.85,49.77768999313479
14,47,17,7,48.55,53.67100069674007
14,47,17,7,46.4,43.20380100237283
14,26,17,7,38.95,30.634474903800438
14,26,17,7,45.55,41.21634193017696
14,26,17,7,37.55,32.53253432294638
14,26,17,7,58.85,53.63450872633951
14,26,17,7,31.75,37.323444022279226
14,26,17,7,50.95,44.7136797624031
14,26,17,7,53.35,42.3820654721335
14,26,17,7,37.2,34.92337476910211
14,26,17,7,37.4,47.2890328890214
14,26,17,7,34.7,32.865115083834475
14,27,17,7,43.6,32.00230254873941
14,27,17,7,29.6,31.834109478918823
14,27,17,7,50.3,46.42265780731148
14,27,17,7,51.3,58.193958811076456
14,27,17,7,34.2,31.123861213578646
14,27,17,7,44.2,36.563715117010396
14,27,17,7,46.0,43.4959163237436
14,27,17,7,39.4,35.799735370971376
14,27,17,7,50.05,34.76458421712351
14,27,17,7,34.3,36.49383509580762
14,47,17,7,52.2,59.317699497571645
14,47,17,7,69.35,50.62896508188923
14,47,17,7,50.4,44.690043633901276
14,47,17,7,35.55,37.9674029163245
14,47,17,7,43.45,52.100585914474884
14,47,17,7,54.3,45.705118911746
14,47,17,7,37.35,32.844570167284644
14,47,17,7,45.4,39.594523810616465
14,47,17,7,37.1,36.03054259930039
14,47,17,7,37.6,36.76726232597919
14,28,17,7,43.05,36.582243319892086
14,28,17,7,34.9,31.90099816950132
14,28,17,7,42.95,38.28078396601397
14,28,17,7,67.0,55.55461987516146
14,28,17,7,34.15,28.086848392647738
14,28,17,7,45.2,39.64128629279541
14,28,17,7,35.9,29.17443004449363
14,28,17,7,42.9,37.646415919433124
14,28,17,7,51.55,45.56253654969294
14,28,17,7,42.55,42.77785334541818
14,40,17,7,36.95,40.89456919290976
14,40,17,7,22.8,32.20264781529292
14,40,17,7,39.35,32.31795166776509
14,40,17,7,46.15,45.187649686728854
14,40,17,7,33.1,39.71596523738083
14,40,17,7,52.35,45.103710898795285
14,40,17,7,42.3,36.9467611286123
14,40,17,7,53.55,71.10368633570495
14,40,17,7,54.9,61.43794472987828
14,40,17,7,52.0,43.061767142950416
14,47,17,7,52.25,40.97479970086877
14,47,17,7,45.45,45.58909726539542
14,47,17,7,65.2,43.46880309032287
14,47,17,7,41.25,45.23724013174148
14,47,17,7,38.85,48.6191157987538
14,47,17,7,42.95,52.253909448304235
14,47,17,7,34.25,29.044204059909855
14,47,17,7,51.85,50.102290104187944
14,47,17,7,41.8,34.296846563649645
14,47,17,7,25.2,30.48312734336126
14,39,17,7,39.45,40.57932452551876
14,39,17,7,46.0,37.1355979025375
14,39,17,7,59.6,57.55217312646802
14,39,17,7,39.15,39.07519741001418
14,39,17,7,42.3,47.16053211609984
14,39,17,7,25.2,32.04864723313114
14,39,17,7,43.1,39.27621484603091
14,39,17,7,47.4,44.83818861076723
14,39,17,7,30.65,38.61452549167694
14,39,17,7,36.0,43.35168302445283
14,46,17,7,31.2,42.497801800737136
14,46,17,7,52.05,37.83130839313969
14,46,17,7,37.65,31.815711113916826
14,46,17,7,37.0,41.57428354922763
14,46,17,7,51.95,53.37106943496241
14,46,17,7,48.55,45.98337800370455
14,46,17,7,39.25,38.76498012653336
14,46,17,7,60.95,44.327103506355535
14,46,17,7,31.9,38.57583099353928
14,46,17,7,38.6,42.740834659239184
14,30,17,7,48.7,42.299807141528746
14,30,17,7,37.75,42.01487831709144
14,30,17,7,43.65,40.37361697158704
14,30,17,7,39.0,45.89002873002048
14,30,17,7,32.8,31.87244313790437
14,30,17,7,44.5,43.37171040157276
14,30,17,7,46.5,58.166277081086115
14,30,17,7,54.5,51.4715046358049
14,30,17,7,53.45,46.91591021795216
14,30,17,7,61.2,54.225261155373154
14,46,17,7,35.7,34.0202725939758
14,46,17,7,30.95,38.92296710710853
14,46,17,7,31.7,45.6912982617271
14,46,17,7,39.2,28.515185243544956
14,46,17,7,48.7,49.29300153165762
14,46,17,7,41.9,46.95451326325803
14,46,17,7,33.65,29.919673161738636
14,46,17,7,43.85,46.38202351410681
14,46,17,7,26.05,34.373299000976424
14,46,17,7,25.25,25.059665642327776
15,5,17,7,34.25,33.69503321200166
15,5,17,7,35.55,41.04230808119323
15,5,17,7,51.05,64.90436284094831
15,5,17,7,56.2,58.24142132447264
15,5,17,7,24.7,31.109484084439586
15,5,17,7,68.0,62.98036452569541
15,5,17,7,34.6,48.215961541469035
15,5,17,7,50.15,55.41449078962726
15,5,17,7,36.15,33.57046791138714
15,5,17,7,37.9,49.95777164134146
15,15,17,7,44.2,58.92957438198672
15,15,17,7,51.45,49.39579675278157
15,15,17,7,70.35,52.29498818695424
15,15,17,7,55.95,57.64635835487744
15,15,17,7,35.75,49.339719240555496
15,15,17,7,38.95,46.788971935028044
15,15,17,7,59.55,57.02213328358144
15,15,17,7,41.65,40.74474457554392
15,15,17,7,48.9,47.356320091742546
15,15,17,7,68.15,75.61695368242843
15,20,17,7,48.1,59.97359067912616
15,20,17,7,37.05,48.94193659730617
15,20,17,7,59.4,53.28414398298992
15,20,17,7,45.85,48.96644930863108
15,20,17,7,53.3,60.84328445406194
15,20,17,7,67.7,60.41705928487068
15,20,17,7,119.55,94.29096903789495
15,20,17,7,49.7,39.538255958129035
15,20,17,7,54.55,56.57270589808815
15,20,17,7,66.9,65.84023725735854
15,22,17,7,52.05,39.0094118197944
15,22,17,7,53.3,48.18287531565764
15,22,17,7,57.85,60.05986049022477
15,22,17,7,42.45,46.859785250086354
15,22,17,7,57.1,48.9864642958698
15,22,17,7,49.2,51.45728939206716
15,22,17,7,55.5,65.17870171992332
15,22,17,7,72.35,65.45490613271176
15,22,17,7,39.95,46.3686316382099
15,22,17,7,44.75,56.99572929522647
15,12,17,7,31.0,29.46005323895572
15,12,17,7,32.6,33.58633807462727
15,12,17,7,41.6,42.07937361951252
15,12,17,7,75.5,89.0059134641005
15,12,17,7,34.65,40.638683930203094
15,12,17,7,77.3,76.47503892740015
15,12,17,7,48.4,64.1793539519074
15,12,17,7,37.35,38.769596063763274
15,12,17,7,60.3,68.52437138481615
15,12,17,7,53.0,53.71072616585217
15,8,17,7,54.35,70.07535417789833
15,8,17,7,48.05,48.74798241439007
15,8,17,7,55.15,46.85731420746223
15,8,17,7,63.5,63.97162199798151
15,8,17,7,57.55,71.22128230123057
15,8,17,7,67.4,64.8280316237546
15,8,17,7,68.95,57.12449470005702
15,8,17,7,59.85,53.73352868799106
15,8,17,7,43.6,50.95240297003717
15,8,17,7,35.35,60.5503487755612
15,5,17,7,47.25,34.89363537199419
15,5,17,7,55.2,62.366995320146366
15,5,17,7,46.35,53.65413115011447
15,5,17,7,51.3,84.3714219514242
15,5,17,7,61.2,74.06867368228374
15,5,17,7,55.3,49.69284603812122
15,5,17,7,47.65,50.601929441058815
15,5,17,7,41.45,40.124116648745115
15,5,17,7,45.2,41.97818982582064
15,5,17,7,40.85,49.933930031803555
15,22,17,7,68.2,67.57187206772387
15,22,17,7,43.25,46.96457231394297
15,22,17,7,50.6,47.5786329752072
15,22,17,7,70.4,61.10853157766882
15,22,17,7,34.85,40.974029001693
15,22,17,7,60.15,72.25850887793878
15,22,17,7,41.8,48.81608880600524
15,22,17,7,58.15,59.84829505552044
15,22,17,7,75.0,92.24167342253432
15,22,17,7,44.7,51.19220746620679
15,17,17,7,37.7,39.324694263876594
15,17,17,7,31.1,30.62489527371997
15,17,17,7,62.15,51.812694034936015
15,17,17,7,55.05,46.13307410433201
15,17,17,7,25.35,33.14287253694224
15,17,17,7,94.05,100.63246049492757
15,17,17,7,61.0,53.90244599469051
15,17,17,7,61.5,47.31807265728391
15,17,17,7,63.85,57.26602280952514
15,17,17,7,38.5,47.2869181865233
15,8,17,7,58.25,65.89135795103618
15,8,17,7,47.3,45.64404613274793
15,8,17,7,67.1,59.00749283376066
15,8,17,7,51.05,69.49856113618468
15,8,17,7,50.8,41.062981151550986
15,8,17,7,63.9,70.26333924675986
15,8,17,7,84.15,66.95503204233026
15,8,17,7,59.85,58.193212662646495
15,8,17,7,47.95,44.53558600773803
15,8,17,7,43.05,47.631783948381184
15,5,17,7,38.45,40.97685482780428
15,5,17,7,53.35,50.51240077029547
15,5,17,7,17.35,22.105667289538886
15,5,17,7,39.05,29.89538778016294
15,5,17,7,31.75,40.616142759149085
15,5,17,7,60.0,77.19490029515516
15,5,17,7,23.75,30.46805920269532
15,5,17,7,50.55,59.48062488610981
15,5,17,7,56.6,59.15581565928907
15,5,17,7,52.85,76.44762569029997
15,8,17,7,62.6,53.097130460674556
15,8,17,7,52.0,60.10166824902441
15,8,17,7,62.35,58.75128218085744
15,8,17,7,74.55,62.88960670555149
15,8,17,7,34.05,35.1380360712913
15,8,17,7,34.45,40.893282166094096
15,8,17,7,38.5,50.2483306871194
15,8,17,7,74.95,69.24667957078482
15,8,17,7,47.0,48.98012486283542
15,8,17,7,66.15,68.86468424992673
15,1,17,7,58.6,64.66708265375337
15,1,17,7,38.7,51.91399770673356
15,1,17,7,62.05,57.65366195517943
15,1,17,7,37.2,53.57591760640616
15,1,17,7,35.5,37.18587734186475
15,1,17,7,31.65,34.287138911505025
15,1,17,7,46.3,60.71425740821985
15,1,17,7,32.45,29.69578208574764
15,1,17,7,41.75,54.12546341116798
15,1,17,7,47.75,36.69629982781141
15,0,17,7,70.7,70.08949166676317
15,0,17,7,75.75,61.902193652142635
15,0,17,7,28.95,34.68121742536243
15,0,17,7,59.9,61.69184881754085
15,0,17,7,48.55,47.7057593345312
15,0,17,7,74.65,57.37895726520399
15,0,17,7,67.25,53.60761434525392
15,0,17,7,35.75,28.43621671482744
15,0,17,7,44.95,38.547953730932406
15,0,17,7,46.2,50.62618419667622
15,2,17,7,41.55,47.088354801317244
15,2,17,7,57.2,58.21340051912446
15,2,17,7,64.1,58.58138738002388
15,2,17,7,58.7,74.33147665055922
15,2,17,7,59.0,85.31304583399705
15,2,17,7,38.3,45.3328044344792
15,2,17,7,49.85,63.28904037492548
15,2,17,7,39.35,60.24011165852516
15,2,17,7,50.95,57.84232196693279
15,2,17,7,67.0,75.16438126217975
15,4,17,7,59.45,69.07316868060236
15,4,17,7,46.75,54.50337990485206
15,4,17,7,42.05,36.471293686376065
15,4,17,7,41.75,56.26897340827405
15,4,17,7,27.05,33.86424134843808
15,4,17,7,32.3,38.35855768102368
15,4,17,7,69.75,70.67186963633222
15,4,17,7,35.9,37.98323730001793
15,4,17,7,61.1,76.92025946257249
15,4,17,7,68.75,41.393967269588806
15,21,17,7,57.3,58.01642235744888
15,21,17,7,33.55,37.508560426430094
15,21,17,7,41.95,28.270265204572137
15,21,17,7,41.45,46.087416937815036
15,21,17,7,46.2,50.88645771663978
15,21,17,7,63.5,76.21058083743324
15,21,17,7,35.8,39.41893747399779
15,21,17,7,53.65,48.181974135343886
15,21,17,7,42.55,37.47486877193413
15,21,17,7,71.95,65.36172628655011
15,12,17,7,70.95,89.69625644948975
15,12,17,7,53.15,49.97923252922684
15,12,17,7,44.65,42.27388767250262
15,12,17,7,52.05,40.729499202214086
15,12,17,7,47.35,38.94432598358572
15,12,17,7,53.1,46.8209354883048
15,12,17,7,45.35,51.112131632323845
15,12,17,7,50.5,45.20770777318027
15,12,17,7,79.15,95.72453625954665
15,12,17,7,44.95,45.691730220317936
15,8,17,7,46.05,52.1914239779114
15,8,17,7,60.3,53.670632957933925
15,8,17,7,54.0,52.483581392560026
15,8,17,7,29.2,40.6287427425721
15,8,17,7,59.05,56.565262726945946
15,8,17,7,41.35,43.49624908208208
15,8,17,7,56.0,74.01493448160168
15,8,17,7,73.2,76.73371591350661
15,8,17,7,32.1,25.806771857096162
15,8,17,7,67.9,65.7050026133555
15,10,17,7,35.0,29.774591782079458
15,10,17,7,34.9,39.55795215816118
15,10,17,7,26.15,30.24161475777864
15,10,17,7,60.9,55.88324294549542
15,10,17,7,59.75,60.35585263558474
15,10,17,7,47.25,53.80850549084126
15,10,17,7,47.9,73.36634823017688
15,10,17,7,41.95,39.195159475575416
15,10,17,7,49.8,56.621178853295184
15,10,17,7,47.7,65.65548039016362
16,29,17,8,34.9,30.20961854495318
16,29,17,8,29.9,36.18650519039849
16,29,17,8,55.1,48.14113024278337
16,29,17,8,44.25,50.88674214680863
16,29,17,8,46.1,39.66557568896287
16,29,17,8,45.45,37.76725816727611
16,29,17,8,48.05,44.7125026668922
16,29,17,8,34.65,34.870097278478106
16,29,17,8,41.4,59.35211608873374
16,29,17,8,36.8,36.03010437193642
16,40,17,8,39.05,39.8173130817818
16,40,17,8,55.3,52.41142904688673
16,40,17,8,48.6,40.175142877943294
16,40,17,8,39.4,41.425138566613846
16,40,17,8,47.45,48.686402511108625
16,40,17,8,37.45,39.010760998527196
16,40,17,8,52.75,41.058206436587966
16,40,17,8,49.25,47.37184929114714
16,40,17,8,27.9,30.936097123961158
16,40,17,8,42.25,39.31903918085058
16,46,17,8,38.7,36.39852512917175
16,46,17,8,41.95,48.50770421717619
16,46,17,8,37.15,48.967524146648785
16,46,17,8,28.35,38.34919199038996
16,46,17,8,37.65,34.77336397453176
16,46,17,8,43.3,44.9831547418177
16,46,17,8,30.45,23.437430701651937
16,46,17,8,45.85,38.89428993404667
16,46,17,8,40.75,48.07217709368191
16,46,17,8,32.8,38.556315613453144
16,41,17,8,43.15,32.884606861281654
16,41,17,8,50.2,41.35800056248266
16,41,17,8,25.2,33.80532502432124
16,41,17,8,47.0,41.929765837145986
16,41,17,8,51.95,48.930105897677095
16,41,17,8,48.1,53.28661330854811
16,41,17,8,50.6,52.89453259976279
16,41,17,8,36.1,34.33411683657187
16,41,17,8,30.0,27.72230718734416
16,41,17,8,27.05,26.322843791337554
16,41,17,8,49.6,40.553278795340724
16,41,17,8,33.35,36.553169637205414
16,41,17,8,37.2,41.01809613483195
16,41,17,8,35.75,45.354597051282575
16,41,17,8,53.75,50.38365963181651
16,41,17,8,49.2,51.11555536233564
16,41,17,8,41.1,40.7378008863099
16,41,17,8,31.75,44.21463796669963
16,41,17,8,46.2,44.78086997579963
16,41,17,8,38.8,38.21903631493218
16,36,17,8,45.25,44.4165391196615
16,36,17,8,33.95,38.535663591289726
16,36,17,8,32.8,32.450123671810395
16,36,17,8,29.7,33.433516117812076
16,36,17,8,47.7,39.30729140877983
16,36,17,8,65.65,99.99646046367421
16,36,17,8,24.15,30.62382113735371
16,36,17,8,70.5,54.87066131990949
16,36,17,8,16.75,27.014372393033188
16,36,17,8,32.25,48.33640341126801
16,27,17,8,51.55,61.91630598936294
16,27,17,8,54.75,49.373842424805
16,27,17,8,48.0,45.508819272520654
16,27,17,8,28.5,29.23678288875523
16,27,17,8,57.9,63.6312568012393
16,27,17,8,31.25,40.92210186503904
16,27,17,8,32.8,36.36597600128884
16,27,17,8,40.05,44.34372322520612
16,27,17,8,44.25,44.343011079300275
16,27,17,8,28.8,40.56781197477938
16,40,17,8,43.1,46.559413090893024
16,40,17,8,54.35,55.17558098327652
16,40,17,8,29.0,22.671568097509265
16,40,17,8,24.2,29.596585862846446
16,40,17,8,42.3,43.45851015926751
16,40,17,8,31.75,35.05765927274967
16,40,17,8,36.0,39.688258902814596
16,40,17,8,34.75,34.48855645450806
16,40,17,8,39.15,40.886588973583216
16,40,17,8,58.8,49.214460861567275
16,34,17,8,36.95,39.39606579342663
16,34,17,8,28.55,26.583483198169656
16,34,17,8,52.05,43.82678224676394
16,34,17,8,29.55,30.994863751069605
16,34,17,8,44.65,43.23409351547992
16,34,17,8,52.85,56.78609448021399
16,34,17,8,32.3,50.61526709558979
16,34,17,8,57.55,54.90515746074747
16,34,17,8,40.4,47.92581987328245
16,34,17,8,58.9,48.375613691197756
16,36,17,8,48.95,55.98352671239901
16,36,17,8,40.3,41.5123317125228
16,36,17,8,51.9,47.149147450013956
16,36,17,8,60.5,48.90215795475266
16,36,17,8,47.2,44.66907560930127
16,36,17,8,34.3,32.945089882536685
16,36,17,8,22.25,30.99554297331354
16,36,17,8,33.4,35.81002505914849
16,36,17,8,32.8,47.032575497145984
16,36,17,8,42.95,41.28396528282723
16,40,17,8,45.65,46.75273704343555
16,40,17,8,42.7,35.023450790337
16,40,17,8,34.3,40.38251315137597
16,40,17,8,42.1,44.43789279195711
16,40,17,8,27.2,30.048382038936715
16,40,17,8,51.7,48.87589008477439
16,40,17,8,29.95,29.637236535711022
16,40,17,8,47.9,62.71397057485005
16,40,17,8,28.25,37.6813160458518
16,40,17,8,43.55,44.96252825818874
16,40,17,8,34.55,41.199738118738466
16,40,17,8,55.75,65.54217204052269
16,40,17,8,37.85,54.063583423886904
16,40,17,8,32.8,35.550705078506496
16,40,17,8,27.05,49.2699064765758
16,40,17,8,43.0,46.45087954523915
16,40,17,8,39.8,47.98420792850827
16,40,17,8,25.3,33.348400103658406
16,40,17,8,43.9,42.391533414859595
16,40,17,8,32.5,34.05490922180329
16,35,17,8,41.05,39.630497294248954
16,35,17,8,38.4,39.27554482184342
16,35,17,8,34.95,35.82042199052026
16,35,17,8,34.25,29.896091981887427
16,35,17,8,32.05,27.369739340719843
16,35,17,8,42.65,40.00694018739617
16,35,17,8,39.65,45.10371089879529
16,35,17,8,27.7,28.848241759794977
16,35,17,8,31.85,40.423123918970205
16,35,17,8,46.4,49.832772982826214
16,30,17,8,42.45,47.500110803194865
16,30,17,8,40.25,44.079921434641996
16,30,17,8,41.35,39.20563197995115
16,30,17,8,27.4,30.154688908325596
16,30,17,8,52.15,39.43852644839881
16,30,17,8,46.5,41.79586985387558
16,30,17,8,53.55,58.73712624907691
16,30,17,8,39.35,42.372129618666236
16,30,17,8,44.9,37.14679273539394
16,30,17,8,50.85,55.060994886532306
16,29,17,8,37.4,37.25361162286642
16,29,17,8,50.4,36.75294474417555
16,29,17,8,44.15,32.3326053453948
16,29,17,8,46.3,45.03110036408171
16,29,17,8,34.5,42.01065027873415
16,29,17,8,41.95,44.05555703044916
16,29,17,8,36.25,45.02031705095402
16,29,17,8,41.05,38.05878417174646
16,29,17,8,21.6,33.204945731812785
16,29,17,8,29.5,34.3672120364439
16,33,17,8,41.75,36.31133649281911
16,33,17,8,47.85,64.2792223121331
16,33,17,8,35.15,47.72429040579694
16,33,17,8,43.75,43.467925258928446
16,33,17,8,37.65,37.589577222808366
16,33,17,8,43.95,47.5964118506073
16,33,17,8,49.2,38.85682220124219
16,33,17,8,50.0,50.09569789281731
16,33,17,8,45.3,44.14819540926601
16,33,17,8,38.55,37.35389079995197
16,30,17,8,42.25,48.993957737019386
16,30,17,8,39.7,42.719525918914904
16,30,17,8,33.75,40.06294389687571
16,30,17,8,54.0,42.261093218230876
16,30,17,8,45.6,51.50922247520341
16,30,17,8,48.15,49.69409050962647
16,30,17,8,23.85,31.95436713420199
16,30,17,8,54.55,40.21844955005757
16,30,17,8,38.8,35.64828186603108
16,30,17,8,33.85,37.20678347885107
16,29,17,8,47.9,37.890284826199526
16,29,17,8,41.4,44.027981533278776
16,29,17,8,40.95,36.79312721863033
16,29,17,8,34.35,35.90964538364236
16,29,17,8,23.85,35.34979341858793
16,29,17,8,30.2,24.722885200388305
16,29,17,8,39.35,43.35687282372463
16,29,17,8,39.05,38.601165785504456
16,29,17,8,34.3,37.36744995031737
16,29,17,8,27.4,34.30728018488511
16,24,17,8,32.85,28.139268310541258
16,24,17,8,46.1,44.476960327792185
16,24,17,8,49.5,43.72582038591217
16,24,17,8,20.5,20.09844194013687
16,24,17,8,38.15,37.821290300570126
16,24,17,8,47.3,40.32643119136107
16,24,17,8,34.25,30.993844889794353
16,24,17,8,38.95,28.292597134790913
16,24,17,8,53.45,60.08281565341378
16,24,17,8,21.65,22.96971690589246
16,32,17,8,41.3,44.163690730591895
16,32,17,8,37.7,45.06031046217246
16,32,17,8,47.5,35.11110185801936
16,32,17,8,33.15,36.20886050329903
16,32,17,8,38.75,30.46978658830485
16,32,17,8,35.25,39.127154388305776
16,32,17,8,49.7,53.29471189329644
16,32,17,8,51.2,32.45336735427587
16,32,17,8,25.15,30.909502882140515
16,32,17,8,44.3,55.200209763140734
17,20,17,8,50.15,56.06600902883183
17,20,17,8,62.75,50.70541858306871
17,20,17,8,46.6,55.301470428723206
17,20,17,8,59.6,59.30332377300885
17,20,17,8,39.85,34.06846821205482
17,20,17,8,54.95,54.88118745838236
17,20,17,8,46.95,56.75754065366673
17,20,17,8,71.35,76.73349299600808
17,20,17,8,82.15,96.61986011385575
17,20,17,8,65.1,63.99004856842566
17,12,17,8,31.9,48.62736937807328
17,12,17,8,78.7,93.1976394550849
17,12,17,8,52.45,53.0466279497774
17,12,17,8,54.6,66.48498049619138
17,12,17,8,50.95,70.0236614145157
17,12,17,8,42.8,63.42056780771229
17,12,17,8,44.05,55.62323917969993
17,12,17,8,52.15,61.942481808784336
17,12,17,8,47.35,51.988131236597496
17,12,17,8,42.65,51.8624445807825
17,6,17,8,66.25,85.66757969340743
17,6,17,8,49.15,54.59735389770807
17,6,17,8,68.15,70.05957990769075
17,6,17,8,59.7,57.32648877952908
17,6,17,8,49.7,57.38063124526657
17,6,17,8,45.5,68.197468698201
17,6,17,8,58.75,96.89434017472195
17,6,17,8,56.65,65.6988944872142
17,6,17,8,33.65,37.80041074686331
17,6,17,8,54.55,61.077582242845686
17,5,17,8,35.95,44.18796573490879
17,5,17,8,42.7,40.681173713854946
17,5,17,8,53.3,62.56205340552522
17,5,17,8,43.5,44.104540880909184
17,5,17,8,57.5,73.96692005996934
17,5,17,8,42.05,50.58757388508514
17,5,17,8,51.35,53.433948404598205
17,5,17,8,57.6,71.84588769684294
17,5,17,8,67.6,79.06985585710372
17,5,17,8,42.75,41.28320035533761
17,12,17,8,55.35,72.9291473028157
17,12,17,8,46.45,51.193621107568305
17,12,17,8,55.4,62.278998741233195
17,12,17,8,39.25,76.89629037661187
17,12,17,8,41.4,40.92920717531674
17,12,17,8,34.8,39.350784115774815
17,12,17,8,57.0,64.9137079027551
17,12,17,8,55.0,59.248806339297495
17,12,17,8,65.65,84.36903585158666
17,12,17,8,66.85,58.28268227039297
17,9,17,8,47.05,45.5902517281006
17,9,17,8,52.3,58.05632473818218
17,9,17,8,40.65,47.99152885776054
17,9,17,8,27.2,31.864185471928728
17,9,17,8,32.9,50.801885584566335
17,9,17,8,28.4,25.5886487991926
17,9,17,8,63.9,68.83840727231764
17,9,17,8,30.1,49.53775806073798
17,9,17,8,39.45,44.30453820166911
17,9,17,8,48.5,58.161752670326315
17,3,17,8,69.1,95.70728399931907
17,3,17,8,28.7,31.070547909047583
17,3,17,8,22.95,21.588191216496114
17,3,17,8,64.85,66.4032933552324
17,3,17,8,61.2,61.89685818061834
17,3,17,8,67.3,63.373662136818155
17,3,17,8,39.3,48.760531925771794
17,3,17,8,32.05,40.70493956835163
17,3,17,8,55.0,86.83377950520118
17,3,17,8,58.5,52.92149100815581
17,3,17,8,35.6,36.91441025142521
17,3,17,8,47.1,45.448524960141796
17,3,17,8,53.0,67.47085140617158
17,3,17,8,22.6,29.365930850848947
17,3,17,8,47.65,45.12704289004543
17,3,17,8,65.35,66.51574803640193
17,3,17,8,62.85,58.86762580927697
17,3,17,8,42.9,41.99736833860452
17,3,17,8,57.7,72.87631916292727
17,3,17,8,62.95,62.981597145097616
17,23,17,8,43.8,53.419491810229324
17,23,17,8,54.85,61.487932063728444
17,23,17,8,92.05,96.03205331116217
17,23,17,8,55.2,63.6541642909476
17,23,17,8,53.05,70.56499430349747
17,23,17,8,68.1,54.79425632596714
17,23,17,8,48.65,50.08022511299666
17,23,17,8,45.7,43.27038612942428
17,23,17,8,30.0,30.117314481522875
17,23,17,8,53.4,51.284962400503446
17,11,17,8,45.6,70.39617214473795
17,11,17,8,41.65,38.275009024028634
17,11,17,8,32.25,32.518618148928
17,11,17,8,55.3,59.10303224922247
17,11,17,8,49.7,82.3772451974196
17,11,17,8,44.4,48.57159663836468
17,11,17,8,57.45,61.278033326968426
17,11,17,8,68.95,82.44135076397933
17,11,17,8,38.3,57.71627518345784
17,11,17,8,47.55,51.19464918585884
17,16,17,8,51.25,75.9528073698953
17,16,17,8,68.45,64.36366660583725
17,16,17,8,64.7,56.32340824017554
17,16,17,8,55.35,71.56982236728139
17,16,17,8,54.4,54.784169822658576
17,16,17,8,48.9,50.96841126980927
17,16,17,8,43.4,39.74312254307259
17,16,17,8,50.6,54.36659190890554
17,16,17,8,39.8,59.365593437701996
17,16,17,8,61.95,72.58568439401373
17,11,17,8,40.0,67.00432036345433
17,11,17,8,45.85,36.97691313864853
17,11,17,8,36.25,63.10215193594723
17,11,17,8,49.95,59.95917470728684
17,11,17,8,56.4,54.36852804799173
17,11,17,8,38.8,54.585133892894895
17,11,17,8,49.05,65.01860057747038
17,11,17,8,53.8,57.502951869310245
17,11,17,8,50.15,85.13844762008463
17,11,17,8,50.6,49.21959387330042
17,0,17,8,46.7,53.356891726719255
17,0,17,8,40.9,69.3753330954545
17,0,17,8,33.45,46.33456706675005
17,0,17,8,53.2,64.42506867426847
17,0,17,8,52.0,60.288778741199124
17,0,17,8,42.5,50.765197361557604
17,0,17,8,44.1,57.46385591693361
17,0,17,8,52.35,56.210389562222765
17,0,17,8,59.55,61.31924657071382
17,0,17,8,47.5,61.35359123877539
17,12,17,8,70.3,84.70760855654244
17,12,17,8,43.4,52.17117574817888
17,12,17,8,51.2,76.81118339627923
17,12,17,8,59.35,98.43313252633672
17,12,17,8,40.6,68.81967282994778
17,12,17,8,50.55,59.95654127870672
17,12,17,8,43.95,50.14450171884829
17,12,17,8,86.85,95.77345803069812
17,12,17,8,52.7,58.12970976957254
17,12,17,8,47.45,58.62501262484433
17,8,17,8,38.95,40.94216074312382
17,8,17,8,44.85,58.689436868997134
17,8,17,8,72.1,78.77609843226892
17,8,17,8,34.3,41.89096121574375
17,8,17,8,35.55,39.926873946727845
17,8,17,8,52.85,70.65950600926732
17,8,17,8,33.2,41.264997273718556
17,8,17,8,42.2,51.72864420781727
17,8,17,8,49.3,48.215634066359144
17,8,17,8,27.6,53.12784976876657
17,8,17,8,45.45,57.19539455143864
17,8,17,8,39.05,42.88721438721261
17,8,17,8,120.45,136.06402324293012
17,8,17,8,46.05,48.71774236407751
17,8,17,8,68.05,60.81419069159503
17,8,17,8,57.95,62.15132212676785
17,8,17,8,38.85,37.22092648525897
17,8,17,8,41.35,52.8167387741504
17,8,17,8,40.85,63.5935076130128
17,8,17,8,31.35,29.70428818945348
17,9,17,8,59.9,50.69610179138141
17,9,17,8,32.8,37.9412287901336
17,9,17,8,45.0,59.31095576437974
17,9,17,8,39.15,51.53463321934708
17,9,17,8,36.35,58.655349287170736
17,9,17,8,39.3,58.789633887544994
17,9,17,8,51.05,59.66350819828076
17,9,17,8,60.65,61.79020106269619
17,9,17,8,40.05,45.37153640543235
17,9,17,8,41.15,56.29085650721429
17,7,17,8,50.05,63.89009889522871
17,7,17,8,55.95,66.26698392031085
17,7,17,8,54.0,67.59710364396267
17,7,17,8,41.2,42.03081576277352
17,7,17,8,52.25,54.44057600530577
17,7,17,8,31.45,48.81595403575611
17,7,17,8,36.45,41.68108873211851
17,7,17,8,46.1,69.20594741707346
17,7,17,8,53.25,55.12461958336335
17,7,17,8,46.45,39.497468273295695
17,1,17,8,41.1,48.44302133217409
17,1,17,8,37.4,35.13642584345528
17,1,17,8,28.4,45.32386382005563
17,1,17,8,22.3,26.121376605942377
17,1,17,8,46.5,48.84939260517716
17,1,17,8,41.45,52.25995246437704
17,1,17,8,69.7,61.0263963595392
17,1,17,8,47.2,47.29036844187641
17,1,17,8,80.7,74.04913020563122
17,1,17,8,39.35,52.26176523294212
17,3,17,8,29.85,34.06074295323453
17,3,17,8,29.8,39.19264162945306
17,3,17,8,50.2,62.78752809444345
17,3,17,8,67.95,66.17876507890142
17,3,17,8,58.35,79.56941689658885
17,3,17,8,47.25,57.86997676279399
17,3,17,8,31.8,41.08476475211757
17,3,17,8,44.95,43.724586603925836
17,3,17,8,41.45,45.296072793635396
17,3,17,8,43.5,70.31770010010582
18,35,17,9,31.25,31.39204558985906
18,35,17,9,45.3,38.65107065991697
18,35,17,9,44.55,48.237870032404594
18,35,17,9,34.4,34.23202563313144
18,35,17,9,49.55,38.99591746513176
18,35,17,9,38.05,40.68812706687943
18,35,17,9,32.1,28.502816112022852
18,35,17,9,48.4,42.62615949958676
