trial_id,stim_id,param_id,index,sample_n_mean,sample_n_std
0,41,107,0,59.3,42.373154361297146
0,34,5,0,58.9,49.20408626591046
0,46,17,0,67.9,37.4628236775438
0,41,107,0,48.1,35.06220036929859
0,34,5,0,56.05,36.90310926851843
0,46,17,0,57.95,43.78713461617164
0,47,107,0,49.0,37.75683974286541
0,47,107,0,38.0,19.96576016452588
0,46,17,0,72.5,47.97641964658538
0,40,5,0,81.0,49.01449839212454
0,28,107,0,44.25,30.796231826910933
0,40,5,0,63.85,47.32338356012752
0,46,17,0,70.25,44.17414699977686
0,28,107,0,58.95,44.17605328920326
0,46,17,0,57.1,44.47222669676458
0,26,5,0,69.4,46.68190227486451
0,33,107,0,69.35,47.93776118435675
0,46,17,0,59.2,39.480308216148785
0,26,5,0,57.05,42.234277672600435
0,33,107,0,62.05,50.60317755781122
0,46,17,0,60.45,49.632836117359155
0,39,5,0,63.0,40.04076869760041
0,41,107,0,53.45,46.77884699643408
0,46,17,0,58.35,37.43945990388666
0,39,5,0,58.6,42.43434557302052
0,46,17,0,61.8,44.702054586008984
0,41,107,0,75.65,44.71344434577992
0,38,5,0,64.45,62.868681015522974
0,46,17,0,56.55,38.327501463323344
0,38,5,0,50.75,33.699718880601644
0,25,107,0,72.2,42.15709967053686
0,43,17,0,65.25,35.02611807449437
0,25,107,0,57.05,34.02239974208942
0,39,5,0,68.4,48.78243860027371
0,43,17,0,62.85,52.098363445354124
0,39,5,0,57.5,37.8897292012937
0,24,107,0,57.05,56.007024935317375
0,43,17,0,54.6,39.24068779911188
0,44,5,0,73.95,63.27756316420537
0,43,17,0,57.65,37.19829509392516
0,24,107,0,65.05,50.76206105060415
0,37,107,0,41.05,35.308378310924574
0,43,17,0,71.4,33.801899666329874
0,44,5,0,78.85,53.77073651404783
0,37,107,0,50.0,43.06909992582911
0,39,5,0,54.95,42.23926210479883
0,43,17,0,80.85,45.99344919030374
0,43,17,0,48.1,31.163237450898013
0,39,5,0,65.55,42.35995502209232
0,47,107,0,67.7,46.59918680112686
0,43,17,0,43.55,32.99198467251673
0,30,5,0,83.7,43.02887647297238
0,43,17,0,69.0,45.469480799878575
0,47,107,0,72.95,38.38376164336602
0,30,5,0,50.9,40.581172715279784
0,43,17,0,54.15,40.91103956018151
0,28,5,0,70.15,58.398156964429155
0,33,107,0,80.4,36.32803759893278
0,38,17,0,64.55,43.24285763963923
0,38,17,0,45.1,30.961606105491022
0,28,5,0,65.45,49.94257228373194
0,33,107,0,55.65,36.50129774189001
0,38,17,0,62.5,46.55896092166645
0,43,5,0,71.75,66.92326713640426
0,38,17,0,48.2,27.92018699982619
0,41,107,0,80.4,37.840941348032864
0,43,5,0,64.9,51.03961309868206
0,38,17,0,60.35,38.71661550018898
0,41,107,0,54.45,40.803089408317575
0,36,5,0,66.2,44.36048502416253
0,38,17,0,66.35,34.848959812310035
0,29,107,0,59.1,35.457758411650154
0,38,17,0,63.8,35.00917173060736
0,36,5,0,62.05,52.391717907157414
0,29,107,0,52.55,33.777094387515895
0,38,17,0,41.5,28.66962449040888
0,26,5,0,64.85,42.49863774906574
0,38,17,0,66.75,45.884150456970374
0,34,107,0,53.15,45.294678437282705
0,26,5,0,73.8,46.56924668536206
0,38,17,0,50.55,46.1593065258499
0,34,107,0,53.25,31.589263665798995
0,29,5,0,50.55,38.80921621416612
0,33,17,0,51.9,33.00063795236628
0,42,107,0,70.55,43.25381029762762
0,29,5,0,77.05,57.10422143119682
0,33,17,0,72.75,48.06122739742887
0,39,5,0,45.5,38.944630060206194
0,33,17,0,53.3,43.01052502769404
0,42,107,0,64.7,40.048786038504275
0,39,5,0,53.75,38.02336539273548
0,33,17,0,67.35,50.718287992026156
0,25,107,0,55.05,38.621612438742396
0,35,5,0,54.95,37.79790442534306
0,33,17,0,55.85,40.9264745096554
0,35,5,0,53.85,42.83539485789269
0,25,107,0,51.9,38.75958285582928
0,33,17,0,74.4,51.426390931218634
0,38,5,0,83.55,50.46048480064168
0,33,107,0,67.65,48.31396768724559
0,33,17,0,52.35,38.99699718534344
0,38,5,0,57.95,39.617214493330124
0,33,17,0,57.2,36.41659540721279
0,33,107,0,65.2,51.39895554949484
0,33,17,0,49.35,29.496253107274846
0,43,5,0,63.45,37.802081535559026
0,33,17,0,38.3,30.361159398152108
0,38,107,0,64.05,40.55986478748354
0,43,5,0,60.55,38.86207053562367
0,38,107,0,51.5,42.82584069903295
0,46,17,0,71.7,51.26823167369213
0,39,5,0,74.2,54.68820713828531
0,24,107,0,46.1,33.86645600155504
0,46,17,0,58.85,37.3592446108689
0,24,107,0,50.3,34.003250618603786
0,46,17,0,66.1,30.08566715931446
0,39,5,0,74.7,73.90114307213672
0,37,107,0,39.15,27.677227956723215
0,40,5,0,47.7,34.72766226390411
0,46,17,0,59.45,29.351723700841255
0,37,107,0,55.25,46.30547881645381
0,40,5,0,37.95,26.772875118396666
0,46,17,0,59.55,39.947959568471205
0,30,107,0,59.25,46.76016635871538
1,19,5,0,71.5,52.42387965321469
0,46,17,0,59.25,33.513351620542295
0,30,107,0,63.35,39.73501041438871
1,19,5,0,51.9,30.915674784297064
0,46,17,0,70.15,31.638209743749307
1,13,107,0,62.35,32.348879424177895
1,9,5,0,69.6,40.7913819587577
0,46,17,0,60.2,48.95282369147281
1,13,107,0,55.85,53.382704670096444
0,46,17,0,46.95,30.420690673497727
1,9,5,0,66.0,40.762469838914576
1,16,107,0,62.8,48.52628153897638
0,46,17,0,47.7,31.489513709871904
1,19,5,0,58.95,37.95908462098576
0,28,17,0,58.5,39.38006441950306
1,16,107,0,65.55,38.9729663390299
1,19,5,0,50.5,35.6702736329935
0,28,17,0,44.6,32.23172676923028
1,2,107,0,63.35,44.45965054198907
1,22,5,0,67.95,54.61200465677467
1,2,107,0,57.5,39.51881630445506
0,28,17,0,79.7,48.742178859792475
1,22,5,0,55.4,44.47991859136813
1,13,107,0,52.7,29.682708062013763
0,28,17,0,63.8,37.190264713681245
1,2,5,0,57.75,32.95431446874996
0,28,17,0,54.95,31.083038190593506
1,13,107,0,64.95,49.26456503838284
1,2,5,0,75.6,40.720355701062495
1,0,107,0,54.65,40.322744006460255
1,13,5,0,48.3,46.52797686960983
0,28,17,0,78.55,38.989168536375516
1,0,107,0,60.6,33.59260570266523
1,13,5,0,53.45,36.25127946925315
0,28,17,0,60.05,36.20479031986324
1,17,107,0,45.05,32.92651307317394
0,28,17,0,74.4,44.214072539479055
1,16,5,0,82.0,78.10923525153059
1,17,107,0,85.1,46.46889168827724
0,28,17,0,64.95,43.99578329077028
1,16,5,0,72.05,38.760363639595596
1,16,107,0,55.2,39.628007108210994
0,28,17,0,46.1,26.69693457664145
1,3,5,0,57.0,36.38681079732051
0,37,17,0,37.45,27.842555463477886
1,16,107,0,66.65,39.28207707017755
0,37,17,0,65.9,39.88391048768255
1,3,5,0,76.0,41.71456895567656
1,11,107,0,64.9,28.289667074002388
0,37,17,0,56.2,35.10525526710241
1,16,5,0,57.1,42.305779124942504
1,11,107,0,60.9,41.01976417084305
0,37,17,0,49.7,33.66725724686102
1,16,5,0,41.05,27.0252805623491
0,37,17,0,55.0,30.310672082704848
1,8,107,0,63.3,44.039575503475454
1,21,5,0,65.6,36.462525824107196
0,37,17,0,51.3,31.00101865898501
1,8,107,0,51.65,26.901917364655194
1,21,5,0,58.35,41.80691833958384
0,37,17,0,47.95,37.18442656472423
1,23,107,0,72.25,34.46260368329095
1,14,5,0,65.8,41.69134707649336
0,37,17,0,58.8,35.6600912122103
1,23,107,0,66.85,46.00031464423282
1,14,5,0,65.5,34.9277449661591
0,37,17,0,58.7,50.32745405421328
1,16,107,0,62.85,44.057707372801055
1,19,5,0,58.65,33.09837808079041
0,37,17,0,61.5,41.16909929597811
1,16,107,0,47.25,26.387546903396448
1,19,5,0,61.5,53.869725898885484
0,38,17,0,63.05,33.58175413116944
1,9,107,0,69.55,42.56199812286221
0,38,17,0,59.75,31.482451252119887
1,14,5,0,63.45,38.32887464534991
0,38,17,0,66.6,41.28896883392005
1,9,107,0,72.15,47.346733339215035
1,14,5,0,68.05,47.3536248820899
0,38,17,0,58.7,33.74845025681687
1,22,5,0,65.1,62.8824299784924
1,2,107,0,77.0,52.199011888207835
0,38,17,0,50.05,48.51855315237667
1,22,5,0,55.45,29.92881906334287
1,2,107,0,57.95,39.90313930401704
0,38,17,0,54.6,32.82874222064369
1,17,5,0,72.95,48.46537016533721
0,38,17,0,59.15,42.93235192841482
1,17,107,0,77.15,64.95121651143872
1,17,5,0,53.45,33.030249293958605
0,38,17,0,53.6,38.07112457382615
1,17,107,0,56.35,38.00038088451774
1,6,5,0,56.2,28.242558405058805
0,38,17,0,57.2,43.90012588400606
1,6,5,0,56.25,33.21679188539879
0,38,17,0,55.4,35.46888925894294
1,3,107,0,83.55,49.12655515149247
1,18,5,0,56.65,41.27861049273009
1,3,107,0,54.8,41.97944359100685
0,29,17,0,68.05,35.90407541740835
1,18,5,0,46.1,35.58370413546066
1,15,107,0,50.3,30.331675296887074
0,29,17,0,49.4,42.30391297068841
1,21,5,0,74.4,39.29831923552001
0,29,17,0,59.5,35.303943420709125
1,15,107,0,83.65,54.765793203998776
0,29,17,0,54.25,39.46600802556149
1,21,5,0,64.05,39.22334830979602
1,11,107,0,65.4,43.0341357773717
0,29,17,0,67.8,36.94462427956055
1,15,5,0,65.9,49.00902172586508
1,11,107,0,46.5,37.062536056608
0,29,17,0,70.45,44.26650747699129
1,15,5,0,68.1,68.46658808652967
1,17,107,0,56.9,32.57525699700699
0,29,17,0,48.6,32.52432288222721
1,17,107,0,62.4,35.33061889606446
1,21,5,0,83.1,37.86249359263903
0,29,17,0,64.9,47.91428750767792
1,21,5,0,65.8,40.26177500205113
1,15,107,0,82.3,57.333833127156524
0,29,17,0,59.0,33.32456024900364
1,15,107,0,53.6,26.92953768633988
2,42,5,1,58.45,52.39874948286859
0,29,17,0,64.6,35.767377079650316
1,11,107,0,43.4,33.05720719250828
0,24,17,0,66.7,40.591806277155314
2,42,5,1,66.55,55.12423767225601
1,11,107,0,58.5,40.15561833928754
0,24,17,0,52.8,39.83730069063151
2,38,5,1,62.85,54.498937700897585
2,40,107,1,66.2,41.00911323621924
0,24,17,0,52.05,45.14243539823932
2,40,107,1,43.8,29.56989934660619
2,38,5,1,70.6,52.947242858488764
0,24,17,0,64.85,56.70261759482769
2,29,107,1,60.55,45.5867882522765
2,45,5,1,60.4,60.98955907193849
0,24,17,0,66.45,39.11988994710599
2,29,107,1,52.2,38.12113656007096
2,45,5,1,57.0,40.18509804968949
0,24,17,0,61.6,28.795833031881536
2,34,107,1,66.9,39.407319651370145
2,32,5,1,57.6,41.45815899637152
0,24,17,0,69.15,45.241195712245315
2,34,107,1,67.2,37.80643220127329
2,32,5,1,75.8,59.00365733534972
0,24,17,0,76.55,31.751460803526736
2,34,107,1,70.7,32.61756065615415
0,24,17,0,58.75,46.51640910248204
2,46,5,1,86.05,55.649726910948615
0,24,17,0,67.3,28.819036106456842
2,34,107,1,73.55,34.06414228295913
2,46,5,1,78.5,56.78444931678502
0,29,17,0,60.8,45.56845631054793
2,42,107,1,57.6,52.03278318825343
0,29,17,0,61.95,42.019387755754146
2,45,5,1,60.95,58.3505513436271
2,42,107,1,49.85,36.17250336927208
0,29,17,0,60.4,33.5173168125939
2,45,5,1,57.9,48.0053725063527
2,26,107,1,54.5,31.033937280949303
2,26,107,1,47.05,30.093669556377154
0,29,17,0,70.25,53.068848033276055
2,33,5,1,67.2,48.11346239004105
0,29,17,0,54.75,33.10251222776715
2,33,5,1,54.05,58.729061218266956
2,36,107,1,86.55,39.59462350529824
0,29,17,0,56.55,38.0283481518445
2,36,107,1,58.05,49.77367196673992
0,29,17,0,52.55,42.346285489247364
2,46,5,1,76.95,58.48839291058661
2,44,107,1,42.95,44.115249780069185
2,46,5,1,53.1,52.450377551197455
0,29,17,0,64.35,29.081147809100262
0,29,17,0,61.45,43.68605100751931
2,25,5,1,59.4,40.75911263948094
2,44,107,1,76.85,37.512489148352486
0,29,17,0,57.1,42.743913078509294
2,25,5,1,61.25,33.62466982815789
2,45,107,1,49.85,36.8028531502654
2,45,107,1,54.55,38.60661928518967
0,25,17,0,77.85,40.733117264767046
2,39,5,1,75.8,52.997120080643114
0,25,17,0,54.55,37.38487591752072
2,33,107,1,69.95,44.865266133871955
2,39,5,1,62.2,47.48030062424227
0,25,17,0,53.15,40.86598765927995
2,33,107,1,57.25,43.889664291025824
2,36,5,1,80.4,45.56129474616989
0,25,17,0,71.1,38.052456867910784
2,27,107,1,47.45,30.2524031233362
0,25,17,0,57.05,41.33747503301651
2,36,5,1,64.1,49.901903771299146
2,27,107,1,48.85,43.63638631378996
0,25,17,0,48.05,29.184485784853496
2,38,5,1,54.85,45.483687069912044
2,33,107,1,59.05,47.12969228349409
0,25,17,0,55.15,39.27939730484136
2,38,5,1,77.0,50.06206674035531
0,25,17,0,59.1,40.24255406773701
2,33,107,1,64.7,45.01824191661818
2,30,5,1,48.7,41.168587923062745
2,42,107,1,47.9,34.806079323801136
0,25,17,0,57.65,42.16668053532814
0,25,17,0,47.05,41.401086942253094
2,42,107,1,52.5,36.745927092600844
2,30,5,1,57.4,53.468534770707116
0,36,17,0,63.15,40.74474457554392
2,46,5,1,50.85,47.053469025869084
2,32,107,1,68.15,62.56893040984142
2,46,5,1,50.5,48.043291880728184
0,36,17,0,67.5,44.0937995402385
2,32,107,1,40.05,35.45712755902319
0,36,17,0,55.9,39.490038717311194
2,47,5,1,61.4,48.29013193298671
2,39,107,1,53.4,38.10981362768443
0,36,17,0,45.65,37.52371180158516
2,47,5,1,45.95,36.14659480213141
2,39,107,1,53.6,33.83613764196966
0,36,17,0,69.65,45.52879366545505
2,36,5,1,60.85,41.37285532682917
2,40,107,1,64.25,60.2310245288047
0,36,17,0,67.0,33.81684413673784
2,40,107,1,46.95,32.67137005166192
2,36,5,1,70.45,47.7322300911416
0,36,17,0,47.65,29.822765941827942
2,40,5,1,44.65,34.068468212054825
2,45,107,1,50.45,38.06293265245419
0,36,17,0,50.3,30.265665799975213
2,45,107,1,48.3,38.492788114685915
2,40,5,1,70.15,52.842641274278726
0,36,17,0,55.65,42.25022578575608
0,36,17,0,51.05,41.90776212488313
2,47,5,1,49.95,40.17131078924754
2,36,107,1,70.35,38.62951557661849
0,27,17,0,67.65,50.462362211850525
2,36,107,1,59.6,40.94077879597618
2,47,5,1,77.55,92.30696786152969
0,27,17,0,58.6,37.86179855043451
2,40,107,1,63.05,44.44094247899174
0,27,17,0,49.75,35.32685723504517
2,40,5,1,61.6,49.62109059239778
2,40,107,1,58.45,42.00184833025679
0,27,17,0,50.3,32.30789377226563
2,40,5,1,46.1,25.837345472254526
2,32,5,1,43.15,31.47308791901257
0,27,17,0,60.75,36.977767146731495
2,39,107,1,67.6,42.18430738406978
2,32,5,1,71.4,40.553278795340724
2,39,107,1,58.75,34.93132359961547
0,27,17,0,70.9,53.20061337200817
0,27,17,0,50.3,31.75581173497803
3,18,107,1,57.5,41.244457362873554
3,3,5,1,63.55,51.83117838359049
0,27,17,0,61.0,59.33934525032141
3,18,107,1,83.4,65.55383484707737
3,3,5,1,88.95,68.63823930388106
0,27,17,0,74.1,52.49050039368026
3,14,107,1,56.45,44.664215041385845
3,4,5,1,71.05,40.1149335626627
0,27,17,0,59.35,32.95814730357594
3,14,107,1,57.75,49.30877470752944
0,25,17,0,56.75,37.09287773882431
3,4,5,1,65.7,53.48989083044227
0,25,17,0,66.2,31.440168742014027
3,5,107,1,68.65,51.11316134967485
3,3,5,1,65.5,43.77273845190574
0,25,17,0,59.15,38.101353754095626
3,5,107,1,72.0,68.60412754193055
3,3,5,1,73.3,63.144029179746134
0,25,17,0,80.9,46.621544601746436
3,22,107,1,67.5,57.07566538330823
3,8,5,1,71.3,51.945416696658356
0,25,17,0,65.95,40.26684021689101
3,22,107,1,49.6,39.80134882665477
3,8,5,1,69.35,49.54665531225673
0,25,17,0,71.3,28.705583539022324
3,11,107,1,47.8,42.511422613593865
3,3,5,1,58.15,60.30385778006159
0,25,17,0,60.5,34.04099695491028
3,11,107,1,54.25,38.244194605882754
0,25,17,0,65.6,43.3096561495179
3,3,5,1,64.05,54.52230350001152
3,13,107,1,80.7,61.796865871813814
3,9,5,1,53.6,36.14066087416018
0,25,17,0,63.85,39.509192801036484
0,25,17,0,57.4,33.015785698104445
3,13,107,1,75.75,52.62066334175497
3,9,5,1,69.2,58.61524859984006
0,47,17,0,57.15,36.8928391283101
3,9,5,1,73.6,75.0329050624142
3,3,107,1,78.05,71.0466673910073
0,47,17,0,66.0,33.77791243432686
0,47,17,0,60.7,24.002412159482727
3,9,5,1,67.65,44.89786655346367
3,3,107,1,68.9,56.99205854188903
0,47,17,0,56.8,39.3320546922709
3,8,107,1,67.2,45.882687940350436
3,1,5,1,77.9,67.41614674620067
0,47,17,0,56.4,32.31489798187435
0,47,17,0,47.55,36.15387436470603
3,1,5,1,73.9,63.50126397415873
3,8,107,1,83.0,46.861498055439924
0,47,17,0,48.0,31.91930615259608
0,47,17,0,50.95,29.297880289769843
3,23,5,1,70.55,52.68124104360808
3,20,107,1,67.5,56.57924112530841
0,47,17,0,49.05,37.46503633213801
3,23,5,1,65.9,39.87203214495621
0,47,17,0,60.9,34.45958731463186
3,20,107,1,71.45,51.96099245436047
0,33,17,0,50.55,36.67277062430868
3,1,107,1,47.25,46.637318465840316
3,10,5,1,88.85,86.3775525176962
0,33,17,0,61.7,41.65282577133083
0,33,17,0,34.8,31.034106874110044
3,1,107,1,74.75,53.7732813716411
3,10,5,1,71.7,66.4087026636847
0,33,17,0,55.7,43.27281874462609
3,12,107,1,71.35,56.98039829163783
3,1,5,1,63.7,37.81269628048231
0,33,17,0,49.15,38.007305391962404
0,33,17,0,40.6,26.40853131690192
3,1,5,1,45.7,40.80260569594726
3,12,107,1,70.6,64.75085855964016
0,33,17,0,56.9,36.432923225248366
3,3,5,1,72.95,49.38407478231483
0,33,17,0,42.6,33.902957486269386
3,9,107,1,75.35,65.10742135724217
0,33,17,0,60.95,42.771701170898396
3,3,5,1,82.2,50.08371938433109
3,9,107,1,67.1,37.55823548346726
0,33,17,0,73.2,48.20744646563269
3,18,5,1,68.0,46.32380313448049
0,38,17,0,53.6,37.37913856685304
3,9,107,1,82.2,61.441970911370376
0,38,17,0,60.85,44.34704642155766
3,18,5,1,81.7,80.38073872449007
3,9,107,1,57.2,44.29755844525211
0,38,17,0,63.55,48.14066559791759
0,38,17,0,53.95,35.366464936508194
3,16,5,1,85.25,83.511660074633
3,6,107,1,95.7,81.88316451859288
0,38,17,0,49.6,42.040581897920845
3,16,5,1,51.15,37.58117529883952
3,6,107,1,72.05,58.36588314922917
0,38,17,0,67.05,48.911816460582244
3,22,5,1,92.8,57.82332437784309
0,38,17,0,58.25,37.77478273301272
3,3,107,1,73.95,54.83321601864483
0,38,17,0,57.65,35.296153063083686
3,22,5,1,64.05,61.12495829295747
3,3,107,1,68.95,59.0240584311534
0,38,17,0,61.3,42.71090086420068
3,4,5,1,59.5,47.24906014102849
0,38,17,0,59.35,56.95637758292236
3,4,5,1,78.65,51.42933322326349
3,22,107,1,94.7,33.22665385373299
0,39,17,0,58.55,50.09934866684501
0,39,17,0,62.05,28.761222066123032
3,15,5,1,82.1,57.87545611960766
3,22,107,1,95.05,77.74078046539294
0,39,17,0,63.5,32.27105595780186
3,15,5,1,69.65,87.30302641405183
3,22,107,1,56.15,45.58424820275668
0,39,17,0,59.2,36.297890325820084
3,15,5,1,59.95,44.712502666892206
0,39,17,0,58.2,35.151701313921606
3,22,107,1,84.0,57.45112339151749
3,15,5,1,55.45,40.339969730959595
0,39,17,0,72.5,39.27701885996843
3,9,107,1,62.55,49.96575142824806
3,9,5,1,70.0,54.83947867232722
0,39,17,0,59.55,45.29258682226742
0,39,17,0,62.2,37.81200032292728
3,9,107,1,76.5,65.73511438461102
3,9,5,1,70.85,50.14953953716299
3,14,107,1,43.6,48.1919407981743
0,39,17,0,63.5,37.170305069334155
3,0,5,1,57.7,45.69360199369157
0,39,17,0,44.95,37.76725816727611
3,14,107,1,64.95,79.78884963649864
3,0,5,1,71.4,57.32125535775951
0,45,17,0,67.15,38.47251240205552
0,45,17,0,55.6,32.761337932964445
4,46,5,2,60.75,45.12890892823171
3,9,107,1,74.85,47.51207602726966
0,45,17,0,44.7,31.734258426733977
4,46,5,2,51.8,45.05154942133686
3,9,107,1,83.35,70.08737028655172
0,45,17,0,63.95,41.111497943493795
4,32,5,2,51.4,51.79351717206153
0,45,17,0,62.3,47.07787501352917
4,24,107,2,65.4,42.544589612113526
4,32,5,2,64.15,41.32703333425382
0,45,17,0,54.55,46.11824048316628
4,24,107,2,59.2,55.82642271974993
4,26,5,2,73.85,59.24105528751954
0,45,17,0,63.1,41.14147606286846
4,24,107,2,63.4,49.552099111095075
0,45,17,0,65.75,28.278455626705973
4,26,5,2,78.7,60.49889081192881
4,24,107,2,42.5,27.7042652995793
0,45,17,0,62.9,33.16450226562002
0,45,17,0,47.5,31.658540046798382
4,31,107,2,67.9,41.75605849517686
4,40,5,2,74.85,51.61627140431795
4,40,5,2,39.85,49.66548626879424
4,31,107,2,50.1,44.30623099816952
1,14,17,0,74.5,37.81603669845569
4,35,107,2,36.95,22.368857580879812
1,14,17,0,52.05,35.17695866689773
4,38,5,2,57.9,39.234651709131334
1,14,17,0,48.8,29.00199630152525
4,35,107,2,56.15,52.32819004785289
1,14,17,0,55.9,42.761148130910655
4,38,5,2,88.45,66.71342877522761
4,29,107,2,45.95,47.538876057834024
1,14,17,0,54.9,34.689449328821034
4,27,5,2,76.7,59.71167566336013
1,14,17,0,53.9,30.166031785506863
4,29,107,2,78.75,59.03511443913788
1,14,17,0,57.85,38.78045492526521
4,27,5,2,57.9,41.8064462417989
4,40,107,2,45.45,43.63542139134215
4,40,107,2,46.0,40.56703354358457
1,14,17,0,68.75,42.028655637991115
4,44,5,2,61.35,50.47383376301866
4,36,107,2,57.65,40.58036211609852
1,14,17,0,65.35,49.3145382641927
4,44,5,2,73.5,54.76312628037227
4,36,107,2,46.7,42.95787410205981
1,14,17,0,65.7,39.53958709152665
4,25,5,2,63.35,41.19565000030183
4,30,107,2,39.9,31.948807736588133
1,14,17,0,56.65,28.333121774235966
4,25,5,2,56.0,51.62822565429231
4,30,107,2,53.35,47.30336029011937
1,14,17,0,77.25,44.912634490108736
4,40,5,2,46.6,35.38569440354467
4,33,107,2,69.15,49.599740024785575
1,14,17,0,62.5,34.646333443131205
4,40,5,2,48.75,37.28817365783476
4,33,107,2,38.55,26.99605234298643
1,14,17,0,71.2,37.00440941008887
4,32,5,2,68.25,64.30754641809769
4,30,107,2,60.25,41.34944154144617
1,14,17,0,62.0,49.22237403115739
4,30,107,2,39.9,37.3629425190818
4,32,5,2,54.65,32.249479799966096
1,14,17,0,56.85,44.4975161932486
4,37,5,2,57.45,43.352259699497
4,39,107,2,67.65,38.92810512240549
1,14,17,0,66.0,39.30581850592928
4,37,5,2,59.6,49.56802874519231
1,14,17,0,61.3,28.78980082562134
4,39,107,2,61.25,42.263428261572116
4,41,5,2,43.75,32.43110105731031
1,14,17,0,62.85,36.638023102265024
4,29,107,2,57.3,49.85357507108614
1,14,17,0,50.95,30.841658430389923
4,41,5,2,61.55,58.22323193401501
4,29,107,2,40.75,34.225067759726855
1,17,17,0,54.2,28.5447017850949
4,28,107,2,38.4,42.459144449322345
4,38,5,2,68.45,45.15176163725363
1,17,17,0,54.35,25.652074913511793
4,28,107,2,51.35,32.801275649134844
4,38,5,2,44.9,35.75192302520244
1,17,17,0,47.4,46.01990416056262
4,35,107,2,66.05,50.11090332032489
4,26,5,2,72.2,57.48006519426402
1,17,17,0,67.25,56.673464504540114
4,35,107,2,41.3,29.7057499307351
1,17,17,0,50.2,28.675314892961964
4,26,5,2,48.8,33.21160228468042
4,24,107,2,50.3,56.95621587075277
1,17,17,0,60.05,43.86519421087628
4,24,5,2,69.15,65.74854411035713
1,17,17,0,63.05,42.840555060535074
4,24,107,2,60.25,57.42718501674419
4,24,5,2,50.85,38.97539709800746
1,17,17,0,64.2,27.57306084225192
4,31,107,2,55.2,42.64862557173319
1,17,17,0,56.7,40.202251835333534
4,31,107,2,57.45,33.12253963057403
4,44,5,2,88.6,60.284762847496935
4,43,107,2,35.55,36.20479031986324
1,17,17,0,68.8,38.152878073130445
4,44,5,2,49.25,34.72428999690957
4,43,107,2,39.75,30.216543046553333
4,47,5,2,50.35,42.40441263036568
1,18,17,0,72.75,32.322185634800846
4,30,107,2,56.0,39.91438205380163
1,18,17,0,58.65,40.66198923344814
4,47,5,2,62.7,55.32877808347593
4,30,107,2,58.9,60.96064304122783
1,18,17,0,68.2,35.9628463249153
4,30,5,2,56.45,48.94731324275328
4,47,107,2,33.55,30.27848810798292
1,18,17,0,60.85,35.45683068331493
4,30,5,2,54.7,45.54939481948199
1,18,17,0,55.2,37.221386042802976
4,47,107,2,66.45,52.20251556753705
4,46,5,2,50.6,32.73562360230181
1,18,17,0,63.5,37.45664160065608
4,32,107,2,58.05,47.232320557677006
4,46,5,2,75.05,70.61643986316054
1,18,17,0,60.9,26.050356094141573
4,32,107,2,46.95,39.73924879431973
4,31,5,2,54.2,57.184466054119426
1,18,17,0,68.0,44.339598554790726
5,16,107,2,77.65,46.525912417875155
1,18,17,0,56.15,39.1666815976082
4,31,5,2,72.55,70.12505746315311
1,18,17,0,60.7,22.812969533740414
5,16,107,2,86.85,63.79017825735607
1,18,17,0,47.15,31.99880754357147
1,18,17,0,43.05,23.60302166204462
5,4,5,2,98.1,68.70371169012633
5,2,107,2,71.1,59.457990477133926
1,18,17,0,68.0,34.60757446753985
5,4,5,2,55.65,55.9504244845381
5,2,107,2,61.7,59.067401286469696
1,18,17,0,52.7,40.43200920583904
5,5,5,2,70.0,74.03199877151273
1,18,17,0,71.3,46.1645797235568
5,3,107,2,72.3,50.81245185146939
5,5,5,2,61.65,40.90589328279189
1,18,17,0,51.85,28.625117788771675
5,3,107,2,63.05,60.242033760315124
1,18,17,0,59.75,40.60577480320281
5,1,5,2,69.1,72.09051328200651
1,18,17,0,63.15,41.08819141413029
5,18,107,2,60.2,46.82509448665545
1,18,17,0,63.7,31.942547108667988
5,1,5,2,87.25,61.84605250560715
5,18,107,2,65.25,55.34948770741862
1,18,17,0,71.9,37.85832314800732
5,16,5,2,66.95,58.42086415332327
5,0,107,2,75.25,56.20626955102167
5,16,5,2,54.35,49.22159881062057
1,17,17,0,79.8,35.235448657641115
5,0,107,2,54.3,39.5967834951009
1,17,17,0,63.95,31.304069014141035
5,13,5,2,57.8,47.96336321116687
5,12,107,2,77.5,45.27750690551488
1,17,17,0,63.1,37.01479078479447
5,13,5,2,76.85,55.114498044859694
1,17,17,0,59.45,41.2814154694082
5,12,107,2,80.5,53.546339989917044
5,21,5,2,72.8,68.8228848108259
1,17,17,0,67.5,41.9956138060556
1,17,17,0,61.55,34.39166820765261
5,18,107,2,81.8,72.69011371279417
5,21,5,2,86.6,80.22625899030159
1,17,17,0,73.35,30.32677295550479
5,18,107,2,68.1,60.99775664554782
1,17,17,0,66.5,44.671314238440246
5,15,5,2,72.3,77.98589616078024
5,7,107,2,74.2,59.243120853150984
1,17,17,0,60.5,44.874679298077034
5,15,5,2,77.6,51.38543721614849
1,17,17,0,55.35,38.89834930877361
5,7,107,2,80.25,62.9710668732704
5,3,5,2,82.5,57.854172391953675
1,4,17,0,73.25,44.47574738285078
5,0,107,2,57.45,31.421539712349183
1,4,17,0,53.6,30.91141843192713
5,3,5,2,61.2,43.12844951878906
1,4,17,0,67.2,34.37502153109373
5,0,107,2,69.8,53.83855007041154
5,0,5,2,68.1,47.073179311857785
1,4,17,0,54.05,26.03535046209693
5,10,107,2,50.35,48.34772622966821
5,0,5,2,59.65,70.78304510039258
1,4,17,0,79.6,38.16225746384564
5,10,107,2,80.9,57.91818185573234
1,4,17,0,59.55,44.744273376600944
5,14,5,2,88.4,97.02652919908583
1,4,17,0,54.05,31.72658689158785
5,15,107,2,66.1,48.333163944046795
5,14,5,2,55.5,42.40469189531793
1,4,17,0,65.3,43.20221729202528
5,15,107,2,78.7,53.39534771770605
1,4,17,0,58.5,32.18450101000726
5,5,5,2,76.15,61.7927563460484
1,4,17,0,58.75,30.27744514007954
5,22,107,2,80.4,70.26521187614821
5,5,5,2,69.55,46.43441894928691
1,2,17,0,55.8,26.747552765577797
5,22,107,2,66.3,52.86437463229048
1,2,17,0,74.1,36.29687531861023
5,1,5,2,84.35,54.45449573050106
5,4,107,2,46.4,43.71847736550182
1,2,17,0,51.5,29.865487915335525
1,2,17,0,63.8,35.46325006627506
5,1,5,2,84.65,74.3507158497376
5,4,107,2,88.3,61.68092770139943
1,2,17,0,66.35,54.262786511567946
5,14,5,2,64.3,75.56252203865422
5,13,107,2,56.85,47.23655475649296
1,2,17,0,59.6,40.00447343406537
5,14,5,2,64.8,73.19016327348915
1,2,17,0,57.55,42.66697848022026
5,13,107,2,70.35,44.41582814125707
1,2,17,0,70.8,43.0258184423211
5,21,5,2,59.9,69.88403928915687
5,23,107,2,87.0,60.55619399845855
1,2,17,0,65.25,35.55999378367124
5,21,5,2,92.75,53.94136680351712
1,2,17,0,55.5,34.55963571932771
5,23,107,2,83.95,75.74018956795311
5,21,5,2,69.7,52.404399172508214
1,15,17,0,78.35,50.62792551650979
1,15,17,0,74.55,40.75016951853666
5,3,107,2,100.3,70.76060456139939
1,15,17,0,65.25,31.22056508474064
5,21,5,2,113.75,84.46480113975848
1,15,17,0,73.2,31.913699417747164
5,3,107,2,99.25,92.87732429619759
5,2,5,2,83.5,67.85239397708125
1,15,17,0,61.0,41.23743827869857
5,4,107,2,50.2,38.38804638508136
5,2,5,2,73.85,62.938796503135954
1,15,17,0,67.35,33.568900080753004
5,4,107,2,60.95,52.45496815565258
5,8,5,2,55.1,44.03933648336152
1,15,17,0,63.45,44.25342686700866
5,22,107,2,66.45,54.62742226352891
1,15,17,0,64.1,51.28444926917033
5,8,5,2,63.45,63.627596627812196
5,22,107,2,51.3,60.51193879592774
1,15,17,0,67.0,35.306179569439024
5,20,5,2,75.7,60.34645587639846
5,22,107,2,58.6,55.04294973735941
1,15,17,0,62.65,34.99515003990966
5,20,5,2,64.05,46.37884613076368
1,9,17,0,57.8,34.7284200316504
5,22,107,2,62.0,48.90700089805247
5,2,107,2,43.8,32.66996044976905
1,9,17,0,68.7,44.61189362301918
5,14,5,2,82.9,62.328417106063014
1,9,17,0,53.7,42.01641283318247
5,14,5,2,55.2,59.321248522901044
1,9,17,0,57.05,33.09710593167674
5,2,107,2,93.3,82.32292000345188
1,9,17,0,62.8,24.069198486644158
5,11,5,2,68.1,54.112845055494915
6,41,107,3,60.6,47.82688079224684
1,9,17,0,65.55,40.86753311808647
6,41,107,3,27.75,24.829683000286913
5,11,5,2,82.05,68.31542555251379
1,9,17,0,58.1,26.401554978128804
6,46,107,3,51.7,38.34757935131321
6,45,5,3,62.05,56.37793054584018
6,46,107,3,44.0,41.07374625693336
1,9,17,0,74.9,45.315153733544115
1,9,17,0,54.5,27.317817590260326
6,43,107,3,51.6,43.607580219860616
6,45,5,3,70.75,57.39784976717104
1,9,17,0,61.95,28.05722535705985
6,43,107,3,45.9,34.557198960563916
6,34,5,3,59.55,58.57112185872381
1,10,17,0,74.3,44.17918061711874
6,30,107,3,66.3,36.308763622429694
6,34,5,3,56.85,48.33248335610763
6,30,107,3,33.4,39.84760443172674
1,10,17,0,74.8,45.91823396567332
6,31,5,3,60.35,40.98301959027473
6,42,107,3,58.0,52.32288419541029
1,10,17,0,72.65,41.13427946820536
6,31,5,3,28.1,25.156143960221094
6,42,107,3,31.8,31.943370945603426
6,43,5,3,37.35,30.26770903993753
1,10,17,0,61.0,37.27282063239562
6,35,107,3,52.45,38.84852500078789
6,43,5,3,51.75,45.93000968292608
1,10,17,0,65.95,40.38430518485068
6,35,107,3,54.1,45.993020065406036
1,10,17,0,50.2,29.24056303007501
6,41,5,3,60.7,47.365432654271366
1,10,17,0,45.75,32.93514360391535
6,30,107,3,39.35,29.22377366748554
6,41,5,3,37.05,42.30525038959485
1,10,17,0,71.75,42.11997275952535
6,30,107,3,64.0,35.6134214794603
6,36,5,3,59.7,60.52759266387695
1,10,17,0,61.3,37.21360815049983
6,25,107,3,60.05,39.15888687198134
6,36,5,3,53.3,32.43146620182319
1,10,17,0,71.55,40.44681367972149
6,25,107,3,54.55,38.33711270461452
6,37,5,3,62.45,39.59196489454049
1,23,17,0,64.75,38.467860816394165
6,44,107,3,48.45,46.31184343237983
6,37,5,3,63.3,66.82742897312372
1,23,17,0,62.8,52.592374872569145
6,44,107,3,36.25,37.75805943943066
1,23,17,0,55.1,36.497873045454384
6,27,5,3,55.0,48.28969596965905
6,42,107,3,44.95,37.87163221087506
6,27,5,3,46.0,44.845935097139424
6,42,107,3,40.05,36.90310926851842
1,23,17,0,75.7,54.46495734825621
6,47,107,3,45.8,38.58087882003617
6,45,5,3,57.9,42.223590313323285
1,23,17,0,61.2,48.32957033143428
6,47,107,3,47.1,41.994861841094696
1,23,17,0,60.5,28.122850795075973
6,45,5,3,58.35,47.06129821279566
6,39,107,3,41.4,48.66794038227457
6,46,5,3,32.95,28.18449555116579
1,23,17,0,68.8,45.349635871572445
6,46,5,3,40.85,47.69009055183378
6,39,107,3,57.55,49.127626486637084
1,23,17,0,65.9,45.043721450444814
6,32,5,3,36.5,27.25802634087802
6,27,107,3,48.7,43.70366719527995
1,23,17,0,60.85,37.1756499252995
6,32,5,3,46.25,38.03858844024467
1,23,17,0,48.45,29.173663321203723
6,27,107,3,58.45,43.05623617647286
6,28,5,3,53.25,35.61028089278654
1,19,17,0,75.55,34.71762027983394
6,31,107,3,50.9,39.74510893444031
6,28,5,3,48.1,39.88259084652825
1,19,17,0,47.65,26.780344323874235
6,36,5,3,58.3,42.167710270699835
6,31,107,3,66.8,63.010107793992276
1,19,17,0,60.7,39.57152085980389
6,36,5,3,36.45,30.48809085873575
1,19,17,0,61.4,37.87847604337351
6,41,107,3,52.7,61.36096822127753
6,47,5,3,48.05,43.8951801694134
1,19,17,0,59.95,31.82431212304931
6,41,107,3,50.1,41.05695658728891
6,47,5,3,54.9,44.91617924417366
1,19,17,0,56.7,34.38344154722705
6,37,107,3,50.95,43.9826221663918
6,32,5,3,47.25,45.154559133340186
1,19,17,0,64.45,38.52746798679721
6,37,107,3,68.2,53.65543088223125
1,19,17,0,58.05,32.15501106891592
6,32,5,3,73.65,56.92679971960297
6,38,107,3,54.9,40.74296839559203
1,19,17,0,65.8,41.92675317239515
6,36,5,3,52.5,45.94332893559423
6,38,107,3,38.55,33.6834724425715
1,19,17,0,60.5,31.383032626597853
6,36,5,3,49.35,44.82395388746137
6,31,107,3,46.5,31.506891476728
1,16,17,0,58.65,37.82963889528115
6,47,5,3,44.55,39.00671332233115
6,31,107,3,43.05,42.48649940368055
1,16,17,0,60.25,39.131189606246316
6,47,5,3,65.1,54.37191612549529
1,16,17,0,66.4,49.025664600020306
6,41,107,3,59.05,48.31309618683007
6,46,5,3,51.3,43.21074427792966
6,41,107,3,50.7,26.252017466332592
1,16,17,0,77.4,47.363543608538144
6,35,107,3,44.3,45.32235419165342
6,46,5,3,70.75,45.74399586715984
1,16,17,0,64.4,38.738529711522695
6,35,107,3,42.55,38.37553359821031
6,45,5,3,29.8,39.538921530429654
1,16,17,0,60.1,32.15079601208229
7,11,107,3,44.45,44.217732808646375
6,45,5,3,63.3,38.784288734377725
1,16,17,0,73.65,51.656023238748304
7,11,107,3,54.9,39.42067317644653
1,16,17,0,52.75,35.90172990994049
6,29,5,3,67.45,38.67200129564704
7,3,107,3,60.9,75.17621404337103
6,29,5,3,53.3,36.02499132546738
1,16,17,0,72.9,49.032642188648175
7,22,5,3,41.2,44.950967438801705
1,16,17,0,61.8,27.427608065788863
7,3,107,3,91.0,76.43917430494035
1,12,17,0,67.3,32.945089882536685
7,22,5,3,77.75,69.19147726646533
1,12,17,0,71.7,50.85904152914364
7,15,107,3,72.1,73.75271627468874
7,12,5,3,80.75,76.29987583627891
1,12,17,0,63.95,37.87302192159591
7,15,107,3,60.75,55.35519278641394
1,12,17,0,70.85,31.40780157858872
7,12,5,3,67.4,54.102631514946715
1,12,17,0,39.15,26.290432520315505
7,13,107,3,56.65,59.53881971144187
7,5,5,3,46.45,48.7954646296257
1,12,17,0,65.55,51.200817222096425
7,13,107,3,49.8,38.77953882627986
7,5,5,3,65.95,57.49093750093872
7,8,107,3,45.35,53.48612707491246
1,12,17,0,86.7,37.997368329925166
7,3,5,3,54.45,51.35682704578356
1,12,17,0,61.85,36.7269799007702
7,8,107,3,64.35,56.20289840812202
7,3,5,3,46.65,31.794198411527518
1,12,17,0,61.5,38.178941564000546
1,12,17,0,55.15,28.870445642195186
7,23,5,3,64.4,69.62183565520232
7,3,107,3,82.4,73.82226165452718
1,12,17,0,53.2,34.72690447962273
7,3,107,3,50.0,46.36922754540876
1,12,17,0,53.65,38.76552320649993
7,23,5,3,87.05,73.87434210233369
7,8,5,3,32.7,36.03083474791527
1,12,17,0,67.7,38.112161341299746
7,15,107,3,91.35,57.148260552798334
1,12,17,0,39.95,33.90617860167113
7,8,5,3,56.6,46.64919472425063
1,12,17,0,64.4,31.873764165929057
7,15,107,3,68.85,70.06183359230465
7,2,5,3,70.45,64.71677159991674
1,12,17,0,57.15,27.96289835139638
7,3,107,3,59.8,49.507681487985174
1,12,17,0,65.35,28.601205348174066
7,3,107,3,46.9,40.834582866667525
1,12,17,0,61.35,33.78924618713381
7,2,5,3,105.0,66.50207752987477
1,12,17,0,70.0,56.49312953103702
7,13,107,3,71.05,66.38839070991729
7,4,5,3,74.0,71.07742257566744
1,12,17,0,54.65,27.151184911625187
7,13,107,3,50.4,40.169902322903134
1,6,17,0,55.05,36.927346876920645
7,4,5,3,74.95,72.68712692803749
1,6,17,0,47.1,35.273219303034985
7,1,107,3,74.6,64.03239311802311
7,0,5,3,60.9,43.52240802161571
1,6,17,0,71.1,44.99228003955673
7,1,107,3,43.6,35.792383782616454
7,0,5,3,71.65,83.80948005666434
1,6,17,0,83.1,37.474061204490425
1,6,17,0,58.55,44.44449524850897
7,16,107,3,97.55,96.18429404561138
1,6,17,0,44.25,35.92810804048024
7,10,5,3,87.65,83.57617074136307
7,16,107,3,54.2,54.85540802394677
1,6,17,0,62.7,29.467377144725212
7,10,5,3,85.3,67.26311259367553
7,10,107,3,70.7,49.526282230538435
1,6,17,0,70.75,47.88898895526919
7,10,107,3,41.8,40.29836094355255
1,6,17,0,61.0,24.054762084613696
7,0,5,3,73.2,57.13658612206553
7,5,107,3,53.45,48.39255597387072
1,6,17,0,70.2,35.46770213499659
1,4,17,0,54.9,34.87556828437201
7,0,5,3,81.15,64.35450746901064
7,5,107,3,67.9,64.56975012789616
1,4,17,0,59.85,36.076344487474714
7,6,5,3,49.4,59.00704685838267
1,4,17,0,69.15,38.05712465284398
7,6,5,3,60.45,43.51826597745148
7,14,107,3,78.6,77.77727986473874
1,4,17,0,73.4,34.224337293187936
7,5,5,3,55.1,54.71158830391275
7,14,107,3,66.75,61.35905972654988
1,4,17,0,53.2,33.43902542019775
7,5,5,3,67.9,50.209980136056195
1,4,17,0,66.45,53.48041943700418
7,10,107,3,73.1,48.32227338674328
7,22,5,3,47.2,54.41806975435157
1,4,17,0,71.7,41.330630924673514
7,22,5,3,67.45,57.5074137097031
1,4,17,0,69.9,38.315724407116534
7,10,107,3,99.65,89.6204129707771
7,14,5,3,62.15,62.99981202979477
7,19,107,3,41.55,41.93538262362076
1,4,17,0,74.2,49.91424224554919
1,4,17,0,42.85,22.88478004907928
7,19,107,3,77.5,56.213409151385335
1,15,17,0,69.95,34.98943449551292
7,14,5,3,84.85,100.46904472208554
1,15,17,0,63.85,29.896796167024846
7,11,5,3,58.95,49.47032603384312
7,12,107,3,73.95,58.29911527720865
1,15,17,0,69.45,40.04533615002403
7,12,107,3,64.05,50.93388387228868
1,15,17,0,57.65,33.109507300535455
7,11,5,3,90.8,91.00005783688155
1,15,17,0,66.25,45.76470140552479
7,1,107,3,93.5,50.17285909207969
7,11,5,3,67.15,60.556433010435555
1,15,17,0,62.75,25.12468905280223
7,11,5,3,47.7,43.88633644217514
1,15,17,0,79.15,37.59237744683439
7,1,107,3,101.45,81.0201242057539
1,15,17,0,73.4,54.78513052202933
7,16,5,3,85.35,98.58326696917582
7,16,107,3,44.7,39.93297015328509
1,15,17,0,54.35,36.40745296747559
7,16,5,3,65.55,41.5824798632663
1,15,17,0,63.9,36.09330015099027
7,15,5,3,44.85,47.39895068791913
7,16,107,3,99.8,73.43496944128258
1,12,17,0,72.4,34.94416599150858
7,15,5,3,66.9,72.7518493163395
1,12,17,0,53.6,31.688284403246772
7,19,107,3,72.3,55.45040458302403
1,12,17,0,49.05,33.74279650220879
7,17,5,3,78.45,76.47392056325992
7,19,107,3,67.95,48.41539011512764
1,12,17,0,56.45,40.89843003034919
1,12,17,0,62.35,45.91786144846034
8,36,107,4,46.9,47.124582924302615
7,17,5,3,77.7,65.20259923782503
1,12,17,0,59.15,30.849848587873765
8,36,107,4,39.6,38.41107296491195
8,34,5,4,45.15,43.362941976324734
1,12,17,0,56.55,31.610249836672317
8,37,107,4,64.6,50.89349043267766
8,34,5,4,40.75,40.996630156764425
1,12,17,0,45.7,41.54401597291594
1,12,17,0,49.25,33.69503321200166
8,24,5,4,60.5,41.42526561868913
8,37,107,4,64.25,51.00141896890816
1,12,17,0,64.05,52.228722688614646
8,36,107,4,40.0,30.126050975333975
8,24,5,4,52.2,40.53146925538229
2,28,17,1,47.4,33.68960483122665
8,36,107,4,50.6,43.735328366989776
8,37,5,4,63.75,55.423607928295986
2,28,17,1,60.75,48.70412821582127
8,37,5,4,31.65,35.456830683314934
8,42,107,4,52.6,42.66811949280905
2,28,17,1,50.9,35.78135356799537
8,28,5,4,50.75,51.18580703774498
2,28,17,1,61.2,47.59765584674589
8,42,107,4,58.85,47.11941716197486
8,28,5,4,46.2,50.27252048375408
2,28,17,1,74.8,39.122748800208434
8,35,107,4,53.3,46.11438866671944
8,44,5,4,41.95,47.04250597513969
2,28,17,1,60.2,35.19808607236897
8,35,107,4,43.6,51.942680959526506
2,28,17,1,52.0,29.806392814823784
8,44,5,4,67.95,48.18765402050612
8,46,107,4,51.7,34.3574093747967
2,28,17,1,44.95,35.87914656028954
8,25,5,4,44.7,51.17164099484463
8,46,107,4,42.85,50.19569597820955
2,28,17,1,64.25,41.70053009886464
8,29,107,4,32.95,34.044050411504394
8,25,5,4,60.35,42.463947556783545
2,28,17,1,52.3,41.69576527784642
8,29,107,4,44.2,36.78615300125278
8,31,5,4,48.8,39.6611967332781
2,28,17,1,69.25,51.961397615010924
8,31,5,4,32.45,35.820421990520266
8,33,107,4,55.3,46.585631396725525
2,28,17,1,40.35,30.105559899163232
8,33,107,4,28.8,32.77772028937371
8,37,5,4,51.4,41.48607883184557
2,28,17,1,59.7,47.48085486748705
8,31,107,4,47.15,42.66426459795376
2,28,17,1,51.45,33.792672827731536
8,37,5,4,60.9,36.61017977500103
8,31,107,4,47.8,32.65223454914888
2,28,17,1,57.05,37.7756187033522
8,42,5,4,42.95,44.994122423174105
8,42,107,4,46.25,40.33266274634649
2,28,17,1,55.05,40.694594235598416
8,42,5,4,60.6,65.28754213396869
8,42,107,4,62.1,54.443500409526436
2,28,17,1,73.15,41.255653520074326
8,32,5,4,34.75,28.310078175727263
8,41,107,4,48.15,35.05825978207373
2,28,17,1,61.75,48.820697724590026
8,32,5,4,56.65,53.09304147090821
2,28,17,1,58.0,40.53718241188868
8,41,107,4,59.75,50.5276110031358
8,42,5,4,54.55,43.53035843251418
2,28,17,1,54.5,37.533844376565135
8,45,107,4,44.2,33.7227082635956
2,25,17,1,33.9,32.45871872167217
8,45,107,4,30.2,30.339482700374372
8,42,5,4,70.05,62.05979713995713
2,25,17,1,51.45,31.611914809051616
8,40,5,4,39.4,35.94352295066892
8,39,107,4,40.4,42.87975844393863
2,25,17,1,41.45,25.487819588352806
8,39,107,4,36.05,37.629041136363085
8,40,5,4,48.1,45.70719164881006
2,25,17,1,53.3,30.866606039878317
8,29,107,4,45.5,28.631046821680535
2,25,17,1,51.8,34.38420690099637
8,34,5,4,50.9,49.356810440324296
8,29,107,4,50.25,50.312575596543404
8,34,5,4,57.8,45.28924584792381
2,25,17,1,87.75,31.994859784527556
8,30,107,4,55.4,48.207228110577596
8,26,5,4,48.3,42.77739196302055
2,25,17,1,56.55,37.07811810361016
8,26,5,4,26.85,37.61896917919553
8,30,107,4,39.65,36.848587775552964
2,25,17,1,57.9,45.69567525315831
8,30,5,4,52.75,48.515732662606204
8,40,107,4,49.6,38.92016119401898
2,25,17,1,54.75,44.06797978243685
2,25,17,1,52.95,32.77270205521663
8,40,107,4,48.35,39.35034942665693
8,30,5,4,70.05,57.26620662356317
8,41,107,4,29.4,35.02690695060464
2,42,17,1,49.7,39.91319528545337
8,24,5,4,47.35,46.140831329631176
8,41,107,4,39.55,37.017030220099905
2,42,17,1,56.55,30.732247764060133
8,24,5,4,54.55,48.256414899444906
2,42,17,1,68.0,51.16022303560288
8,25,107,4,64.2,44.245249521990026
8,32,5,4,46.2,45.19850952363247
8,25,107,4,26.35,21.967140532119664
2,42,17,1,46.55,37.039772364879695
2,42,17,1,42.45,27.217399620560062
8,32,5,4,56.25,48.88964479745228
8,44,107,4,53.05,46.6007397727592
2,42,17,1,54.9,44.62345382844034
8,25,5,4,62.45,50.91321305081712
8,44,107,4,62.3,52.11838750181623
2,42,17,1,58.05,39.06199525989693
8,25,5,4,48.7,37.11163812351223
2,42,17,1,57.1,45.226796900673136
8,44,107,4,57.85,44.23534547704679
8,27,5,4,53.9,50.24246474007714
2,42,17,1,66.45,35.7483529248846
8,44,107,4,46.2,38.908259169216855
2,42,17,1,49.8,49.20483502130338
8,27,5,4,53.75,45.87382581316761
8,25,5,4,35.6,34.70385994002457
2,27,17,1,58.4,41.43657169318199
9,6,107,4,104.7,81.24887043749237
2,27,17,1,45.15,29.28674030845251
8,25,5,4,43.35,44.38382232537579
2,27,17,1,46.3,29.140494523131064
9,6,107,4,57.95,71.40136737596762
2,27,17,1,42.55,30.264578914006144
9,21,5,4,79.45,77.52247551856374
2,27,17,1,55.5,38.31929567532043
2,27,17,1,32.05,29.904189109818535
9,16,107,4,71.35,82.72928266657651
9,21,5,4,78.9,66.46162327554943
2,27,17,1,65.85,52.65905730061519
9,16,107,4,69.6,64.33988694916691
9,21,5,4,69.8,50.06585137280909
2,27,17,1,59.55,40.27598866766519
2,27,17,1,51.9,35.29410268317536
9,0,107,4,78.55,58.8695927229705
9,21,5,4,60.65,55.033267450840945
2,27,17,1,57.15,38.730207169190585
2,40,17,1,45.05,36.72153390902372
9,0,107,4,88.6,62.295053448973995
9,15,5,4,79.25,98.93265918103879
2,40,17,1,60.4,43.81348026157679
9,2,107,4,43.65,42.94338378058156
2,40,17,1,40.05,35.7792574427963
9,15,5,4,63.65,56.46356533665153
2,40,17,1,45.35,37.93106628442818
9,11,5,4,46.75,36.135527058415434
9,2,107,4,66.7,63.85847839682601
2,40,17,1,52.85,29.590672427926375
2,40,17,1,55.8,35.67189664885112
9,11,5,4,68.15,69.48174694043564
9,9,107,4,76.45,78.19306403484835
2,40,17,1,71.8,37.953711419653224
9,15,5,4,58.8,38.46748456061369
2,40,17,1,63.55,47.4701845483313
9,9,107,4,81.6,72.69069295381124
9,15,5,4,82.65,73.59224429960423
2,40,17,1,59.0,30.995755227212378
9,10,107,4,49.35,70.28833473628465
2,40,17,1,58.4,37.5337041519808
9,3,5,4,60.65,55.035180136269005
2,27,17,1,45.3,28.573266858155517
9,10,107,4,55.6,84.69909587537084
9,3,5,4,51.2,42.83210797619246
2,27,17,1,46.8,29.62324833817627
2,27,17,1,56.95,42.22056744987535
9,2,107,4,71.3,82.89759059415292
9,1,5,4,97.2,90.68139715219259
2,27,17,1,68.1,39.60847862449867
9,2,107,4,65.25,55.97262018635822
2,27,17,1,49.2,36.75036698706845
9,1,5,4,74.2,60.849771871734276
9,6,107,4,73.7,74.0320698644922
2,27,17,1,69.9,52.94376361067617
2,27,17,1,40.75,27.835749448657225
9,11,5,4,61.05,81.59558489087637
9,6,107,4,50.0,55.51386739981471
2,27,17,1,59.25,47.66536312780238
9,4,107,4,70.35,53.87927538292877
2,27,17,1,66.5,45.49204673115372
9,11,5,4,114.15,97.71401612546903
2,27,17,1,66.55,30.474277332651685
9,4,107,4,61.45,61.6786877804302
2,43,17,1,51.25,39.52863718742068
9,4,5,4,67.75,56.67810772014926
9,9,107,4,74.95,53.97414098192617
2,43,17,1,46.9,27.50483211135244
9,4,5,4,59.15,52.64206342940276
2,43,17,1,54.85,42.16792869618232
9,9,107,4,61.4,56.03326079918492
9,16,5,4,47.8,51.216362517009
2,43,17,1,66.8,39.410925549034985
9,19,107,4,63.05,48.049837066375815
9,16,5,4,63.45,52.974149604460756
2,43,17,1,60.55,41.53688912153554
2,43,17,1,65.6,37.63732749615243
9,19,107,4,74.2,70.12740285779124
9,22,5,4,70.1,80.3511372860266
2,43,17,1,49.85,34.43112881650771
2,43,17,1,46.95,38.35495576296429
9,22,5,4,66.25,84.83846880674876
9,4,107,4,84.95,73.12820393340941
2,43,17,1,62.1,62.22615797911764
2,43,17,1,41.0,36.621822657219596
9,6,5,4,69.95,65.55710648378492
9,4,107,4,75.65,70.61852671777764
2,33,17,1,50.35,42.595125740419
2,33,17,1,45.05,36.03576439857317
9,6,5,4,68.65,90.20694044951951
9,8,107,4,76.9,68.80934759020371
2,33,17,1,50.0,39.12732253069526
2,33,17,1,53.7,35.39863214722762
9,18,5,4,81.35,61.20223164145844
9,8,107,4,69.55,51.125722231419
2,33,17,1,49.2,34.97457723306429
9,18,5,4,48.15,49.07059897953689
9,3,107,4,72.05,53.62881688047946
2,33,17,1,51.2,39.54690752431652
9,4,5,4,55.65,44.81455942929826
9,3,107,4,42.55,45.51052509845213
2,33,17,1,64.15,48.68618630414694
2,33,17,1,45.0,31.363740378442042
9,4,5,4,74.35,73.34365756671232
2,33,17,1,59.9,28.574740409559006
9,22,107,4,103.3,91.25043619218025
2,33,17,1,53.1,51.63525927116083
9,19,5,4,90.25,53.61743137607789
2,24,17,1,36.8,39.24632064551435
2,24,17,1,46.35,43.10119671070325
9,22,107,4,96.5,83.29244610976056
9,19,5,4,77.65,81.88199146525315
2,24,17,1,60.45,44.1891568028557
9,18,107,4,62.4,60.16766048651927
2,24,17,1,61.4,46.18201974111159
9,17,5,4,93.95,100.19111999731209
9,18,107,4,67.0,42.49086589151281
2,24,17,1,55.5,29.33383173420285
2,24,17,1,55.8,38.81345398861477
9,5,107,4,52.7,59.19201582005891
9,17,5,4,64.05,82.16701540796423
2,24,17,1,56.1,46.57184602423725
9,12,5,4,47.55,54.8140156874998
2,24,17,1,50.2,38.83243354126602
9,5,107,4,72.0,76.29444347567625
2,24,17,1,61.65,43.98836568672987
9,12,5,4,95.5,48.95164101329736
9,21,107,4,72.4,67.73508769657833
2,24,17,1,48.35,37.37896256058029
2,39,17,1,56.15,34.415839376659115
9,21,107,4,52.25,50.810147142392516
9,21,5,4,77.15,97.46053182267114
2,39,17,1,59.9,46.23498333740942
9,20,107,4,55.35,39.89496076870915
2,39,17,1,45.6,43.20136450086782
9,21,5,4,65.45,75.98716996967318
9,20,107,4,46.5,40.735992103195166
2,39,17,1,61.25,41.69043181910158
9,7,5,4,56.4,54.878238425003936
2,39,17,1,52.1,25.68001475651322
9,14,107,4,68.15,73.40247737107057
2,39,17,1,63.7,40.584025895600064
9,7,5,4,82.05,79.35892812837261
9,14,107,4,75.7,65.23568606860898
2,39,17,1,46.15,39.77340423210624
10,37,107,5,32.7,33.68757384524667
2,39,17,1,50.1,40.16007443901677
9,16,5,4,74.15,77.96103952751352
2,39,17,1,39.8,34.32445805912501
10,37,107,5,49.1,41.23603431849126
9,16,5,4,63.35,38.90781953608595
10,35,107,5,46.05,36.72010061905719
2,39,17,1,76.35,44.700494522167375
2,34,17,1,48.55,35.486802587648505
10,41,5,5,56.1,44.02738382320472
10,35,107,5,62.05,43.300024310191304
2,34,17,1,50.7,36.07754805532397
10,41,5,5,59.15,47.88613138422615
10,30,107,5,49.15,49.294256097546764
2,34,17,1,59.3,40.80776499896222
10,26,5,5,48.95,41.21634193017696
10,30,107,5,34.35,29.8068784007987
2,34,17,1,44.0,39.729347498185504
2,34,17,1,44.35,30.434182651817853
10,26,5,5,43.5,31.93496681168086
10,45,107,5,58.95,54.364728309911804
10,26,5,5,30.5,32.47590199711651
2,34,17,1,54.45,47.59420022163249
10,45,107,5,42.85,44.098305254462886
2,34,17,1,62.7,42.279894437950176
10,26,5,5,52.05,45.64332544737223
10,41,107,5,39.45,30.682542610621955
2,34,17,1,70.65,58.43959994819663
10,35,5,5,51.7,49.58575771752462
10,41,107,5,46.15,35.635988609978625
2,34,17,1,51.85,39.342323533983496
10,35,5,5,56.95,49.31795338733948
10,30,107,5,47.1,43.57679247151244
2,34,17,1,49.1,38.755508946267376
10,29,5,5,29.55,39.67297237215918
10,30,107,5,33.65,49.38173005432166
2,29,17,1,43.9,30.619739075515184
10,29,5,5,43.15,41.824539510473485
10,29,107,5,44.9,36.519497315961594
2,29,17,1,60.85,61.79105283555473
10,35,5,5,65.7,56.3009769009384
2,29,17,1,61.35,40.33318471771953
10,29,107,5,51.35,37.81015597345298
2,29,17,1,43.85,36.12882651378478
10,36,107,5,37.25,30.90200981370493
10,35,5,5,60.0,55.59060882445599
2,29,17,1,64.1,41.30744803492337
10,36,107,5,51.55,45.77918971024187
10,31,5,5,48.4,36.989899047969125
2,29,17,1,70.9,40.315727634967004
10,41,107,5,44.15,39.08866439532728
10,31,5,5,47.3,39.41426404902565
10,41,107,5,35.95,45.97879946236091
2,29,17,1,62.35,43.01930411240736
10,31,5,5,45.95,46.88561107968829
10,37,107,5,35.55,36.97719781020104
2,29,17,1,54.2,40.50159191153381
10,31,5,5,51.4,36.947188483592434
2,29,17,1,56.85,38.25024939719176
10,37,107,5,52.35,38.166222321783295
10,30,5,5,42.0,48.52563077493443
2,29,17,1,61.15,40.965036439948584
10,46,107,5,36.1,40.781703844016285
10,30,5,5,39.5,36.04748330510161
2,30,17,1,48.7,44.496126383741476
10,46,107,5,60.3,49.84196076230929
2,30,17,1,54.15,34.50442382011175
10,39,5,5,49.55,45.725122658176254
2,30,17,1,33.65,32.193943529800755
10,24,107,5,42.55,35.99338389496779
10,39,5,5,37.4,31.3660896343068
2,30,17,1,53.8,37.72420694293896
10,24,107,5,38.35,31.238092468213093
10,45,107,5,32.95,35.087072143154764
10,29,5,5,63.95,62.00634517616132
2,30,17,1,70.6,52.44586181056263
10,45,107,5,44.4,30.709847554849652
10,29,5,5,44.85,41.311748042364286
2,30,17,1,67.85,63.54631547561445
10,39,107,5,30.0,38.849236258834445
10,31,5,5,51.85,46.78874696019613
2,30,17,1,57.7,50.638138321146634
10,39,107,5,51.7,45.90619726538478
10,31,5,5,52.0,42.28848294126527
2,30,17,1,56.7,38.60201794561632
10,40,107,5,43.2,44.96384512495626
10,24,5,5,33.05,33.348991936157454
2,30,17,1,53.8,35.31154574863432
10,40,107,5,40.0,39.91570064391626
10,24,5,5,41.95,37.160356635306364
2,30,17,1,50.3,41.56174860816639
2,42,17,1,50.3,32.70618805122519
10,36,5,5,39.45,33.290547101478964
10,39,107,5,62.85,43.42843477916768
10,39,107,5,35.45,31.87223672232952
2,42,17,1,80.35,52.62506407046981
10,36,5,5,63.65,51.19958367429419
2,42,17,1,40.1,29.88733229277828
10,44,107,5,45.2,48.007236296647044
10,24,5,5,40.15,37.94493933389052
2,42,17,1,64.25,47.96147028166409
10,44,107,5,33.85,35.06576528092381
10,24,5,5,58.0,52.38521285931546
2,42,17,1,50.25,37.6058156196758
10,32,107,5,39.65,33.00602018452169
10,25,5,5,42.75,39.54061868908717
2,42,17,1,57.7,49.48375597368452
10,32,107,5,46.1,38.89648881461235
10,25,5,5,46.95,33.6522072475429
2,42,17,1,47.75,43.24942956727564
10,26,107,5,31.05,31.759747778396612
2,42,17,1,59.0,49.62384825655376
10,37,5,5,53.15,51.32689353545566
10,26,107,5,48.75,33.357513159864396
2,42,17,1,47.3,40.78325249671152
10,37,5,5,50.5,38.0671152460742
10,28,107,5,44.25,35.976417714649514
2,42,17,1,61.05,43.74624795941151
10,45,5,5,36.9,35.41914439217418
10,28,107,5,55.0,43.85262399878653
2,38,17,1,46.55,37.8688526364346
10,45,5,5,56.75,48.51898705932718
2,38,17,1,55.1,37.3432161104756
11,12,107,5,61.7,70.16979407123839
10,40,5,5,55.6,42.87362089235119
2,38,17,1,62.3,52.11636776938398
2,38,17,1,43.35,29.17149834666491
11,12,107,5,71.55,75.30742257398563
10,40,5,5,53.0,55.230616985794924
2,38,17,1,51.65,49.76182747532702
2,38,17,1,58.15,34.8504700564841
10,46,5,5,70.95,63.37812589612652
11,21,107,5,78.1,82.29081933829814
10,46,5,5,22.95,24.11480218062189
2,38,17,1,59.55,44.02448481422463
2,38,17,1,40.25,26.959765343348614
11,21,107,5,68.35,57.64434970256477
2,38,17,1,67.5,45.69751807149636
11,23,5,5,80.8,106.59989137942526
11,16,107,5,54.0,59.303856269394934
2,38,17,1,52.4,34.82648719762468
11,23,5,5,58.3,60.57452999578722
2,27,17,1,61.9,50.476570906969464
11,16,107,5,79.05,66.69843760499468
11,11,5,5,37.6,39.12920567609449
2,27,17,1,58.75,39.90630473865924
11,3,107,5,56.45,72.31690127851382
11,11,5,5,56.55,73.88716504166835
2,27,17,1,59.3,44.285081246991425
2,27,17,1,48.25,30.391957038525486
11,3,107,5,57.75,63.72628557890543
11,1,5,5,55.25,36.591449964798
2,27,17,1,50.55,38.17752852412694
11,2,107,5,34.0,38.317235368901414
11,1,5,5,54.6,47.202140897030915
2,27,17,1,59.45,47.61299579338663
2,27,17,1,45.95,37.311596899059346
11,2,107,5,68.3,64.54627063302402
11,15,5,5,67.35,60.55295637964994
2,27,17,1,59.8,31.003565160019566
11,4,107,5,56.4,52.75504465775861
11,15,5,5,51.95,58.57202044446963
2,27,17,1,61.45,49.02896565994647
11,4,107,5,72.55,55.94308668073671
2,27,17,1,55.8,45.560370591348935
11,0,5,5,72.35,77.46189215893261
2,35,17,1,53.3,35.36441863318493
11,11,107,5,66.1,71.10252049718513
2,35,17,1,54.0,39.766423287148065
11,0,5,5,96.0,88.1511859191206
2,35,17,1,71.1,32.44574418609432
11,11,107,5,88.7,64.92838159728075
2,35,17,1,42.0,34.566488182387836
2,35,17,1,52.2,35.601005308100056
11,1,5,5,94.4,93.68277940953041
11,14,107,5,76.95,60.12922487618251
2,35,17,1,62.1,52.79344058139281
11,1,5,5,69.35,77.66952596197491
11,14,107,5,56.2,52.923579462824456
2,35,17,1,56.4,35.220209509523606
2,35,17,1,53.55,39.3920577087097
11,8,5,5,56.7,55.033100087703204
11,17,107,5,63.4,74.26510124653365
2,35,17,1,66.5,40.67392802585744
11,8,5,5,62.25,46.72188149600052
11,17,107,5,62.1,56.984670145390396
2,35,17,1,59.7,46.335277000756584
2,35,17,1,53.2,39.404247700496775
11,8,5,5,69.1,69.75287204047399
2,35,17,1,57.0,54.44456379029764
11,12,107,5,88.7,83.27007423533315
11,8,5,5,57.1,73.12347164394725
2,35,17,1,50.75,42.07121155975025
11,12,107,5,54.7,45.66940701215755
11,22,5,5,41.7,41.218416936326435
2,35,17,1,48.05,32.12553501500014
2,35,17,1,63.45,42.63612873707239
11,1,107,5,67.85,74.99633324369933
2,35,17,1,51.0,35.003759196616826
11,22,5,5,98.6,114.0468047961473
11,1,107,5,57.55,44.50011827305394
2,35,17,1,53.3,30.39234668205312
2,35,17,1,56.4,43.05614449700958
11,21,5,5,84.0,63.93335345663112
2,35,17,1,47.9,31.21386331676832
11,10,107,5,87.05,78.7016183876933
11,21,5,5,62.7,62.89682445335209
2,35,17,1,60.95,45.90318759714784
11,10,107,5,65.2,68.424064711028
2,44,17,1,54.85,30.755872353268188
11,23,5,5,41.85,49.70891585811819
2,44,17,1,55.95,29.858393865218645
11,17,107,5,70.55,77.10995225547805
11,23,5,5,74.45,56.25363146172502
2,44,17,1,62.95,53.38092996764412
11,21,5,5,44.85,43.65326900401437
11,17,107,5,73.1,48.770029623465305
2,44,17,1,54.6,42.24041467101084
2,44,17,1,41.1,26.826734505163433
11,21,5,5,47.7,55.25738816998521
2,44,17,1,52.65,42.2701524657019
11,18,107,5,74.85,66.18814888355452
11,23,5,5,44.4,46.287886331659514
2,44,17,1,49.05,41.658353556671344
11,18,107,5,50.8,42.07086753011925
11,23,5,5,63.4,55.471566922542436
2,44,17,1,57.15,41.43514272488486
11,12,107,5,54.1,46.25546909342323
2,44,17,1,51.8,46.26195435833457
11,21,5,5,54.1,59.76436185025672
2,44,17,1,49.2,34.590232877595895
11,12,107,5,65.6,64.16459098943984
3,7,17,1,59.3,42.77370072467673
11,21,5,5,85.85,74.21042273229052
11,0,107,5,66.45,53.40064557070843
3,7,17,1,61.55,55.87059767185712
11,9,5,5,46.8,62.373746163961606
3,7,17,1,72.8,55.81605126616687
11,0,107,5,80.05,70.46572515097415
11,9,5,5,65.45,61.96134193783123
11,20,107,5,35.15,33.7393647960673
3,7,17,1,69.65,83.77053558130655
11,3,5,5,73.95,84.28864879560872
3,7,17,1,73.3,50.96758515804046
11,20,107,5,69.0,61.113354557438235
3,7,17,1,57.45,52.904556564280526
11,3,5,5,70.2,72.20190987414172
11,10,107,5,76.2,73.08941891884717
11,8,5,5,66.85,74.68127011013642
3,7,17,1,89.25,83.16494390509045
11,10,107,5,72.7,70.91143475453988
3,7,17,1,66.05,51.50112415737819
11,8,5,5,62.35,47.24546761887659
11,0,107,5,52.7,42.2948298445442
3,7,17,1,53.7,44.95740674296763
11,4,5,5,70.55,74.10268480113822
3,7,17,1,60.9,46.47908414715047
11,0,107,5,60.8,70.53673921402498
11,4,5,5,61.35,44.8122105070294
3,20,17,1,77.2,62.390620077734525
11,12,107,5,53.1,100.62274515289903
3,20,17,1,59.85,58.81843159024934
11,12,107,5,36.55,42.54591946541871
11,2,5,5,86.75,80.40023239034232
3,20,17,1,78.15,44.506977572416424
12,38,107,6,57.05,58.87406273698032
11,2,5,5,81.6,78.32550166150432
3,20,17,1,82.55,45.340205232512076
12,38,107,6,53.3,47.889236237054575
3,20,17,1,65.8,42.47178630077792
11,6,5,5,75.1,69.32828085504349
12,27,107,6,40.65,41.153467590676264
3,20,17,1,84.25,59.93494279984801
11,6,5,5,48.9,73.27590255149946
12,27,107,6,51.35,54.304477861309685
3,20,17,1,57.35,43.37022383836027
12,28,5,6,37.85,31.355810340433923
12,25,107,6,31.95,30.36354289015209
12,28,5,6,46.95,46.01770254335195
3,20,17,1,69.85,57.637044922240946
12,25,107,6,44.45,49.10190799165601
12,40,5,6,39.4,32.27415456106602
12,46,107,6,48.85,33.33289034793365
3,20,17,1,78.75,58.926247390945804
12,40,5,6,54.05,42.3897641567296
12,46,107,6,36.9,25.172875962244092
3,20,17,1,57.95,43.14903792304309
12,35,5,6,44.3,47.625844377098225
12,43,107,6,40.0,36.28106654267049
3,5,17,1,57.45,53.83842787256583
12,35,5,6,37.75,35.01559802806683
12,43,107,6,52.7,40.39945283631554
3,5,17,1,71.45,35.541636072877154
3,5,17,1,37.95,38.36593198193034
12,37,107,6,41.5,39.50016655527844
12,41,5,6,65.8,48.83118072017423
12,37,107,6,25.0,26.431639732475332
3,5,17,1,78.95,39.950594488693156
12,41,5,6,40.1,37.47546565842497
12,38,107,6,44.9,36.62742716944
3,5,17,1,53.9,48.81641225308511
12,33,5,6,34.9,43.81528212129212
12,38,107,6,54.0,45.51344509274733
12,33,5,6,41.95,43.14415859711058
3,5,17,1,74.55,58.179825586393406
3,5,17,1,52.55,41.58627683566577
12,44,107,6,36.5,39.85566062945797
12,26,5,6,56.7,69.9398990111096
3,5,17,1,52.45,42.73846412529905
12,44,107,6,43.65,48.84915018384876
12,26,5,6,44.65,46.35364631089759
3,5,17,1,57.45,37.31441798385289
12,36,107,6,37.95,41.34129450777936
3,5,17,1,55.45,43.38745270964382
12,36,5,6,49.25,54.26724804637062
12,36,107,6,35.05,35.8233605053286
3,23,17,1,59.5,55.49727352240876
12,36,5,6,43.05,46.469542940001375
12,37,107,6,45.6,32.830345397929776
12,31,5,6,26.1,22.407470558769127
3,23,17,1,64.8,46.42549208990115
12,37,107,6,48.85,45.048833152713875
12,31,5,6,39.85,40.40489157463357
3,23,17,1,56.3,38.179768685026175
12,30,107,6,34.1,32.997448067197084
3,23,17,1,55.05,40.96272374784306
12,29,5,6,50.35,36.02816880398477
12,30,107,6,41.8,32.21898753677304
12,29,5,6,25.9,33.768406286911066
3,23,17,1,56.0,50.93235968574296
12,27,107,6,46.6,40.70096339219296
12,24,5,6,45.75,31.54591474093128
3,23,17,1,74.2,42.1296245314137
12,27,107,6,52.65,50.01502405856611
12,24,5,6,43.3,44.6861570464383
12,25,107,6,34.5,34.49408797552354
3,23,17,1,84.7,83.68179076276486
12,40,5,6,57.75,45.26864256855953
12,25,107,6,28.15,35.04174202591142
3,23,17,1,57.3,52.65288516111414
12,40,5,6,54.7,43.02398351959912
12,29,107,6,35.5,41.72655345410036
3,23,17,1,50.9,64.91768066680983
12,29,107,6,35.15,31.342379246670237
12,46,5,6,58.95,44.96838070420031
3,23,17,1,68.85,59.55826426370452
12,41,107,6,51.6,44.29969704066538
12,46,5,6,51.0,44.995906246539455
3,5,17,1,74.25,62.69884159091064
12,41,107,6,41.25,33.17556964172027
12,36,5,6,31.85,31.313819044599057
3,5,17,1,54.75,32.6091285249682
12,36,5,6,33.2,32.91232371971901
12,33,107,6,50.6,51.493893352819796
3,5,17,1,52.25,57.65402711090755
12,30,5,6,57.6,60.86343643548925
3,5,17,1,63.25,52.63466438324502
12,33,107,6,60.85,48.00907260749346
12,30,5,6,54.15,38.753302066438565
12,43,107,6,42.9,50.96531328163045
3,5,17,1,89.55,74.25948459713129
12,42,5,6,51.55,46.873261371265265
12,43,107,6,47.9,31.459079519441225
3,5,17,1,72.45,50.64684226661073
12,42,5,6,40.05,44.76191402708804
12,33,107,6,38.9,45.531828081256
12,32,5,6,33.9,28.18715646307169
12,33,107,6,25.25,23.90083680543424
3,5,17,1,96.3,59.88067081155742
12,39,107,6,26.2,28.717498791540066
12,32,5,6,52.05,59.4938961928913
3,5,17,1,59.45,48.36318195095369
12,39,107,6,49.15,37.050854099112
12,30,5,6,29.3,36.21005966651576
3,5,17,1,66.25,43.62263415391505
12,45,107,6,41.65,35.064264309677846
12,30,5,6,37.55,40.614328557918164
3,5,17,1,73.35,74.89309925346576
12,45,107,6,32.15,35.72302073630274
12,47,5,6,54.85,52.00635082675758
3,17,17,1,46.05,32.354085400537336
13,19,107,6,65.8,54.050268999768804
12,47,5,6,63.1,60.06391332747581
3,17,17,1,92.65,61.49905861496025
12,46,5,6,52.0,34.77900152920467
13,19,107,6,59.3,80.34144240938828
3,17,17,1,88.7,75.73158973777406
12,46,5,6,35.65,56.0415963933558
13,4,107,6,57.45,62.66827872133347
12,37,5,6,38.1,36.68916375228665
3,17,17,1,88.75,57.32903645669122
13,4,107,6,56.35,48.3226818269368
12,37,5,6,46.5,41.93164864269871
3,17,17,1,76.6,51.01743767937018
13,3,107,6,68.7,74.52382169481112
3,17,17,1,51.05,44.06511330436262
13,21,5,6,85.6,67.59352195681414
3,17,17,1,77.6,66.6818052987075
13,3,107,6,73.9,52.8910498845952
13,21,5,6,69.2,104.34285590756737
3,17,17,1,70.1,42.950277249273654
13,11,107,6,53.15,51.68658076888959
3,17,17,1,69.2,43.87374229716328
13,11,107,6,53.65,52.95407642973594
13,14,5,6,107.25,73.56835346518874
3,17,17,1,71.8,38.38804638508136
13,14,5,6,38.9,46.880475118842604
13,11,107,6,75.2,76.6472439165297
3,6,17,1,68.7,55.4902551900118
13,11,107,6,45.4,62.70263991756311
3,6,17,1,66.75,41.761068498127095
13,7,5,6,77.9,78.51241939973573
3,6,17,1,74.1,47.88132258649064
13,6,107,6,53.7,46.49176497538371
13,7,5,6,96.1,73.93660157615834
13,6,107,6,67.7,68.35826673913658
3,6,17,1,110.9,96.65178953880073
13,8,5,6,74.7,74.25000443026747
13,11,107,6,64.55,70.13706505647953
3,6,17,1,76.15,48.33248335610763
13,8,5,6,70.5,76.68561932022402
3,6,17,1,59.7,39.436958353941634
13,11,107,6,79.3,66.72417694864198
3,6,17,1,60.5,51.752955674556716
13,11,5,6,75.25,71.31020079092545
3,6,17,1,57.4,53.62678042682936
13,0,107,6,66.25,56.39043871923119
3,6,17,1,33.65,35.369143554650485
13,11,5,6,65.05,52.46199125381907
3,6,17,1,64.45,50.37801838939386
13,0,107,6,83.9,62.56777378003371
13,15,5,6,82.35,65.64519864592656
3,0,17,1,80.3,56.709880323589026
13,23,107,6,53.6,52.982022770389825
3,0,17,1,53.9,51.58222868187719
13,23,107,6,37.85,50.39765554279808
13,15,5,6,79.95,67.63561425602249
3,0,17,1,78.6,48.516302197790885
13,14,107,6,60.4,57.04697971616763
13,15,5,6,55.2,52.61738756042731
3,0,17,1,58.3,47.856254059752516
13,15,5,6,48.6,64.29733562458908
3,0,17,1,54.6,43.88309829295869
13,14,107,6,72.95,53.48632387914937
3,0,17,1,80.65,64.65884154138307
13,17,107,6,51.9,58.87086671154435
13,18,5,6,69.85,70.0896230775847
13,17,107,6,28.35,27.98171395374975
3,0,17,1,59.35,39.69392768090407
13,18,5,6,58.1,73.61056846318797
3,0,17,1,75.95,40.27990879621724
13,12,107,6,74.7,75.23723882003618
13,2,5,6,71.25,67.423933748375
3,0,17,1,95.5,61.51379819537282
13,12,107,6,68.15,55.87700308431197
13,2,5,6,53.0,58.77074101966045
13,17,107,6,42.15,44.470303515231855
3,0,17,1,80.2,55.72167677984839
13,21,5,6,66.75,50.21519480668859
3,8,17,1,66.95,53.489275855810085
13,17,107,6,49.05,67.36270637768583
13,21,5,6,56.25,67.91703530198093
3,8,17,1,64.7,43.79509705795603
13,13,107,6,52.3,71.84493535971833
3,8,17,1,67.75,47.44844847998609
13,13,5,6,68.6,59.81321804276693
13,13,107,6,52.5,66.67872697929188
3,8,17,1,68.45,62.359294246706874
13,13,5,6,56.1,59.46418647963
3,8,17,1,30.55,32.76145842136361
13,1,107,6,67.1,72.94980249603508
3,8,17,1,56.6,49.254868848299225
13,5,5,6,90.7,80.16437061306895
3,8,17,1,54.8,47.00123178677006
13,1,107,6,67.0,53.86826035509417
13,5,5,6,67.2,69.5349968682942
3,8,17,1,90.35,47.576282237885586
13,13,107,6,70.95,66.77335979975373
3,8,17,1,58.9,41.01848107223967
13,12,5,6,55.4,77.59096529066281
13,13,107,6,77.4,91.97905940169782
3,8,17,1,77.8,53.74364099471138
13,12,5,6,71.9,52.7295981998326
3,2,17,1,61.15,47.94544597220558
13,0,107,6,57.2,58.590101553078064
3,2,17,1,69.5,55.89228362145398
13,8,5,6,80.5,84.52747918187377
13,0,107,6,61.45,66.22408132521296
13,8,5,6,45.0,51.52924565617798
3,2,17,1,87.0,63.018794189135605
13,5,107,6,48.85,52.1024042277877
3,2,17,1,75.05,55.93744156127497
13,5,107,6,51.45,41.14093236412458
13,23,5,6,72.05,53.54238360500271
3,2,17,1,58.15,44.83452029994651
13,20,107,6,34.85,55.682629815391216
13,23,5,6,63.15,71.9468188097438
3,2,17,1,54.75,36.71637380329324
13,20,107,6,53.6,46.97636583824275
3,2,17,1,56.25,50.24767603947889
13,7,5,6,90.35,90.9761536135475
13,13,107,6,62.1,81.61649730035556
3,2,17,1,67.2,55.56844996559601
3,2,17,1,55.0,51.46281232726773
13,7,5,6,52.4,43.03902757657103
13,13,107,6,44.35,42.064205310703926
3,2,17,1,54.6,44.03037229243612
13,4,5,6,55.3,59.496218367220614
14,41,107,7,57.45,57.18619174517385
3,10,17,1,71.1,42.164964253824714
14,41,107,7,50.35,54.307385365741546
3,10,17,1,60.95,39.07950735023206
13,4,5,6,72.95,72.54942054250077
14,29,107,7,30.15,32.90700613291308
3,10,17,1,63.3,45.82472327420968
13,19,5,6,67.75,72.00941093466808
14,29,107,7,27.7,29.748241876400733
3,10,17,1,74.85,52.374436311499984
14,27,107,7,30.05,33.02546864084397
13,19,5,6,55.1,53.025217436711436
3,10,17,1,71.4,46.31857647117179
14,27,107,7,37.1,39.11911633917482
13,19,5,6,68.75,57.899072804138655
14,38,107,7,22.15,27.756981103859257
3,10,17,1,66.6,40.42068256409543
14,38,107,7,17.25,22.040333840245562
3,10,17,1,57.35,40.055586376933746
13,19,5,6,50.15,63.83224313117858
14,35,107,7,26.65,34.90027145121397
3,10,17,1,66.15,46.67612372847373
14,35,107,7,35.65,36.788549419908534
13,0,5,6,56.3,77.45429891912154
3,10,17,1,55.25,37.615611260835784
14,26,107,7,32.45,26.138245823636332
3,10,17,1,66.95,41.80213416863584
14,26,107,7,33.4,37.004124947874324
13,0,5,6,97.1,78.27139021581124
3,8,17,1,53.9,41.34056246911933
14,31,107,7,39.1,35.09220936183324
14,37,5,7,53.7,56.2308212918671
3,8,17,1,69.3,47.26309342393915
14,31,107,7,26.35,22.558170418533035
14,37,5,7,38.65,38.51763095955984
3,8,17,1,64.25,66.09791381372271
14,41,107,7,44.8,37.15628444401042
14,44,5,7,42.55,45.31814438529357
14,41,107,7,31.6,41.92524675883821
3,8,17,1,73.6,41.53299259244644
14,37,107,7,27.1,30.207876282083852
14,44,5,7,41.9,54.48698540887877
3,8,17,1,54.3,41.25415449573406
14,37,107,7,34.9,25.776161977994114
14,27,5,7,38.8,30.865753463055224
3,8,17,1,60.15,40.638683930203094
14,29,107,7,28.3,36.344984450909344
3,8,17,1,49.25,63.71306979857347
14,27,5,7,38.25,33.382748459898295
14,29,107,7,51.1,39.35653493519549
14,25,5,7,40.1,43.78884741454994
3,8,17,1,71.9,48.43106875810849
14,25,5,7,36.1,36.466134253145356
14,27,107,7,35.5,30.15835399668678
3,8,17,1,68.5,34.17216472664943
14,25,5,7,35.35,49.26969283016637
14,27,107,7,37.8,34.420923869065454
14,36,107,7,29.65,41.847184398777216
3,8,17,1,100.75,65.4031022924271
14,25,5,7,48.8,43.27829162889623
14,36,107,7,41.15,37.301439227207474
3,4,17,1,64.4,41.94407303967862
14,40,5,7,35.7,38.74763150656336
14,27,107,7,26.0,25.164720501025574
3,4,17,1,58.45,66.48028991639869
14,40,5,7,29.85,32.688763561167235
14,27,107,7,29.7,23.346587714155078
14,39,5,7,47.9,50.963247851554236
3,4,17,1,83.35,56.08947269647327
14,33,107,7,37.2,35.67779790230746
14,39,5,7,32.75,36.51369606051954
3,4,17,1,74.15,57.71917039926117
14,33,107,7,47.1,38.66441312247301
14,40,5,7,44.7,42.31597931353069
3,4,17,1,55.0,31.3486338156109
14,34,107,7,40.55,42.68424459729966
14,40,5,7,33.2,32.107713452656434
3,4,17,1,58.45,46.46274682049333
14,28,5,7,23.6,26.416502019521218
14,34,107,7,37.55,38.17477122255924
3,4,17,1,71.65,40.60758938658479
14,28,5,7,47.85,44.328053372435306
14,28,107,7,53.35,45.34345539731639
3,4,17,1,52.85,42.635881849125994
14,28,107,7,34.35,29.151645254644404
14,27,5,7,53.8,45.01882647117875
3,4,17,1,51.15,65.66443802434183
14,41,107,7,37.65,33.867038780936745
14,27,5,7,41.2,51.92261448287097
3,4,17,1,94.15,71.10353829377787
14,41,107,7,32.85,34.88367888614358
14,41,5,7,30.65,34.40666245151703
3,16,17,1,74.3,51.99908906084697
14,36,107,7,44.85,53.68257092439437
14,41,5,7,52.3,33.557648747695126
3,16,17,1,57.35,35.717126954652116
14,36,107,7,26.55,32.56487452196889
14,47,5,7,35.85,35.7436413189373
14,47,107,7,21.9,23.590586882773483
3,16,17,1,82.7,64.12085628347704
14,47,5,7,44.25,55.13989385859246
14,47,107,7,41.95,46.418547790160005
14,30,5,7,27.25,26.419440609241956
3,16,17,1,55.15,52.74693805031919
14,29,107,7,39.7,33.774951790062595
14,30,5,7,40.4,40.6543841100615
3,16,17,1,67.2,56.596075742702205
14,29,107,7,45.75,35.56443374170916
3,16,17,1,55.0,42.94182110716777
14,44,5,7,49.55,49.36808579170193
14,44,5,7,53.8,40.884432759979234
3,16,17,1,95.75,71.97943785334955
15,21,107,7,92.4,93.71872811770335
14,30,5,7,39.15,30.164941309581994
3,16,17,1,85.1,49.36107565150585
14,30,5,7,26.45,27.13993949494865
15,21,107,7,84.25,72.51923519787154
14,34,5,7,47.7,41.15452267785529
3,16,17,1,81.7,72.96437486883582
15,17,107,7,47.65,41.31302203269187
3,16,17,1,59.3,34.95726714598539
14,34,5,7,59.5,53.852136741070424
14,30,5,7,38.05,41.32983502456664
3,8,17,1,83.25,62.27601971528806
15,17,107,7,85.85,91.61606099139466
14,30,5,7,32.0,34.25139259558423
3,8,17,1,53.45,42.68917649092899
3,8,17,1,50.1,34.822708864067124
15,18,107,7,50.9,61.9897275021392
14,36,5,7,47.95,49.08046561783168
3,8,17,1,47.6,25.762886402526288
14,36,5,7,42.3,49.8419607623093
15,18,107,7,60.2,67.65360689804935
3,8,17,1,63.45,47.49678659490665
14,42,5,7,36.3,37.230576002442994
15,6,107,7,35.8,34.38267617642105
3,8,17,1,49.4,44.24858011400211
14,42,5,7,50.45,45.752739348532316
15,6,107,7,43.3,43.39427563509658
3,8,17,1,88.8,83.56126022581466
14,35,5,7,54.65,46.86405310773077
15,1,107,7,51.8,65.59091721460092
3,8,17,1,63.3,68.40521679090365
14,35,5,7,37.65,45.05350620154475
3,8,17,1,74.3,55.473179863881306
15,1,107,7,82.6,75.96287181733483
15,22,5,7,82.4,53.54230988077019
3,8,17,1,72.65,52.42967721273496
15,0,107,7,60.6,50.18009670440221
3,1,17,1,50.55,38.5370293559188
15,22,5,7,54.95,67.35332992979322
3,1,17,1,66.4,66.71810296432217
15,0,107,7,66.4,76.74935281743251
15,4,5,7,64.6,75.45957439862123
3,1,17,1,47.5,45.93760069806363
15,0,107,7,54.25,67.14624651499614
3,1,17,1,66.0,40.73405403215763
15,4,5,7,70.9,85.58277003179899
15,0,107,7,46.15,46.965020578029524
3,1,17,1,83.9,55.508083811468865
15,20,5,7,43.25,46.61587147833032
15,23,107,7,69.4,53.12190548262801
3,1,17,1,84.45,52.22670722310972
15,20,5,7,42.55,39.830529153296204
3,1,17,1,70.25,70.59810270299874
15,23,107,7,63.9,74.96658904928388
15,13,5,7,82.05,78.16815544910722
3,1,17,1,66.55,49.90251022058699
15,1,107,7,86.8,84.35863291547832
15,13,5,7,80.55,67.568659038126
3,1,17,1,85.0,55.39903096245409
15,7,5,7,39.1,49.1709156653445
15,1,107,7,48.55,47.61189037691276
3,1,17,1,93.85,59.04973372193628
3,7,17,1,46.25,49.64174283381826
15,7,5,7,63.05,61.79292669451483
15,1,107,7,82.25,72.41246984790453
3,7,17,1,80.7,72.01176804413362
15,7,5,7,68.5,51.08352293831617
15,1,107,7,49.55,59.931957031989285
3,7,17,1,73.45,53.05754076075283
15,7,5,7,61.8,72.19316194473649
3,7,17,1,63.25,48.76352713809132
15,11,107,7,74.3,79.91251795755024
3,7,17,1,72.5,34.844768541875005
15,1,5,7,72.0,110.40213575355943
15,11,107,7,94.55,86.3075742239408
3,7,17,1,84.6,65.84783095976103
15,1,5,7,79.15,58.09092238171034
3,7,17,1,60.25,47.0306451045206
15,13,107,7,54.9,59.103744649378584
15,16,5,7,56.95,56.736208618668314
3,7,17,1,84.95,55.94308668073671
15,13,107,7,73.15,64.30132600744552
3,7,17,1,54.5,38.925705212825484
3,7,17,1,46.0,37.59619241639406
15,16,5,7,105.9,97.63675968663269
15,18,107,7,67.7,68.68547689899303
3,1,17,1,45.85,47.45443798224279
15,10,5,7,48.8,54.6111613808791
3,1,17,1,60.85,67.09716050153256
15,18,107,7,77.7,80.35454331634863
15,10,5,7,38.3,30.50470196716013
3,1,17,1,64.35,64.63523155288249
15,22,107,7,54.4,62.3237726038704
3,1,17,1,64.45,44.205828384477705
15,21,5,7,90.8,105.25537865991508
15,22,107,7,44.0,34.52535300326414
3,1,17,1,91.75,60.19081500134647
15,21,5,7,79.1,78.45743062994501
3,1,17,1,61.0,54.00194928255636
15,10,107,7,92.55,74.66026562474778
15,17,5,7,48.95,44.01850687345518
3,1,17,1,84.8,43.95643776573156
15,10,107,7,38.75,41.75980817661125
3,1,17,1,71.5,54.681373717006664
15,17,5,7,72.7,60.16914754082421
15,5,107,7,54.3,64.7221592249273
3,1,17,1,87.5,66.81120296855357
15,5,107,7,48.6,75.73874764436526
15,13,5,7,63.4,78.945284183014
3,1,17,1,62.25,42.05119060834006
15,13,5,7,59.45,50.28285780933383
15,9,107,7,58.7,82.85059476329411
3,16,17,1,68.4,63.01829308349993
15,9,107,7,53.1,60.67679691785425
3,16,17,1,60.5,52.83589290385248
15,19,5,7,70.3,73.43317764435479
3,16,17,1,69.8,41.87902376582993
15,19,5,7,44.15,45.59117527721669
15,20,107,7,84.8,71.35795607174326
3,16,17,1,72.2,58.89651942177908
15,12,5,7,53.6,54.28424216444788
15,20,107,7,56.6,44.60752827659663
15,12,5,7,53.2,71.22137467450565
3,16,17,1,89.6,66.90794933496711
15,12,107,7,60.1,56.52563461316514
3,16,17,1,78.8,64.54586292747686
15,13,5,7,70.55,73.06844304089867
15,12,107,7,77.3,74.34634454610678
3,16,17,1,76.65,55.81857359244087
15,13,5,7,50.35,59.33781522595413
3,16,17,1,50.0,45.57353802834548
15,20,107,7,66.85,67.37036284208128
3,16,17,1,53.4,40.849402495147054
15,3,5,7,71.75,48.00644145375318
3,16,17,1,64.45,59.02049153516625
15,20,107,7,52.7,47.591573778735686
15,3,5,7,57.8,43.162605647896065
16,35,107,8,26.85,34.28406872617444
3,17,17,1,76.45,46.05200149944911
15,18,5,7,73.05,64.7240905284643
16,35,107,8,32.35,41.75527070417515
3,17,17,1,82.0,44.27545357727783
16,45,107,8,36.7,35.47734636726876
15,18,5,7,47.95,51.008229470196376
3,17,17,1,50.8,42.133372196295646
16,45,107,8,39.2,39.88747330072174
3,17,17,1,72.4,45.844588729636065
15,4,5,7,61.55,66.99683810292449
16,29,107,8,37.8,35.43355531280008
3,17,17,1,63.0,47.65004003974681
16,29,107,8,30.4,31.356020155625618
3,17,17,1,49.3,56.26824850191877
15,4,5,7,80.25,81.47190345531138
16,41,107,8,40.1,42.279645469807704
3,17,17,1,71.55,46.027994913850776
15,20,5,7,49.4,48.426178218419274
16,41,107,8,36.85,41.40337514846115
3,17,17,1,64.95,51.412137620768526
15,20,5,7,60.25,70.89419469960332
16,33,107,8,42.4,49.277303412209434
3,17,17,1,68.3,49.22568862954211
15,19,5,7,50.7,42.80691041114003
16,33,107,8,34.3,42.907611887574646
3,17,17,1,52.9,35.33434291838019
4,46,17,2,34.95,25.73237772064398
16,41,107,8,31.1,32.67044374869803
15,19,5,7,61.4,73.91346291441094
4,46,17,2,51.95,32.08783176483605
16,40,5,8,34.4,46.19797215873168
16,41,107,8,61.85,48.436909588931414
4,46,17,2,56.55,58.20876674793745
16,40,5,8,27.85,28.727897682621293
4,46,17,2,44.65,38.940271401752014
16,36,107,8,35.5,30.412082086600144
4,46,17,2,39.9,31.343428758127107
16,32,5,8,49.2,47.323745013526384
16,36,107,8,41.7,44.1040635435402
4,46,17,2,54.5,36.59378722075504
16,37,107,8,25.45,23.168660774962007
16,32,5,8,47.6,42.99008453610033
4,46,17,2,58.75,54.39898896119301
16,37,107,8,43.35,43.06332546378647
4,46,17,2,68.15,53.47333324584369
16,47,5,8,58.25,65.91292102383824
16,33,107,8,27.8,24.30204669743292
4,46,17,2,48.15,34.46016006316493
16,47,5,8,19.9,22.844785193262723
16,33,107,8,16.9,27.845249051442188
4,46,17,2,53.8,39.14695659340986
16,41,5,8,32.75,36.202464295302214
16,35,107,8,31.8,36.84905197666484
4,34,17,2,54.45,35.735099949784
16,41,5,8,45.05,41.43539676729496
4,34,17,2,38.1,38.48294222256483
16,35,107,8,36.55,43.35225969949699
4,34,17,2,28.2,24.590541613435548
16,26,5,8,28.2,33.45790756977143
16,35,107,8,34.7,26.925042149211986
4,34,17,2,52.35,28.999591648667636
16,26,5,8,32.6,38.39599759843398
4,34,17,2,48.45,47.80164608484788
16,35,107,8,37.9,51.5893705902169
16,44,5,8,46.65,62.754555297016616
16,29,107,8,21.4,27.454076487645214
4,34,17,2,53.05,50.687354386837384
16,29,107,8,20.85,17.11655093146612
16,44,5,8,43.5,45.71939586099904
4,34,17,2,49.7,38.348951814399804
4,34,17,2,46.55,37.79511942872491
16,36,107,8,29.1,39.96432619751085
16,35,5,8,50.95,44.80657259117708
16,36,107,8,24.1,22.547960579967967
4,34,17,2,59.05,40.4403068862321
16,35,5,8,37.5,35.51500794697481
4,34,17,2,48.25,45.614950226987276
16,42,107,8,37.5,30.455316708080275
16,40,5,8,33.4,29.037906260610455
4,30,17,2,62.85,36.76851484912773
16,42,107,8,30.3,34.193104875875655
16,40,5,8,39.4,32.889608021219615
4,30,17,2,44.8,38.59042695580834
16,34,107,8,31.9,29.19787302996032
16,38,5,8,40.9,48.16845440742313
4,30,17,2,58.25,43.97711725551441
16,34,107,8,38.15,44.351793412976754
16,38,5,8,43.25,42.1611881885898
4,30,17,2,63.25,62.593824312828694
16,38,107,8,30.65,34.97107827604796
4,30,17,2,56.65,41.19565000030183
16,36,5,8,51.1,50.62857524737337
16,38,107,8,39.1,50.96841126980927
4,30,17,2,48.55,45.10744482840242
16,29,107,8,27.55,24.976778689098612
16,36,5,8,44.85,41.35885954856462
4,30,17,2,68.2,51.425572176536946
16,29,107,8,19.25,20.120361511872023
16,26,5,8,26.05,24.377459390096206
16,39,107,8,24.35,33.18572140639944
4,30,17,2,61.2,28.51703092244315
16,26,5,8,35.1,40.95298973727135
4,30,17,2,36.75,30.334755123802346
16,39,107,8,40.35,37.45070444141064
16,39,5,8,27.9,48.352760765898466
4,30,17,2,47.85,40.7111455061271
16,33,107,8,42.2,37.497508689174765
4,28,17,2,51.8,31.568805388931185
16,39,5,8,48.9,55.57536372019151
4,28,17,2,38.15,33.66284067195256
16,33,107,8,46.85,35.139234332490574
4,28,17,2,41.05,31.1523843811606
16,37,5,8,54.2,37.487682187479585
16,47,107,8,36.05,41.27886549848609
4,28,17,2,61.4,52.787957159305115
16,37,5,8,43.7,44.7191234261138
16,47,107,8,26.35,29.11009049146108
4,28,17,2,39.9,44.80589716825936
16,32,5,8,48.65,37.40007739930071
4,28,17,2,53.8,37.211486624993974
17,23,107,8,55.45,60.31974015719547
16,32,5,8,18.35,23.613722593797913
4,28,17,2,44.5,37.42571589864803
4,28,17,2,52.25,36.926491702755676
16,35,5,8,44.9,55.920902786176946
17,23,107,8,59.4,70.33259332777746
4,28,17,2,39.7,39.741400923576165
16,35,5,8,32.9,30.789437696785086
4,28,17,2,60.2,40.57948665079569
16,31,5,8,35.05,36.47129368637607
17,10,107,8,67.1,69.68417474955355
4,45,17,2,45.3,37.59493246926267
16,31,5,8,37.65,31.848779204894264
4,45,17,2,56.5,44.5474318475322
16,39,5,8,25.7,34.308354054001725
4,45,17,2,41.15,32.20701950294622
17,10,107,8,84.0,88.43016870300602
4,45,17,2,52.0,40.20997519600277
16,39,5,8,43.95,46.64927934232098
4,45,17,2,57.3,40.741934946169344
17,4,107,8,72.15,58.30254576007178
16,27,5,8,40.95,34.67969981051405
4,45,17,2,55.6,29.476841936108347
17,4,107,8,42.6,39.531999030765206
16,27,5,8,50.55,48.91827233683802
4,45,17,2,37.45,42.988952069107235
16,32,5,8,39.95,32.22041686815822
17,18,107,8,52.95,60.252516872523124
4,45,17,2,64.0,43.69632045210022
4,45,17,2,48.7,48.72381888066441
16,32,5,8,34.3,49.302610158297426
17,18,107,8,54.5,89.05498006110723
4,45,17,2,47.9,31.81674501198849
16,24,5,8,36.45,30.788711191638164
4,34,17,2,44.2,41.767023002918414
17,11,107,8,52.65,55.07819799827189
16,24,5,8,44.75,43.9747236010583
4,34,17,2,56.85,48.614785491875345
4,34,17,2,43.3,47.99024023585145
17,11,107,8,58.75,69.69019790623733
17,15,5,8,58.2,72.02382646699193
4,34,17,2,69.4,40.76427744716535
17,22,107,8,54.4,59.228727027204954
17,15,5,8,54.95,64.5057932934791
4,34,17,2,64.95,29.50731399072726
17,22,107,8,46.8,46.448160124458845
4,34,17,2,48.5,38.621646507462216
17,4,5,8,75.7,92.56241137740525
4,34,17,2,53.35,39.81176102346483
17,16,107,8,54.15,47.687883267412026
4,34,17,2,47.1,28.291527465228693
17,4,5,8,48.65,58.47921358100356
17,16,107,8,47.05,43.947905764127505
4,34,17,2,50.2,37.10241870396336
17,4,5,8,38.0,53.21456072997512
4,34,17,2,44.55,44.215352180221885
17,20,107,8,50.75,67.53235092200353
4,28,17,2,59.3,38.80328255240921
17,4,5,8,54.5,60.440923745074365
4,28,17,2,46.35,37.653929689378124
17,20,107,8,57.75,59.43760549827375
17,7,5,8,47.7,72.32972745479006
4,28,17,2,45.4,42.37601108869821
4,28,17,2,49.45,37.63603396522512
17,21,107,8,91.25,58.900339557595075
17,7,5,8,68.8,80.81727277598131
4,28,17,2,56.5,45.4272118773249
4,28,17,2,53.3,52.04866144191162
17,21,107,8,75.85,62.22224597952762
17,19,5,8,75.45,60.64779685328969
4,28,17,2,41.6,27.311844355613612
4,28,17,2,59.45,35.160496673337676
17,19,5,8,55.8,55.097616721788
17,9,107,8,67.3,63.878255916605674
4,28,17,2,64.05,45.476975088036525
17,21,5,8,57.55,45.86303981478584
17,9,107,8,48.9,58.41674237300197
4,28,17,2,49.05,40.795349322144425
4,25,17,2,51.7,48.598353881587386
17,16,107,8,44.1,39.459372844270575
17,21,5,8,45.95,59.548719549625915
4,25,17,2,45.55,28.546315090798636
4,25,17,2,53.95,34.23675310478338
17,16,107,8,59.25,63.34357027147145
17,7,5,8,82.35,71.78203484379493
4,25,17,2,64.2,55.01157772878839
17,21,107,8,46.7,44.18156319457008
4,25,17,2,59.25,35.32536735757136
17,7,5,8,67.3,87.8258444159145
17,21,107,8,56.85,61.85830582872441
4,25,17,2,51.95,44.18081865291888
4,25,17,2,43.85,40.49857047509598
17,4,5,8,77.6,70.50524429915984
17,9,107,8,76.15,81.50768449403374
4,25,17,2,66.3,43.877940747151364
17,4,5,8,53.35,79.28116189599487
4,25,17,2,46.1,34.523676086510775
17,9,107,8,35.05,54.07935202819532
4,25,17,2,44.15,31.934595990126937
4,27,17,2,41.7,35.295892112255785
17,12,107,8,57.3,65.25746579591689
17,8,5,8,96.2,76.37552652932469
4,27,17,2,37.5,39.64646396922628
4,27,17,2,54.65,36.76422030639086
17,12,107,8,70.75,68.77643032624658
17,8,5,8,73.05,67.44781608574768
4,27,17,2,43.4,42.169332832983585
4,27,17,2,68.9,46.4110921406102
17,18,5,8,63.45,65.04368977039486
17,5,107,8,64.55,108.30584131595994
4,27,17,2,47.1,30.197420593923514
4,27,17,2,39.3,30.317790504135218
17,18,5,8,68.5,74.12897721645628
4,27,17,2,52.6,36.488498548389046
17,5,107,8,87.35,85.89974266244157
4,27,17,2,40.65,45.374784326006214
4,27,17,2,42.25,33.080245337345175
17,14,5,8,82.05,86.76372938528003
17,13,107,8,57.25,68.05715477295149
4,26,17,2,53.35,35.809841340644134
17,13,107,8,46.85,54.34807409554396
17,14,5,8,62.35,49.07596152904189
4,26,17,2,57.35,31.504845074335705
17,4,5,8,32.05,51.23780984677953
4,26,17,2,62.15,40.56998501614866
4,26,17,2,46.1,29.611342065961285
17,0,107,8,84.25,96.89434017472195
17,4,5,8,50.65,56.109174594572416
4,26,17,2,65.5,39.392091111100754
17,0,107,8,60.25,40.92724610432774
17,11,5,8,46.1,73.06370688076191
4,26,17,2,45.1,38.67257970516877
4,26,17,2,47.45,35.12904780946959
17,11,5,8,68.85,59.431760957642126
4,26,17,2,46.85,37.31131477884846
17,23,107,8,77.0,76.37924766377455
4,26,17,2,49.8,34.49576633062153
17,23,107,8,45.7,46.45099285098333
4,26,17,2,53.75,40.618734334631455
17,4,5,8,93.45,121.01956127224358
4,30,17,2,38.55,38.904031721796215
17,7,107,8,73.5,70.51800815170697
4,30,17,2,50.35,38.615888467122744
4,30,17,2,45.5,37.06537609768931
17,4,5,8,85.2,83.98095022086854
17,7,107,8,61.5,62.330612568447414
4,30,17,2,51.9,39.87071211065243
17,9,5,8,53.0,58.12961922788543
4,30,17,2,63.75,48.734376713816815
17,18,107,8,74.0,61.515081591085405
4,30,17,2,47.4,36.262783589848844
17,9,5,8,48.55,70.81961889937442
4,30,17,2,51.85,52.982891975667606
4,30,17,2,51.65,39.99904604125611
17,18,107,8,93.9,90.13901544427449
17,5,5,8,82.0,93.43503231207177
4,30,17,2,36.15,30.40303828307469
18,24,107,9,39.9,50.5547124150501
17,5,5,8,52.35,49.69832677475698
4,30,17,2,61.45,38.90132591435332
18,24,107,9,37.4,46.92255657772148
4,40,17,2,56.05,47.110703890439076
17,3,5,8,56.3,75.47122142351941
4,40,17,2,50.7,37.667660288089934
18,34,107,9,33.5,36.68572072705071
4,40,17,2,63.25,42.9796463456832
18,34,107,9,34.85,38.87263277612372
17,3,5,8,84.5,87.48202822956208
4,40,17,2,56.5,37.2735266573165
18,26,107,9,29.4,25.51449536409079
4,40,17,2,40.8,38.63949438483622
17,11,5,8,46.0,59.12342130973495
18,26,107,9,38.6,47.40242054667895
4,40,17,2,49.75,32.78618932609149
17,11,5,8,55.8,61.34595598561875
18,30,107,9,30.0,31.859890639783238
4,40,17,2,48.0,43.68909294212073
4,40,17,2,46.1,30.626613813548026
18,30,107,9,18.6,24.011839185131812
4,40,17,2,39.5,33.262116905762795
18,40,107,9,46.45,43.168549711688556
4,40,17,2,54.7,37.67883672357873
17,11,5,8,111.4,111.50142788795411
18,40,107,9,31.25,38.61261724522589
4,28,17,2,58.2,40.98728942900277
4,28,17,2,43.4,28.50558578687047
18,26,107,9,50.8,40.210760539411524
17,11,5,8,77.3,97.6508819050914
4,28,17,2,55.5,41.86884283091664
18,26,107,9,48.1,54.696194421646254
4,28,17,2,59.15,48.67213079154717
17,19,5,8,65.9,68.38736417604767
4,28,17,2,47.4,38.41381330500239
18,45,107,9,33.05,31.688408971702803
18,45,107,9,18.1,19.72148174213244
17,19,5,8,64.0,55.924761486915806
4,28,17,2,57.15,32.49173984099246
4,28,17,2,43.85,34.06074295323453
18,33,5,9,33.15,38.68533653928701
18,46,107,9,34.55,39.99404560944699
4,28,17,2,43.65,41.76031230978196
18,33,5,9,42.55,44.46107108589787
18,46,107,9,41.45,36.67994576130984
4,28,17,2,61.2,42.30416179601196
18,29,5,9,34.7,41.72352611631653
18,37,107,9,37.0,32.510726974662575
4,28,17,2,55.85,47.17077038746949
4,36,17,2,44.3,26.989471631496762
18,37,107,9,29.35,31.271771363492125
18,29,5,9,43.05,50.68527762990998
4,36,17,2,47.5,36.50018024468833
18,32,107,9,38.15,26.282423584473413
18,25,5,9,40.7,35.52182427747764
4,36,17,2,43.6,43.784640421523456
18,25,5,9,34.6,35.20526276447585
18,32,107,9,44.35,40.26265737562994
4,36,17,2,58.7,34.49347764433154
4,36,17,2,41.35,30.215497940452245
18,42,5,9,28.45,32.43856541704318
18,38,107,9,32.65,27.145368898424994
4,36,17,2,74.4,51.0009287841124
18,38,107,9,31.75,32.84232666929418
18,42,5,9,40.1,39.87335213555935
4,36,17,2,58.0,38.23610858861032
18,25,107,9,30.25,31.282877442022997
18,47,5,9,39.0,33.137671359917476
4,36,17,2,44.15,34.81118241388292
18,47,5,9,33.65,21.349904474086802
18,25,107,9,41.7,47.03649199236023
4,36,17,2,56.45,49.13405400695016
18,27,107,9,33.2,33.09412414057183
18,32,5,9,43.75,44.14077360827336
4,36,17,2,44.1,32.41490885055014
18,27,107,9,22.4,18.5086039736289
4,42,17,2,50.9,48.7980802038251
18,32,5,9,35.1,35.426573433838584
4,42,17,2,60.85,42.32117175773101
18,42,5,9,26.25,32.0211689848746
18,46,107,9,51.5,44.02571019182697
4,42,17,2,57.3,51.96466410734773
18,42,5,9,43.5,47.74879441850917
18,46,107,9,45.55,39.986148917633436
4,42,17,2,34.35,22.56983315004904
18,45,5,9,33.55,33.140013975793515
4,42,17,2,54.4,42.643442144071074
18,45,107,9,32.8,34.74357191587653
18,45,5,9,21.4,36.02835140917716
4,42,17,2,44.1,34.47333065306846
18,45,107,9,33.5,29.761331322796416
4,42,17,2,61.6,35.397591354274525
18,25,5,9,41.95,38.765794743630146
18,27,107,9,33.3,46.44532722516477
4,42,17,2,46.2,46.53645995628758
18,25,5,9,32.85,42.2165781854026
18,27,107,9,35.9,38.74871814518174
4,42,17,2,61.55,29.323019518532032
18,47,5,9,32.7,43.42458677802364
18,25,107,9,23.3,19.37198193811171
4,42,17,2,56.85,42.556804143959965
18,47,5,9,41.25,41.00689929113983
18,25,107,9,31.3,31.481155599735164
4,25,17,2,54.05,51.07731497703416
18,42,5,9,55.3,38.87510365530266
4,25,17,2,60.55,44.430282465903815
18,40,107,9,48.7,37.96549680128552
4,25,17,2,41.7,31.332008183997804
18,42,5,9,38.55,32.876923597915265
18,40,107,9,37.35,26.67400666527148
4,25,17,2,50.2,38.89743598639619
18,33,5,9,32.0,33.056570331860854
18,37,107,9,27.35,30.218981486894346
4,25,17,2,66.65,36.355373164014374
18,33,5,9,17.9,28.380682829959127
18,37,107,9,34.7,40.40466361826643
4,25,17,2,39.5,31.96626511282101
18,36,5,9,26.85,29.78921563957421
4,25,17,2,48.8,30.565890862373475
18,36,107,9,33.55,35.61412345508007
4,25,17,2,36.45,43.19170851228886
18,36,5,9,32.1,36.05536678060855
18,36,107,9,30.3,25.085328066631426
4,25,17,2,52.1,39.22526038959561
18,29,5,9,36.9,45.3789888778821
4,25,17,2,40.95,41.97176369142022
19,12,107,9,31.55,41.94918605320389
18,29,5,9,42.45,47.33139049632697
4,44,17,2,46.35,37.049433549189246
4,44,17,2,45.65,33.786130757737666
19,12,107,9,66.05,63.95596758296824
18,45,5,9,51.5,38.34263807743074
4,44,17,2,41.6,32.470877640384806
4,44,17,2,56.85,45.47211406889651
19,10,107,9,65.85,55.233737782931954
18,45,5,9,49.8,59.761455629421945
4,44,17,2,35.5,31.789604391505428
18,34,5,9,32.5,37.15047637294631
4,44,17,2,49.45,32.17791822123724
19,10,107,9,63.15,70.67514637968198
4,44,17,2,37.55,35.14851947170224
18,34,5,9,51.7,56.48856428284262
4,44,17,2,50.4,25.915652656870883
19,6,107,9,49.75,62.165208580802954
4,44,17,2,46.0,39.60728269024856
18,46,5,9,42.1,54.668281961587
4,44,17,2,47.05,35.489768725796544
19,6,107,9,47.7,55.34779984216556
18,46,5,9,24.3,31.47781173428272
4,37,17,2,57.2,38.755101531757624
18,26,5,9,27.5,30.972823401712734
19,20,107,9,59.7,74.71708041179846
4,37,17,2,51.65,42.06295407199972
18,26,5,9,39.25,43.39278984493064
4,37,17,2,52.95,28.391019706942544
4,37,17,2,32.9,29.026122535979283
18,39,5,9,27.35,24.22107607675161
19,20,107,9,62.1,72.80030364309145
4,37,17,2,44.9,43.574376826174735
18,39,5,9,52.2,52.669375901891385
4,37,17,2,52.85,39.687297450788556
19,7,107,9,59.6,47.85768375858617
18,41,5,9,33.15,38.95108268206756
4,37,17,2,47.65,31.38433232983416
19,7,107,9,37.0,49.00375925429224
18,41,5,9,28.2,29.06001050458027
4,37,17,2,61.45,41.65961694747717
19,2,107,9,28.5,37.187292679652074
4,37,17,2,55.8,44.48962031518671
19,6,5,9,40.55,40.08605873945651
19,2,107,9,34.3,44.884764734408016
4,37,17,2,37.65,30.752449624293945
4,30,17,2,44.25,38.1187548810846
19,6,5,9,69.4,83.85413400348061
4,30,17,2,43.35,30.764427509706724
19,14,107,9,90.7,77.35706683602788
4,30,17,2,47.45,30.994863751069605
4,30,17,2,51.75,32.90956507892819
19,9,5,9,76.15,79.61107764758951
19,14,107,9,52.35,43.48535748719877
4,30,17,2,44.8,40.58597113081783
19,9,5,9,61.05,66.68265378484477
4,30,17,2,53.2,34.38420690099637
19,0,107,9,67.8,95.47973055768655
4,30,17,2,52.9,36.974955962395036
19,15,5,9,71.65,59.99234600303083
4,30,17,2,55.45,54.08519108533169
19,0,107,9,60.8,80.4681041747206
4,30,17,2,48.95,41.0922902232216
19,15,5,9,70.65,87.6964111370345
19,14,107,9,45.4,48.47940419991718
4,30,17,2,60.25,56.533990707035336
4,34,17,2,57.65,54.044109664918004
19,11,5,9,51.95,55.739502197841325
19,14,107,9,58.1,66.76581224107535
4,34,17,2,55.55,36.72440032114028
19,11,5,9,44.4,46.01990416056262
4,34,17,2,52.9,40.4707821832778
19,11,107,9,51.0,43.71919968449367
4,34,17,2,39.6,37.180073893644185
19,11,5,9,64.2,78.18978261424672
19,11,107,9,47.0,45.2536709764203
4,34,17,2,47.5,31.49519595781319
19,11,5,9,40.9,61.89031043964628
4,34,17,2,65.55,42.47163139890214
19,7,107,9,64.05,87.29229483088474
4,34,17,2,42.35,29.693655179090648
19,10,5,9,60.2,65.53954210205751
4,34,17,2,46.4,37.78944436298525
19,7,107,9,67.55,63.49428072047534
4,34,17,2,52.3,36.21587322824358
19,10,5,9,62.3,75.07126438819387
4,34,17,2,51.9,52.60868449420234
19,14,107,9,56.45,64.43966986749373
5,10,17,2,80.85,56.41880518893827
19,20,5,9,56.3,104.94314250056901
19,14,107,9,63.15,58.24654947991159
5,10,17,2,59.4,47.82467982119692
19,20,5,9,50.35,56.08384231149871
19,19,107,9,49.95,50.700851233381414
5,10,17,2,63.9,58.95395170005681
19,15,5,9,69.2,69.69754205437272
5,10,17,2,68.75,50.89915209716687
19,19,107,9,64.1,82.16472543167876
5,10,17,2,66.1,48.48211824450005
19,5,107,9,39.2,44.311813798413425
19,15,5,9,74.45,109.14860705044583
5,10,17,2,80.75,58.79211816132105
19,6,5,9,52.45,62.13861838451867
19,5,107,9,63.3,94.08792080870565
5,10,17,2,63.65,63.82317266025758
19,6,5,9,50.05,51.331200115165416
5,10,17,2,63.55,45.585633701858306
19,8,107,9,46.2,45.9560430709264
5,10,17,2,70.15,54.70040411666367
19,8,107,9,40.1,47.69960829586494
19,22,5,9,76.05,84.45208856599044
5,10,17,2,57.85,58.46751234660152
19,1,107,9,40.0,46.94117259091986
19,22,5,9,54.8,48.54905278494927
5,23,17,2,63.2,59.0981342656789
5,23,17,2,65.15,31.729572790595277
19,1,107,9,77.5,99.53655768505094
19,18,5,9,54.1,65.41277840718408
5,23,17,2,43.35,41.805659400310105
5,23,17,2,48.05,49.567046565870335
19,16,107,9,59.9,62.84475441828646
19,18,5,9,75.4,53.828577813961275
5,23,17,2,57.8,56.484371382943756
19,16,107,9,35.2,32.63449902045057
19,14,5,9,51.65,45.03013610788598
5,23,17,2,43.6,49.0321054863143
19,22,107,9,36.1,36.732174337751196
5,23,17,2,55.95,54.72176032102384
19,22,107,9,49.35,72.57321167367185
19,14,5,9,84.9,86.32795485515503
5,23,17,2,70.85,55.39454181738391
5,23,17,2,38.5,41.21254280204664
19,0,5,9,47.7,79.95334165690177
19,4,107,9,64.55,64.05957342480842
5,23,17,2,79.5,68.01354354290885
19,0,5,9,66.95,79.29457073071536
5,20,17,2,54.85,44.85681899696317
19,4,107,9,75.25,102.78535375902747
5,20,17,2,80.95,49.292334196366845
19,18,5,9,58.65,83.95630129011039
19,6,107,9,42.8,48.50458469920246
5,20,17,2,72.7,59.98166386488458
19,6,107,9,64.4,74.19206937331468
19,18,5,9,84.5,64.44050703841816
5,20,17,2,72.4,62.49833681997592
19,0,5,9,30.25,33.04363144309911
5,20,17,2,49.8,42.35141208110017
19,0,5,9,56.65,62.88692860582145
5,20,17,2,65.0,55.24776728044025
5,20,17,2,54.4,38.784695842290006
19,10,5,9,53.5,45.8607732851921
5,20,17,2,72.4,63.90898133077104
19,10,5,9,59.15,69.48780657898114
5,20,17,2,44.55,38.039418613078894
19,21,5,9,47.45,59.345974900089935
5,20,17,2,65.6,91.2829032242765
5,20,17,2,69.05,47.29913207170763
19,21,5,9,58.6,96.28597755480395
19,7,5,9,36.95,27.963274787515594
5,20,17,2,101.15,109.13356133896812
19,7,5,9,52.3,47.630264593671505
5,20,17,2,63.45,50.26296638155854
5,20,17,2,60.05,47.733332720768395
19,12,5,9,57.75,70.81397052173132
19,12,5,9,33.4,43.525431162651756
5,20,17,2,65.8,58.17903402429436
5,20,17,2,55.55,59.594661541202875
19,22,5,9,84.2,100.14757531815367
5,20,17,2,69.85,58.069173813379
5,20,17,2,76.15,68.01104786414444
19,22,5,9,58.3,84.61000314134817
5,20,17,2,49.35,41.60373844537987
5,20,17,2,50.15,47.84324733741924
5,6,17,2,69.25,95.57024145952326
5,6,17,2,66.7,46.37842057182243
5,6,17,2,48.7,59.628763811471146
5,6,17,2,83.7,96.41418327633183
5,6,17,2,56.25,52.99342064425496
5,6,17,2,49.45,53.472545833303435
5,6,17,2,66.7,40.21926744340591
5,6,17,2,66.9,43.617837973398956
5,6,17,2,71.75,66.75317851687112
5,6,17,2,75.9,95.75511529554521
5,6,17,2,98.85,83.04043086289195
5,6,17,2,70.65,51.42319259674671
5,6,17,2,44.55,42.26542072987898
5,6,17,2,85.7,96.55873587451426
5,6,17,2,82.75,76.029686030489
5,6,17,2,49.95,46.90132418734375
5,6,17,2,56.9,43.35763151425958
5,6,17,2,64.65,45.89493149403434
5,6,17,2,59.6,48.83096515424138
5,6,17,2,65.95,41.4823678459326
5,12,17,2,60.5,71.41760066125525
5,12,17,2,82.5,72.22953179384382
5,12,17,2,84.5,58.255788056683805
5,12,17,2,66.15,40.96632121248148
5,12,17,2,65.45,49.17046075161707
5,12,17,2,62.9,38.92218958518731
5,12,17,2,56.0,58.740284751025676
5,12,17,2,73.3,51.27644375549582
5,12,17,2,65.5,50.84600072251193
5,12,17,2,62.8,48.21508826956667
5,3,17,2,83.75,54.4792331269931
5,3,17,2,75.5,68.60297676524416
5,3,17,2,68.0,55.85224869430528
5,3,17,2,55.3,44.18751907615161
5,3,17,2,74.2,56.304248694504686
5,3,17,2,77.75,62.7810522874202
5,3,17,2,78.55,49.425621951202174
5,3,17,2,68.05,45.712459432505064
5,3,17,2,40.25,47.70399409516544
5,3,17,2,53.1,56.151955489218345
5,4,17,2,77.0,70.24992976209263
5,4,17,2,51.55,39.31716512776844
5,4,17,2,58.75,53.81828587698462
5,4,17,2,62.9,42.09125424848405
5,4,17,2,71.65,39.96350308653345
5,4,17,2,70.3,62.36404159618366
5,4,17,2,41.4,53.4547521396909
5,4,17,2,57.5,55.89510853281115
5,4,17,2,63.6,51.38134004931321
5,4,17,2,64.75,74.17537894817433
5,23,17,2,80.8,71.36164383284844
5,23,17,2,61.45,51.98428406233642
5,23,17,2,66.5,56.751999732909944
5,23,17,2,83.2,59.378004079128935
5,23,17,2,64.45,51.109248313371765
5,23,17,2,59.2,72.84561902081906
5,23,17,2,73.75,52.38006350350846
5,23,17,2,63.6,53.84030968863775
5,23,17,2,60.75,46.870341873816336
5,23,17,2,64.55,54.70540721854988
5,21,17,2,70.1,71.33457123044603
5,21,17,2,55.25,39.49267087234768
5,21,17,2,73.75,70.14411855901427
5,21,17,2,74.7,66.16017246843172
5,21,17,2,77.6,74.6115554758532
5,21,17,2,84.1,67.38178732534404
5,21,17,2,64.65,62.642070107623525
5,21,17,2,43.55,33.5801868274794
5,21,17,2,64.6,40.28373055426249
5,21,17,2,72.2,52.20667430611974
5,1,17,2,55.05,40.41036214167169
5,1,17,2,93.55,70.5157503869283
5,1,17,2,58.9,57.72156397195437
5,1,17,2,65.3,47.27756784197587
5,1,17,2,96.75,65.39344486704266
5,1,17,2,69.3,52.233383154736146
5,1,17,2,86.75,57.979919391385664
5,1,17,2,51.15,40.46346630311296
5,1,17,2,70.65,72.0111650699865
5,1,17,2,63.6,39.46137351892354
5,3,17,2,64.25,61.97781861279082
5,3,17,2,67.95,64.86705026842453
5,3,17,2,68.75,48.38428953373409
5,3,17,2,72.8,52.58536918793647
5,3,17,2,60.45,55.26631695231449
5,3,17,2,57.35,38.89293671498451
5,3,17,2,110.25,65.50361581020185
5,3,17,2,45.1,46.48248113678506
5,3,17,2,63.9,51.22078114449867
5,3,17,2,55.6,45.30179501497648
5,20,17,2,54.05,45.59833214863064
5,20,17,2,69.05,60.03286380676924
5,20,17,2,41.65,46.357052492468426
5,20,17,2,88.75,53.20058863940273
5,20,17,2,63.75,55.48435056747747
5,20,17,2,51.85,45.243522362759
5,20,17,2,56.85,59.607730865613135
5,20,17,2,55.3,48.97593393967243
5,20,17,2,82.75,51.518903020357996
5,20,17,2,56.45,53.84624797562623
5,16,17,2,88.65,54.52211043527011
5,16,17,2,58.45,50.190662792783954
5,16,17,2,59.9,44.20157177486363
5,16,17,2,65.4,46.90460643970012
5,16,17,2,63.5,48.308765686004264
5,16,17,2,55.75,45.440388943850614
5,16,17,2,70.8,64.95229018287192
5,16,17,2,62.9,51.99888662775691
5,16,17,2,75.5,63.37565529610346
5,16,17,2,86.8,65.72238263291563
5,14,17,2,73.7,44.779106970244854
5,14,17,2,63.9,51.8031699903841
5,14,17,2,78.65,69.5514009091194
5,14,17,2,51.35,60.22350913581488
5,14,17,2,96.1,82.81742760910578
5,14,17,2,78.05,61.21444188046512
5,14,17,2,38.75,39.11773726100543
5,14,17,2,85.45,63.377295453082944
5,14,17,2,64.25,51.80720839907573
5,14,17,2,65.95,49.35102515865832
5,7,17,2,61.45,32.93450438290166
5,7,17,2,72.0,60.22676446476879
5,7,17,2,65.9,41.7951142951825
5,7,17,2,61.15,43.561541464195706
5,7,17,2,39.8,43.21866068701051
5,7,17,2,56.8,36.49022940603776
5,7,17,2,60.15,72.96594375027585
5,7,17,2,76.85,47.93776118435675
5,7,17,2,56.1,51.474981148228956
5,7,17,2,63.1,39.40598404998114
5,0,17,2,58.8,47.883191205265334
5,0,17,2,65.75,56.64466807257883
5,0,17,2,55.35,40.156634111412956
5,0,17,2,53.1,35.43548622794001
5,0,17,2,78.05,59.34686175359233
5,0,17,2,73.85,53.49104696361026
5,0,17,2,56.1,68.952996957882
5,0,17,2,58.55,44.94379530972106
5,0,17,2,92.6,64.49104384984092
5,0,17,2,88.9,68.66999651268837
5,19,17,2,61.6,51.04734644374152
5,19,17,2,71.35,52.249678921199326
5,19,17,2,62.85,45.11654498716571
5,19,17,2,80.75,78.43929936078295
5,19,17,2,85.0,88.01853871710628
5,19,17,2,69.45,58.154490255199605
5,19,17,2,67.75,40.71579933870233
5,19,17,2,52.1,44.62935073881784
5,19,17,2,64.85,66.67302381970656
5,19,17,2,69.75,71.75093984346861
5,8,17,2,66.4,55.909136810966494
5,8,17,2,83.75,73.14864102777663
5,8,17,2,74.55,50.84804503823649
5,8,17,2,81.9,60.642090645810825
5,8,17,2,62.3,46.16001915533672
5,8,17,2,65.95,53.25161228100343
5,8,17,2,71.55,62.27483651650878
5,8,17,2,71.65,56.486863866510454
5,8,17,2,90.95,73.64600607314912
5,8,17,2,67.65,60.37886960466254
6,24,17,3,42.55,44.73486218528947
6,24,17,3,54.2,34.43926767361259
6,24,17,3,49.75,38.3321700815111
6,24,17,3,56.25,52.20594340030443
6,24,17,3,59.0,46.20093414412174
6,24,17,3,39.1,34.191257731519
6,24,17,3,32.0,25.31693836981582
6,24,17,3,50.05,33.408909936690456
6,24,17,3,51.4,33.6724156981255
6,24,17,3,41.05,32.42882895462648
6,38,17,3,55.5,39.21667207223291
6,38,17,3,53.2,33.628934909656216
6,38,17,3,60.5,46.8362208012919
6,38,17,3,53.7,63.013031233730985
6,38,17,3,42.7,33.08060331658831
6,38,17,3,60.3,43.00807757668442
6,38,17,3,42.3,36.20133757342763
6,38,17,3,47.35,35.98724189136156
6,38,17,3,36.8,35.78973684113779
6,38,17,3,57.3,39.25905862613782
6,40,17,3,53.4,42.64961281986286
6,40,17,3,44.9,34.15121173776846
6,40,17,3,69.5,61.16027262339844
6,40,17,3,48.05,46.96300335594527
6,40,17,3,40.15,43.34230339008178
6,40,17,3,47.5,36.14517511661171
6,40,17,3,60.0,42.54038329077814
6,40,17,3,58.3,40.670822335842736
6,40,17,3,58.15,42.60006795151487
6,40,17,3,51.05,42.08947236792743
6,35,17,3,35.25,36.82801422258533
6,35,17,3,59.55,44.41725008668544
6,35,17,3,59.85,43.38599701334643
6,35,17,3,39.65,43.91891452018798
6,35,17,3,44.35,40.54403064635572
6,35,17,3,45.35,39.30752572914464
6,35,17,3,31.55,24.364501787814607
6,35,17,3,46.6,40.04260888498387
6,35,17,3,53.05,40.67648357207729
6,35,17,3,40.5,34.750993927474475
6,45,17,3,52.3,38.216970603453944
6,45,17,3,50.75,47.5083095224847
6,45,17,3,48.95,44.42909786212303
6,45,17,3,38.45,35.20836473579
6,45,17,3,54.5,40.76311542249155
6,45,17,3,37.95,36.257086421684164
6,45,17,3,52.9,42.57365135237621
6,45,17,3,36.75,21.444849706802994
6,45,17,3,41.25,45.46586342347526
6,45,17,3,38.5,35.4467725499872
6,25,17,3,56.15,32.878204266496574
6,25,17,3,70.15,42.832937400040514
6,25,17,3,37.5,41.03721032890696
6,25,17,3,34.65,41.50874987023187
6,25,17,3,39.55,37.95631145076361
6,25,17,3,46.95,28.557375303247426
6,25,17,3,48.7,34.590993655939734
6,25,17,3,56.3,35.499592288244365
6,25,17,3,57.0,55.50628224283313
6,25,17,3,49.95,41.50773548705298
6,38,17,3,48.3,41.94871555652336
6,38,17,3,45.3,42.393023259171215
6,38,17,3,69.05,52.994016544074896
6,38,17,3,47.85,39.869887067018915
6,38,17,3,36.2,39.63597515283041
6,38,17,3,42.75,32.84553161951289
6,38,17,3,35.3,26.101219975520806
6,38,17,3,66.7,51.30209803855876
6,38,17,3,52.05,28.97453509912672
6,38,17,3,52.7,48.319223590834454
6,43,17,3,58.5,56.70468281043091
6,43,17,3,56.3,47.761578921269255
6,43,17,3,45.8,38.49620623823654
6,43,17,3,48.9,26.934423288697623
6,43,17,3,36.15,42.25645388265373
6,43,17,3,59.6,48.26505764498457
6,43,17,3,43.05,30.140853548490938
6,43,17,3,44.95,45.89974773465823
6,43,17,3,45.85,33.77210776895477
6,43,17,3,58.4,33.930889513213394
6,36,17,3,31.4,32.384856760041735
6,36,17,3,42.45,31.758090556415283
6,36,17,3,40.45,29.05616158951126
6,36,17,3,52.35,40.55960526123705
6,36,17,3,47.6,37.79362240824293
6,36,17,3,49.0,51.84186481376245
6,36,17,3,59.3,55.86459193065807
6,36,17,3,47.9,36.693467079519614
6,36,17,3,43.35,44.46675280772319
6,36,17,3,38.45,35.103568569531355
6,26,17,3,37.3,22.613689379851778
6,26,17,3,49.15,44.10904549791167
6,26,17,3,54.75,39.401943580167924
6,26,17,3,35.55,28.775857936819193
6,26,17,3,38.15,32.64042537132524
6,26,17,3,60.45,49.007491371486424
6,26,17,3,56.4,40.029462833478576
6,26,17,3,49.8,45.231102480250776
6,26,17,3,54.95,46.32888720305814
6,26,17,3,47.85,42.75914799013312
6,46,17,3,40.7,36.192613378393865
6,46,17,3,36.05,39.1750121754591
6,46,17,3,61.4,46.62888194648192
6,46,17,3,54.7,46.165719795217385
6,46,17,3,38.45,37.3482543804012
6,46,17,3,42.35,43.04621139879181
6,46,17,3,35.3,31.782318818388383
6,46,17,3,53.35,41.640409270449375
6,46,17,3,58.0,38.194791598634986
6,46,17,3,52.1,30.67469383881872
6,27,17,3,49.6,38.0655943561139
6,27,17,3,38.8,39.65323375676215
6,27,17,3,46.0,33.73893580825697
6,27,17,3,40.95,37.97987694334434
6,27,17,3,72.05,51.44693229051916
6,27,17,3,49.3,37.2856681934437
6,27,17,3,40.9,35.343278970987576
6,27,17,3,42.4,36.471185454013586
6,27,17,3,48.25,39.15539218092581
6,27,17,3,52.35,40.41661331159437
6,25,17,3,43.55,32.82405247760599
6,25,17,3,39.05,36.8574422963881
6,25,17,3,36.35,26.420237458592627
6,25,17,3,32.35,31.97083374775071
6,25,17,3,42.7,34.2223380418789
6,25,17,3,46.2,44.85250682426851
6,25,17,3,56.95,44.078249798093815
6,25,17,3,47.3,25.1837458022348
6,25,17,3,44.0,33.8697194369372
6,25,17,3,56.15,50.17472104136651
6,44,17,3,43.55,31.079651491644903
6,44,17,3,53.85,43.17074423605339
6,44,17,3,50.65,47.49656497274857
6,44,17,3,38.85,28.680224252224644
6,44,17,3,42.25,34.99304442163809
6,44,17,3,68.75,38.72966359401102
6,44,17,3,34.65,30.98433390228715
6,44,17,3,53.3,44.219666974870144
6,44,17,3,53.65,48.05180866304071
6,44,17,3,40.55,32.043514821337304
6,41,17,3,52.45,37.89108352272756
6,41,17,3,63.3,46.09612382379832
6,41,17,3,34.75,35.04564692541789
6,41,17,3,35.7,30.251750710539575
6,41,17,3,49.3,42.462491188044275
6,41,17,3,61.05,38.67880556583928
6,41,17,3,49.45,31.362859362124826
6,41,17,3,59.05,39.39606579342663
6,41,17,3,38.0,42.21498860781434
6,41,17,3,59.6,40.84553702348448
6,42,17,3,34.7,39.05879508746027
6,42,17,3,42.15,47.098189707081204
6,42,17,3,43.55,38.143047928333644
6,42,17,3,44.25,29.375741871930916
6,42,17,3,42.9,45.033204124115024
6,42,17,3,42.8,36.27468306655411
6,42,17,3,49.95,44.89575645167837
6,42,17,3,42.5,48.093658625644196
6,42,17,3,43.15,26.016745619534717
6,42,17,3,64.1,37.35026245239995
6,35,17,3,39.95,33.75059453667368
6,35,17,3,42.9,37.02047797467888
6,35,17,3,49.7,34.4553104913108
6,35,17,3,31.4,33.30465432938766
6,35,17,3,51.0,41.586941270193535
6,35,17,3,48.55,34.199838411437284
6,35,17,3,61.55,41.63434184723749
6,35,17,3,63.0,44.08604027771627
6,35,17,3,53.85,41.86855999183007
6,35,17,3,22.0,25.23990157625317
6,36,17,3,44.7,40.187848385982754
6,36,17,3,43.8,29.575238576249987
6,36,17,3,60.8,30.95769609270724
6,36,17,3,46.55,29.01265604053369
6,36,17,3,51.6,50.53544873598501
6,36,17,3,36.6,31.345947442255298
6,36,17,3,83.25,63.718026037419456
6,36,17,3,44.55,34.38095402981133
6,36,17,3,41.5,31.58863886373008
6,36,17,3,38.2,36.220959329328124
6,46,17,3,49.0,45.22458576808346
6,46,17,3,48.3,38.4859509568444
6,46,17,3,43.55,29.27631519810762
6,46,17,3,45.75,38.613980288027946
6,46,17,3,37.95,32.38010272731664
6,46,17,3,39.8,22.044452697602683
6,46,17,3,43.0,29.666568105493674
6,46,17,3,48.05,38.87696517287109
6,46,17,3,37.85,34.641433968131594
6,46,17,3,40.1,40.024860695375445
6,28,17,3,45.2,37.49049002220781
6,28,17,3,51.95,32.207346334256364
6,28,17,3,29.8,27.969155943834384
6,28,17,3,44.55,39.634481266482574
6,28,17,3,43.3,56.50998980152466
6,28,17,3,37.7,25.260953851224308
6,28,17,3,46.3,32.92431512295722
6,28,17,3,55.65,36.78711874098266
6,28,17,3,49.15,42.93235192841482
6,28,17,3,50.45,30.01135749924299
7,19,17,3,81.3,82.13025598017104
7,19,17,3,70.95,79.71691691294428
7,19,17,3,60.95,41.73787249010184
7,19,17,3,73.5,49.153358294006196
7,19,17,3,60.1,55.99520656176505
7,19,17,3,55.6,60.00035087616703
7,19,17,3,73.8,55.251196700543105
7,19,17,3,74.75,58.615495526263985
7,19,17,3,63.3,65.28891257528461
7,19,17,3,72.75,61.823922298905075
7,8,17,3,64.65,51.04206211805277
7,8,17,3,62.05,80.27025076511683
7,8,17,3,80.2,63.77229228401543
7,8,17,3,81.25,68.74887558889121
7,8,17,3,54.6,54.869606196969606
7,8,17,3,58.45,56.14968247555157
7,8,17,3,55.4,45.3760892286258
7,8,17,3,79.1,68.9781811421859
7,8,17,3,58.0,50.155547523363964
7,8,17,3,49.75,43.7960284188322
7,13,17,3,56.0,44.25048319688605
7,13,17,3,53.85,44.12694009451893
7,13,17,3,60.3,45.90046439393558
7,13,17,3,76.6,79.53046420612736
7,13,17,3,58.45,52.856782664897516
7,13,17,3,72.8,61.948705436539655
7,13,17,3,76.75,87.18997709176874
7,13,17,3,77.65,86.30196375151853
7,13,17,3,108.45,76.80835686440979
7,13,17,3,49.45,50.507399145284175
7,8,17,3,101.5,112.98975267928643
7,8,17,3,57.2,46.77786251051485
7,8,17,3,39.0,41.73727350941841
7,8,17,3,81.2,52.96731862295148
7,8,17,3,51.25,68.35424369839043
7,8,17,3,68.7,51.46086913987733
7,8,17,3,66.0,62.59561107869935
7,8,17,3,33.9,44.20157177486363
7,8,17,3,72.65,49.21411329454612
7,8,17,3,68.75,72.28370639726714
7,12,17,3,59.1,47.361876740908954
7,12,17,3,69.2,58.41196705074091
7,12,17,3,53.35,45.415363734730725
7,12,17,3,76.3,66.0160267622468
7,12,17,3,42.35,46.24451603334059
7,12,17,3,65.45,67.9314476435426
7,12,17,3,72.7,58.10616418065706
7,12,17,3,41.5,42.44811073844345
7,12,17,3,68.75,59.71676569660448
7,12,17,3,77.35,75.78659442630234
7,15,17,3,75.75,54.39802144234756
7,15,17,3,61.3,51.84196633697655
7,15,17,3,62.6,56.044531166601885
7,15,17,3,69.05,50.9142467912056
7,15,17,3,78.0,80.43761885036
7,15,17,3,80.1,67.64528224884803
7,15,17,3,91.45,85.82446896826225
7,15,17,3,52.7,50.706690101530306
7,15,17,3,84.75,78.92426416308365
7,15,17,3,73.05,64.02259058537976
7,19,17,3,61.0,63.79325158171843
7,19,17,3,78.6,66.14211175467881
7,19,17,3,30.4,26.087706320269547
7,19,17,3,61.05,55.67903791516062
7,19,17,3,55.3,57.08082911653946
7,19,17,3,48.55,49.58403287137376
7,19,17,3,50.0,46.194098506650235
7,19,17,3,89.25,75.21329319797273
7,19,17,3,58.9,54.982198075951445
7,19,17,3,73.15,59.15926318889234
7,17,17,3,74.3,54.18302317146949
7,17,17,3,66.0,48.44747562811546
7,17,17,3,60.7,72.16217116584299
7,17,17,3,62.6,58.15170722026636
7,17,17,3,74.75,68.45426825337674
7,17,17,3,47.5,58.80789420692286
7,17,17,3,76.7,49.873629779357564
7,17,17,3,48.7,53.424910412948556
7,17,17,3,42.0,44.248104330492005
7,17,17,3,74.45,71.75211348436842
7,9,17,3,62.65,54.06845076771714
7,9,17,3,58.25,53.025192622295855
7,9,17,3,75.85,63.776150467247966
7,9,17,3,93.7,78.1194092736444
7,9,17,3,54.75,48.67602349368624
7,9,17,3,53.7,55.468435784877265
7,9,17,3,51.0,48.08435570076711
7,9,17,3,55.8,76.08693089244419
7,9,17,3,64.3,52.71582205312597
7,9,17,3,59.95,63.82416222881838
7,6,17,3,77.15,59.0194214243342
7,6,17,3,40.7,40.6837611468339
7,6,17,3,60.9,46.85352315012124
7,6,17,3,74.2,79.52000741289811
7,6,17,3,67.7,54.14318249351728
7,6,17,3,75.6,64.4600243316903
7,6,17,3,81.75,51.10657080011697
7,6,17,3,59.3,48.67518550771559
7,6,17,3,59.4,57.46065015112058
7,6,17,3,66.65,50.9254098503002
7,22,17,3,66.05,52.102606258683146
7,22,17,3,70.35,49.942361514892454
7,22,17,3,92.7,61.766197534693184
7,22,17,3,102.8,63.697145271899544
7,22,17,3,87.7,65.87635946864478
7,22,17,3,86.6,78.94395080321894
7,22,17,3,39.6,43.457662397471765
7,22,17,3,67.6,55.05729073572268
7,22,17,3,46.5,61.37160323969487
7,22,17,3,62.2,52.578362569847265
7,21,17,3,66.8,79.05867241619053
7,21,17,3,70.3,60.3002138426862
7,21,17,3,76.9,66.77921201912118
7,21,17,3,56.05,52.06420631246929
7,21,17,3,94.3,100.16570481483485
7,21,17,3,61.65,48.531351776590334
7,21,17,3,63.05,47.46131388604275
7,21,17,3,67.3,65.65868684260093
7,21,17,3,51.15,48.62019831521182
7,21,17,3,86.35,58.67508661666964
7,17,17,3,47.55,44.853533569655475
7,17,17,3,71.9,65.8458327019298
7,17,17,3,61.1,56.44084001016137
7,17,17,3,74.65,58.77725571574165
7,17,17,3,62.85,51.51829005825326
7,17,17,3,78.4,69.74193030096933
7,17,17,3,78.4,56.33209798292529
7,17,17,3,45.75,41.01331619441615
7,17,17,3,64.0,74.058298515071
7,17,17,3,51.4,52.08838642154314
7,13,17,3,43.6,40.34769934091984
7,13,17,3,56.35,42.39199899683157
7,13,17,3,68.35,66.081508680369
7,13,17,3,73.5,49.71868228765775
7,13,17,3,64.05,46.76196722708924
7,13,17,3,94.15,69.94830798149219
7,13,17,3,63.95,52.26398075357949
7,13,17,3,62.45,47.66381723786095
7,13,17,3,49.3,48.10744553382016
7,13,17,3,76.1,59.02889568944848
7,15,17,3,55.55,49.78424502422005
7,15,17,3,43.0,36.67208891327515
7,15,17,3,66.6,58.15804239085806
7,15,17,3,74.9,75.30562291160776
7,15,17,3,57.4,41.28641932951599
7,15,17,3,40.95,52.298208684226914
7,15,17,3,65.9,62.83386616182476
7,15,17,3,59.65,52.14683216901251
7,15,17,3,56.75,55.636863016491056
7,15,17,3,60.8,47.96226586983169
7,2,17,3,69.35,60.56599271607963
7,2,17,3,75.8,55.10430301279852
7,2,17,3,67.95,62.2054956110031
7,2,17,3,65.85,75.87543462114314
7,2,17,3,63.35,45.48600131677299
7,2,17,3,76.4,40.079394889853845
7,2,17,3,65.95,54.12021219859594
7,2,17,3,57.75,57.20036345118244
7,2,17,3,52.85,52.84463324839992
7,2,17,3,54.0,42.35066643358073
7,10,17,3,55.6,50.27231109823671
7,10,17,3,103.8,77.80988977866774
7,10,17,3,54.45,52.91052526870742
7,10,17,3,51.4,40.97290503940893
7,10,17,3,73.6,63.452759054110075
7,10,17,3,40.3,36.3044146945766
7,10,17,3,89.6,57.183361584513925
7,10,17,3,69.0,69.64042987865749
7,10,17,3,57.55,56.76217699174429
7,10,17,3,67.3,53.125571204359524
7,12,17,3,67.5,59.96446316031907
7,12,17,3,50.75,52.686635676871305
7,12,17,3,74.9,56.25122220894404
7,12,17,3,52.25,55.71815824212729
7,12,17,3,58.3,58.44484579498862
7,12,17,3,44.35,50.239714841631226
7,12,17,3,47.55,43.417768615843755
7,12,17,3,53.05,55.20056731211145
7,12,17,3,66.85,43.55429158865373
7,12,17,3,64.1,62.77268933474007
7,20,17,3,56.95,42.675612411971805
7,20,17,3,87.8,94.17765965953586
7,20,17,3,75.0,59.70189100416907
7,20,17,3,67.55,53.61605709997116
7,20,17,3,60.95,55.274887226431645
7,20,17,3,85.3,49.69602335038594
7,20,17,3,66.35,57.30093688955751
7,20,17,3,88.4,79.19157318274397
7,20,17,3,65.55,51.32094575983777
7,20,17,3,96.7,86.57281693221579
7,12,17,3,73.6,62.447788718172184
7,12,17,3,56.45,59.10158515996887
7,12,17,3,64.6,47.782842108857444
7,12,17,3,91.35,90.00308474245699
7,12,17,3,76.0,72.35802796183927
7,12,17,3,85.55,86.397170397135
7,12,17,3,59.15,48.54653220852838
7,12,17,3,59.1,54.64613435550588
7,12,17,3,73.65,48.69483383383974
7,12,17,3,79.8,56.91323035528456
8,40,17,4,43.9,37.51476902150461
8,40,17,4,38.25,31.388692231439016
8,40,17,4,28.85,20.365799504897524
8,40,17,4,38.65,30.59803055237723
8,40,17,4,46.7,34.92262123157725
8,40,17,4,52.3,37.196632558394455
8,40,17,4,32.3,36.144592665395585
8,40,17,4,54.0,34.543641352566425
8,40,17,4,54.35,39.261974371890005
8,40,17,4,48.55,39.23274008703499
8,27,17,4,50.9,25.62872565984053
8,27,17,4,37.55,29.542966034324706
8,27,17,4,40.65,31.772671143278895
8,27,17,4,42.05,31.01523394788608
8,27,17,4,38.8,34.10911284315921
8,27,17,4,44.85,32.81250563909726
8,27,17,4,44.0,31.81360185766294
8,27,17,4,49.75,28.202043598964504
8,27,17,4,49.5,39.18579226951362
8,27,17,4,44.1,34.186639433987565
8,39,17,4,49.95,41.27631537003171
8,39,17,4,44.35,40.69950859654205
8,39,17,4,33.65,29.07571784876605
8,39,17,4,48.15,39.60233246719321
8,39,17,4,46.0,34.66379880175312
8,39,17,4,53.35,39.83555011081909
8,39,17,4,23.35,22.686130703929866
8,39,17,4,32.45,31.744829666046655
8,39,17,4,53.05,36.631127114575804
8,39,17,4,48.0,37.33348997460873
8,47,17,4,36.85,36.58914852075249
8,47,17,4,43.1,40.007762404708146
8,47,17,4,31.2,19.848372596685152
8,47,17,4,40.95,35.11106438297283
8,47,17,4,35.8,28.50041550943646
8,47,17,4,44.55,42.787694984718016
8,47,17,4,40.3,33.335771840629796
8,47,17,4,50.15,45.12121102331504
8,47,17,4,26.15,18.8659397913416
8,47,17,4,44.4,36.21194917645134
8,26,17,4,41.6,32.42383788446233
8,26,17,4,31.2,37.50312267700272
8,26,17,4,25.35,29.077527948210236
8,26,17,4,37.65,36.327856500139625
8,26,17,4,60.45,37.28055087688768
8,26,17,4,45.2,39.10929355160054
8,26,17,4,34.3,31.461087075941926
8,26,17,4,54.55,43.973047965411965
8,26,17,4,60.8,45.226447781661655
8,26,17,4,38.45,28.298177363661832
8,33,17,4,54.45,46.62896660141408
8,33,17,4,46.6,36.38015653448572
8,33,17,4,44.0,45.47295321049877
8,33,17,4,62.0,49.99684200553387
8,33,17,4,47.95,40.73725179992541
8,33,17,4,44.5,40.16348171110038
8,33,17,4,39.1,35.2955938803758
8,33,17,4,35.65,31.52321617308007
8,33,17,4,34.7,33.81233035758592
8,33,17,4,51.95,37.39754424811171
8,41,17,4,42.1,37.395327600059744
8,41,17,4,46.7,35.13148235744656
8,41,17,4,41.6,32.68896482075613
8,41,17,4,33.75,32.7412101502871
8,41,17,4,45.05,38.22574910628753
8,41,17,4,53.65,39.60631927250738
8,41,17,4,44.75,36.218452697340254
8,41,17,4,37.3,36.356567494745704
8,41,17,4,33.65,31.93624405296475
8,41,17,4,35.0,36.395488442214486
8,30,17,4,36.35,35.004172683598135
8,30,17,4,39.75,41.19002817494341
8,30,17,4,48.8,45.11925717940237
8,30,17,4,52.35,44.113818100096715
8,30,17,4,38.5,34.90061076226242
8,30,17,4,34.7,30.907502070056164
8,30,17,4,55.35,35.622693831172754
8,30,17,4,35.95,26.904264972011603
8,30,17,4,44.55,36.04014574419973
8,30,17,4,50.05,41.93036206805153
8,43,17,4,50.15,37.88385991560606
8,43,17,4,40.0,38.29387748232841
8,43,17,4,38.8,31.657043782587017
8,43,17,4,41.3,32.45742150150433
8,43,17,4,72.0,49.93258613265226
8,43,17,4,48.85,34.09163348512668
8,43,17,4,34.0,38.64412531100467
8,43,17,4,36.65,32.184133063555265
8,43,17,4,33.25,32.18020803962715
8,43,17,4,45.25,36.829443312882724
8,47,17,4,33.7,26.040656471634584
8,47,17,4,50.4,35.08695964089943
8,47,17,4,36.8,37.573226750188134
8,47,17,4,45.1,38.54580323937252
8,47,17,4,41.65,30.620383647773618
8,47,17,4,29.45,25.20750723599284
8,47,17,4,50.05,37.596857371468246
8,47,17,4,43.3,30.19428318145846
8,47,17,4,41.1,36.940777639778766
8,47,17,4,42.05,39.191130844134946
8,45,17,4,38.1,34.52672496548298
8,45,17,4,44.9,34.28656327269666
8,45,17,4,59.8,65.99489613439415
8,45,17,4,53.65,28.912344841097312
8,45,17,4,52.4,45.28320241604641
8,45,17,4,52.95,33.786442313604525
8,45,17,4,44.9,43.74194662720033
8,45,17,4,42.95,36.838873918443106
8,45,17,4,57.5,44.75841585080603
8,45,17,4,48.65,27.43082208028042
8,35,17,4,50.0,46.086874487211645
8,35,17,4,49.6,36.538948217513116
8,35,17,4,57.6,40.07808168536696
8,35,17,4,48.4,38.4466821510134
8,35,17,4,41.1,28.5194301264391
8,35,17,4,34.45,30.858718805481693
8,35,17,4,43.4,35.58296458167943
8,35,17,4,60.5,27.612926034930204
8,35,17,4,44.2,27.995488358323964
8,35,17,4,57.45,40.72562234993436
8,30,17,4,43.45,38.68696911037834
8,30,17,4,36.95,34.69183887041052
8,30,17,4,36.25,39.48867259300943
8,30,17,4,53.85,40.50766659080203
8,30,17,4,29.45,27.626217524967874
8,30,17,4,45.25,42.10622531795406
8,30,17,4,34.1,48.214324143677246
8,30,17,4,43.8,44.6183818621877
8,30,17,4,40.3,40.918532669066636
8,30,17,4,39.25,26.959765343348614
8,36,17,4,53.05,37.42005513512493
8,36,17,4,42.35,31.721277932709622
8,36,17,4,30.6,33.32835050476427
8,36,17,4,44.45,40.94216074312383
8,36,17,4,38.65,41.47069352027563
8,36,17,4,59.2,54.8496509608431
8,36,17,4,46.55,38.21748704179114
8,36,17,4,41.85,34.4097216985029
8,36,17,4,46.65,35.80249182742217
8,36,17,4,35.95,30.4345285213323
8,42,17,4,33.15,39.44653276738554
8,42,17,4,52.0,37.49807012577973
8,42,17,4,47.4,30.98794332605743
8,42,17,4,30.5,25.438263760679398
8,42,17,4,50.6,48.70469554797621
8,42,17,4,52.7,47.72409741089098
8,42,17,4,47.45,46.60751577069721
8,42,17,4,62.25,43.38429863926639
8,42,17,4,40.7,37.47995955735615
8,42,17,4,41.0,47.32863826479692
8,24,17,4,38.2,39.75662804721007
8,24,17,4,31.85,35.413757362447654
8,24,17,4,37.35,32.07766069696283
8,24,17,4,26.6,27.394582637717566
8,24,17,4,42.3,37.02360555673978
8,24,17,4,46.95,43.33647424514366
8,24,17,4,44.7,51.619151892541424
8,24,17,4,51.25,36.107842857050784
8,24,17,4,45.8,35.55514619647389
8,24,17,4,49.1,51.64952743453251
8,45,17,4,34.2,27.13824258359992
8,45,17,4,46.35,41.28880949450691
8,45,17,4,36.95,26.882737564231967
8,45,17,4,50.2,58.41196705074091
8,45,17,4,48.3,40.677292255792516
8,45,17,4,38.95,45.539427682879484
8,45,17,4,37.6,36.85447912505273
8,45,17,4,35.85,40.1540127115847
8,45,17,4,43.9,34.07870148255127
8,45,17,4,34.6,32.532412986694396
8,32,17,4,30.6,21.109738336407176
8,32,17,4,51.1,47.696297991618415
8,32,17,4,46.3,53.0551847756555
8,32,17,4,35.1,26.971524945666992
8,32,17,4,38.8,43.92409721086449
8,32,17,4,49.45,51.09482927799415
8,32,17,4,41.1,28.543411074878097
8,32,17,4,49.15,36.1754132846577
8,32,17,4,38.5,34.70856105525431
8,32,17,4,34.2,29.28193263682178
8,35,17,4,37.0,31.88631120254055
8,35,17,4,40.0,34.15907061474533
8,35,17,4,48.8,33.61797764667934
8,35,17,4,40.9,40.99922977453678
8,35,17,4,51.4,43.820687255894875
8,35,17,4,55.9,53.83884334410964
8,35,17,4,37.55,44.18081865291889
8,35,17,4,48.2,38.7822531307135
8,35,17,4,45.45,53.02380299648948
8,35,17,4,44.0,36.72371956852095
8,27,17,4,55.9,46.27253362872032
8,27,17,4,33.8,32.613526415632485
8,27,17,4,53.45,42.62625210385089
8,27,17,4,51.95,38.52746798679721
8,27,17,4,47.85,33.950854574160424
8,27,17,4,34.7,38.73132826890506
8,27,17,4,33.25,31.572598045907167
8,27,17,4,44.95,31.379636373727603
8,27,17,4,30.95,33.92790343624179
8,27,17,4,56.35,41.357586970228326
9,17,17,4,54.9,54.82498470012026
9,17,17,4,75.8,67.41513183254929
9,17,17,4,57.95,49.32115485052508
9,17,17,4,67.85,44.18177166398402
9,17,17,4,61.7,67.47326956108736
9,17,17,4,40.75,44.41179904864069
9,17,17,4,94.5,55.31488806917414
9,17,17,4,59.05,56.77979162379962
9,17,17,4,63.15,57.39179750672243
9,17,17,4,66.25,86.19309717140926
9,12,17,4,82.7,84.62928446745657
9,12,17,4,74.45,69.06021400122316
9,12,17,4,78.25,79.33067038137202
9,12,17,4,83.3,68.74368870552486
9,12,17,4,98.6,74.06853156652326
9,12,17,4,86.9,86.68448534772529
9,12,17,4,44.85,49.78191914424564
9,12,17,4,68.0,58.58596922022954
9,12,17,4,91.7,121.46825446224732
9,12,17,4,52.85,59.72416860693394
9,17,17,4,51.1,54.899813056914965
9,17,17,4,62.65,60.01339762700361
9,17,17,4,60.5,57.24324828033617
9,17,17,4,58.45,76.93023154986466
9,17,17,4,67.55,86.00396257700785
9,17,17,4,42.6,44.29019138174477
9,17,17,4,70.95,65.23679539710861
9,17,17,4,54.05,43.34133192036879
9,17,17,4,61.95,50.740282969150584
9,17,17,4,69.65,62.458638945684434
9,15,17,4,63.55,66.35111945273854
9,15,17,4,44.0,39.435490294109975
9,15,17,4,57.9,63.162197221872646
9,15,17,4,72.3,65.6923451440601
9,15,17,4,73.9,53.55066464770093
9,15,17,4,78.4,50.917270361367876
9,15,17,4,67.3,53.526284738385655
9,15,17,4,68.1,70.13513272323125
9,15,17,4,54.4,58.58722691760327
9,15,17,4,69.85,70.8120380785789
9,22,17,4,76.55,128.43653972620916
9,22,17,4,69.25,63.93818972463294
9,22,17,4,42.65,42.701257222956
9,22,17,4,53.25,70.10283799345675
9,22,17,4,87.5,93.91737690230987
9,22,17,4,75.1,82.18009747531717
9,22,17,4,56.85,43.72193836893376
9,22,17,4,50.25,59.09659799630467
9,22,17,4,59.5,53.93319454365938
9,22,17,4,75.75,68.52880685099554
9,23,17,4,42.75,33.97348036956256
9,23,17,4,65.4,57.86499714626142
9,23,17,4,62.4,49.58926029738804
9,23,17,4,51.2,65.40368571619767
9,23,17,4,87.7,70.6824626503335
9,23,17,4,71.85,51.40271854371333
9,23,17,4,66.9,72.61644006987022
9,23,17,4,55.15,63.686960575681596
9,23,17,4,50.45,44.9098219241978
9,23,17,4,52.8,56.72426381420175
9,16,17,4,51.55,44.06989066423803
9,16,17,4,58.6,46.97748620910144
9,16,17,4,50.25,52.369009517984374
9,16,17,4,65.15,55.375536114786286
9,16,17,4,62.4,70.46940358840327
9,16,17,4,39.8,39.17383659643526
9,16,17,4,65.95,67.55385765602529
9,16,17,4,93.05,68.92976975077414
9,16,17,4,36.6,37.367872494120434
9,16,17,4,89.15,77.17053910180462
9,22,17,4,56.75,51.400261109310165
9,22,17,4,61.4,53.16548148049288
9,22,17,4,63.35,60.79930314697607
9,22,17,4,40.75,35.778374827025864
9,22,17,4,77.15,59.98795931816562
9,22,17,4,59.0,53.6489564326818
9,22,17,4,55.7,63.05978783745837
9,22,17,4,62.55,65.5209689215678
9,22,17,4,68.95,95.44713334175046
9,22,17,4,86.15,70.61554547801705
9,7,17,4,74.45,60.98185666331638
9,7,17,4,57.95,59.257222522259944
9,7,17,4,60.5,60.57922172876735
9,7,17,4,49.05,75.82839004516781
9,7,17,4,54.9,59.54644361646143
9,7,17,4,50.65,63.086636336157014
9,7,17,4,62.55,60.39386078942653
9,7,17,4,70.65,66.40646369934655
9,7,17,4,64.45,70.71698597411486
9,7,17,4,83.15,69.60359564214905
9,5,17,4,57.9,53.82124409366132
9,5,17,4,45.8,47.18675103971676
9,5,17,4,67.95,76.53170997422536
9,5,17,4,53.55,45.33440078722605
9,5,17,4,66.0,59.94997914928745
9,5,17,4,63.1,45.513329452971654
9,5,17,4,50.65,41.637881284891726
9,5,17,4,65.15,68.656486641065
9,5,17,4,80.85,68.74611950771056
9,5,17,4,72.85,74.9542140945145
9,5,17,4,53.85,44.649836446921526
9,5,17,4,68.3,66.20232147304996
9,5,17,4,43.0,39.344631145812
9,5,17,4,67.2,61.54980867044529
9,5,17,4,46.15,60.61550522501821
9,5,17,4,79.35,74.04356825545351
9,5,17,4,66.45,66.70553910559768
9,5,17,4,41.75,50.30943722289299
9,5,17,4,80.35,67.61833681542464
9,5,17,4,68.55,76.7877971390877
9,8,17,4,61.0,60.630893636477886
9,8,17,4,61.3,64.85863169434857
9,8,17,4,71.0,58.75013997743683
9,8,17,4,52.65,49.05665360741491
9,8,17,4,97.55,95.83290007529827
9,8,17,4,42.5,51.79361879004421
9,8,17,4,55.75,53.3901972078652
9,8,17,4,73.25,82.58703542961591
9,8,17,4,52.85,53.97394595640811
9,8,17,4,52.65,58.24474225198357
9,15,17,4,51.45,55.217726940005896
9,15,17,4,64.25,57.08615372722549
9,15,17,4,40.9,33.73253934298922
9,15,17,4,66.6,67.63244316466066
9,15,17,4,58.95,49.31368444645168
9,15,17,4,97.0,85.50654022384857
9,15,17,4,52.85,42.221564707099496
9,15,17,4,61.05,50.709155199555745
9,15,17,4,84.2,56.90120709107191
9,15,17,4,69.8,63.139444673549434
9,7,17,4,58.8,48.91625496703525
9,7,17,4,38.65,30.505003903587596
9,7,17,4,61.3,54.82517669830167
9,7,17,4,42.85,43.84095057555688
9,7,17,4,68.05,79.43979845736877
9,7,17,4,66.1,60.60215386132393
9,7,17,4,79.65,71.99873902404563
9,7,17,4,61.75,63.96946228680649
9,7,17,4,80.3,96.35138542690608
9,7,17,4,78.1,45.06708449925686
9,19,17,4,63.15,76.89998631168177
9,19,17,4,45.95,61.623197101843324
9,19,17,4,57.65,54.64938483787255
9,19,17,4,106.2,77.75643483271811
9,19,17,4,57.85,65.89886589552046
9,19,17,4,38.25,41.593110512502705
9,19,17,4,45.8,41.0745150850705
9,19,17,4,52.8,55.79813239658984
9,19,17,4,52.9,42.716815375089396
9,19,17,4,108.5,67.32912093823734
9,12,17,4,71.35,91.47520515360834
9,12,17,4,91.65,65.80695451970023
9,12,17,4,51.15,51.61525172394605
9,12,17,4,63.0,71.68351495141316
9,12,17,4,36.1,37.15812583795735
9,12,17,4,77.25,71.10620300130753
9,12,17,4,71.85,81.53350941726191
9,12,17,4,44.35,41.085629450799715
9,12,17,4,72.95,63.64827280907902
9,12,17,4,47.75,60.01216981842757
9,22,17,4,63.9,51.25467886216006
9,22,17,4,63.65,64.75319540987513
9,22,17,4,37.55,43.21485490211122
9,22,17,4,55.75,59.2984201440388
9,22,17,4,62.9,51.3100995495962
9,22,17,4,59.95,50.04363885124347
9,22,17,4,73.4,64.31534154379293
9,22,17,4,60.85,56.003077922932995
9,22,17,4,59.45,58.254862006260225
9,22,17,4,94.45,106.34228499965273
9,21,17,4,54.45,66.98898181201537
9,21,17,4,68.65,54.233680543211875
9,21,17,4,77.55,73.87790425318049
9,21,17,4,45.2,51.31799725345158
9,21,17,4,69.9,55.058724630114135
9,21,17,4,78.7,80.9737449326697
9,21,17,4,68.5,78.69695372958085
9,21,17,4,84.0,60.103419641744004
9,21,17,4,46.3,50.49554435789359
9,21,17,4,82.1,58.09148864189641
9,14,17,4,73.95,101.63063928808705
9,14,17,4,61.2,65.70876733939815
9,14,17,4,64.6,65.67335436601522
9,14,17,4,89.5,57.87872984457289
9,14,17,4,66.85,64.87256739177201
9,14,17,4,40.6,39.21116919289303
9,14,17,4,72.4,39.75503940250515
9,14,17,4,62.75,62.68205064996047
9,14,17,4,59.2,63.847350849712754
9,14,17,4,63.4,72.61100395075695
9,10,17,4,50.05,51.90119661940672
9,10,17,4,71.55,68.01971463441588
9,10,17,4,67.4,62.1334726299169
9,10,17,4,75.5,64.75500387086537
9,10,17,4,42.9,49.09593187134541
9,10,17,4,46.65,48.68078081802541
9,10,17,4,63.35,54.55202731531182
9,10,17,4,88.1,88.9469978192217
9,10,17,4,58.2,54.27764878745889
9,10,17,4,66.05,64.94246441436086
10,24,17,5,61.5,56.76405460092542
10,24,17,5,52.2,47.51686681146967
10,24,17,5,43.1,57.89273202270413
10,24,17,5,34.75,45.60687275077368
10,24,17,5,33.5,33.179733827173855
10,24,17,5,46.35,39.261974371890005
10,24,17,5,45.25,32.64945393272701
10,24,17,5,30.15,31.275137258312967
10,24,17,5,24.35,20.57662189041371
10,24,17,5,32.45,30.361809459981306
10,27,17,5,38.05,29.96748237673629
10,27,17,5,42.9,39.2695140897122
10,27,17,5,40.55,34.974389125999636
10,27,17,5,36.85,46.35818783070978
10,27,17,5,37.65,42.73821782851848
10,27,17,5,30.25,32.20309726849594
10,27,17,5,37.9,40.76750511969319
10,27,17,5,30.15,32.81250563909726
10,27,17,5,34.55,36.76736968677812
10,27,17,5,50.5,35.77046708933885
10,25,17,5,38.0,35.752070238180465
10,25,17,5,34.65,41.454191585411486
10,25,17,5,44.0,32.276763680459204
10,25,17,5,38.2,31.07308871202319
10,25,17,5,55.8,49.202695689950716
10,25,17,5,43.05,39.76705195325185
10,25,17,5,58.0,35.611943590820616
10,25,17,5,45.95,36.49726017114161
10,25,17,5,38.5,32.619819612912444
10,25,17,5,41.6,36.53750776509271
10,27,17,5,34.15,38.70845820802096
10,27,17,5,43.85,29.72023057217352
10,27,17,5,27.9,28.393661264444216
10,27,17,5,43.55,37.08805311971129
10,27,17,5,49.15,41.65304689682945
10,27,17,5,33.1,27.030002823373493
10,27,17,5,52.35,47.95861702935585
10,27,17,5,36.8,27.21377360242806
10,27,17,5,31.2,27.27752110978446
10,27,17,5,53.0,36.37379044832897
10,38,17,5,27.2,33.67116523705487
10,38,17,5,47.2,31.90875148063038
10,38,17,5,40.1,36.68772919770601
10,38,17,5,39.7,26.205865153073127
10,38,17,5,35.25,37.1524243028493
10,38,17,5,33.75,22.402713651416615
10,38,17,5,43.15,43.6387985265647
10,38,17,5,47.9,40.56171386392527
10,38,17,5,57.25,42.08622102303793
10,38,17,5,44.0,40.95697357240311
10,31,17,5,36.95,36.12474731290245
10,31,17,5,51.85,41.694723886842084
10,31,17,5,39.45,42.328881517544446
10,31,17,5,39.4,40.726817752072485
10,31,17,5,31.85,32.43824091537965
10,31,17,5,46.0,34.17601498127012
10,31,17,5,40.35,39.475875377781115
10,31,17,5,42.2,50.812969749236686
10,31,17,5,35.7,31.501211338446552
10,31,17,5,43.65,36.54740972893615
10,25,17,5,44.35,39.244543703887246
10,25,17,5,38.7,28.152030869996988
10,25,17,5,44.95,45.86762991134609
10,25,17,5,33.35,29.04311676764302
10,25,17,5,19.4,27.388818310052233
10,25,17,5,55.3,36.483738266448746
10,25,17,5,43.85,32.233155535713124
10,25,17,5,42.35,38.58998370180095
10,25,17,5,36.1,27.00272890692814
10,25,17,5,52.05,35.229286560743
10,26,17,5,35.45,23.6587026382749
10,26,17,5,39.2,33.824002688841205
10,26,17,5,53.3,41.27073641468645
10,26,17,5,36.25,36.507929924448206
10,26,17,5,35.7,37.519258212844576
10,26,17,5,43.6,30.439586413954963
10,26,17,5,39.65,39.01993417674989
10,26,17,5,49.9,37.13829063889381
10,26,17,5,42.8,33.50977861994756
10,26,17,5,48.75,37.90274951837441
10,37,17,5,42.95,28.616290906809674
10,37,17,5,45.7,31.486170732059826
10,37,17,5,43.65,32.562935015782976
10,37,17,5,38.15,32.74988951367462
10,37,17,5,26.85,26.50178742730583
10,37,17,5,41.25,31.95370829315763
10,37,17,5,37.2,44.6042244872082
10,37,17,5,27.05,34.753985004373384
10,37,17,5,36.7,30.692189988917207
10,37,17,5,45.5,38.479659698681274
10,45,17,5,52.75,35.35217554535327
10,45,17,5,40.3,30.317790504135214
10,45,17,5,41.0,37.8973683296847
10,45,17,5,40.45,30.463913077607085
10,45,17,5,44.55,41.52675104834929
10,45,17,5,47.5,37.1589756813103
10,45,17,5,35.95,31.588597209819408
10,45,17,5,32.25,33.19777259490699
10,45,17,5,48.2,56.055048131748414
10,45,17,5,43.85,31.46472544562277
10,46,17,5,39.85,34.70367036556949
10,46,17,5,46.85,36.606405824232745
10,46,17,5,50.95,42.16568198004279
10,46,17,5,42.35,38.72205274028035
10,46,17,5,27.8,24.926418029662297
10,46,17,5,32.2,25.145052877465304
10,46,17,5,36.6,32.371852620838105
10,46,17,5,25.6,25.966375018068028
10,46,17,5,41.4,46.58258088712199
10,46,17,5,32.3,25.88252814463639
10,47,17,5,47.6,44.11516030143211
10,47,17,5,41.6,29.276180366333744
10,47,17,5,32.5,23.32719217430255
10,47,17,5,25.2,40.51588382480707
10,47,17,5,31.95,33.470293191362835
10,47,17,5,34.15,31.908215408046804
10,47,17,5,45.9,43.374622704259245
10,47,17,5,37.05,34.410027608242345
10,47,17,5,38.1,30.393732040807706
10,47,17,5,43.45,37.222623284912714
10,41,17,5,38.0,31.267942217650265
10,41,17,5,52.7,46.001258564018485
10,41,17,5,37.35,37.352199963392565
10,41,17,5,42.9,40.379645732394486
10,41,17,5,35.0,41.12369018870804
10,41,17,5,52.7,56.85447721109893
10,41,17,5,35.7,31.293348881360178
10,41,17,5,36.65,29.984689075382594
10,41,17,5,59.5,47.78845929829987
10,41,17,5,28.45,25.238806794716993
10,42,17,5,39.0,29.882224957674296
10,42,17,5,16.6,18.181540667738574
10,42,17,5,38.85,31.406125785300315
10,42,17,5,46.6,35.40651144396435
10,42,17,5,40.75,34.827205034660984
10,42,17,5,42.1,28.929860734287388
10,42,17,5,48.65,52.83666490132337
10,42,17,5,42.6,47.0748564019388
10,42,17,5,45.35,39.134417481022346
10,42,17,5,39.1,34.22818167902922
10,35,17,5,49.45,49.47883651782744
10,35,17,5,43.5,51.200842920692956
10,35,17,5,40.15,28.80291469169122
10,35,17,5,47.9,39.43669143803708
10,35,17,5,41.15,35.43010168293562
10,35,17,5,65.9,47.491716729285926
10,35,17,5,33.35,26.133815561250785
10,35,17,5,30.05,26.99995126701255
10,35,17,5,34.8,27.285237959862396
10,35,17,5,45.25,43.027378065109836
10,47,17,5,37.45,33.90928300162377
10,47,17,5,32.85,36.567565438585916
10,47,17,5,46.4,31.481657148919357
10,47,17,5,55.35,45.173670719964626
10,47,17,5,33.7,33.8589955395515
10,47,17,5,26.9,23.142351242962146
10,47,17,5,40.7,29.62768975131203
10,47,17,5,40.1,36.81232631091184
10,47,17,5,58.1,46.23953651197323
10,47,17,5,40.45,42.69534055682374
10,28,17,5,44.5,36.16264429083226
10,28,17,5,37.85,34.88367888614358
10,28,17,5,45.45,39.86751084595866
10,28,17,5,52.6,34.34561183952877
10,28,17,5,42.6,32.89120823179604
10,28,17,5,42.05,39.16829410579295
10,28,17,5,41.1,41.686675897322644
10,28,17,5,37.65,39.27403722562782
10,28,17,5,40.45,47.01900511607262
10,28,17,5,29.15,26.98591250419764
10,30,17,5,32.25,34.1110801569473
10,30,17,5,40.6,40.580524237230115
10,30,17,5,53.0,41.92851058647326
10,30,17,5,39.95,33.954264905357
10,30,17,5,38.35,33.049046486762826
10,30,17,5,43.15,35.34979341858792
10,30,17,5,51.1,36.35627796362577
10,30,17,5,39.95,30.496721135230253
10,30,17,5,46.25,32.77655612749678
10,30,17,5,55.25,42.51919071369266
10,44,17,5,47.35,42.005356801246194
10,44,17,5,45.65,36.140478836428215
10,44,17,5,58.4,46.5859703299067
10,44,17,5,33.95,25.756910161209777
10,44,17,5,40.35,34.07773621095095
10,44,17,5,38.25,28.321230645280192
10,44,17,5,29.7,34.18694733989937
10,44,17,5,49.25,33.42686439314784
10,44,17,5,36.25,36.50216287751785
10,44,17,5,30.4,24.667045990445164
10,35,17,5,38.3,28.303059161418165
10,35,17,5,32.75,25.407986726100205
10,35,17,5,52.2,52.568351495432765
10,35,17,5,44.45,36.28320620661271
10,35,17,5,42.2,33.05274891028454
10,35,17,5,46.15,42.41806343131612
10,35,17,5,40.8,40.23692988183603
10,35,17,5,43.25,40.964522519653
10,35,17,5,56.05,44.24985875683673
10,35,17,5,46.75,49.188012018334206
11,14,17,5,69.05,63.523286240061935
11,14,17,5,96.45,89.10459554573164
11,14,17,5,57.6,67.9871504887427
11,14,17,5,72.15,69.40595682004005
11,14,17,5,57.55,52.26297371038728
11,14,17,5,62.9,64.86820646916573
11,14,17,5,56.8,50.84817442254209
11,14,17,5,56.2,53.90889000019043
11,14,17,5,64.25,78.45473049371914
11,14,17,5,70.9,54.13132180170737
11,0,17,5,67.65,72.05354368727978
11,0,17,5,54.4,55.832833200169006
11,0,17,5,62.55,48.41321589901058
11,0,17,5,53.75,59.55084072940488
11,0,17,5,48.65,52.9451304852983
11,0,17,5,81.7,81.23008257898962
11,0,17,5,70.25,66.81464935492106
11,0,17,5,63.1,55.51187639643099
11,0,17,5,58.05,49.542618548393044
11,0,17,5,42.0,65.05625096386729
11,10,17,5,69.9,66.99481519608734
11,10,17,5,64.95,68.50929633422406
11,10,17,5,61.55,51.952888577815834
11,10,17,5,51.0,71.08852894362367
11,10,17,5,54.6,49.10182760024529
11,10,17,5,58.1,57.168172963634234
11,10,17,5,35.95,46.70903778206436
11,10,17,5,61.25,39.491338157546444
11,10,17,5,66.3,75.69544239912994
11,10,17,5,73.55,72.63787253434526
11,17,17,5,65.55,67.97249830862323
11,17,17,5,91.25,80.26330025871758
11,17,17,5,84.0,86.01774602707832
11,17,17,5,68.6,66.21527888557699
11,17,17,5,72.8,61.343382090619926
11,17,17,5,55.65,44.917790403545474
11,17,17,5,48.95,52.93638187783323
11,17,17,5,83.55,69.45917013461558
11,17,17,5,52.75,66.18942116142284
11,17,17,5,66.25,63.82449208159579
11,6,17,5,56.55,54.20863691137671
11,6,17,5,66.9,77.65097349171178
11,6,17,5,58.8,56.263103736865276
11,6,17,5,63.5,57.208298993102474
11,6,17,5,69.15,49.770288113967844
11,6,17,5,66.9,63.68995624363224
11,6,17,5,47.9,40.609695497763255
11,6,17,5,52.4,44.69710929072895
11,6,17,5,47.1,36.822333040239535
11,6,17,5,47.55,52.99302337398565
11,4,17,5,63.9,57.30794011304193
11,4,17,5,63.65,90.91133621629142
11,4,17,5,108.35,94.10423951521442
11,4,17,5,44.55,53.61311210397774
11,4,17,5,68.0,70.19596629586722
11,4,17,5,58.35,56.68405048113065
11,4,17,5,55.8,85.71409022534098
11,4,17,5,93.5,69.05489806935074
11,4,17,5,60.65,51.68658076888959
11,4,17,5,57.5,76.65610148407524
11,19,17,5,58.6,65.94527236556401
11,19,17,5,85.0,83.54387438566889
11,19,17,5,78.7,78.79226518276765
11,19,17,5,59.8,62.856226924290446
11,19,17,5,77.85,69.49310832926643
11,19,17,5,55.15,63.656376039846286
11,19,17,5,62.75,65.75142584005309
11,19,17,5,61.95,55.797071230439485
11,19,17,5,61.05,53.01486881799741
11,19,17,5,47.1,50.064064220913885
11,3,17,5,48.85,49.25900932824371
11,3,17,5,51.4,55.45828209232214
11,3,17,5,70.5,70.91841123877198
11,3,17,5,73.05,67.92059992915877
11,3,17,5,75.35,66.25888222483239
11,3,17,5,84.55,81.149293864684
11,3,17,5,58.55,59.25366966206441
11,3,17,5,72.8,58.787395713170035
11,3,17,5,70.85,90.16842427835869
11,3,17,5,53.55,61.598423595686974
11,23,17,5,60.35,50.615449066569845
11,23,17,5,51.6,42.38346251472197
11,23,17,5,49.15,47.355625464752286
11,23,17,5,70.15,85.47100154592293
11,23,17,5,67.35,64.57902136142975
11,23,17,5,53.45,49.47777278738403
11,23,17,5,65.9,53.01926164388899
11,23,17,5,48.05,44.30216223783405
11,23,17,5,90.25,84.03437579817842
11,23,17,5,61.6,50.24508355105633
11,2,17,5,47.7,50.40687087668651
11,2,17,5,82.45,74.04513204085309
11,2,17,5,66.25,52.26337652999268
11,2,17,5,40.3,51.18501014123075
11,2,17,5,56.6,55.34618324690511
11,2,17,5,80.5,72.88744025803362
11,2,17,5,54.95,64.77448734282902
11,2,17,5,74.7,61.66044539504876
11,2,17,5,81.75,71.40313644887627
11,2,17,5,51.7,58.00190559483006
11,8,17,5,78.5,69.44554852923487
11,8,17,5,62.4,55.817748544988625
11,8,17,5,69.3,59.30660742455706
11,8,17,5,44.5,50.45842478297303
11,8,17,5,50.65,54.17833612490473
11,8,17,5,65.7,72.65643739364629
11,8,17,5,47.8,41.005262820123086
11,8,17,5,74.6,84.78852951220527
11,8,17,5,38.05,66.01951465884518
11,8,17,5,62.55,68.74856936310518
11,13,17,5,79.75,75.91884517451236
11,13,17,5,23.8,28.87650656812467
11,13,17,5,70.65,82.74518589908227
11,13,17,5,50.9,49.48460685697597
11,13,17,5,37.05,35.327751131369794
11,13,17,5,46.5,50.48553727241308
11,13,17,5,69.05,78.10012130188032
11,13,17,5,81.85,60.73781012637325
11,13,17,5,49.2,58.37320942819033
11,13,17,5,57.6,43.69800669908965
11,19,17,5,51.8,63.78879624444867
11,19,17,5,67.1,63.133025805583095
11,19,17,5,50.95,49.50542235053917
11,19,17,5,58.9,73.47459281597745
11,19,17,5,58.2,57.85972146857477
11,19,17,5,73.6,54.024750663103724
11,19,17,5,61.25,66.98301041466057
11,19,17,5,54.95,52.69522598969724
11,19,17,5,55.0,47.6268389615948
11,19,17,5,62.05,87.25430165839813
11,21,17,5,58.75,60.268587436399635
11,21,17,5,91.25,99.24232702674907
11,21,17,5,77.65,68.72927438795449
11,21,17,5,85.1,84.42243403516066
11,21,17,5,54.7,63.53954425560924
11,21,17,5,49.65,53.539237947509115
11,21,17,5,71.95,102.03223174952839
11,21,17,5,52.65,54.49024538488759
11,21,17,5,71.25,89.68827594566227
11,21,17,5,65.75,57.82175423798465
11,4,17,5,54.15,48.95569963054138
11,4,17,5,45.05,51.69289373944831
11,4,17,5,50.3,55.41147515584988
11,4,17,5,64.35,88.74936619491994
11,4,17,5,34.8,39.2704522644269
11,4,17,5,62.1,57.36852245283169
11,4,17,5,66.5,56.55598065075365
11,4,17,5,77.6,74.47104700556629
11,4,17,5,88.0,62.69307021219793
11,4,17,5,40.7,40.219267443405904
11,7,17,5,61.6,49.55528544756324
11,7,17,5,59.4,74.94938643054918
11,7,17,5,60.7,50.34522922048482
11,7,17,5,82.8,60.589733366913606
11,7,17,5,54.15,47.833345559017935
11,7,17,5,61.05,54.67268633951462
11,7,17,5,61.35,41.97903612142864
11,7,17,5,76.0,75.08100888198588
11,7,17,5,44.4,43.62568051045164
11,7,17,5,41.05,64.61829217961836
11,7,17,5,74.7,73.6814623547663
11,7,17,5,67.0,86.91314478743767
11,7,17,5,63.6,51.32086884443178
11,7,17,5,50.4,67.44697722538872
11,7,17,5,55.65,50.23342879419096
11,7,17,5,58.75,53.62724660979126
11,7,17,5,72.85,57.35510347594922
11,7,17,5,55.7,54.507459653654166
11,7,17,5,90.35,65.32048522074591
11,7,17,5,70.95,74.57209510548199
11,1,17,5,64.35,66.77793127421033
11,1,17,5,50.75,45.68988716853745
11,1,17,5,84.9,71.67536462925628
11,1,17,5,69.65,70.41999940208373
11,1,17,5,80.1,67.79139830546738
11,1,17,5,64.3,56.04424943503876
11,1,17,5,74.75,71.4657628739657
11,1,17,5,102.95,89.54591589029386
11,1,17,5,72.4,68.32230120616008
11,1,17,5,69.7,78.33067558014615
11,19,17,5,50.7,46.11552997920719
11,19,17,5,67.4,59.786814247748104
11,19,17,5,68.0,60.81724132271426
11,19,17,5,58.4,54.511611510518414
11,19,17,5,70.5,49.28061431606166
11,19,17,5,80.15,51.38940603501444
11,19,17,5,61.35,51.378138910384216
11,19,17,5,94.65,95.04086378749766
11,19,17,5,49.9,45.657650537796826
11,19,17,5,42.85,49.19806906779981
11,10,17,5,78.35,86.74783479779344
11,10,17,5,84.25,98.04879290166546
11,10,17,5,57.55,60.137977317078715
11,10,17,5,67.2,56.95020909346579
11,10,17,5,104.75,105.0267509782752
11,10,17,5,63.1,65.7674531568377
11,10,17,5,83.95,59.35395610456945
11,10,17,5,56.6,84.50935793713835
11,10,17,5,74.95,76.73911717802831
11,10,17,5,61.6,53.4419507995653
12,35,17,6,37.7,37.24612307624145
12,35,17,6,45.05,24.321259922350368
12,35,17,6,39.6,31.491686455149928
12,35,17,6,40.75,30.315663833803974
12,35,17,6,40.3,28.809903268074148
12,35,17,6,30.95,28.266541500881438
12,35,17,6,44.75,43.37216546175791
12,35,17,6,25.95,24.87754218694359
12,35,17,6,35.7,37.42374703454029
12,35,17,6,40.6,33.92468438359178
12,28,17,6,38.6,42.25162718760072
12,28,17,6,35.85,32.79646161915706
12,28,17,6,28.4,27.344584761694108
12,28,17,6,36.95,30.266317912821837
12,28,17,6,50.95,66.42009445467856
12,28,17,6,54.3,46.0527157893967
12,28,17,6,42.05,35.7483529248846
12,28,17,6,28.3,28.687242717571202
12,28,17,6,42.25,38.443225397296835
12,28,17,6,39.8,28.188463485692346
12,36,17,6,28.5,35.1964412076592
12,36,17,6,36.55,39.763081263641375
12,36,17,6,51.8,36.129299962626924
12,36,17,6,37.1,35.960358291055066
12,36,17,6,40.95,34.90208107202055
12,36,17,6,30.25,34.240442385238566
12,36,17,6,71.85,47.4610920982429
12,36,17,6,31.9,30.59222467435665
12,36,17,6,40.3,40.42029193363155
12,36,17,6,59.1,44.149149124542056
12,45,17,6,41.85,40.16842829361074
12,45,17,6,34.6,43.550817262257276
12,45,17,6,49.7,43.39306274897915
12,45,17,6,33.25,33.40008666865528
12,45,17,6,41.0,40.83986700323723
12,45,17,6,37.8,37.22138604280298
12,45,17,6,33.9,30.397195161465316
12,45,17,6,49.55,42.517457714758955
12,45,17,6,46.1,34.22818167902921
12,45,17,6,26.6,29.560642397406866
12,35,17,6,36.55,40.249844720197366
12,35,17,6,47.05,44.58283242873226
12,35,17,6,44.95,28.95091126645057
12,35,17,6,29.15,27.124032847177
12,35,17,6,50.15,42.961763905765515
12,35,17,6,20.8,30.26305720807049
12,35,17,6,45.05,36.53329411574281
12,35,17,6,33.85,31.312138221462934
12,35,17,6,32.65,24.253648667452296
12,35,17,6,43.0,30.709162013623025
12,38,17,6,39.7,30.428691446690483
12,38,17,6,34.25,36.376503405357695
12,38,17,6,33.25,43.50786377801507
12,38,17,6,35.4,39.254098009332935
12,38,17,6,40.95,47.06152188471239
12,38,17,6,45.35,44.88966004490754
12,38,17,6,30.1,26.096783427525274
12,38,17,6,41.8,32.4549890739386
12,38,17,6,42.75,42.30201562946841
12,38,17,6,36.2,41.41649811113289
12,47,17,6,39.35,42.3733717277602
12,47,17,6,39.5,33.52061423881383
12,47,17,6,44.95,36.89312444858726
12,47,17,6,36.9,28.824149231978534
12,47,17,6,32.4,30.648087430668404
12,47,17,6,36.8,30.363759561965345
12,47,17,6,39.35,45.60733435938151
12,47,17,6,37.3,31.335367608469106
12,47,17,6,32.05,30.577726671893917
12,47,17,6,44.1,43.35034753700306
12,46,17,6,36.45,34.20445492683819
12,46,17,6,28.3,34.666987178005535
12,46,17,6,33.15,33.31551716858867
12,46,17,6,30.25,34.41675693459128
12,46,17,6,39.5,41.6672280663934
12,46,17,6,28.65,25.69307709337898
12,46,17,6,26.95,28.987247649885447
12,46,17,6,44.4,34.14119289994974
12,46,17,6,33.9,42.03745197346115
12,46,17,6,30.05,26.686237336085707
12,34,17,6,45.0,41.94859008985065
12,34,17,6,24.45,27.356275138872324
12,34,17,6,29.35,33.20791757207435
12,34,17,6,49.0,48.83484519544582
12,34,17,6,26.4,20.739994417093094
12,34,17,6,38.0,48.165285599092066
12,34,17,6,30.25,28.918897482078176
12,34,17,6,35.95,32.94089603485229
12,34,17,6,29.5,37.74777790601859
12,34,17,6,38.5,32.52124811484591
12,26,17,6,22.95,22.04415425554143
12,26,17,6,33.7,29.327730724924564
12,26,17,6,34.05,42.878623063124046
12,26,17,6,32.2,38.11561359862911
12,26,17,6,49.65,37.17989694501728
12,26,17,6,37.9,39.40331271138987
12,26,17,6,40.1,38.93030209300503
12,26,17,6,20.9,23.085424884659652
12,26,17,6,32.65,31.251568381695492
12,26,17,6,52.35,48.23546958738755
12,38,17,6,35.3,37.073327055274774
12,38,17,6,56.1,51.20330992590636
12,38,17,6,35.4,41.17664130880133
12,38,17,6,37.55,32.70840065922225
12,38,17,6,39.95,27.704217805426783
12,38,17,6,33.7,34.426275155070606
12,38,17,6,36.1,29.43306411432379
12,38,17,6,38.85,37.632957280609915
12,38,17,6,51.85,38.347819535899234
12,38,17,6,27.05,32.01229204704442
12,44,17,6,37.5,35.11559857325367
12,44,17,6,45.35,48.530267278320885
12,44,17,6,35.05,40.17917108992773
12,44,17,6,35.9,30.82872891177626
12,44,17,6,35.7,32.59657715321139
12,44,17,6,33.3,38.17563290069231
12,44,17,6,37.35,30.142250466046736
12,44,17,6,34.15,36.29741907600246
12,44,17,6,36.7,34.87888820053276
12,44,17,6,26.8,31.366425227924005
12,42,17,6,34.2,29.688913401257523
12,42,17,6,34.9,38.951927186969165
12,42,17,6,31.9,32.93997731121195
12,42,17,6,27.85,25.91742961589241
12,42,17,6,39.65,33.58770921819938
12,42,17,6,48.35,50.39034473096273
12,42,17,6,22.15,25.386019774671254
12,42,17,6,39.7,33.07742114303478
12,42,17,6,41.0,39.113868855459756
12,42,17,6,50.6,35.104955415679456
12,34,17,6,38.75,38.83280626101161
12,34,17,6,61.35,38.360169858577876
12,34,17,6,37.35,35.924299062861266
12,34,17,6,35.45,37.02982439516615
12,34,17,6,33.85,31.34237924667024
12,34,17,6,43.35,31.92140842427655
12,34,17,6,38.15,33.25384821419367
12,34,17,6,19.65,23.165934609158107
12,34,17,6,34.25,27.933897536486874
12,34,17,6,43.5,28.511308928951426
12,33,17,6,39.65,32.17431960594137
12,33,17,6,35.25,34.39687103272775
12,33,17,6,28.4,31.72480351231094
12,33,17,6,33.8,37.99252003944156
12,33,17,6,25.35,29.576439770088694
12,33,17,6,38.15,31.84051540180579
12,33,17,6,25.9,21.31196846844514
12,33,17,6,35.7,30.383686758730114
12,33,17,6,45.7,37.08752095417427
12,33,17,6,32.85,26.316444728684285
12,34,17,6,35.25,31.12770808341526
12,34,17,6,37.5,54.85243361678869
12,34,17,6,37.65,28.28478296484562
12,34,17,6,54.05,35.526824557760506
12,34,17,6,62.25,64.04428977380871
12,34,17,6,34.6,28.93622752118691
12,34,17,6,25.4,20.469232366755
12,34,17,6,37.8,36.012570904586845
12,34,17,6,39.4,34.446602460222856
12,34,17,6,38.85,44.55897924749789
12,31,17,6,37.4,29.072323608545634
12,31,17,6,48.75,35.62505771001789
12,31,17,6,28.75,27.55449146690971
12,31,17,6,31.5,32.52772097118007
12,31,17,6,43.05,32.6504211305153
12,31,17,6,47.75,46.392915747762046
12,31,17,6,54.8,52.22884865262634
12,31,17,6,53.75,36.98630614302087
12,31,17,6,35.55,34.279770004755676
12,31,17,6,40.25,30.85087220467962
12,37,17,6,36.15,31.367557829874585
12,37,17,6,38.6,40.52861237511879
12,37,17,6,31.7,29.730544279543466
12,37,17,6,36.4,30.27140391089984
12,37,17,6,36.4,30.018240069033116
12,37,17,6,48.3,41.80166201681963
12,37,17,6,43.85,37.8560639653328
12,37,17,6,29.4,28.77389167466339
12,37,17,6,50.9,54.44446712017668
12,37,17,6,24.7,28.701916312330088
12,30,17,6,37.3,31.51791470526597
12,30,17,6,36.05,35.24720966932963
12,30,17,6,40.05,38.44952261698036
12,30,17,6,34.75,27.18721642320348
12,30,17,6,34.95,30.280226307991125
12,30,17,6,47.0,39.78362530118721
12,30,17,6,29.7,33.47442071351293
12,30,17,6,46.65,37.242130924390906
12,30,17,6,53.0,45.79588581843065
12,30,17,6,48.4,39.07671267755529
12,40,17,6,36.6,38.4713153565505
12,40,17,6,39.0,42.228700641799726
12,40,17,6,35.15,36.616468828570625
12,40,17,6,30.0,32.34029586819059
12,40,17,6,41.45,32.71644524507032
12,40,17,6,39.35,29.503389635768972
12,40,17,6,20.0,31.53444232314215
12,40,17,6,41.7,39.33941374352459
12,40,17,6,35.0,27.809502351761555
12,40,17,6,42.0,34.085032986403434
13,23,17,6,51.4,55.21860861016063
13,23,17,6,69.2,76.93647413698902
13,23,17,6,55.25,45.43575568576848
13,23,17,6,71.05,65.14314198262485
13,23,17,6,30.55,34.030133705291256
13,23,17,6,59.3,67.17071730417872
13,23,17,6,46.85,38.06403883761652
13,23,17,6,75.45,75.82353127319276
13,23,17,6,63.95,63.27423604729196
13,23,17,6,50.35,44.83452029994651
13,15,17,6,53.3,40.677292255792516
13,15,17,6,64.0,73.81841162431526
13,15,17,6,70.4,47.85878349785686
13,15,17,6,38.5,40.35695987715521
13,15,17,6,63.8,46.284702485924285
13,15,17,6,63.15,53.458567330715404
13,15,17,6,53.3,61.336946880583966
13,15,17,6,54.9,50.52347031461298
13,15,17,6,37.1,42.11500545186391
13,15,17,6,50.2,36.60543531686028
13,21,17,6,74.9,63.118851967413114
13,21,17,6,58.95,53.05754076075282
13,21,17,6,46.5,48.659396236546776
13,21,17,6,98.1,103.94730446367119
13,21,17,6,58.35,45.554218708098404
13,21,17,6,64.25,61.49700463394432
13,21,17,6,55.8,49.3927333244796
13,21,17,6,63.9,56.678130935271575
13,21,17,6,48.0,62.14753244879224
13,21,17,6,55.05,58.41455748626185
13,13,17,6,52.7,76.01391839310539
13,13,17,6,74.95,62.50176839603484
13,13,17,6,63.25,67.58999848155675
13,13,17,6,68.15,76.76915156219292
13,13,17,6,60.6,64.33743283002435
13,13,17,6,88.05,117.16765989946111
13,13,17,6,49.6,35.082459254853006
13,13,17,6,68.4,75.41980753370466
13,13,17,6,46.35,58.56734764803948
13,13,17,6,49.0,44.346720047229745
13,3,17,6,55.2,55.09188496932814
13,3,17,6,73.7,52.986691477051195
13,3,17,6,64.85,51.32279169500059
13,3,17,6,54.3,52.44355361519157
13,3,17,6,91.4,61.22641328879658
13,3,17,6,68.35,56.33478405689368
13,3,17,6,42.15,49.4339271947388
13,3,17,6,62.3,67.05936097769528
13,3,17,6,50.8,62.53218118865299
13,3,17,6,63.95,58.325290172310424
13,14,17,6,40.35,39.0913572356642
13,14,17,6,56.7,52.682864486722025
13,14,17,6,62.3,56.1624523381198
13,14,17,6,65.45,63.299185161463676
13,14,17,6,70.65,102.08937003275224
13,14,17,6,57.35,71.45942904893657
13,14,17,6,52.6,47.96424106615919
13,14,17,6,57.1,55.054900828746916
13,14,17,6,73.45,69.54322775307304
13,14,17,6,58.45,66.8324495719667
13,1,17,6,54.2,81.88477141369869
13,1,17,6,62.15,53.36002347509938
13,1,17,6,72.55,47.98955478456799
13,1,17,6,85.85,88.52372563330127
13,1,17,6,87.1,90.01982237847747
13,1,17,6,74.45,73.09148917263681
13,1,17,6,59.7,68.17323135721388
13,1,17,6,72.25,91.3961158912128
13,1,17,6,71.45,68.89234546129123
13,1,17,6,46.85,59.04171139296799
13,6,17,6,73.55,107.23435967420536
13,6,17,6,78.2,83.41500559188819
13,6,17,6,72.3,78.73479803144625
13,6,17,6,85.35,77.90160798286381
13,6,17,6,58.7,74.51322736690163
13,6,17,6,77.5,72.9285879979067
13,6,17,6,58.4,59.280244335031654
13,6,17,6,77.45,70.12205524354621
13,6,17,6,61.9,65.7754553486009
13,6,17,6,65.1,64.27482113222057
13,10,17,6,44.35,52.36036568566765
13,10,17,6,76.3,79.23655456257148
13,10,17,6,35.6,46.29243430285569
13,10,17,6,51.7,48.10744553382017
13,10,17,6,49.7,46.62741456990387
13,10,17,6,41.1,49.24364773354288
13,10,17,6,66.95,61.58646040537772
13,10,17,6,65.4,70.29516716187386
13,10,17,6,77.05,82.56319748500157
13,10,17,6,64.7,45.7937021641048
13,13,17,6,44.95,54.21154955600474
13,13,17,6,61.25,88.90673706045476
13,13,17,6,67.35,52.760905582587725
13,13,17,6,63.0,49.876690051829975
13,13,17,6,43.8,37.995290566899975
13,13,17,6,63.25,58.70790765350637
13,13,17,6,57.95,67.07613506111426
13,13,17,6,55.95,63.82993440632529
13,13,17,6,77.85,74.03361611990512
13,13,17,6,62.4,73.236027947136
13,0,17,6,87.25,82.9583757390606
13,0,17,6,69.4,62.78568391968951
13,0,17,6,38.9,37.35448961954697
13,0,17,6,44.55,43.48680985746078
13,0,17,6,57.5,64.96922348312314
13,0,17,6,42.6,54.39078869382979
13,0,17,6,43.75,47.949397669231516
13,0,17,6,76.75,61.25947832140367
13,0,17,6,82.0,83.30350343299209
13,0,17,6,47.95,58.371293413259586
13,15,17,6,67.4,55.69692422765419
13,15,17,6,43.35,58.964105941442746
13,15,17,6,61.85,88.32194398604281
13,15,17,6,87.05,112.30010310723111
13,15,17,6,54.95,37.46784586394326
13,15,17,6,35.35,35.08977208907402
13,15,17,6,68.5,53.75333526983771
13,15,17,6,59.65,54.35485258925831
13,15,17,6,48.8,57.55784275976554
13,15,17,6,63.35,69.83384415506342
13,11,17,6,71.5,74.54881833932362
13,11,17,6,43.9,52.21201716886741
13,11,17,6,66.1,63.59568009162092
13,11,17,6,41.6,53.43801130872648
13,11,17,6,62.35,60.33090767635302
13,11,17,6,63.75,51.119956963988145
13,11,17,6,47.95,45.69748927803134
13,11,17,6,77.9,83.51608732516905
13,11,17,6,60.55,62.17079615653029
13,11,17,6,70.5,71.32320800412722
13,9,17,6,58.65,42.93112599207442
13,9,17,6,40.8,59.00454933397309
13,9,17,6,45.5,52.40480090501954
13,9,17,6,54.15,46.66935769183481
13,9,17,6,64.2,71.25831438099735
13,9,17,6,51.9,51.823485836158554
13,9,17,6,53.75,50.31466773689044
13,9,17,6,50.4,59.430100471943206
13,9,17,6,57.1,65.53817690155066
13,9,17,6,46.35,44.215114110329665
13,22,17,6,84.2,91.9339579893031
13,22,17,6,65.15,54.10931917010813
13,22,17,6,43.4,41.72516595154788
13,22,17,6,41.55,37.50294725260375
13,22,17,6,40.45,37.29325464618586
13,22,17,6,82.0,68.15539519903646
13,22,17,6,58.6,74.97185436794545
13,22,17,6,67.15,54.764832165407604
13,22,17,6,53.45,51.76411579666483
13,22,17,6,63.2,46.145764474622894
13,23,17,6,50.75,65.80503500173027
13,23,17,6,89.05,62.341567614486394
13,23,17,6,71.55,73.15770636098428
13,23,17,6,53.5,62.4891569541637
13,23,17,6,52.25,64.75937241658131
13,23,17,6,66.1,74.35186615008395
13,23,17,6,47.85,47.746341827356126
13,23,17,6,54.05,43.35347372714816
13,23,17,6,74.5,59.64412001724544
13,23,17,6,53.9,62.595526996743146
13,19,17,6,81.75,104.83966455096036
13,19,17,6,43.8,48.65517768736924
13,19,17,6,53.9,47.23947947482732
13,19,17,6,74.9,61.05984984552365
13,19,17,6,66.3,65.15172575167179
13,19,17,6,82.25,92.7786698489872
13,19,17,6,50.2,54.463507821389236
13,19,17,6,92.7,55.483615409843004
13,19,17,6,46.0,37.38279930944881
13,19,17,6,65.1,63.395085315072045
13,17,17,6,49.3,48.84357416121495
13,17,17,6,61.8,67.13113639500087
13,17,17,6,41.5,42.10575657605626
13,17,17,6,64.8,61.644652305733196
13,17,17,6,71.35,50.15898408271968
13,17,17,6,63.6,53.43407152744399
13,17,17,6,42.45,58.47669351297597
13,17,17,6,63.55,72.87803437756017
13,17,17,6,55.05,55.904500336687896
13,17,17,6,45.4,47.29904861622483
13,7,17,6,73.3,72.7404180703729
13,7,17,6,52.05,72.67047108985226
13,7,17,6,63.8,63.39815703779941
13,7,17,6,56.6,86.33252726034317
13,7,17,6,66.05,72.08582238882819
13,7,17,6,68.35,60.96614677533409
13,7,17,6,89.55,76.90696703776173
13,7,17,6,38.3,43.835938152208065
13,7,17,6,56.0,69.76879109262475
13,7,17,6,35.6,64.14736323907877
13,3,17,6,56.6,67.3688980246273
13,3,17,6,62.5,54.5078458862382
13,3,17,6,54.0,66.93280212272605
13,3,17,6,46.25,44.19201523495297
13,3,17,6,73.6,58.853430790307144
13,3,17,6,58.45,46.985412069794826
13,3,17,6,55.35,52.04580472500818
13,3,17,6,55.45,44.270074245298154
13,3,17,6,52.9,37.74554696635715
13,3,17,6,45.7,51.71083567605333
14,39,17,7,46.65,39.96350308653345
14,39,17,7,34.5,42.92159314255166
14,39,17,7,28.4,33.28726641319707
14,39,17,7,42.6,36.000584790571914
14,39,17,7,52.45,44.079443830668424
14,39,17,7,18.45,24.21716442178107
14,39,17,7,34.3,34.00789382048326
14,39,17,7,48.5,48.91184336183448
14,39,17,7,26.55,28.03282849953266
14,39,17,7,29.25,31.071860683193556
14,40,17,7,30.5,28.790532069451327
14,40,17,7,21.6,22.129760861551887
14,40,17,7,38.6,40.19871692113149
14,40,17,7,24.45,22.92659912347274
14,40,17,7,30.35,39.65014767344903
14,40,17,7,23.5,23.836062903441967
14,40,17,7,41.15,42.80958451463631
14,40,17,7,42.55,38.55751002006443
14,40,17,7,45.4,46.44906661574249
14,40,17,7,37.05,38.181664103129535
14,36,17,7,48.7,50.596546584878595
14,36,17,7,30.7,32.484976284592335
14,36,17,7,30.65,33.5892761708884
14,36,17,7,31.35,28.42770146400014
14,36,17,7,30.25,41.49175568078175
14,36,17,7,37.85,45.27840777375366
14,36,17,7,49.55,54.322114329830335
14,36,17,7,40.0,29.70734447555812
14,36,17,7,19.95,25.634013177396692
14,36,17,7,55.15,52.55300582319371
14,38,17,7,35.65,31.11485514230005
14,38,17,7,37.55,34.61133827002512
14,38,17,7,30.85,32.041543756751004
14,38,17,7,31.0,29.069788984080144
14,38,17,7,29.75,30.85598977934686
14,38,17,7,52.3,35.192852145077175
14,38,17,7,32.0,39.51948220415104
14,38,17,7,40.25,35.25825771138025
14,38,17,7,37.25,35.277658055697756
14,38,17,7,41.6,42.07687200701517
14,42,17,7,30.3,25.643507437248335
14,42,17,7,34.5,34.91719528134798
14,42,17,7,37.45,31.754775852990747
14,42,17,7,37.55,36.63400060053502
14,42,17,7,17.7,19.542396556151825
14,42,17,7,32.95,31.999136501507433
14,42,17,7,30.55,40.27860212909187
14,42,17,7,36.0,43.584159362874274
14,42,17,7,52.6,50.97409042579222
14,42,17,7,36.5,44.05797615821561
14,46,17,7,42.3,56.70245515894908
14,46,17,7,50.4,42.33376156711157
14,46,17,7,32.2,28.184728974542598
14,46,17,7,54.4,50.10872389640666
14,46,17,7,22.5,25.232602135457924
14,46,17,7,36.25,40.00641395944827
14,46,17,7,33.4,33.76606829971551
14,46,17,7,23.4,22.866661551838206
14,46,17,7,48.9,36.60586665664686
14,46,17,7,35.45,22.74220514235245
14,42,17,7,31.2,28.57234584993716
14,42,17,7,35.4,38.489096200297936
14,42,17,7,38.7,33.405168210291876
14,42,17,7,26.45,29.816058901555927
14,42,17,7,40.45,41.79835680477101
14,42,17,7,36.35,40.4517581427817
14,42,17,7,28.75,31.635880695318424
14,42,17,7,30.85,35.78190515948117
14,42,17,7,30.2,28.916576924882232
14,42,17,7,37.75,34.435102958891726
14,35,17,7,39.6,39.009310629508356
14,35,17,7,34.1,27.24721134934343
14,35,17,7,47.15,36.90425021878275
14,35,17,7,32.7,31.17539515640331
14,35,17,7,20.55,26.713834381616223
14,35,17,7,22.05,22.63549843660802
14,35,17,7,60.1,51.180691260422975
14,35,17,7,28.95,28.969085155331403
14,35,17,7,41.25,38.15739564101909
14,35,17,7,34.3,27.949390352074435
14,29,17,7,23.1,28.882520665620586
14,29,17,7,30.15,37.73212368651859
14,29,17,7,53.15,44.88145203580322
14,29,17,7,37.8,19.487107748997868
14,29,17,7,48.55,31.18953096962606
14,29,17,7,37.75,37.07016817362787
14,29,17,7,41.9,38.02339999748077
14,29,17,7,25.05,27.763048141464278
14,29,17,7,36.15,38.46703988994652
14,29,17,7,43.95,42.06820902446782
14,38,17,7,35.2,38.466116326751234
14,38,17,7,24.75,31.570931000059634
14,38,17,7,30.5,35.57127759124887
14,38,17,7,47.5,45.82633120356622
14,38,17,7,26.55,24.957806499433357
14,38,17,7,38.0,49.35585071701227
14,38,17,7,35.35,31.549918675347687
14,38,17,7,36.55,20.81617539066043
14,38,17,7,29.2,35.74264738523524
14,38,17,7,24.05,37.01560837211641
14,44,17,7,33.2,37.0172079472578
14,44,17,7,37.05,34.96234816876127
14,44,17,7,25.2,28.81994923111785
14,44,17,7,32.9,37.94858016898794
14,44,17,7,38.1,31.844854165816262
14,44,17,7,33.7,32.965851550066965
14,44,17,7,36.05,39.89390535170161
14,44,17,7,56.05,41.694976347655825
14,44,17,7,45.8,40.83806274079431
14,44,17,7,32.0,32.933745291833546
14,39,17,7,38.45,40.222375286452326
14,39,17,7,41.2,39.87691589193717
14,39,17,7,47.2,45.690722310586835
14,39,17,7,28.55,21.122387723879484
14,39,17,7,45.65,33.25543089798306
14,39,17,7,24.35,27.32123716086078
14,39,17,7,32.2,31.43012299656092
14,39,17,7,34.05,42.091973231559436
14,39,17,7,38.05,36.01092670433883
14,39,17,7,37.0,38.074718784599256
14,35,17,7,40.85,29.574660206260855
14,35,17,7,42.7,42.125251834324544
14,35,17,7,31.7,27.216674455580584
14,35,17,7,23.65,35.18264374734553
14,35,17,7,27.4,31.216392454842328
14,35,17,7,54.2,43.28437179982243
14,35,17,7,35.8,42.19079470565513
14,35,17,7,41.1,51.00454056154939
14,35,17,7,36.65,34.287138911505025
14,35,17,7,39.95,43.175864359128866
14,29,17,7,45.1,39.05852558728544
14,29,17,7,33.6,35.12593883367914
14,29,17,7,34.75,29.80970347139722
14,29,17,7,40.85,36.24227685423403
14,29,17,7,22.2,25.773507409945708
14,29,17,7,33.75,22.320335311573
14,29,17,7,27.55,28.581324414084765
14,29,17,7,44.7,55.00440173773655
14,29,17,7,37.9,34.16507912443563
14,29,17,7,26.1,24.27886236821521
14,25,17,7,31.3,33.72973075555311
14,25,17,7,47.35,53.37777479537024
14,25,17,7,33.9,24.785182330535612
14,25,17,7,30.85,28.992331109414
14,25,17,7,40.4,39.67419949114485
14,25,17,7,59.65,52.85459199290864
14,25,17,7,46.25,48.44190769419214
14,25,17,7,38.4,29.041531060117848
14,25,17,7,34.0,27.524152073559343
14,25,17,7,44.15,38.133111734112596
14,30,17,7,36.6,44.026786105016136
14,30,17,7,42.55,53.875563252642415
14,30,17,7,26.4,30.87393722867234
14,30,17,7,32.6,35.20227265390688
14,30,17,7,40.1,32.56232889640872
14,30,17,7,46.8,37.84678252333243
14,30,17,7,29.5,21.517434791350013
14,30,17,7,38.35,52.50090224788623
14,30,17,7,38.6,46.083905170780326
14,30,17,7,39.5,31.791259970726475
14,40,17,7,25.65,27.63345607659024
14,40,17,7,45.25,44.79529463071575
14,40,17,7,38.1,36.5281434397903
14,40,17,7,39.35,27.913918429795256
14,40,17,7,37.25,39.609774179188605
14,40,17,7,32.55,32.93290627608614
14,40,17,7,33.75,35.62653505464713
14,40,17,7,49.75,34.007545602332684
14,40,17,7,43.3,36.10671318248319
14,40,17,7,36.9,46.11758427050758
14,39,17,7,30.4,34.44507450847997
14,39,17,7,23.95,30.174012869215442
14,39,17,7,38.0,28.753031876747592
14,39,17,7,33.6,33.06357512429653
14,39,17,7,34.35,34.34082272257259
14,39,17,7,25.95,40.64671282106211
14,39,17,7,51.85,50.39556684763787
14,39,17,7,58.6,59.01685753820014
14,39,17,7,26.05,23.161844758817875
14,39,17,7,28.85,35.31702288221868
14,40,17,7,37.6,34.23048810328993
14,40,17,7,38.1,51.9604100303906
14,40,17,7,27.2,30.705048444840465
14,40,17,7,46.1,33.66381784021158
14,40,17,7,38.55,39.404080739783396
14,40,17,7,36.85,33.76119697304335
14,40,17,7,39.7,42.854834524301495
14,40,17,7,44.1,41.26027782644937
14,40,17,7,32.3,31.667848546735023
14,40,17,7,37.05,44.79012461645864
14,26,17,7,41.25,31.56426193623015
14,26,17,7,29.2,29.258557002947647
14,26,17,7,32.1,34.81061544081663
14,26,17,7,46.05,34.10583373466836
14,26,17,7,45.2,30.179463215902302
14,26,17,7,29.2,30.591708542985096
14,26,17,7,36.25,39.05849189963284
14,26,17,7,24.15,23.749293618304122
14,26,17,7,31.7,23.88150572701549
14,26,17,7,18.85,19.682412667685146
15,6,17,7,79.6,83.2392872829196
15,6,17,7,52.6,66.91424205259807
15,6,17,7,57.1,55.49765286644301
15,6,17,7,53.25,46.9578478391441
15,6,17,7,76.95,65.30130570146197
15,6,17,7,57.75,60.08141406283207
15,6,17,7,58.85,81.0855785736994
15,6,17,7,62.95,71.97695172030674
15,6,17,7,63.6,63.617607625562286
15,6,17,7,47.7,61.23990786888459
15,16,17,7,50.55,87.79550102368572
15,16,17,7,50.65,61.367979821470584
15,16,17,7,78.8,83.35441136938609
15,16,17,7,42.65,44.24486291917788
15,16,17,7,56.3,49.26095924018489
15,16,17,7,56.55,51.27066977275963
15,16,17,7,48.15,48.25183388933741
15,16,17,7,48.55,71.0444449474745
15,16,17,7,55.8,75.33336438440595
15,16,17,7,47.9,46.5356682669609
15,18,17,7,61.5,72.34384271620749
15,18,17,7,60.5,65.91182307486747
15,18,17,7,57.0,69.05604131504543
15,18,17,7,42.05,40.27860212909187
15,18,17,7,38.45,63.918924798281935
15,18,17,7,53.7,68.0565554288645
15,18,17,7,51.5,54.90134693007852
15,18,17,7,29.4,32.7533043732754
15,18,17,7,77.15,58.14073216637459
15,18,17,7,49.95,57.47262506253693
15,19,17,7,72.65,73.52570263090603
15,19,17,7,51.4,62.997410138913864
15,19,17,7,52.75,58.09418396471644
15,19,17,7,74.8,61.969092465943305
15,19,17,7,66.05,58.06572954306543
15,19,17,7,72.25,62.90500356636355
15,19,17,7,57.8,55.2740540636525
15,19,17,7,59.85,55.59086918588434
15,19,17,7,56.85,73.47772666454424
15,19,17,7,57.2,61.982680093546676
15,2,17,7,46.25,42.12996808124017
15,2,17,7,78.4,69.56587185046838
15,2,17,7,47.3,65.48049126909561
15,2,17,7,56.3,61.647640497811174
15,2,17,7,32.35,46.02204849165692
15,2,17,7,54.25,62.611479525890886
15,2,17,7,84.6,71.33641573927244
15,2,17,7,78.7,64.32327891616157
15,2,17,7,71.75,56.0318283609743
15,2,17,7,52.3,52.902193766073246
15,1,17,7,55.95,47.23566337775772
15,1,17,7,82.55,86.47024130635317
15,1,17,7,47.3,45.52974736078427
15,1,17,7,42.8,62.10652987111403
15,1,17,7,54.8,49.83720867405249
15,1,17,7,75.2,53.991812244762485
15,1,17,7,54.85,62.88106986501122
15,1,17,7,44.05,49.57872527606977
15,1,17,7,52.75,59.85673685867299
15,1,17,7,65.3,56.64859360915094
15,4,17,7,58.45,58.19610676072123
15,4,17,7,43.05,51.22034443666429
15,4,17,7,72.15,82.46867028725131
15,4,17,7,48.85,42.61242097150351
15,4,17,7,53.8,44.19764223289935
15,4,17,7,49.1,91.62561122076593
15,4,17,7,59.15,66.47538127599927
15,4,17,7,77.1,71.89678274040537
15,4,17,7,56.15,58.25106730443026
15,4,17,7,40.55,44.78424887578691
15,7,17,7,76.75,97.10974529664337
15,7,17,7,48.35,69.29439485192678
15,7,17,7,42.5,43.44930500322368
15,7,17,7,45.25,59.17136131609615
15,7,17,7,63.85,49.27610181950593
15,7,17,7,51.95,42.83195437742099
15,7,17,7,50.8,46.09098553262255
15,7,17,7,72.75,95.28178430871574
15,7,17,7,32.2,28.149226407992472
15,7,17,7,45.8,41.19989780263258
15,5,17,7,42.0,55.878627869978864
15,5,17,7,78.7,78.82632475058196
15,5,17,7,66.05,78.03877241474267
15,5,17,7,46.1,69.33435390611892
15,5,17,7,50.35,62.64291029738574
15,5,17,7,65.2,61.52586105815479
15,5,17,7,65.55,48.108949818423376
15,5,17,7,67.75,67.85268485554026
15,5,17,7,72.4,66.29868618210834
15,5,17,7,76.75,70.04275010381349
15,20,17,7,57.0,64.34283176858165
15,20,17,7,80.9,82.3611431121305
15,20,17,7,50.9,53.828088930359925
15,20,17,7,41.55,45.322789666545184
15,20,17,7,39.9,38.12569240096017
15,20,17,7,63.4,61.66496915634218
15,20,17,7,77.2,73.17074480102579
15,20,17,7,52.3,52.638888966038664
15,20,17,7,68.4,48.24869782807887
15,20,17,7,52.1,78.60286589123702
15,20,17,7,53.05,74.19566947215351
15,20,17,7,62.4,76.99993164726972
15,20,17,7,63.65,56.36654009343897
15,20,17,7,35.05,43.43837134680763
15,20,17,7,62.35,84.69280401918205
15,20,17,7,73.0,74.82400402910397
15,20,17,7,27.45,31.34775237472965
15,20,17,7,85.55,60.95595908004747
15,20,17,7,55.7,56.63651416570502
15,20,17,7,82.6,110.76974696236
15,8,17,7,69.2,67.55473414397512
15,8,17,7,76.05,82.91687340184049
15,8,17,7,76.5,63.95516521669486
15,8,17,7,54.0,52.63478937576913
15,8,17,7,49.45,43.898777108012325
15,8,17,7,55.0,63.80067645244425
15,8,17,7,64.25,74.41057861975214
15,8,17,7,60.35,58.179644658863104
15,8,17,7,76.3,67.27797794070118
15,8,17,7,74.85,75.44065286874948
15,5,17,7,57.4,63.48344168695529
15,5,17,7,69.3,73.90256743634967
15,5,17,7,58.65,57.49258533429378
15,5,17,7,48.35,52.35735005959676
15,5,17,7,76.25,72.7279537946579
15,5,17,7,59.5,75.65468643083102
15,5,17,7,43.65,44.02065902565103
15,5,17,7,51.05,66.5562484709461
15,5,17,7,56.35,55.53877261119384
15,5,17,7,54.95,61.41873107054384
15,7,17,7,39.5,34.60985560881695
15,7,17,7,60.25,56.87463128856772
15,7,17,7,61.95,69.97178002595045
15,7,17,7,60.85,62.38781510586992
15,7,17,7,48.6,47.33353101021237
15,7,17,7,27.8,27.753804860064257
15,7,17,7,64.9,67.7005014363767
15,7,17,7,54.25,62.05844019954095
15,7,17,7,59.6,60.78902255471702
15,7,17,7,60.4,64.3995750231156
15,6,17,7,59.55,61.796333565230746
15,6,17,7,72.7,104.95116658913827
15,6,17,7,94.35,99.70497268916614
15,6,17,7,79.35,65.02086709583882
15,6,17,7,58.3,64.31918760942835
15,6,17,7,65.55,62.721166577496824
15,6,17,7,79.15,90.93912075784836
15,6,17,7,63.0,66.58038275964665
15,6,17,7,64.2,57.07944601951509
15,6,17,7,59.2,54.037608735904826
15,9,17,7,72.4,63.22174842318275
15,9,17,7,55.05,48.5868457398437
15,9,17,7,62.25,53.090662277397065
15,9,17,7,39.1,53.64885832895235
15,9,17,7,44.35,57.05055468156015
15,9,17,7,52.1,54.87967699766846
15,9,17,7,62.15,92.57501936551954
15,9,17,7,82.25,91.95415047442766
15,9,17,7,45.85,54.40905013728971
15,9,17,7,38.95,46.015415037274536
15,12,17,7,75.35,63.57529725492939
15,12,17,7,76.0,94.82893184988151
15,12,17,7,85.0,78.32120100148995
15,12,17,7,53.15,60.142178036278075
15,12,17,7,61.7,57.96014964929285
15,12,17,7,53.55,59.09267921529794
15,12,17,7,71.55,72.70667456510296
15,12,17,7,42.2,34.711745319961864
15,12,17,7,61.15,84.22293411879538
15,12,17,7,67.85,66.67065558241852
15,18,17,7,81.75,93.11502507510181
15,18,17,7,60.2,59.13997668333378
15,18,17,7,56.4,51.97003185034925
15,18,17,7,67.95,47.589776655341254
15,18,17,7,52.95,58.623217064123736
15,18,17,7,77.0,70.84230077395404
15,18,17,7,53.25,56.6530298348966
15,18,17,7,87.05,104.76815255350111
15,18,17,7,67.05,47.055929767838926
15,18,17,7,77.6,90.85523476503995
15,4,17,7,68.05,63.84642346657864
15,4,17,7,58.45,53.907791644622215
15,4,17,7,42.75,47.917555293056814
15,4,17,7,56.5,68.31467438875856
15,4,17,7,70.55,77.52179659533454
15,4,17,7,62.9,74.4105963025782
15,4,17,7,56.3,68.10680466814797
15,4,17,7,71.15,99.07321853850792
15,4,17,7,34.75,36.17046628921097
15,4,17,7,51.35,47.36118219541578
15,5,17,7,53.85,63.2291363550897
15,5,17,7,39.25,62.05844019954094
15,5,17,7,60.35,59.49725778731762
15,5,17,7,43.3,45.5204985635448
15,5,17,7,47.6,59.3707353039047
15,5,17,7,57.8,64.18033802866486
15,5,17,7,47.05,48.33814555596309
15,5,17,7,66.65,72.2803569443317
15,5,17,7,36.2,42.01077556006191
15,5,17,7,92.1,113.91959306550619
16,30,17,8,46.2,45.595013577779476
16,30,17,8,28.1,21.911064256263437
16,30,17,8,31.9,29.655744096123044
16,30,17,8,28.95,31.616909200116652
16,30,17,8,27.25,25.227126168805714
16,30,17,8,24.45,31.896997053839275
16,30,17,8,29.3,31.22431576090727
16,30,17,8,22.1,25.135213294667324
16,30,17,8,21.75,17.256196446189225
16,30,17,8,29.15,30.798624371193835
16,35,17,8,33.7,36.03229545545875
16,35,17,8,35.9,45.97814125956171
16,35,17,8,31.95,34.596128472173845
16,35,17,8,37.1,41.36474471410597
16,35,17,8,30.5,30.966025525438447
16,35,17,8,40.85,37.57977479554941
16,35,17,8,53.25,58.21545734325387
16,35,17,8,39.65,44.12932549247782
16,35,17,8,35.1,35.53189819688338
16,35,17,8,40.35,32.22662351469503
16,28,17,8,34.8,29.330422503102923
16,28,17,8,31.4,34.30267750789327
16,28,17,8,52.0,41.80531318536336
16,28,17,8,37.65,40.14745846317835
16,28,17,8,30.25,25.943004330343285
16,28,17,8,29.75,35.33281611670434
16,28,17,8,48.95,37.47346429562911
16,28,17,8,34.45,30.095418430822917
16,28,17,8,32.3,28.593521533455974
16,28,17,8,41.55,30.589772972781535
16,28,17,8,35.35,34.84593912759722
16,28,17,8,29.45,27.68901549256254
16,28,17,8,23.2,24.474691546897777
16,28,17,8,25.95,36.73156537280765
16,28,17,8,41.65,33.93534874930332
16,28,17,8,19.85,22.316562176294557
16,28,17,8,45.35,42.745606114608584
16,28,17,8,46.6,31.70986896020991
16,28,17,8,27.0,32.44752849236992
16,28,17,8,35.1,41.29597915943927
16,28,17,8,34.9,27.23755147817652
16,28,17,8,22.5,29.39477218110301
16,28,17,8,30.5,24.84795872162498
16,28,17,8,31.65,30.021527363929334
16,28,17,8,35.15,37.71677694551716
16,28,17,8,45.65,51.64583337756453
16,28,17,8,46.9,36.052447175863406
16,28,17,8,25.4,30.672120033809545
16,28,17,8,32.4,32.738838998158876
16,28,17,8,38.3,36.85690680113252
16,30,17,8,40.3,36.519785553068424
16,30,17,8,21.95,24.6970592751871
16,30,17,8,41.05,30.534665373533805
16,30,17,8,15.9,19.78808785741138
16,30,17,8,32.75,25.25631760465821
16,30,17,8,32.05,28.72276742274415
16,30,17,8,31.05,36.11308991429416
16,30,17,8,34.5,28.974580511018164
16,30,17,8,35.6,25.61537367326607
16,30,17,8,28.25,31.071860683193556
16,31,17,8,41.35,41.12020248772589
16,31,17,8,28.8,35.64089903762988
16,31,17,8,25.45,38.22437221955316
16,31,17,8,33.75,33.01494876726697
16,31,17,8,31.4,29.294152461217458
16,31,17,8,30.75,25.105828637568354
16,31,17,8,28.55,37.320059513688655
16,31,17,8,31.05,26.662559990802794
16,31,17,8,22.45,29.683372981838627
16,31,17,8,21.9,37.486699395638276
16,31,17,8,37.6,29.667277738630702
16,31,17,8,20.85,16.069831165392205
16,31,17,8,32.1,31.375317150839916
16,31,17,8,36.15,30.23465247900686
16,31,17,8,41.8,33.78040540718368
16,31,17,8,24.2,29.11971659781122
16,31,17,8,29.0,35.35533905932738
16,31,17,8,26.5,28.550048391515812
16,31,17,8,33.65,23.18183272351547
16,31,17,8,42.55,44.46225483781898
16,47,17,8,40.75,37.31921333858106
16,47,17,8,48.35,50.736963583606496
16,47,17,8,27.95,25.709869086034892
16,47,17,8,24.65,24.948947873607814
16,47,17,8,30.05,32.29546978170549
16,47,17,8,34.9,37.21615382146788
16,47,17,8,29.7,34.328291232558726
16,47,17,8,22.25,20.7817607277961
16,47,17,8,33.15,30.16494130958199
16,47,17,8,28.6,26.482168777460327
16,41,17,8,37.95,38.08090417988909
16,41,17,8,28.8,26.108276566314327
16,41,17,8,24.0,25.61044194937107
16,41,17,8,30.35,26.13582940997604
16,41,17,8,30.25,34.96295031510988
16,41,17,8,27.85,25.028983199482955
16,41,17,8,31.1,34.31878417672195
16,41,17,8,23.6,29.491122660717302
16,41,17,8,37.65,36.00771116244262
16,41,17,8,38.3,39.591466385148145
16,34,17,8,30.4,22.238894330713286
16,34,17,8,51.3,45.69590560951478
16,34,17,8,39.65,37.259085787015906
16,34,17,8,36.35,32.551618926511814
16,34,17,8,38.7,39.367499285578205
16,34,17,8,28.2,31.149216430121097
16,34,17,8,23.15,22.33542147870908
16,34,17,8,43.65,35.897918133448755
16,34,17,8,38.75,36.855157462408805
16,34,17,8,24.75,33.15970128746162
16,44,17,8,27.55,28.096590915138293
16,44,17,8,26.1,28.272918044249376
16,44,17,8,24.3,26.778034989422522
16,44,17,8,43.1,42.51303205767429
16,44,17,8,31.8,32.961859937302016
16,44,17,8,25.95,26.382759522081837
16,44,17,8,31.35,33.13493148039583
16,44,17,8,32.85,33.35183258596303
16,44,17,8,13.9,16.75488930997378
16,44,17,8,44.65,38.1979263697307
16,28,17,8,27.35,27.798665246261095
16,28,17,8,38.1,43.73593006839307
16,28,17,8,35.1,32.93518355481678
16,28,17,8,19.95,22.25090181495904
16,28,17,8,40.05,44.78894952999009
16,28,17,8,23.1,28.552629153528883
16,28,17,8,29.95,30.98297495144882
16,28,17,8,27.8,26.118354103056177
16,28,17,8,27.7,32.994576906866946
16,28,17,8,34.7,32.6127195076432
16,26,17,8,27.75,33.4126906240255
16,26,17,8,35.2,32.42578571056326
16,26,17,8,30.15,28.850385384637498
16,26,17,8,31.05,35.21284903046195
16,26,17,8,31.0,34.24217159862198
16,26,17,8,23.6,34.270441460458855
16,26,17,8,25.8,25.84691776391794
16,26,17,8,34.65,31.746156004351636
16,26,17,8,31.25,40.6938182296189
16,26,17,8,32.85,28.398063314247327
16,35,17,8,23.4,26.000809703991106
16,35,17,8,29.35,40.34884071901473
16,35,17,8,37.5,40.960186060432676
16,35,17,8,25.65,24.999526311301857
16,35,17,8,31.95,32.01558008877947
16,35,17,8,32.8,30.446847559571573
16,35,17,8,41.75,48.94451746083195
16,35,17,8,23.45,28.31677018454277
16,35,17,8,33.7,28.077149352978722
16,35,17,8,31.25,42.292060969555884
16,39,17,8,28.75,22.833205275604534
16,39,17,8,26.2,24.875690945177784
16,39,17,8,24.35,22.676848848202226
16,39,17,8,40.7,38.67149092711989
16,39,17,8,29.0,29.52786373651344
16,39,17,8,35.25,33.352779415467644
16,39,17,8,22.3,21.29269704308078
16,39,17,8,30.3,32.17566913384283
16,39,17,8,39.15,33.45424998569335
16,39,17,8,33.9,41.072336701303755
16,39,17,8,31.65,28.54225860571986
16,39,17,8,30.3,36.538516087749606
16,39,17,8,29.05,28.197564284507756
16,39,17,8,22.55,21.622295997662373
16,39,17,8,35.9,30.937798377083215
16,39,17,8,34.75,34.73489827097147
16,39,17,8,21.4,26.192405488292934
16,39,17,8,42.05,37.83409072586034
16,39,17,8,29.75,30.052366576396363
16,39,17,8,35.35,33.89810583126096
16,28,17,8,19.1,14.58874836808725
16,28,17,8,24.05,26.765010544994826
16,28,17,8,18.9,28.07489982172688
16,28,17,8,24.35,35.2259996683072
16,28,17,8,39.9,36.12245255997118
16,28,17,8,52.45,34.67059272640143
16,28,17,8,33.9,38.60447206163937
16,28,17,8,40.3,39.9066014852839
16,28,17,8,25.9,29.897896423098327
16,28,17,8,40.05,33.68503494056921
16,31,17,8,32.1,34.32031775095207
16,31,17,8,43.65,43.54704050612516
16,31,17,8,38.15,34.76730920669134
16,31,17,8,38.25,41.30231929259383
16,31,17,8,32.2,34.88869519818101
16,31,17,8,39.9,42.13874326804878
16,31,17,8,27.1,24.962919869699792
16,31,17,8,38.5,43.919184155014825
16,31,17,8,30.85,37.75304100682696
16,31,17,8,39.5,47.30249798678157
16,38,17,8,26.8,30.978090729790914
16,38,17,8,33.25,45.10791154787069
16,38,17,8,26.8,46.065856747647025
16,38,17,8,38.45,34.9548204641965
16,38,17,8,39.95,37.01560837211641
16,38,17,8,34.4,46.796761021520105
16,38,17,8,29.75,32.461921012002264
16,38,17,8,23.9,23.15371971934759
16,38,17,8,43.6,46.325393741048316
16,38,17,8,23.3,28.84276795243298
17,19,17,8,59.5,86.02539404764521
17,19,17,8,65.7,56.536062082439685
17,19,17,8,75.35,89.57870693888201
17,19,17,8,46.25,59.70178080743444
17,19,17,8,71.55,45.409800704253264
17,19,17,8,69.1,63.919274747219454
17,19,17,8,60.0,56.026309609156414
17,19,17,8,65.6,74.1537520788289
17,19,17,8,52.6,41.4353015015737
17,19,17,8,80.15,77.40207735550364
17,14,17,8,53.1,56.82095610451815
17,14,17,8,50.45,58.141818449645854
17,14,17,8,65.25,74.17112149049585
17,14,17,8,63.95,75.92757976138218
17,14,17,8,65.6,77.78945944020951
17,14,17,8,61.75,67.91548540572126
17,14,17,8,40.4,43.304794921092686
17,14,17,8,57.45,57.21747524737709
17,14,17,8,64.9,74.24135604478424
17,14,17,8,42.0,51.716840380550785
17,18,17,8,46.0,66.23959699851983
17,18,17,8,58.1,70.30452557118548
17,18,17,8,51.4,77.72854247822659
17,18,17,8,72.05,63.18850245183267
17,18,17,8,59.85,75.9787193197785
17,18,17,8,41.45,59.27675944690563
17,18,17,8,79.4,97.15879568493717
17,18,17,8,34.65,42.2701524657019
17,18,17,8,67.75,82.11152557089017
17,18,17,8,60.65,42.00660975558364
17,18,17,8,56.2,54.26795118959062
17,18,17,8,91.7,80.39252387341028
17,18,17,8,55.1,51.13130671433881
17,18,17,8,49.45,60.19221404450037
17,18,17,8,52.65,49.412628899268675
17,18,17,8,94.9,110.68157265920914
17,18,17,8,54.05,71.57658761590163
17,18,17,8,69.65,89.22135394623868
17,18,17,8,80.85,75.60651252929279
17,18,17,8,49.65,59.40252962892901
17,10,17,8,58.4,58.56476397073046
17,10,17,8,62.5,72.48339192713844
17,10,17,8,71.2,71.33951440674008
17,10,17,8,24.5,33.572388404131964
17,10,17,8,59.95,74.52549899195577
17,10,17,8,62.55,70.03568639216049
17,10,17,8,59.65,68.0466364844149
17,10,17,8,40.55,43.06723629518457
17,10,17,8,54.15,54.0879157629405
17,10,17,8,36.9,42.545208153705225
17,16,17,8,56.4,53.796301966428494
17,16,17,8,31.65,39.81969229836969
17,16,17,8,43.65,53.94565979322448
17,16,17,8,75.45,91.62249493954728
17,16,17,8,67.15,39.217712163873365
17,16,17,8,60.55,54.76886841416774
17,16,17,8,36.1,50.81017303858083
17,16,17,8,51.5,66.22171690218916
17,16,17,8,46.3,61.45952883166715
17,16,17,8,36.9,44.57034652629127
17,1,17,8,67.3,69.04544651322435
17,1,17,8,41.85,52.49989974927771
17,1,17,8,55.15,82.43675406669426
17,1,17,8,54.3,60.793091712792496
17,1,17,8,65.15,78.75296151490699
17,1,17,8,63.1,66.70192927060694
17,1,17,8,77.15,75.93160010652245
17,1,17,8,46.85,64.70359544227736
17,1,17,8,53.75,66.33319007301817
17,1,17,8,60.65,54.01001369141993
17,12,17,8,60.15,62.37431573298335
17,12,17,8,52.75,47.03847809031061
17,12,17,8,32.75,38.55669100237508
17,12,17,8,54.85,72.13457817455546
17,12,17,8,56.25,68.0231191349096
17,12,17,8,59.2,68.64523596763749
17,12,17,8,46.1,43.153215407429364
17,12,17,8,54.85,64.56190419809666
17,12,17,8,46.35,44.044564752197594
17,12,17,8,56.1,62.42797955707798
17,15,17,8,82.85,69.87453040987108
17,15,17,8,35.65,40.24304451180287
17,15,17,8,40.55,53.18238232228492
17,15,17,8,52.4,54.887828197247224
17,15,17,8,53.15,64.46563752149382
17,15,17,8,81.55,75.14440484126125
17,15,17,8,67.85,67.63779307925103
17,15,17,8,51.8,60.689546485631105
17,15,17,8,49.65,43.055991697470304
17,15,17,8,50.9,60.279087758961914
17,0,17,8,52.3,47.22521627935207
17,0,17,8,47.25,58.51304397986379
17,0,17,8,52.25,54.323470744091914
17,0,17,8,41.65,57.73740464150465
17,0,17,8,37.75,35.168578978520316
17,0,17,8,50.6,78.02927925498626
17,0,17,8,59.45,69.31277318298403
17,0,17,8,47.05,60.547045649165284
17,0,17,8,81.8,74.76531703657082
17,0,17,8,90.15,102.31029942494087
17,7,17,8,47.9,60.265989361199495
17,7,17,8,33.6,40.91891854309986
17,7,17,8,50.3,71.73423171680311
17,7,17,8,40.95,38.956757403156914
17,7,17,8,82.4,91.6270472593856
17,7,17,8,47.85,48.942796900269734
17,7,17,8,67.25,62.82630608942488
17,7,17,8,58.8,56.65277435488277
17,7,17,8,52.25,58.90212667056929
17,7,17,8,65.6,52.604182343232
17,1,17,8,43.85,50.44775828309395
17,1,17,8,33.15,48.612620193785716
17,1,17,8,72.5,73.33736033600222
17,1,17,8,77.35,70.6282148779233
17,1,17,8,33.25,41.38760938404531
17,1,17,8,44.6,50.3152169093166
17,1,17,8,61.65,60.903958042668776
17,1,17,8,50.6,63.8595498360516
17,1,17,8,62.6,65.16650738078977
17,1,17,8,60.45,68.37318264687669
17,22,17,8,64.25,60.3427709009124
17,22,17,8,68.3,51.83688993269887
17,22,17,8,45.2,41.51169778064467
17,22,17,8,66.5,80.45233960158288
17,22,17,8,55.55,56.62199219384638
17,22,17,8,53.05,59.1354155174465
17,22,17,8,51.65,45.60964233234251
17,22,17,8,69.05,79.94371375174569
17,22,17,8,52.9,58.68102894372879
17,22,17,8,55.85,67.94291334410242
17,22,17,8,46.3,54.86260350327803
17,22,17,8,30.3,36.46209278862523
17,22,17,8,60.15,52.129671316621085
17,22,17,8,42.2,29.434315812813132
17,22,17,8,58.2,55.265483660332926
17,22,17,8,55.1,57.91909057151691
17,22,17,8,56.95,78.36518762549444
17,22,17,8,52.25,54.81247937045762
17,22,17,8,52.75,50.59735274955754
17,22,17,8,47.2,54.749765680825185
17,13,17,8,43.85,48.56604293450095
17,13,17,8,80.2,77.42337468341469
17,13,17,8,58.55,54.46145425895273
17,13,17,8,56.45,64.91247143167806
17,13,17,8,62.15,72.58408916560157
17,13,17,8,52.05,48.8364348455234
17,13,17,8,47.8,50.78603206228637
17,13,17,8,65.5,69.58259007902238
17,13,17,8,37.65,33.00442554057195
17,13,17,8,37.65,52.02456403621172
17,14,17,8,75.05,65.07038699099532
17,14,17,8,49.95,59.055259581264444
17,14,17,8,69.6,76.29954818104481
17,14,17,8,37.95,52.296195896672614
17,14,17,8,68.35,89.36517336483108
17,14,17,8,53.7,86.91320534394006
17,14,17,8,74.0,51.874342101091294
17,14,17,8,40.0,43.13015796766561
17,14,17,8,42.05,57.213795723170044
17,14,17,8,34.65,41.166254703528594
17,14,17,8,64.35,72.83671355920215
17,14,17,8,49.5,41.017967821559935
17,14,17,8,42.35,33.11268639056638
17,14,17,8,58.45,58.65193943937404
17,14,17,8,58.75,50.195276565367024
17,14,17,8,60.5,71.7117769084578
17,14,17,8,62.1,72.30993234535262
17,14,17,8,83.95,60.58528134612791
17,14,17,8,38.9,53.52805462165562
17,14,17,8,41.35,39.68199246907581
17,16,17,8,57.65,50.879915383908454
17,16,17,8,46.35,53.60702526623481
17,16,17,8,51.85,63.00816571975748
17,16,17,8,51.75,51.203284228548014
17,16,17,8,48.15,57.09942851589764
17,16,17,8,49.9,50.94878749654815
17,16,17,8,64.35,98.90573662251398
17,16,17,8,29.4,37.921525618877176
17,16,17,8,52.9,72.37250132038011
17,16,17,8,33.7,41.050802928233104
17,4,17,8,59.95,86.08531569871467
17,4,17,8,50.5,46.64366601101771
17,4,17,8,50.9,46.20993285795644
17,4,17,8,85.05,84.612724562531
17,4,17,8,52.4,58.627638533374345
17,4,17,8,46.05,45.860744594226134
17,4,17,8,57.4,57.83042360848519
17,4,17,8,52.75,49.07874982322314
17,4,17,8,62.1,54.892143048172684
17,4,17,8,53.05,64.00121298192632
17,5,17,8,70.8,74.47542865727065
17,5,17,8,76.65,87.69521081564261
17,5,17,8,55.2,56.23409716720386
17,5,17,8,65.7,71.08638184779505
17,5,17,8,50.3,51.42710733087224
17,5,17,8,44.2,51.70320157042094
17,5,17,8,50.85,42.4936837411719
17,5,17,8,38.65,35.8935194268005
17,5,17,8,48.95,44.797174487965904
17,5,17,8,43.45,47.22563420766088
18,44,17,9,29.3,32.680430326355705
18,44,17,9,24.0,25.864016865542222
18,44,17,9,20.2,17.172805919764386
18,44,17,9,22.4,21.465762212612464
18,44,17,9,19.4,21.99856454647128
18,44,17,9,23.05,22.361797781037193
18,44,17,9,25.15,29.923191147019274
18,44,17,9,34.3,40.07768771563024
18,44,17,9,32.45,41.70002524295589
18,44,17,9,32.5,28.01597288766009
18,43,17,9,24.95,23.155026736281147
18,43,17,9,38.35,29.328044778442283
18,43,17,9,30.8,36.98164551859689
18,43,17,9,34.0,27.750770496652784
18,43,17,9,34.3,34.48279509979921
18,43,17,9,26.85,28.683894252239952
18,43,17,9,30.1,35.9559672230823
18,43,17,9,35.7,32.15767077189647
18,43,17,9,33.15,41.47323169670313
18,43,17,9,22.6,22.8781670226395
18,24,17,9,12.05,14.387403115957119
18,24,17,9,29.1,22.083334988414368
18,24,17,9,31.25,35.80337384866639
18,24,17,9,29.55,24.39472548685366
18,24,17,9,26.7,23.795399820796856
18,24,17,9,35.4,46.95619459162248
18,24,17,9,37.8,37.785544437271945
18,24,17,9,27.75,23.623973104944856
18,24,17,9,34.55,43.36561213437986
18,24,17,9,30.75,39.106972053048224
18,27,17,9,25.25,25.60607452601001
18,27,17,9,18.4,22.17015537775241
18,27,17,9,18.2,38.468852745811745
18,27,17,9,33.35,40.42442591461647
18,27,17,9,32.1,24.382694467053557
18,27,17,9,14.45,14.44217143609207
18,27,17,9,36.15,40.56220044897907
18,27,17,9,31.55,27.982090136747335
18,27,17,9,22.05,24.34721425759553
18,27,17,9,20.05,22.060860793436152
18,24,17,9,16.55,16.343274811950856
18,24,17,9,36.05,29.110452092893226
18,24,17,9,45.3,52.81257824659416
18,24,17,9,32.2,40.23038914211887
18,24,17,9,22.9,19.539164449085867
18,24,17,9,32.85,31.32558228131056
18,24,17,9,36.55,30.665384221849955
18,24,17,9,35.0,30.047331083860975
18,24,17,9,38.0,37.79585051020116
18,24,17,9,24.05,30.100664444493578
18,33,17,9,30.75,38.43227125326072
18,33,17,9,13.9,17.808631851466092
18,33,17,9,33.0,42.75757858340191
18,33,17,9,24.5,27.83882181415011
18,33,17,9,28.65,26.438160219453124
18,33,17,9,13.1,18.318526716213604
18,33,17,9,26.8,27.15762953766884
18,33,17,9,22.4,27.226921661434567
18,33,17,9,33.55,31.1523843811606
18,33,17,9,27.35,31.722937077800747
18,36,17,9,27.4,31.56513733118933
18,36,17,9,32.25,34.69396276921359
18,36,17,9,42.1,37.02758573365482
18,36,17,9,28.1,30.417965605525747
18,36,17,9,32.15,36.21176749708799
18,36,17,9,26.45,26.474366947354152
18,36,17,9,30.4,28.2552277417267
18,36,17,9,20.4,29.810630389351484
18,36,17,9,27.45,29.752443508674073
18,36,17,9,29.7,33.614063472866455
18,32,17,9,36.8,39.26241003944184
18,32,17,9,36.65,46.96389990979073
18,32,17,9,33.9,31.872938529829906
18,32,17,9,32.65,34.40819210900983
18,32,17,9,34.35,43.67376063978293
18,32,17,9,41.2,39.341420518596586
18,32,17,9,23.45,24.731133159813382
18,32,17,9,24.85,28.694901435987763
18,32,17,9,29.7,33.444533815038646
18,32,17,9,29.65,28.784635887186326
18,26,17,9,27.75,32.41324453140462
18,26,17,9,21.2,22.991073782757745
18,26,17,9,25.05,31.57526513619565
18,26,17,9,36.3,42.889208555606565
18,26,17,9,38.7,38.8493717350812
18,26,17,9,23.35,25.361128565291867
18,26,17,9,39.15,39.18280369324224
18,26,17,9,21.1,29.320192431335208
18,26,17,9,20.45,20.717333195583887
18,26,17,9,39.9,36.84662378306222
18,25,17,9,25.3,27.420890998614443
18,25,17,9,29.6,34.637065634800436
18,25,17,9,35.05,39.06738443146392
18,25,17,9,33.6,32.72115041086615
18,25,17,9,30.9,34.032337562970895
18,25,17,9,30.7,37.657878186027474
18,25,17,9,29.3,35.91525112202189
18,25,17,9,22.5,24.24111340156158
18,25,17,9,38.7,37.52346634195447
18,25,17,9,23.8,26.702256951722067
18,45,17,9,33.25,32.56713713319965
18,45,17,9,32.25,32.652677813941274
18,45,17,9,15.25,21.579412703583454
18,45,17,9,21.6,27.4943056305349
18,45,17,9,28.35,22.9559647104946
18,45,17,9,22.95,22.712099719845597
18,45,17,9,29.05,28.305615957559414
18,45,17,9,40.15,31.15880377407931
18,45,17,9,25.75,19.422924599555035
18,45,17,9,33.75,32.0047282691003
18,40,17,9,40.75,32.95750852872609
18,40,17,9,24.9,24.111364431256106
18,40,17,9,26.35,30.163196466101397
18,40,17,9,31.05,30.780162784700014
18,40,17,9,37.65,49.993973321001924
18,40,17,9,24.3,38.09973062482477
18,40,17,9,26.3,26.417896645226975
18,40,17,9,33.7,34.22848921124346
18,40,17,9,40.5,44.459916897429274
18,40,17,9,37.25,32.0704405628413
18,47,17,9,37.75,44.25865957491732
18,47,17,9,36.8,30.89132053199614
18,47,17,9,32.15,35.683218818699046
18,47,17,9,27.8,25.516970617094895
18,47,17,9,44.15,45.52070090108803
18,47,17,9,36.3,32.9594647376057
18,47,17,9,28.3,25.72547375657055
18,47,17,9,32.35,27.98923665306099
18,47,17,9,16.1,17.618471168514862
18,47,17,9,20.3,23.348841963845476
18,36,17,9,43.2,28.770599027845297
18,36,17,9,18.4,19.800053163139687
18,36,17,9,25.1,21.17073451725282
18,36,17,9,28.9,36.03638512159036
18,36,17,9,29.2,29.95364840268342
18,36,17,9,36.2,30.474493217149735
18,36,17,9,24.4,21.592883818030128
18,36,17,9,38.0,35.259937009228146
18,36,17,9,23.45,21.86916839561554
18,36,17,9,36.0,50.35453254046175
18,44,17,9,23.65,28.221445746098837
18,44,17,9,22.1,23.78168246892199
18,44,17,9,29.4,30.186089511561445
18,44,17,9,20.4,25.353085559127138
18,44,17,9,28.95,27.250253499545163
18,44,17,9,35.15,33.84371977813687
18,44,17,9,39.6,33.206530746383706
18,44,17,9,42.1,49.00150373632479
18,44,17,9,24.3,27.19732959027605
18,44,17,9,35.6,34.99232998665189
18,41,17,9,23.35,22.459964381093755
18,41,17,9,27.95,35.56680149269896
18,41,17,9,21.65,27.184118815762147
18,41,17,9,35.85,27.56862251488857
18,41,17,9,38.5,36.18155971151457
18,41,17,9,21.85,21.21884713372078
18,41,17,9,35.8,46.23122663081171
18,41,17,9,27.15,32.447974553607786
18,41,17,9,38.05,55.241550913858504
18,41,17,9,27.1,37.67157241768722
18,26,17,9,16.35,21.514438236486185
18,26,17,9,19.3,25.639402242806305
18,26,17,9,30.4,25.88720472397614
18,26,17,9,29.7,26.16566653580906
18,26,17,9,33.55,41.655826660106534
18,26,17,9,27.75,30.56636438274836
18,26,17,9,24.85,27.224746869443308
18,26,17,9,18.35,23.629319432478482
18,26,17,9,23.95,23.089015387819103
18,26,17,9,32.0,46.717516156035884
18,31,17,9,39.5,39.5893393412126
18,31,17,9,36.4,34.97427626127523
18,31,17,9,35.6,42.99498134727624
18,31,17,9,41.05,36.64980074620927
18,31,17,9,26.3,27.067362362505104
18,31,17,9,30.65,29.895035673080187
18,31,17,9,22.1,32.81831965934816
18,31,17,9,31.0,33.21540543023278
18,31,17,9,21.75,23.128644805226177
18,31,17,9,28.2,31.09171492282317
18,25,17,9,24.8,23.36348928518485
18,25,17,9,43.5,40.493664221767624
18,25,17,9,29.2,33.68679266418814
18,25,17,9,28.6,33.78788322211942
18,25,17,9,30.95,32.516352161562295
18,25,17,9,29.75,31.988279103446622
18,25,17,9,37.55,40.993548914818035
18,25,17,9,26.25,27.01047555067634
18,25,17,9,45.25,40.24644475962409
18,25,17,9,25.65,40.47257030840049
18,39,17,9,26.65,23.817894643800024
18,39,17,9,22.45,29.31224820338491
18,39,17,9,25.55,33.34425698203831
18,39,17,9,26.45,30.365276221368383
18,39,17,9,37.2,38.9271924981686
18,39,17,9,31.15,32.30003258919653
18,39,17,9,18.85,10.358190250384373
18,39,17,9,40.6,38.86332325904261
18,39,17,9,24.1,22.955104924727813
18,39,17,9,19.7,21.78386655544105
19,15,17,9,66.05,63.644965071460035
19,15,17,9,77.3,76.56651734895202
19,15,17,9,48.25,49.7635197181313
19,15,17,9,60.3,60.195383631357615
19,15,17,9,53.15,62.50917827344279
19,15,17,9,100.35,110.05179402636311
19,15,17,9,49.8,55.30832239650549
19,15,17,9,61.1,55.2314746270067
19,15,17,9,75.95,64.28184240637394
19,15,17,9,72.3,73.55778251429996
19,12,17,9,51.25,45.58609552553452
19,12,17,9,65.45,72.88886637961427
19,12,17,9,58.0,95.0362811606289
19,12,17,9,51.75,73.02838309070046
19,12,17,9,62.95,71.83934928201367
19,12,17,9,58.6,69.9024884731355
19,12,17,9,71.25,64.08618785420312
19,12,17,9,61.35,45.56923592905519
19,12,17,9,44.05,70.94436293024941
19,12,17,9,67.55,63.58374088761338
19,6,17,9,44.05,40.101811220416145
19,6,17,9,59.7,62.23563034316055
19,6,17,9,54.65,83.90299850359781
19,6,17,9,39.1,60.75134826314124
