trial_id,stim_id,param_id,index,sample_n_mean,sample_n_std
0,1202,66,0,26.75,31.50751789986838
0,1202,66,0,34.1,23.355152705446756
0,1202,66,0,39.25,26.97342746989496
0,1202,66,0,45.25,21.140818586949653
0,1202,66,0,32.5,25.08826523758825
0,1202,35,0,60.35,41.561970218230186
0,1202,66,0,43.75,31.28624214200902
0,1202,66,0,36.75,24.55257516775829
0,1202,66,0,42.6,44.00167460928109
0,1397,66,0,44.45,38.786154610552515
0,1397,66,0,25.4,26.688061592759922
0,1397,66,0,44.2,28.20899445958775
0,1397,66,0,40.3,44.65198763773008
0,1397,66,0,31.65,33.38968482378321
0,1397,66,0,37.75,43.71543747561279
0,1397,66,0,32.75,35.32685723504517
0,390,66,0,14.85,21.340041434379938
0,1397,66,0,55.5,25.50644913288443
0,390,66,0,43.3,51.99908906084697
0,1202,35,0,101.45,70.89538252353178
0,390,66,0,28.5,54.91284961310585
0,390,66,0,42.0,45.770595019303094
0,390,66,0,33.7,19.01550613799723
0,390,66,0,35.15,44.8086868927514
0,260,66,0,25.8,29.48255505602557
0,390,66,0,31.5,36.13935018202385
0,390,66,0,30.35,24.171046185140817
0,260,66,0,29.95,32.03037209965107
0,260,66,0,36.85,27.635360643471557
0,1397,35,0,66.8,57.00932518364637
0,260,66,0,46.35,44.53534964970021
0,260,66,0,36.25,39.22388504336021
0,260,66,0,47.1,28.596834569029156
0,260,66,0,27.75,29.25005623026534
0,2047,66,0,10.55,10.971134374971633
0,2047,66,0,27.25,25.90646129524651
0,260,66,0,34.1,19.986574441227713
0,2047,66,0,27.3,29.153134705514855
0,1397,35,0,57.7,37.7653419504124
0,2047,66,0,38.65,38.62270262287114
0,2047,66,0,42.95,34.837177660775296
0,2047,66,0,24.7,20.33172268570524
0,2047,66,0,31.6,25.41528756684179
1,934,66,0,26.85,25.30503382416442
1,934,66,0,42.65,32.67265877731635
1,934,66,0,30.9,38.86535461659503
0,2047,66,0,33.9,27.954662543030935
1,934,66,0,29.95,29.509097615909283
0,390,35,0,73.2,45.42616913305879
1,934,66,0,43.55,40.77857409551194
1,934,66,0,39.45,17.273268060030915
1,934,66,0,43.3,50.566371184185655
1,738,66,0,32.1,30.324386573393895
1,934,66,0,37.9,23.958077420448628
1,738,66,0,35.45,27.267630704014717
1,738,66,0,32.2,30.11486780907223
0,390,35,0,60.9,48.283047041160806
1,738,66,0,44.9,64.18878406700037
1,738,66,0,23.75,24.218033733041516
1,738,66,0,38.4,41.01142331235607
1,1723,66,0,46.5,51.4131869219725
1,738,66,0,57.35,36.561807798215945
1,1723,66,0,37.25,32.94632796406588
1,1723,66,0,34.05,31.493483035133007
1,738,66,0,29.7,17.26298138549044
1,1723,66,0,20.8,19.877519701252574
1,1723,66,0,49.35,57.47061033808132
0,260,35,0,79.4,74.70179311594096
1,1723,66,0,42.65,38.67717265016312
1,874,66,0,17.8,19.4844067208411
1,1723,66,0,38.75,26.07655732847538
1,874,66,0,29.05,23.4867823970935
1,874,66,0,23.25,26.59813012818363
1,874,66,0,43.1,51.334711760941516
1,874,66,0,31.7,28.540091837715995
1,1723,66,0,46.3,23.932140907596473
1,874,66,0,40.55,40.29297313689481
1,991,66,0,29.8,31.67034143036335
0,260,35,0,79.3,47.2040364018966
1,874,66,0,36.75,28.438067518917773
1,991,66,0,45.55,49.559613226475996
1,991,66,0,39.95,36.76307501026711
1,991,66,0,40.0,44.473528495523105
1,991,66,0,34.25,37.90969185897064
1,874,66,0,41.9,28.860645212906505
1,991,66,0,41.95,42.358712519572514
2,520,66,0,26.9,31.833282814325674
2,520,66,1,11.15,14.298601330200096
2,520,66,0,34.25,25.837294546327488
2,520,66,1,15.6,31.055807152523613
0,2047,35,0,78.75,54.00864940476031
1,991,66,0,41.8,28.51149352731096
2,520,66,0,56.1,60.93214517633098
2,520,66,1,8.2,9.709463641753148
1,991,66,0,42.6,23.895386033379133
2,520,66,0,31.45,42.802453200722034
2,520,66,1,15.85,21.609634790747243
2,520,66,0,35.35,30.319830231436946
2,520,66,1,23.4,34.35174093496802
0,2047,35,0,76.95,44.13552692380715
2,520,66,0,32.65,41.143235038991335
2,520,66,1,15.3,15.131354689413705
2,32,66,0,26.75,35.477012572264755
2,32,66,1,10.05,13.990504298498886
2,520,66,0,50.3,37.74164250463099
2,520,66,1,14.55,15.948849158283624
2,32,66,0,41.45,35.94802534654427
2,32,66,1,30.65,38.27088353194618
2,32,66,0,29.9,30.619739075515184
2,32,66,1,6.75,5.504782609599345
2,32,66,0,26.3,21.735491228572872
2,32,66,1,16.6,22.556128820531704
2,520,66,0,41.4,21.174463269156128
2,520,66,1,9.45,9.544769854687296
1,934,35,0,72.65,53.432963411618566
2,32,66,0,29.1,35.078708492099366
2,32,66,1,17.4,18.74875434458738
2,32,66,0,31.8,39.85711321312935
2,32,66,1,25.25,36.075760924972734
2,390,66,0,46.45,42.82335196693751
2,390,66,1,12.25,10.900869110691177
2,390,66,0,18.4,20.3661225413288
2,390,66,1,17.55,31.240114225817184
2,32,66,0,33.35,23.19771994240632
2,32,66,1,14.8,11.057743178900761
2,390,66,0,17.3,12.131299231847823
2,390,66,1,17.0,33.12178484893209
1,934,35,0,70.15,51.702870733695846
2,390,66,0,45.4,59.5389302097906
2,390,66,1,7.15,7.665884780877169
2,390,66,0,31.85,27.9176891669252
2,390,66,1,22.15,38.8753405806709
2,390,66,0,32.6,36.34541888167215
2,390,66,1,7.6,9.144454747636894
2,32,66,0,52.0,41.56415459706141
2,32,66,1,14.4,13.347185786563871
2,227,66,0,26.8,28.435707722583775
2,227,66,1,15.1,16.43455922262916
2,227,66,0,27.1,41.943445633125414
2,227,66,1,10.2,11.143088488055346
2,227,66,0,33.75,33.76369118010149
2,227,66,1,18.25,18.27242673941719
2,390,66,0,30.0,23.923122485864674
2,390,66,1,10.9,9.29006260247447
1,738,35,0,73.1,44.77181914411882
2,227,66,0,31.5,29.47166346456238
2,227,66,1,10.15,13.02335957949569
2,227,66,0,35.65,37.48722589447181
2,227,66,1,13.45,13.292162312707756
2,227,66,0,38.7,49.77856228496254
2,227,66,1,15.05,30.165290266166927
2,390,66,0,41.1,32.09672880528482
2,390,66,1,12.8,12.593231264620313
2,1462,66,0,36.05,42.03817187672226
2,1462,66,1,7.35,9.35428412968878
1,738,35,0,55.8,37.74373423078605
2,1462,66,0,28.45,30.58461085337905
2,1462,66,1,15.2,23.970596022715213
2,1462,66,0,24.3,26.034592372457073
2,1462,66,1,17.3,23.588801982028855
2,1462,66,0,22.25,24.614661869450256
2,1462,66,1,7.75,12.932517156377562
2,1462,66,0,26.2,29.8303977777526
2,1462,66,1,13.85,19.178592780822882
2,227,66,0,52.7,22.865971039493324
2,227,66,1,17.2,14.975769903765427
2,1462,66,0,31.05,32.81282643947895
2,1462,66,1,13.75,22.668956282708926
3,525,66,0,33.75,33.396934936576066
3,525,66,1,17.1,22.12143518709494
3,525,66,0,34.75,32.10816423475992
3,525,66,1,16.25,30.862811892222922
3,525,66,0,20.2,26.230958005660728
3,525,66,1,9.05,11.486720021054976
1,1723,35,0,83.8,70.84720400827031
2,227,66,0,41.95,22.291076808067345
2,227,66,1,12.7,15.321467567470572
3,525,66,0,22.9,23.557097488979053
3,525,66,1,26.75,40.704163759601066
3,525,66,0,35.9,33.21207770169096
3,525,66,1,22.4,32.326296937388456
3,525,66,0,33.8,28.02743017305124
3,525,66,1,19.4,23.70742721729117
2,1462,66,0,39.3,24.39391641157149
2,1462,66,1,12.95,19.720347493468715
3,1459,66,0,23.1,24.66811280730012
3,1459,66,1,10.55,10.903765646012296
3,1459,66,0,29.4,44.576840812714686
3,1459,66,1,9.05,13.877186883135705
3,1459,66,0,20.85,19.57515880153372
3,1459,66,1,14.85,29.70783168051641
1,1723,35,0,69.5,56.64060288112091
2,1462,66,0,36.45,30.70654824729015
2,1462,66,1,9.85,14.925340514496954
3,1459,66,0,26.7,20.56082120006525
3,1459,66,1,14.65,21.43601249250773
3,1459,66,0,43.1,39.89578529381927
3,1459,66,1,8.65,10.77167337828348
3,1459,66,0,47.9,50.67325672747333
3,1459,66,1,15.55,19.228473952092916
3,525,66,0,42.15,26.97615906489908
3,525,66,1,15.5,14.61253967623266
3,1347,66,0,33.0,30.861319683895225
3,1347,66,1,13.3,19.08733390993812
1,874,35,0,71.2,55.83773483567315
3,1347,66,0,30.8,29.35015466649824
3,1347,66,1,15.25,24.24843999322973
3,1347,66,0,43.25,52.84722270250747
3,1347,66,1,17.5,25.716060924521162
3,525,66,0,31.5,21.588252165910685
3,525,66,1,15.2,25.10734847347328
3,1347,66,0,39.95,45.12610984201591
3,1347,66,1,18.9,19.466300164778698
1,874,35,0,59.85,36.891412493824
3,1347,66,0,28.3,36.392740745200385
3,1347,66,1,21.85,28.90142047137403
3,1347,66,0,34.3,32.77852313554362
3,1347,66,1,25.15,33.16033616742813
3,1241,66,0,21.4,23.87996297272982
3,1241,66,1,10.05,13.620707918846445
3,1241,66,0,17.9,19.78542791790809
3,1241,66,1,8.85,13.963391987245567
3,1459,66,0,41.5,26.88278650970386
3,1459,66,1,22.55,27.91240999231251
3,1241,66,0,30.1,40.68350241094113
3,1241,66,1,9.95,15.886024973972695
3,1241,66,0,26.9,28.6428093300184
3,1241,66,1,20.5,43.64630568559039
3,1241,66,0,38.2,39.5642049811376
3,1241,66,1,17.0,35.83882046931203
3,1459,66,0,35.45,23.10496642897822
3,1459,66,1,22.2,25.092670349390037
1,991,35,0,86.75,53.39118298982175
3,1342,66,0,23.75,27.57549446042341
3,1342,66,1,11.9,13.297803538455833
3,1241,66,0,29.0,24.895571366895968
3,1241,66,1,15.35,17.122699614992467
3,1342,66,0,31.55,27.22513351182767
3,1342,66,1,18.95,31.130413289562142
3,1342,66,0,24.3,18.553195213536103
3,1342,66,1,7.25,6.584471365105534
3,1342,66,0,30.3,31.43430911398697
3,1342,66,1,17.45,30.54845159311421
3,1347,66,0,34.35,27.977951845581625
3,1347,66,1,24.8,33.59291905337069
3,1342,66,0,26.45,23.82275559649904
3,1342,66,1,15.7,19.82051037634872
1,991,35,0,68.35,42.42426688880589
4,2015,66,0,33.65,28.96690489070878
4,2015,66,1,6.3,7.427544752650877
4,2015,66,2,8.3,10.940508984599632
4,2015,66,0,27.8,34.05660922022255
4,2015,66,1,8.85,10.16844965671034
4,2015,66,2,6.3,7.5540160110193595
3,1342,66,0,45.3,35.24067625852113
3,1342,66,1,22.4,30.740681086862903
3,1347,66,0,40.0,27.824638835316257
3,1347,66,1,27.2,30.45376132676173
2,520,35,0,60.4,35.72025814723717
2,520,35,1,14.9,10.59245014149229
4,2015,66,0,41.85,47.24323956092053
4,2015,66,1,14.0,23.32606403056235
4,2015,66,2,11.7,18.75071928444908
4,2015,66,0,36.85,30.48429276304697
4,2015,66,1,13.45,27.668098673572175
4,2015,66,2,8.95,10.515527366208206
4,2015,66,0,29.2,24.41440472128569
4,2015,66,1,20.2,29.441467354736247
4,2015,66,2,9.1,10.020505292438573
3,1241,66,0,38.55,20.46171006898906
3,1241,66,1,17.6,24.77987298722812
2,520,35,0,57.9,40.39788947066678
2,520,35,1,13.6,18.949795166230828
4,2015,66,0,38.8,35.1442141678212
4,2015,66,1,19.2,28.40978334084377
4,2015,66,2,8.7,17.05440211731116
4,1202,66,0,38.75,30.057620103990093
4,1202,66,1,20.65,23.163662559230453
4,1202,66,2,13.95,13.484786749675003
4,1202,66,0,51.45,54.677499461555676
4,1202,66,1,12.6,18.431666115396993
4,1202,66,2,12.25,19.870303152403615
3,1241,66,0,44.55,31.17771640130174
3,1241,66,1,23.75,28.326805233503514
4,1202,66,0,27.45,33.21932696805471
4,1202,66,1,8.6,14.98209457635136
4,1202,66,2,5.35,6.192312721601298
4,1202,66,0,26.2,24.312872916907295
4,1202,66,1,19.55,30.2141044094171
4,1202,66,2,9.45,15.905890997396298
4,1202,66,0,40.0,34.08812109811862
4,1202,66,1,10.85,18.21010419346474
4,1202,66,2,9.15,16.187308218737947
3,1342,66,0,45.1,31.425601363420743
3,1342,66,1,24.95,26.21465038364697
4,1202,66,0,34.15,27.284611047255186
4,1202,66,1,17.6,28.40570735831649
4,1202,66,2,9.7,9.090770333869285
4,585,66,0,32.6,34.51529028065525
4,585,66,1,14.7,25.4436425727218
4,585,66,2,9.5,19.340440315022494
2,32,35,0,81.55,53.1586255812188
2,32,35,1,30.05,35.3709291873842
3,1342,66,0,36.7,25.116779880767904
3,1342,66,1,19.05,23.02738644127443
4,585,66,0,38.95,36.97292750677247
4,585,66,1,23.45,33.04936499111275
4,585,66,2,9.15,16.560177344588148
4,585,66,0,31.25,28.515692817150793
4,585,66,1,11.55,13.724641688353259
4,585,66,2,7.1,6.6403867991334105
4,585,66,0,42.45,32.530916469042026
4,585,66,1,10.75,13.337225309162637
4,585,66,2,17.05,23.607480973088528
4,585,66,0,33.45,22.532958317236464
4,585,66,1,11.65,22.184098145435524
4,585,66,2,7.5,8.107825978970144
2,32,35,0,62.35,41.268408970390034
2,32,35,1,16.75,13.664687490408491
4,2015,66,0,44.0,24.587116866145035
4,2015,66,1,16.05,15.598498578220175
4,2015,66,2,11.85,11.913172718068278
4,585,66,0,36.85,39.36238519730547
4,585,66,1,15.45,22.0154849809712
4,585,66,2,9.35,8.622339406570891
4,650,66,0,34.85,43.834947605523
4,650,66,1,6.45,7.646636687562641
4,650,66,2,4.4,4.860149445395579
4,650,66,0,22.35,26.290432520315505
4,650,66,1,11.8,17.240100134035732
4,650,66,2,7.35,17.909935496078266
4,650,66,0,29.4,28.249639028900138
4,650,66,1,5.9,3.7961199027150703
4,650,66,2,5.4,3.92562432178494
4,2015,66,0,37.95,26.10197613006986
4,2015,66,1,16.65,19.372457388342806
4,2015,66,2,15.0,18.444796727418534
4,650,66,0,40.7,44.094515711020954
4,650,66,1,13.15,22.105667289538886
4,650,66,2,5.75,5.910516942393092
4,650,66,0,33.65,43.31071947050327
4,650,66,1,15.45,22.52594994784086
4,650,66,2,16.0,35.884317055314234
2,390,35,0,68.7,64.76443143383078
2,390,35,1,25.65,31.25998787756104
4,650,66,0,37.6,34.24432338666551
4,650,66,1,10.8,13.934432928993974
4,650,66,2,17.25,31.27782971337601
4,1202,66,0,42.35,21.538887719901563
4,1202,66,1,9.15,6.571669658866242
4,1202,66,2,8.95,7.917169882437058
4,357,66,0,37.55,37.804866019294955
4,357,66,1,11.4,17.42774557392532
4,357,66,2,8.2,7.585304351524938
4,357,66,0,34.3,48.33555953735794
4,357,66,1,18.1,32.22601106984363
4,357,66,2,11.6,17.65577287431716
4,357,66,0,40.15,35.95358850401153
4,357,66,1,8.15,11.490384996527359
4,357,66,2,6.4,7.365638572381038
2,390,35,0,51.7,37.67464594881312
2,390,35,1,23.55,23.623081932719955
4,357,66,0,21.35,23.88409512625504
4,357,66,1,8.5,15.329709716755893
4,357,66,2,3.85,3.52845575287547
4,1202,66,0,49.6,25.47113949882143
4,1202,66,1,13.75,12.822164198638312
4,1202,66,2,7.5,7.022520165416701
4,357,66,0,25.1,28.144177672159927
4,357,66,1,11.7,15.454857863433986
4,357,66,2,15.6,40.10564994978559
4,357,66,0,38.05,29.466260813272342
4,357,66,1,10.95,17.87228080163893
4,357,66,2,6.35,6.960603422117942
5,261,66,0,22.8,30.139325595779695
5,261,66,1,10.15,22.48572646673534
5,261,66,2,8.8,17.527722402855964
5,261,66,0,27.25,33.10410214682417
5,261,66,1,15.5,24.656588742586692
5,261,66,2,21.05,27.93691200959009
2,227,35,0,59.55,39.917645484830786
2,227,35,1,18.95,17.19692444963098
4,585,66,0,53.75,27.733458796949677
4,585,66,1,13.85,9.81017194977797
4,585,66,2,11.25,9.60742585602134
5,261,66,0,41.9,36.568464988005
5,261,66,1,13.15,30.615226689723496
5,261,66,2,7.2,9.731122075182556
5,261,66,0,24.65,25.569873309280034
5,261,66,1,16.8,18.2312629120536
5,261,66,2,15.45,23.57624808327675
5,261,66,0,38.35,36.443575709942564
5,261,66,1,9.65,10.28169042009809
5,261,66,2,16.75,24.73624019424473
4,585,66,0,41.15,25.893049260371015
4,585,66,1,9.9,7.979579200091087
4,585,66,2,11.15,14.250669421026101
2,227,35,0,57.85,35.16917759390428
2,227,35,1,18.0,18.052554856366044
5,261,66,0,35.75,41.186194672231466
5,261,66,1,22.45,29.773663742166146
5,261,66,2,17.85,28.630633208064694
5,1563,66,0,31.5,35.15604312804631
5,1563,66,1,10.05,14.579997112121584
5,1563,66,2,12.85,20.94673696482782
5,1563,66,0,37.05,41.64824505053573
5,1563,66,1,10.9,17.905894354418017
5,1563,66,2,22.9,31.175057506383457
4,650,66,0,36.35,34.1702779435117
4,650,66,1,11.85,12.654414665495823
4,650,66,2,8.85,11.595257651298654
5,1563,66,0,33.3,32.236135330598046
5,1563,66,1,7.5,8.363454335443736
5,1563,66,2,13.4,16.869155908125087
5,1563,66,0,36.7,32.15276037916496
5,1563,66,1,20.4,27.104864585725686
5,1563,66,2,20.2,38.287829590312924
5,1563,66,0,38.9,36.93507817779732
5,1563,66,1,4.65,3.5284557528754696
5,1563,66,2,3.75,2.3591925469711477
5,1563,66,0,36.05,39.78160775772485
5,1563,66,1,16.7,31.461087075941926
5,1563,66,2,19.65,36.41901614324727
4,650,66,0,45.1,28.110496260293946
4,650,66,1,14.6,12.537942414925984
4,650,66,2,10.55,12.779403659589788
2,1462,35,0,84.3,68.62491491702136
2,1462,35,1,23.95,21.441413445160645
5,690,66,0,24.75,33.551021633201856
5,690,66,1,22.9,31.316550189787407
5,690,66,2,12.6,22.219953100523718
5,690,66,0,35.6,36.267137509843465
5,690,66,1,14.25,33.42686439314784
5,690,66,2,20.85,24.024713153443958
4,357,66,0,42.65,30.57910363217615
4,357,66,1,21.0,20.51700193549371
4,357,66,2,10.35,7.198501306010272
5,690,66,0,47.45,46.12736942994165
5,690,66,1,10.55,14.66278856224329
5,690,66,2,26.05,25.174078146504506
5,690,66,0,32.1,41.82029222883627
5,690,66,1,11.6,20.528286005309585
5,690,66,2,14.55,21.46839782711225
2,1462,35,0,63.55,47.63509873590006
2,1462,35,1,15.05,15.322755695541947
4,357,66,0,41.15,34.16565681006525
4,357,66,1,14.2,14.73484948934614
4,357,66,2,9.75,17.25314616618021
5,690,66,0,45.5,57.20737898668593
5,690,66,1,7.85,8.809534308738579
5,690,66,2,14.2,27.721547765705935
5,2011,66,0,39.05,47.01004931758852
5,2011,66,1,8.25,6.663924874789789
5,2011,66,2,12.95,13.4064988168543
5,690,66,0,44.1,46.30891695422907
5,690,66,1,24.15,40.806700946110105
5,690,66,2,27.1,37.02900712172894
3,525,35,0,73.15,50.66533643221441
3,525,35,1,26.8,31.176239265454104
5,2011,66,0,30.0,29.006351391594073
5,2011,66,1,17.2,34.67837184304088
5,2011,66,2,12.55,16.700063031712123
5,2011,66,0,35.35,29.446248979239588
5,2011,66,1,20.4,36.37147523164707
5,2011,66,2,12.45,16.096665231623206
5,261,66,0,46.35,33.63781549950811
5,261,66,1,11.6,7.8230428862431785
5,261,66,2,19.45,22.730630852384376
5,2011,66,0,43.15,41.574631688085944
5,2011,66,1,15.55,21.878792904257043
5,2011,66,2,14.3,20.7772649028236
5,411,66,0,30.85,27.936535218240646
5,411,66,1,15.9,27.552629065500312
5,411,66,2,19.05,29.376816853108043
5,261,66,0,45.15,30.80887602794466
5,261,66,1,10.95,9.621658681821637
5,261,66,2,18.25,20.10727807484015
3,525,35,0,53.7,39.931652133429985
3,525,35,1,32.35,34.4112512200053
5,2011,66,0,52.15,44.2353454770468
5,2011,66,1,15.55,26.855314087473303
5,2011,66,2,21.4,29.19516903079758
5,2011,66,0,43.3,51.88763162632761
5,2011,66,1,10.75,13.110361510933572
5,2011,66,2,16.0,26.36385084882228
5,411,66,0,32.6,37.761578914357685
5,411,66,1,12.25,16.14694039781303
5,411,66,2,16.65,36.63658654520383
5,1563,66,0,40.3,24.137980554784566
5,1563,66,1,15.1,19.619807392155078
5,1563,66,2,16.95,15.561338732830627
5,411,66,0,30.3,27.560650821129215
5,411,66,1,15.1,27.460785437457996
5,411,66,2,17.35,33.84682990675555
6,1625,66,0,29.55,20.89692750017017
6,1625,66,1,8.65,9.016213465926697
6,1625,66,2,6.3,10.598411003045394
6,1625,66,3,4.55,5.623961892511457
5,411,66,0,30.55,35.55496116096732
5,411,66,1,18.95,35.13504023950419
5,411,66,2,18.45,37.12634899197178
5,411,66,0,34.95,35.24870285034016
5,411,66,1,9.35,11.545220017962322
5,411,66,2,11.25,22.547902224749027
5,1563,66,0,33.85,21.31783291050007
5,1563,66,1,17.55,20.674100247716503
5,1563,66,2,14.15,18.434164506498025
6,1625,66,0,25.35,33.39598935895084
6,1625,66,1,14.0,23.65319606756191
6,1625,66,2,6.85,18.09703377846622
6,1625,66,3,6.65,16.461358260771608
5,411,66,0,30.3,29.804803569046953
5,411,66,1,13.75,19.202179152651563
5,411,66,2,11.9,14.100765190136611
3,1459,35,0,63.2,56.413510886367604
3,1459,35,1,63.3,98.51588170121822
6,1625,66,0,24.25,29.964672181543527
6,1625,66,1,7.65,13.295329611321572
6,1625,66,2,3.9,3.58211933739908
6,1625,66,3,7.0,10.407487183450394
6,1625,66,0,28.3,35.62686744874613
6,1625,66,1,7.95,15.125701375647449
6,1625,66,2,4.5,4.058778659957489
6,1625,66,3,8.95,23.78516786836527
6,130,66,0,30.15,34.56386156545286
6,130,66,1,17.6,33.4245418816773
6,130,66,2,13.35,29.66173327795649
6,130,66,3,8.9,16.456961412951312
5,690,66,0,42.85,25.150651346593285
5,690,66,1,16.75,16.50159481925754
5,690,66,2,36.05,34.71762027983394
6,1625,66,0,30.65,34.19183497484989
6,1625,66,1,14.6,22.944784982534415
6,1625,66,2,10.8,18.752122686862894
6,1625,66,3,6.8,7.266360849833979
6,1625,66,0,32.35,34.44335548174866
6,1625,66,1,17.7,31.02477787358458
6,1625,66,2,11.9,20.36483036485877
6,1625,66,3,8.75,13.84072936928124
6,130,66,0,43.9,48.06891981968784
6,130,66,1,9.85,13.01122996734582
6,130,66,2,6.25,6.306846739018928
6,130,66,3,7.35,15.128484809510137
6,130,66,0,29.2,30.323865883248843
6,130,66,1,10.6,17.397519484412896
6,130,66,2,4.45,4.639362478889348
6,130,66,3,6.35,14.44872968373636
5,690,66,0,33.1,25.015574096318897
5,690,66,1,9.1,13.313625786349387
5,690,66,2,26.05,43.10876696767937
3,1459,35,0,84.75,48.623012745212044
3,1459,35,1,28.15,50.65286919706264
6,130,66,0,26.4,25.38005847946479
6,130,66,1,7.25,6.120500495530532
6,130,66,2,10.8,21.775408631128638
6,130,66,3,5.25,4.011496636313919
6,747,66,0,36.2,29.04008119460883
6,747,66,1,12.3,14.839846785987346
6,747,66,2,8.2,17.53672837519197
6,747,66,3,9.0,14.750557527375738
6,130,66,0,52.3,54.63091471049394
6,130,66,1,14.3,15.888095510392944
6,130,66,2,11.25,11.359554290737401
6,130,66,3,13.1,16.025965772688036
6,747,66,0,22.3,23.454547309076
6,747,66,1,17.9,33.77464012820083
6,747,66,2,5.45,5.266327992663939
6,747,66,3,5.4,6.847204577513059
5,2011,66,0,51.5,22.129998691939935
5,2011,66,1,13.65,9.44387855201787
5,2011,66,2,28.65,38.82792673755376
6,747,66,0,41.2,38.356499483550095
6,747,66,1,24.6,26.962742324997482
6,747,66,2,11.3,17.571208507699538
6,747,66,3,6.0,4.039280811442082
3,1347,35,0,69.45,58.54955166352685
3,1347,35,1,43.0,53.58318667956247
6,130,66,0,31.8,38.07554816967252
6,130,66,1,18.4,25.373836504308297
6,130,66,2,8.75,13.840729369281238
6,130,66,3,11.15,15.57756483908154
6,747,66,0,30.7,40.568460656031796
6,747,66,1,20.7,25.79085925386418
6,747,66,2,15.7,19.445199651165435
6,747,66,3,10.65,22.539497495916386
6,747,66,0,30.35,33.935348749303316
6,747,66,1,13.75,20.998433525535084
6,747,66,2,12.3,21.40118048883728
6,747,66,3,12.6,27.359978454900716
5,2011,66,0,42.6,29.008891558859748
5,2011,66,1,15.6,14.640966318410888
5,2011,66,2,29.8,44.75618157834383
6,747,66,0,40.75,55.56681611026115
6,747,66,1,10.3,14.4590164912672
6,747,66,2,8.3,13.03073290340954
6,747,66,3,4.4,5.305409354710778
3,1347,35,0,65.85,50.73696358360649
3,1347,35,1,22.75,18.78654333629036
5,411,66,0,41.1,23.28744861847031
5,411,66,1,8.35,5.8694122363316765
5,411,66,2,11.6,15.097577358810357
6,747,66,0,44.3,51.68945733899708
6,747,66,1,19.8,24.509074581511747
6,747,66,2,17.5,29.491301126014484
6,747,66,3,9.35,13.468384031540408
6,747,66,0,44.0,44.292092676731926
6,747,66,1,9.45,11.023778127780254
6,747,66,2,8.8,10.655366821713045
6,747,66,3,11.0,21.725560982400435
6,747,66,0,36.75,29.73191621986822
6,747,66,1,16.4,19.189909629254313
6,747,66,2,18.65,25.76467389765746
6,747,66,3,10.55,20.161127265894113
5,411,66,0,37.95,23.60302166204462
5,411,66,1,15.85,20.660857983916806
5,411,66,2,16.55,21.355327204236417
6,1332,66,0,34.5,46.974237059993015
6,1332,66,1,12.3,14.611098881546035
6,1332,66,2,6.55,11.180222199091244
6,1332,66,3,11.95,23.992268491504113
6,747,66,0,43.15,45.61310407281985
6,747,66,1,15.2,32.2598006323986
6,747,66,2,8.25,11.43344585899309
6,747,66,3,4.0,5.581925719394884
3,1241,35,0,67.7,45.12450612063891
3,1241,35,1,39.1,79.68417923937366
6,1625,66,0,32.7,25.154470147889274
6,1625,66,1,13.45,15.588372859957277
6,1625,66,2,7.95,6.739319034786198
6,1625,66,3,5.75,4.050665962140313
6,1332,66,0,29.45,28.441028554944314
6,1332,66,1,13.35,17.538754081657057
6,1332,66,2,7.0,6.897749442276158
6,1332,66,3,9.6,18.57672567602012
6,747,66,0,48.55,40.20667004104511
6,747,66,1,25.65,32.80929746276198
6,747,66,2,16.5,16.869467904128484
6,747,66,3,12.85,23.063470775460626
6,1332,66,0,27.1,35.10570503943469
6,1332,66,1,5.45,7.16332031216927
6,1332,66,2,16.05,34.361047407600495
6,1332,66,3,11.85,35.282730232106175
6,1625,66,0,34.25,20.480735492549808
6,1625,66,1,12.85,13.132021931142212
6,1625,66,2,6.3,4.256264732565892
6,1625,66,3,5.85,4.591468060149
7,777,66,0,45.85,40.83248835502384
7,777,66,1,9.6,10.683977181792024
7,777,66,2,5.4,6.02975080221746
7,777,66,3,6.75,8.73513775386212
6,747,66,0,32.5,36.54197298277262
6,747,66,1,17.85,28.67288284296359
6,747,66,2,13.0,25.82328610504786
6,747,66,3,7.05,6.886103473854541
6,1332,66,0,26.1,23.744029720509136
6,1332,66,1,18.35,35.05375571138824
6,1332,66,2,8.85,17.616604009913637
6,1332,66,3,11.3,18.663502238044007
3,1241,35,0,62.6,41.574789932057826
3,1241,35,1,34.15,55.2908815171848
6,130,66,0,38.9,34.6909665171603
6,130,66,1,14.0,13.86779685002936
6,130,66,2,10.7,14.175961862845218
6,130,66,3,9.1,8.302821334056464
6,1332,66,0,40.65,30.503278512317326
6,1332,66,1,15.8,18.46932022229525
6,1332,66,2,10.8,24.93064062765462
6,1332,66,3,7.0,7.759544207992469
7,777,66,0,44.4,52.25685550593741
7,777,66,1,19.35,26.137843103539804
7,777,66,2,13.6,14.547200852108249
7,777,66,3,16.3,28.34951034572035
7,777,66,0,46.45,41.907762124883135
7,777,66,1,13.7,13.322320012907506
7,777,66,2,8.6,15.312189846482992
7,777,66,3,10.6,10.757616640756153
3,1342,35,0,65.15,40.79380112868027
3,1342,35,1,31.65,38.14829098744999
6,130,66,0,47.75,32.38075289264808
6,130,66,1,15.0,15.808059237050744
6,130,66,2,12.05,12.466692466433573
6,130,66,3,11.7,18.93228932135172
6,1332,66,0,30.6,30.637781972762426
6,1332,66,1,10.25,14.735831732281191
6,1332,66,2,13.85,27.352042163727297
6,1332,66,3,7.45,11.038091940376766
7,777,66,0,32.35,27.409708230171987
7,777,66,1,21.3,19.279386319126065
7,777,66,2,10.2,9.479062800664808
7,777,66,3,14.3,16.43199702762234
7,1576,66,0,71.3,67.12839229887439
7,1576,66,1,19.75,25.11421279296897
7,1576,66,2,14.7,25.99615356163292
7,1576,66,3,8.35,10.844717365466106
7,777,66,0,36.25,28.018555881490585
7,777,66,1,19.5,28.15090911872166
7,777,66,2,6.8,7.619918496594098
7,777,66,3,11.75,27.708776872851562
6,747,66,0,58.6,28.12640639758491
6,747,66,1,13.25,10.808744023632952
6,747,66,2,9.8,10.615777731381966
6,747,66,3,8.55,7.236421040382062
7,1576,66,0,38.15,42.247734289918775
7,1576,66,1,6.35,8.54877645908281
7,1576,66,2,12.15,34.521198674071805
7,1576,66,3,5.7,10.2191770190837
3,1342,35,0,60.8,49.85410292992312
3,1342,35,1,53.75,68.58331468098912
7,777,66,0,22.35,21.880717297970016
7,777,66,1,10.0,17.62474337252513
7,777,66,2,8.9,13.71476346285656
7,777,66,3,9.85,12.427791436936815
6,747,66,0,43.45,22.951837445077533
6,747,66,1,16.05,16.243136202230485
6,747,66,2,7.2,6.370986868940363
6,747,66,3,8.65,6.59565247560447
7,1576,66,0,34.35,27.906375427018183
7,1576,66,1,15.7,27.673091623452557
7,1576,66,2,12.5,15.544503174671373
7,1576,66,3,6.95,7.014833906575557
7,1576,66,0,28.4,32.15816176993102
7,1576,66,1,8.3,10.736558303782749
7,1576,66,2,7.45,12.791753099885138
7,1576,66,3,6.2,9.467951481875998
7,1576,66,0,44.4,48.36418857834901
7,1576,66,1,14.65,19.550945595653694
7,1576,66,2,19.4,35.02690695060464
7,1576,66,3,25.35,46.858437424808955
7,1576,66,0,22.55,24.96834838455743
7,1576,66,1,7.3,10.285912696499032
7,1576,66,2,7.85,18.181178816509526
7,1576,66,3,6.0,10.213510144592025
6,747,66,0,30.8,32.33476213157077
6,747,66,1,11.25,9.634778013448003
6,747,66,2,9.45,8.641850435373689
6,747,66,3,9.15,7.968853843492638
4,2015,35,0,67.8,42.617762543457474
4,2015,35,1,18.1,22.830957745546883
4,2015,35,2,17.05,29.039854646584182
7,1550,66,0,35.75,31.02100307177296
7,1550,66,1,21.15,36.99114403262091
7,1550,66,2,11.5,19.795002027359274
7,1550,66,3,10.45,19.81885067568912
7,1550,66,0,36.8,32.33801738544051
7,1550,66,1,12.4,19.75481287127133
7,1550,66,2,10.25,12.993419387075177
7,1550,66,3,14.85,38.89834930877362
6,747,66,0,30.5,22.267512327674996
6,747,66,1,8.05,7.69466664234664
6,747,66,2,6.5,5.2964735040352435
6,747,66,3,7.9,9.840303803611372
7,1550,66,0,31.45,38.718246752389845
7,1550,66,1,20.75,27.739151506774494
7,1550,66,2,7.5,6.403124237432849
7,1550,66,3,7.85,7.975455769850529
6,1332,66,0,40.7,25.058037895212284
6,1332,66,1,9.4,8.229599977488194
6,1332,66,2,9.95,12.99584953987841
6,1332,66,3,7.45,5.306153329663094
7,1550,66,0,56.3,44.768527478928526
7,1550,66,1,13.75,13.72234060133137
7,1550,66,2,14.4,19.67204802973525
7,1550,66,3,10.85,15.445234318646472
7,1550,66,0,38.5,34.02243841627865
7,1550,66,1,16.5,20.137683972827503
7,1550,66,2,17.95,37.77979827758133
7,1550,66,3,18.75,41.70431632337353
7,1550,66,0,49.85,46.06091504450213
7,1550,66,1,13.0,16.85854460847049
7,1550,66,2,5.9,6.265192062414956
7,1550,66,3,5.7,6.759788224649148
4,2015,35,0,73.55,52.77008223366123
4,2015,35,1,31.7,36.64495369868745
4,2015,35,2,23.55,26.476354893018268
6,1332,66,0,33.85,22.62805664144451
6,1332,66,1,16.2,20.035757508698502
6,1332,66,2,7.7,8.360936739259227
6,1332,66,3,11.2,26.968988037920028
7,1948,66,0,42.5,41.0
7,1948,66,1,22.75,26.331639963319695
7,1948,66,2,10.1,16.257467919632955
7,1948,66,3,15.95,22.27454293937128
7,1948,66,0,28.4,25.74449353489831
7,1948,66,1,17.85,25.592505070615374
7,1948,66,2,10.75,15.286302778356148
7,1948,66,3,27.6,44.62050508100744
7,1948,66,0,44.5,44.56987417763848
7,1948,66,1,15.85,22.806451072587244
7,1948,66,2,22.45,60.45657423656299
7,1948,66,3,16.9,24.04360074618827
4,1202,35,0,70.0,47.94514409307019
4,1202,35,1,22.7,30.832484578171087
4,1202,35,2,12.05,13.682393604075353
7,777,66,0,39.25,17.93519034277526
7,777,66,1,15.5,15.045544890519306
7,777,66,2,9.0,7.203800166724871
7,777,66,3,22.7,35.15544428901297
7,1948,66,0,45.45,37.052558687129256
7,1948,66,1,17.6,26.868882412658383
7,1948,66,2,9.4,13.819894127098461
7,1948,66,3,7.95,9.539254080956887
7,1948,66,0,32.7,27.37094117951795
7,1948,66,1,19.25,23.70404140536732
7,1948,66,2,8.85,7.506313132430945
7,1948,66,3,20.55,35.98022117482706
7,1948,66,0,47.55,49.4511720897759
7,1948,66,1,14.2,17.404173728100243
7,1948,66,2,13.05,17.397746375532904
7,1948,66,3,12.15,16.197059512211013
7,777,66,0,32.6,17.208932808894705
7,777,66,1,16.1,17.621458210763496
7,777,66,2,8.3,6.113832461592406
7,777,66,3,9.95,12.300941341813513
7,1146,66,0,28.35,34.75671082493884
7,1146,66,1,10.55,13.640014662748717
7,1146,66,2,5.35,4.392277912787156
7,1146,66,3,8.45,10.349040128386175
7,1146,66,0,27.7,22.292552450018864
7,1146,66,1,12.2,14.26294425942163
7,1146,66,2,17.5,35.39922687231876
7,1146,66,3,9.75,14.022069071739432
4,1202,35,0,68.85,38.02668730468671
4,1202,35,1,25.05,29.717042779841794
4,1202,35,2,18.05,17.945751586378318
7,1576,66,0,35.85,28.946911479647124
7,1576,66,1,10.0,16.489230935434964
7,1576,66,2,7.3,7.567937910060198
7,1576,66,3,5.05,4.418561328139094
7,1146,66,0,32.8,33.298648621227855
7,1146,66,1,29.8,46.848692617830864
7,1146,66,2,9.2,13.938209505188473
7,1146,66,3,11.55,13.092685784537549
7,1146,66,0,25.3,19.939645776297294
7,1146,66,1,16.6,21.573375403858094
7,1146,66,2,11.2,10.909194576859901
7,1146,66,3,12.75,18.5270073136489
7,1146,66,0,52.55,40.51312327992915
7,1146,66,1,13.45,15.772978225600363
7,1146,66,2,10.65,19.929546961867025
7,1146,66,3,13.2,16.253258782552855
7,1146,66,0,27.7,28.319790364968977
7,1146,66,1,9.4,13.355070001195879
7,1146,66,2,11.8,23.100694908663634
7,1146,66,3,11.5,18.118034051594474
7,1576,66,0,38.45,29.670958688146293
7,1576,66,1,11.0,12.565617248750867
7,1576,66,2,9.7,10.800097465447147
7,1576,66,3,8.4,13.662857834674497
8,422,66,0,25.25,22.42150048972027
8,422,66,1,12.25,24.859341143828875
8,422,66,2,2.95,2.2354794611117836
8,422,66,3,3.0,2.384158242717079
8,422,66,4,3.0,2.4279079146675357
4,585,35,0,76.15,49.74595989943092
4,585,35,1,22.05,19.489470841564952
4,585,35,2,13.9,12.221206762707277
8,422,66,0,41.4,39.25543877839363
8,422,66,1,9.05,16.42679133867021
8,422,66,2,7.25,11.760213925730575
8,422,66,3,5.95,8.994003850519405
8,422,66,4,3.8,3.7077443845352436
8,422,66,0,37.35,41.10355984071146
8,422,66,1,13.85,15.788986834599548
8,422,66,2,13.5,24.660857542608735
8,422,66,3,14.35,29.49625310727485
8,422,66,4,13.35,20.655762545008827
7,1550,66,0,47.45,29.94464190714874
7,1550,66,1,9.95,7.528716952268057
7,1550,66,2,8.8,8.075955214807655
7,1550,66,3,21.25,38.16291255573717
8,422,66,0,26.0,20.39091645032686
8,422,66,1,29.45,38.55751002006442
8,422,66,2,16.9,31.444018760162855
8,422,66,3,11.55,11.573449651772165
8,422,66,4,6.6,7.68731011746666
8,422,66,0,30.55,31.59526113700897
8,422,66,1,12.2,13.578620967109327
8,422,66,2,8.9,17.5376287180631
8,422,66,3,5.6,5.734475610403779
8,422,66,4,2.7,2.02874085917453
4,585,35,0,57.45,42.59290155833357
4,585,35,1,17.05,31.330958289979275
4,585,35,2,8.95,10.835978084724589
7,1550,66,0,36.35,24.19716164303052
7,1550,66,1,11.9,9.754351255775681
7,1550,66,2,8.1,7.826406044855288
7,1550,66,3,5.15,2.641271623569542
8,422,66,0,35.65,42.15544542461114
8,422,66,1,20.15,26.666112932847344
8,422,66,2,10.6,20.36870664834456
8,422,66,3,18.65,31.561593916124
8,422,66,4,9.85,12.110347902343246
8,1332,66,0,32.65,33.38180248042495
8,1332,66,1,11.6,13.854127258880768
8,1332,66,2,10.95,13.95283408298717
8,1332,66,3,11.25,14.432693150585147
8,1332,66,4,11.55,11.896372733338776
8,1332,66,0,39.15,35.61678344766543
8,1332,66,1,10.85,13.319060343021674
8,1332,66,2,4.75,6.111895218170444
8,1332,66,3,5.05,6.4602020499606505
8,1332,66,4,5.6,7.514197089159749
8,1332,66,0,33.15,39.35168691629235
8,1332,66,1,5.4,6.556635851121405
8,1332,66,2,6.2,12.996355764517018
8,1332,66,3,7.2,20.027875311017997
8,1332,66,4,4.35,5.050013027601747
7,1948,66,0,52.25,26.992932798283174
7,1948,66,1,12.75,9.797287487119236
7,1948,66,2,9.7,7.526094954434066
7,1948,66,3,20.0,14.959594703206719
4,650,35,0,74.3,58.8558453028736
4,650,35,1,17.85,26.336436637040364
4,650,35,2,10.2,9.25998749572874
8,1332,66,0,33.95,31.495154180319627
8,1332,66,1,12.7,16.908733339842307
8,1332,66,2,8.05,12.869691036245628
8,1332,66,3,11.05,20.934672825620883
8,1332,66,4,5.9,9.425050607151583
8,1332,66,0,39.0,57.468526855552575
8,1332,66,1,12.45,16.021285184009688
8,1332,66,2,6.3,6.113832461592406
8,1332,66,3,7.7,8.718401591793617
8,1332,66,4,6.8,9.567488808734671
8,1332,66,0,28.95,30.210620300605687
8,1332,66,1,7.75,8.854823247069481
8,1332,66,2,9.9,14.123142635218864
8,1332,66,3,4.1,4.290748922483052
8,1332,66,4,8.8,17.89619189130823
8,292,66,0,32.5,21.44147481180488
8,292,66,1,14.2,14.515327651903187
8,292,66,2,9.2,11.213713409083212
8,292,66,3,8.45,8.382155230952804
8,292,66,4,7.25,6.827768380124767
7,1948,66,0,37.4,20.25209540815598
7,1948,66,1,14.3,11.434481554537252
7,1948,66,2,7.55,5.670561097272009
7,1948,66,3,27.95,42.17441853715791
8,292,66,0,43.35,44.67104914347711
8,292,66,1,8.4,9.917554876926173
8,292,66,2,9.0,10.770329614269007
8,292,66,3,7.55,13.500389857918531
8,292,66,4,5.65,6.063479980480204
4,650,35,0,68.55,39.05930039527617
4,650,35,1,24.75,29.123828189663744
4,650,35,2,11.85,11.545220017962322
8,292,66,0,43.5,44.955533585978046
8,292,66,1,15.1,15.141090831870317
8,292,66,2,7.35,8.11934013393492
8,292,66,3,13.6,26.065504528318442
8,292,66,4,6.45,10.570440413072474
8,292,66,0,19.9,23.664096722338897
8,292,66,1,12.4,23.30439308032083
8,292,66,2,11.4,20.492360579134438
8,292,66,3,4.6,4.2102631496705385
8,292,66,4,7.25,20.287084301931717
8,292,66,0,28.85,27.003459817313466
8,292,66,1,24.7,44.219666974870144
8,292,66,2,12.25,31.77035195206208
8,292,66,3,6.5,8.463544112685208
8,292,66,4,5.7,8.95074239790668
7,1146,66,0,43.25,29.926005237480062
7,1146,66,1,17.75,19.49055101702793
7,1146,66,2,7.7,6.665701684546677
7,1146,66,3,17.15,19.958575521366882
8,292,66,0,40.4,34.41908895090813
8,292,66,1,7.95,8.519173421727821
8,292,66,2,7.35,6.784463675812633
8,292,66,3,8.95,16.5066972054248
8,292,66,4,15.95,33.63186928463756
8,227,66,0,35.45,34.03477323963955
8,227,66,1,11.5,15.869533870380627
8,227,66,2,15.8,18.375040279225455
8,227,66,3,8.15,9.723953062304176
8,227,66,4,11.65,14.6153308117484
8,227,66,0,34.45,38.76579474363015
8,227,66,1,12.9,17.07537469728356
8,227,66,2,11.7,14.822102983116306
8,227,66,3,6.85,7.801990299377394
8,227,66,4,5.4,5.009464726106499
8,227,66,0,38.5,32.00246701016723
8,227,66,1,7.2,10.496114569336198
8,227,66,2,3.95,2.742933504576135
8,227,66,3,7.3,10.037298860801778
8,227,66,4,3.05,2.438183102661747
7,1146,66,0,45.95,23.640898994394394
7,1146,66,1,17.1,11.77374420613846
7,1146,66,2,11.15,7.734236940554095
7,1146,66,3,21.1,20.527004037044524
4,357,35,0,86.2,58.90545502395299
4,357,35,1,21.55,23.095852897276423
4,357,35,2,30.65,57.77476684687293
8,227,66,0,31.7,27.785077403451467
8,227,66,1,16.5,22.010762917503026
8,227,66,2,8.2,13.797787770813882
8,227,66,3,10.25,15.663820196806867
8,227,66,4,6.45,6.8554626700940196
8,227,66,0,32.85,33.59554325079131
8,227,66,1,19.05,25.599085098783057
8,227,66,2,13.65,27.03462691866819
8,227,66,3,6.65,6.3848092746521585
8,227,66,4,4.45,3.9266297320515946
8,227,66,0,34.15,28.09059591655842
8,227,66,1,9.75,13.392358386703021
8,227,66,2,13.2,21.789905919943756
8,227,66,3,9.65,13.792732640206236
8,227,66,4,5.5,5.296473504035243
8,422,66,0,41.35,21.09945122758559
8,422,66,1,11.65,7.513321502504734
8,422,66,2,9.55,8.87026374733967
8,422,66,3,7.6,7.221313483089668
8,422,66,4,8.25,8.484506002429557
8,2047,66,0,33.65,29.365706816661255
8,2047,66,1,26.0,29.772824062080154
8,2047,66,2,11.4,13.212434334846535
8,2047,66,3,6.65,4.880411975707745
8,2047,66,4,14.95,20.497689215077262
8,2047,66,0,41.3,49.104721608115504
8,2047,66,1,15.15,20.308865059377396
8,2047,66,2,13.15,18.723121084848398
8,2047,66,3,5.6,6.824105879353835
8,2047,66,4,8.3,9.776986943031606
8,422,66,0,30.0,23.440855023026067
8,422,66,1,13.6,15.125440402461708
8,422,66,2,7.15,6.682853156832751
8,422,66,3,9.8,10.390278857511097
8,422,66,4,4.35,2.6611236249690506
8,2047,66,0,42.85,47.25994743521143
8,2047,66,1,11.85,17.214666329676717
8,2047,66,2,8.6,12.032412366953729
8,2047,66,3,6.0,8.460434230488472
8,2047,66,4,7.75,13.544760105509049
4,357,35,0,85.25,67.99990325070517
4,357,35,1,11.6,10.220721985003646
4,357,35,2,14.1,25.289690014957312
8,2047,66,0,36.4,37.77272756061469
8,2047,66,1,16.35,18.21010419346474
8,2047,66,2,11.25,21.390787490732645
8,2047,66,3,10.85,11.352138680952542
8,2047,66,4,4.3,5.554514522345528
8,2047,66,0,40.35,37.15724056379577
8,2047,66,1,10.0,13.618872354586717
8,2047,66,2,9.05,11.704587494698504
8,2047,66,3,7.5,13.120895348140008
8,2047,66,4,4.2,3.1556132109056243
8,2047,66,0,29.85,30.480839538099477
8,2047,66,1,9.6,24.7968588842683
8,2047,66,2,6.45,6.962115528456774
8,2047,66,3,10.95,22.279268153906767
8,2047,66,4,5.2,6.63007501743699
8,1332,66,0,35.6,23.220680437919988
8,1332,66,1,13.75,13.672388618171874
8,1332,66,2,7.5,6.253420116855634
8,1332,66,3,5.75,7.704236701834565
8,1332,66,4,7.35,7.23496626406131
9,856,66,0,19.4,20.301412966122644
9,856,66,1,9.15,10.800950250593207
9,856,66,2,7.9,13.463009751870025
9,856,66,3,10.2,13.877660958685023
9,856,66,4,8.9,14.164076130534564
9,856,66,0,37.85,39.683318780990135
9,856,66,1,11.1,25.04291054212854
9,856,66,2,13.6,25.33647256634718
9,856,66,3,5.75,6.298496061091008
9,856,66,4,9.55,20.43597189683968
8,1332,66,0,42.3,30.23608858023106
8,1332,66,1,17.9,13.126509938208814
8,1332,66,2,12.05,12.454020699314233
8,1332,66,3,7.0,4.039280811442082
8,1332,66,4,6.6,4.393775501535637
9,856,66,0,40.0,40.24268485340567
9,856,66,1,15.3,19.791279312922278
9,856,66,2,13.25,24.481733254773744
9,856,66,3,6.1,5.3596936283218355
9,856,66,4,17.05,27.61859594739137
5,261,35,0,84.1,56.744951085397986
5,261,35,1,23.1,19.662681725328795
5,261,35,2,33.9,43.913671291703565
9,856,66,0,43.5,37.49877190971515
9,856,66,1,11.45,13.982978374099215
9,856,66,2,10.6,15.882463019914365
9,856,66,3,11.6,28.14698263720194
9,856,66,4,5.8,8.185995743694807
9,856,66,0,30.85,29.775077886680577
9,856,66,1,7.6,7.680460512509034
9,856,66,2,15.5,23.811761799581316
9,856,66,3,9.65,16.19380973348182
9,856,66,4,6.85,12.014355448466858
9,856,66,0,24.75,25.554637029005335
9,856,66,1,11.05,10.241684688719813
9,856,66,2,9.85,12.188324870871089
9,856,66,3,5.05,5.53909549902946
9,856,66,4,7.75,15.71079079385952
8,292,66,0,41.75,25.86783208624382
8,292,66,1,12.0,14.290224851827542
8,292,66,2,9.1,7.704407487720396
8,292,66,3,7.15,7.139770009564291
8,292,66,4,5.75,3.7116459676905724
9,1608,66,0,19.85,20.071647979963654
9,1608,66,1,8.9,14.89224453762498
9,1608,66,2,6.1,6.750438582242755
9,1608,66,3,14.7,34.26537303858932
9,1608,66,4,16.85,31.62489858523369
9,1608,66,0,19.9,19.425701911046662
9,1608,66,1,11.0,18.66322023322032
9,1608,66,2,16.1,29.21229013166962
9,1608,66,3,8.75,12.920302261414623
9,1608,66,4,4.2,4.299326752680679
9,1608,66,0,24.7,27.91170288417991
9,1608,66,1,11.35,13.53076416716249
9,1608,66,2,9.1,15.501782580009783
9,1608,66,3,4.35,5.12244801674068
9,1608,66,4,11.45,17.566340421085822
9,1608,66,0,22.8,21.424530947392743
9,1608,66,1,9.2,14.699086974868093
9,1608,66,2,6.6,10.184611715204154
9,1608,66,3,3.95,2.723677854048011
9,1608,66,4,4.2,4.287067455548263
8,292,66,0,41.3,29.18020237294998
8,292,66,1,16.35,20.97184829843645
8,292,66,2,9.5,10.282842121965267
8,292,66,3,5.25,3.2747036828583918
8,292,66,4,7.75,9.930680795022644
9,1608,66,0,26.4,27.007601269194375
9,1608,66,1,13.15,21.95276028681875
9,1608,66,2,4.35,4.67101927341684
9,1608,66,3,5.1,5.179920747209209
9,1608,66,4,3.85,3.4224491076912806
9,1608,66,0,25.05,26.664533905940537
9,1608,66,1,11.9,17.799763452005998
9,1608,66,2,12.55,18.175967360052233
9,1608,66,3,13.25,32.6752360761415
9,1608,66,4,10.0,11.498283624775896
5,261,35,0,99.05,57.41581938620639
5,261,35,1,18.55,15.852859612534795
5,261,35,2,39.05,48.01806129495771
9,1380,66,0,38.05,34.55807469052334
9,1380,66,1,7.9,12.056446190185651
9,1380,66,2,5.0,5.067959207246619
9,1380,66,3,7.95,12.30521926064837
9,1380,66,4,4.95,8.810729105381746
8,227,66,0,36.35,24.007180943253317
8,227,66,1,13.45,11.816469327528466
8,227,66,2,8.8,6.279456899077213
8,227,66,3,11.3,15.957509369044967
8,227,66,4,6.1,4.655500425359912
9,1380,66,0,44.3,46.97602972177462
9,1380,66,1,17.65,22.32127849573609
9,1380,66,2,9.65,11.681181447096863
9,1380,66,3,6.55,6.793766492741322
9,1380,66,4,20.4,30.38420642373271
9,1380,66,0,40.5,37.35251700107758
9,1380,66,1,13.65,23.319914687936397
9,1380,66,2,7.0,6.316228054947451
9,1380,66,3,9.3,21.33714330013571
9,1380,66,4,13.6,22.13213905042548
9,1380,66,0,33.85,36.08801375584566
9,1380,66,1,14.25,19.420214644594054
9,1380,66,2,10.8,15.25088435744664
9,1380,66,3,4.35,4.016741281974206
9,1380,66,4,7.7,11.779107284554827
8,227,66,0,46.4,28.13763166631964
8,227,66,1,15.65,13.677776827663493
8,227,66,2,8.15,8.171033562144034
8,227,66,3,5.4,4.627150993407225
8,227,66,4,5.7,5.242538557446744
9,1380,66,0,25.95,28.823373190958467
9,1380,66,1,9.35,10.786321747570174
9,1380,66,2,5.75,5.865824301565988
9,1380,66,3,6.7,10.638064723089043
9,1380,66,4,6.0,7.319764160710443
9,1380,66,0,31.0,32.789600405263286
9,1380,66,1,21.7,26.736728139002857
9,1380,66,2,9.25,10.587355914635056
9,1380,66,3,7.3,6.538147170342117
9,1380,66,4,21.8,44.046148048322415
5,1563,35,0,57.9,42.17120494265951
5,1563,35,1,23.5,28.2684499602984
5,1563,35,2,44.05,72.0463849124116
8,2047,66,0,47.35,32.097343716952814
8,2047,66,1,15.5,14.485927835770752
8,2047,66,2,9.3,7.733045971672481
8,2047,66,3,5.35,5.914077763225107
8,2047,66,4,5.6,4.592900700222602
9,530,66,0,31.95,39.36398968868027
9,530,66,1,13.75,34.843824492485865
9,530,66,2,8.0,19.477382294667617
9,530,66,3,7.8,11.623931756238258
9,530,66,4,7.5,11.440923775731804
9,530,66,0,38.6,37.911809019854154
9,530,66,1,14.9,31.34007019775163
9,530,66,2,10.95,11.213126706067126
9,530,66,3,7.65,7.03581065542183
9,530,66,4,13.05,18.406163155455925
9,530,66,0,34.75,32.784583989558584
9,530,66,1,17.8,22.526242006765543
9,530,66,2,17.35,31.392716218558522
9,530,66,3,9.65,12.999089036908458
9,530,66,4,30.8,58.68703793047177
5,1563,35,0,62.3,46.03556977175938
5,1563,35,1,16.0,19.01522935355819
5,1563,35,2,15.2,16.314668891909257
8,2047,66,0,41.5,24.560344588702122
8,2047,66,1,7.5,5.771983149116447
8,2047,66,2,8.95,10.338863828446428
8,2047,66,3,6.8,6.622131951188179
8,2047,66,4,6.1,5.17992074720921
9,530,66,0,21.05,23.376720313841695
9,530,66,1,15.7,23.10866777457735
9,530,66,2,11.25,20.007564358985512
9,530,66,3,7.95,9.605234318630101
9,530,66,4,12.95,26.292834725353156
9,530,66,0,32.7,21.90433747000808
9,530,66,1,5.4,4.134578193976414
9,530,66,2,6.45,7.836990560963537
9,530,66,3,5.1,5.811965878119129
9,530,66,4,13.8,19.73935422609255
9,530,66,0,31.15,33.38180248042495
9,530,66,1,11.8,11.316499365737483
9,530,66,2,19.2,33.96530737772231
9,530,66,3,7.95,12.521455271064267
9,530,66,4,19.45,48.625827012314964
9,856,66,0,31.15,21.735914979590806
9,856,66,1,12.15,13.425329555888396
9,856,66,2,8.2,7.633720207770672
9,856,66,3,6.05,4.904079934095692
9,856,66,4,4.45,3.605186322654161
5,690,35,0,44.6,39.80531569897087
5,690,35,1,15.0,15.434070309409293
5,690,35,2,20.6,26.945168495727724
9,1981,66,0,25.45,32.897728285031924
9,1981,66,1,12.2,13.379481541367346
9,1981,66,2,9.2,12.915107432770352
9,1981,66,3,8.05,11.869798029585755
9,1981,66,4,17.8,31.798046944327954
9,1981,66,0,36.6,44.54495068555971
9,1981,66,1,13.15,17.789041570584967
9,1981,66,2,8.55,12.713337381208014
9,1981,66,3,10.75,18.617691077376687
9,1981,66,4,16.15,27.005408814960713
9,1981,66,0,25.3,24.181550165798978
9,1981,66,1,7.8,9.687756787768125
9,1981,66,2,6.5,8.249401892194813
9,1981,66,3,7.6,13.366887603721604
9,1981,66,4,11.25,24.07854471909533
9,856,66,0,29.5,23.177802447941207
9,856,66,1,10.3,8.645656043415828
9,856,66,2,12.9,17.663223762501865
9,856,66,3,8.65,7.995228840410155
9,856,66,4,12.3,15.970696850630432
5,690,35,0,56.05,44.55567185821399
5,690,35,1,17.4,20.306597320497644
5,690,35,2,16.7,21.059064806546274
9,1981,66,0,39.95,32.033658285589155
9,1981,66,1,12.35,9.985647595160609
9,1981,66,2,11.65,10.55948064911089
9,1981,66,3,13.35,31.08439276685666
9,1981,66,4,21.6,31.703229123262904
9,1981,66,0,43.0,36.95801316145262
9,1981,66,1,18.45,32.68425502158171
9,1981,66,2,13.5,29.34818204716749
9,1981,66,3,15.5,21.229324306871284
9,1981,66,4,13.0,18.742015843946373
9,1608,66,0,32.05,23.0022310130767
9,1608,66,1,17.9,17.935263706188607
9,1608,66,2,8.8,7.438166157694629
9,1608,66,3,7.45,8.71462775120689
9,1608,66,4,8.1,7.933274362157354
9,1981,66,0,26.7,25.790859253864177
9,1981,66,1,21.8,22.52624200676554
9,1981,66,2,25.0,53.530119411510064
9,1981,66,3,9.55,13.922624525721094
9,1981,66,4,20.55,30.892811291199838
10,1950,66,0,25.6,20.727302106921176
10,1950,66,1,9.35,9.143735272679438
10,1950,66,2,12.8,23.641177279439678
10,1950,66,3,9.85,12.92193158121005
10,1950,66,4,6.75,7.188257969186898
10,1950,66,5,4.6,3.5153797429071734
9,1608,66,0,38.0,21.990428539899376
9,1608,66,1,8.4,8.756351078533017
9,1608,66,2,8.15,8.505570929814487
9,1608,66,3,6.95,8.133588578105899
9,1608,66,4,6.7,7.698940460253365
5,2011,35,0,54.9,41.22454557535761
5,2011,35,1,27.95,43.302455260400045
5,2011,35,2,18.15,25.497729517082803
10,1950,66,0,41.6,32.23825775624196
10,1950,66,1,10.6,9.281560667315203
10,1950,66,2,12.4,15.994735976169421
10,1950,66,3,8.15,7.4992982127803485
10,1950,66,4,13.45,21.799263628316492
10,1950,66,5,5.6,6.0122681594430425
10,1950,66,0,31.35,30.536044275577016
10,1950,66,1,9.0,13.246648036787507
10,1950,66,2,10.2,9.660554631566123
10,1950,66,3,8.8,7.884695368410347
10,1950,66,4,8.85,14.644111444536332
10,1950,66,5,8.6,12.546335174695018
9,1380,66,0,38.3,29.74647259052655
9,1380,66,1,17.35,21.55354409738442
9,1380,66,2,7.85,9.604138362404537
9,1380,66,3,6.7,6.626104674535012
9,1380,66,4,16.5,17.913535018027716
10,1950,66,0,36.55,27.377430197345518
10,1950,66,1,25.45,33.3584598281345
10,1950,66,2,17.45,27.45997086669977
10,1950,66,3,6.9,9.221827653082542
10,1950,66,4,4.75,4.733697786809177
10,1950,66,5,9.2,15.959158400182174
10,1950,66,0,25.7,23.396131034177873
10,1950,66,1,15.45,22.262725515273758
10,1950,66,2,11.4,17.880892477431704
10,1950,66,3,8.7,12.777859140346097
10,1950,66,4,18.75,38.14773912042496
10,1950,66,5,8.15,11.864475946019875
10,1950,66,0,34.5,26.871037039514263
10,1950,66,1,18.25,30.08562342452131
10,1950,66,2,7.7,7.994076754566142
10,1950,66,3,9.95,15.782985509052063
10,1950,66,4,14.35,30.36319621203483
10,1950,66,5,6.2,4.42005001162466
10,552,66,0,22.55,22.167959334422992
10,552,66,1,7.45,10.999880382124736
10,552,66,2,5.95,6.9242138067874
10,552,66,3,4.05,3.486439897358728
10,552,66,4,4.7,8.323081413186243
10,552,66,5,3.3,3.294333252563767
10,552,66,0,25.4,25.84854673711953
10,552,66,1,10.15,12.799157044611633
10,552,66,2,14.1,25.260537144766047
10,552,66,3,6.5,8.140218540969084
10,552,66,4,4.3,3.6863903325896628
10,552,66,5,3.9,3.416677364125316
10,552,66,0,24.65,22.864072023016465
10,552,66,1,16.2,18.961456750610253
10,552,66,2,7.7,7.101519481587615
10,552,66,3,12.7,30.575359876523898
10,552,66,4,8.5,13.531639337415655
10,552,66,5,10.4,18.8634985871489
5,2011,35,0,92.15,42.30748969403085
5,2011,35,1,28.45,27.492534871928605
5,2011,35,2,34.1,38.17811442505551
9,1380,66,0,41.8,39.44029465033525
9,1380,66,1,16.0,20.80485773234602
9,1380,66,2,9.0,9.597148699373932
9,1380,66,3,6.95,8.494425416583203
9,1380,66,4,21.1,38.96138439126888
10,552,66,0,27.95,28.20876123700429
10,552,66,1,10.45,14.136459022124688
10,552,66,2,9.25,14.256577429383254
10,552,66,3,10.65,23.4930560849483
10,552,66,4,6.1,6.687773604830959
10,552,66,5,7.85,17.064197669543773
10,552,66,0,40.1,54.44253368171076
10,552,66,1,11.1,13.70708614280642
10,552,66,2,10.95,29.874254009624725
10,552,66,3,8.15,14.765803309282601
10,552,66,4,7.85,10.11135370186458
10,552,66,5,10.25,18.27242673941719
10,552,66,0,42.85,45.59925553408913
10,552,66,1,7.9,9.694816846346843
10,552,66,2,24.1,46.72754174889513
10,552,66,3,6.7,7.204530738215691
10,552,66,4,3.8,3.205258836744127
10,552,66,5,5.4,6.435101111543584
10,260,66,0,18.45,23.50246347670142
10,260,66,1,11.1,18.710818711165615
10,260,66,2,4.7,5.6670794483299956
10,260,66,3,7.0,9.819422214752706
10,260,66,4,5.05,4.65069321375008
10,260,66,5,4.2,4.937504163888984
9,530,66,0,42.0,24.400172561943727
9,530,66,1,9.7,6.996991834841749
9,530,66,2,8.6,8.261515089797232
9,530,66,3,8.1,7.510694130091403
9,530,66,4,20.25,35.46811021333478
5,411,35,0,57.05,41.53688912153552
5,411,35,1,22.05,39.87807074465601
5,411,35,2,27.05,40.7101112488622
10,260,66,0,19.95,22.10376248038948
10,260,66,1,16.2,33.98389711551479
10,260,66,2,14.5,23.76087008862304
10,260,66,3,5.2,5.69025020262036
10,260,66,4,2.95,2.584875035155166
10,260,66,5,4.0,3.7696851746252595
10,260,66,0,29.5,28.99092416965224
10,260,66,1,9.2,10.556115713053188
10,260,66,2,5.5,3.886549003665686
10,260,66,3,4.1,4.16628068387646
10,260,66,4,8.0,18.93757056613568
10,260,66,5,5.2,5.237516486596335
10,260,66,0,32.75,42.71924871210068
10,260,66,1,8.15,8.6101225616315
10,260,66,2,10.5,26.09597670139977
10,260,66,3,7.6,12.244870032191569
10,260,66,4,7.5,9.719757415209822
10,260,66,5,6.65,9.615092303249098
9,530,66,0,38.95,26.784667648724554
9,530,66,1,13.85,14.914757792200316
9,530,66,2,13.8,15.94926165590185
9,530,66,3,6.0,6.008765526952665
9,530,66,4,25.35,49.635805200427
10,260,66,0,37.2,29.738509501459905
10,260,66,1,15.45,22.751460334853693
10,260,66,2,8.25,10.361238495367951
10,260,66,3,5.25,5.379052939534597
10,260,66,4,8.35,8.677102354078688
10,260,66,5,6.35,6.115338782197813
10,780,66,0,30.75,24.650984820724283
10,780,66,1,11.45,20.89692750017017
10,780,66,2,8.4,9.32117001917226
10,780,66,3,3.75,2.2448772091610105
10,780,66,4,7.4,16.29465524255375
10,780,66,5,4.35,4.826189517948699
10,260,66,0,32.0,35.662157445732454
10,260,66,1,10.55,15.672553951683215
10,260,66,2,7.3,8.80251160330481
10,260,66,3,6.15,8.707377392339877
10,260,66,4,6.75,14.450915104879035
10,260,66,5,7.2,11.587652230306462
5,411,35,0,64.0,46.40213243738742
5,411,35,1,18.85,21.56575013644015
5,411,35,2,38.75,52.630664465739585
9,1981,66,0,38.25,23.03515619770423
9,1981,66,1,11.6,11.315569153301919
9,1981,66,2,11.15,10.624078907443174
9,1981,66,3,7.7,8.90948636950644
9,1981,66,4,16.15,19.25254596970981
10,780,66,0,38.35,42.22405774711354
10,780,66,1,14.9,25.14568080521772
10,780,66,2,6.05,8.911701355668937
10,780,66,3,5.25,5.766281297335398
10,780,66,4,7.15,14.139437195678134
10,780,66,5,9.8,25.059088066744213
10,780,66,0,39.75,39.46734159569883
10,780,66,1,11.75,14.403490074137917
10,780,66,2,13.55,20.379233496251445
10,780,66,3,17.25,23.15138963659122
10,780,66,4,6.05,5.124502543251342
10,780,66,5,4.85,3.3915529745158586
10,780,66,0,52.7,43.61807930325753
10,780,66,1,11.0,12.01753105390533
10,780,66,2,10.8,15.21633471323706
10,780,66,3,12.75,21.035996717406494
10,780,66,4,5.25,6.536335686799318
10,780,66,5,3.35,2.3004576203785834
10,780,66,0,29.4,16.90032699777075
10,780,66,1,15.85,24.162334759965386
10,780,66,2,10.45,15.24700143082498
10,780,66,3,9.35,13.164045930608031
10,780,66,4,5.15,4.368246667413417
10,780,66,5,5.4,5.613892542049964
9,1981,66,0,43.35,26.388344715841978
9,1981,66,1,18.8,14.852254835014463
9,1981,66,2,10.35,10.027724724876263
9,1981,66,3,9.7,11.828155526450214
9,1981,66,4,22.9,43.283520627309606
10,422,66,0,42.05,28.950911266450575
10,422,66,1,18.15,26.35841022280525
10,422,66,2,6.35,6.417697570411304
10,422,66,3,9.8,16.146043999757506
10,422,66,4,7.95,10.728589449640964
10,422,66,5,7.15,10.859267204122308
6,1625,35,0,81.75,52.637664121905395
6,1625,35,1,31.55,26.59733860845163
6,1625,35,2,26.7,31.187210604078683
6,1625,35,3,17.75,29.95061725047099
10,780,66,0,41.7,41.159637868592625
10,780,66,1,25.5,35.36054893596296
10,780,66,2,12.65,12.196958205785744
10,780,66,3,10.5,11.31138225068239
10,780,66,4,14.25,24.16581970687655
10,780,66,5,7.45,9.533735116058025
10,422,66,0,26.05,31.38969827658012
10,422,66,1,16.35,26.157971513177596
10,422,66,2,9.15,15.363233623440772
10,422,66,3,14.15,25.772843725212212
10,422,66,4,12.7,30.369825745128562
10,422,66,5,9.65,12.749716199111836
10,422,66,0,27.35,26.909741926044475
10,422,66,1,21.2,35.46918603372139
10,422,66,2,15.85,28.17291532473586
10,422,66,3,10.95,17.688756464578223
10,422,66,4,8.2,10.57604044900299
10,422,66,5,5.9,7.239511469414872
10,1950,66,0,46.15,29.388997225062596
10,1950,66,1,19.1,11.54351036638974
10,1950,66,2,12.95,7.2582076952487675
10,1950,66,3,11.9,10.517654331246057
10,1950,66,4,12.9,18.104666452835332
10,1950,66,5,6.65,3.2811262507992907
10,422,66,0,29.7,41.24777505961286
10,422,66,1,12.4,18.508603973628905
10,422,66,2,15.4,20.074597721603553
10,422,66,3,7.2,8.757553130989573
10,422,66,4,6.15,6.768930569346356
10,422,66,5,5.8,7.729642192304417
10,422,66,0,23.75,34.393810642705986
10,422,66,1,10.85,16.667885920314898
10,422,66,2,12.05,27.698517915889326
10,422,66,3,4.75,3.918579226951362
10,422,66,4,10.9,20.965887080031493
10,422,66,5,4.05,3.2032056312059445
11,647,66,0,17.3,25.081131511451726
11,647,66,1,8.15,11.481220364257084
11,647,66,2,9.2,13.351916874011996
11,647,66,3,9.55,19.424550391057625
11,647,66,4,5.2,4.0600751872737275
11,647,66,5,11.9,26.608071588978607
6,1625,35,0,69.95,69.04268321309041
6,1625,35,1,20.6,27.459827116410583
6,1625,35,2,17.7,21.949943052317927
6,1625,35,3,7.95,7.2582076952487675
10,1950,66,0,31.7,19.84704671123376
10,1950,66,1,14.55,22.175080845992778
10,1950,66,2,7.75,6.422616289332564
10,1950,66,3,9.35,10.464350509178644
10,1950,66,4,6.3,5.704107476657778
10,1950,66,5,5.7,6.751997755050762
10,422,66,0,26.3,36.119829806674865
10,422,66,1,14.95,21.007454817153288
10,422,66,2,16.2,26.648985366287995
10,422,66,3,13.05,25.52289993422831
10,422,66,4,4.9,6.025384897074604
10,422,66,5,5.45,5.844250435932288
11,647,66,0,26.15,35.13024637725041
11,647,66,1,10.1,12.993520652516331
11,647,66,2,8.65,13.639242917714348
11,647,66,3,7.2,10.69972946042636
11,647,66,4,8.95,17.33106429143012
11,647,66,5,12.15,21.246114195801844
11,647,66,0,24.55,22.41116967754672
11,647,66,1,9.15,14.543130047515472
11,647,66,2,14.2,24.397152551713468
11,647,66,3,5.85,5.677981479734724
11,647,66,4,7.2,8.121446591392576
11,647,66,5,8.7,9.900026581569842
10,552,66,0,34.3,17.835800780275726
10,552,66,1,21.35,39.83026487484109
10,552,66,2,10.2,11.714139005133026
10,552,66,3,9.3,10.0530173527522
10,552,66,4,7.15,7.8222018706540135
10,552,66,5,6.2,6.794734803701434
11,647,66,0,28.9,28.12734200775204
11,647,66,1,11.8,15.157419583195969
11,647,66,2,12.5,18.520259177452132
11,647,66,3,7.6,8.726245952358473
11,647,66,4,5.8,6.74809914755727
11,647,66,5,16.8,26.114323555030907
11,445,66,0,25.95,29.493041106067896
11,445,66,1,12.25,24.57828523846116
11,445,66,2,4.9,4.166280683876459
11,445,66,3,5.95,8.870263747339672
11,445,66,4,4.4,5.761944116355173
11,445,66,5,7.45,12.918672736127263
11,647,66,0,45.25,49.33865251077442
11,647,66,1,14.15,20.171044906786037
11,647,66,2,10.6,13.674409445537693
11,647,66,3,7.65,7.801990299377393
11,647,66,4,9.95,14.218131493198912
11,647,66,5,19.1,33.51810194349819
6,130,35,0,83.9,40.808796781292656
6,130,35,1,35.0,36.641937434412064
6,130,35,2,20.3,17.909421219599828
6,130,35,3,12.2,12.28863402969547
10,552,66,0,33.85,21.359762959457452
10,552,66,1,10.45,11.962551215311363
10,552,66,2,6.7,6.465291950097845
10,552,66,3,7.1,7.15909432672509
10,552,66,4,6.65,9.631499855873136
10,552,66,5,5.4,6.150738081512529
11,647,66,0,33.2,39.27715286069123
11,647,66,1,11.0,16.73320053068151
11,647,66,2,8.65,11.672166623391327
11,647,66,3,12.85,33.96945222123145
11,647,66,4,5.15,6.722115894959202
11,647,66,5,6.7,6.0445712920986505
11,445,66,0,41.8,42.945007675054924
11,445,66,1,15.75,20.198684167669516
11,445,66,2,5.75,5.542894930496727
11,445,66,3,4.25,4.76693656455866
11,445,66,4,5.15,7.139770009564291
11,445,66,5,3.9,4.887147483585469
11,445,66,0,26.0,29.848741488060305
11,445,66,1,14.3,27.83995614031633
11,445,66,2,12.95,26.535924011759885
11,445,66,3,9.1,15.471195646647422
11,445,66,4,4.55,4.50116943868918
11,445,66,5,7.95,16.073760900103128
10,260,66,0,44.15,28.29966523886067
10,260,66,1,15.5,17.848779996639013
10,260,66,2,10.05,8.562310312920038
10,260,66,3,8.0,8.111071056538126
10,260,66,4,9.05,11.170803109233603
10,260,66,5,6.55,7.715159376871376
11,445,66,0,44.3,41.19031567326424
11,445,66,1,17.95,22.44402393792868
11,445,66,2,15.85,27.19573302444415
11,445,66,3,9.8,9.265669515957677
11,445,66,4,12.4,22.464943449973923
11,445,66,5,21.65,44.5306222254919
11,654,66,0,29.1,31.798543495277464
11,654,66,1,17.3,31.589638541108613
11,654,66,2,3.75,2.788604631258021
11,654,66,3,9.55,23.372216974771337
11,654,66,4,5.5,6.411338640088724
11,654,66,5,13.2,26.898640153458743
6,130,35,0,84.75,51.564854411956944
6,130,35,1,31.55,32.99996012756762
6,130,35,2,13.3,9.630543516388503
6,130,35,3,12.05,16.461997704441966
11,445,66,0,35.75,41.705578321825186
11,445,66,1,17.75,32.510524611674846
11,445,66,2,6.35,4.344082484435459
11,445,66,3,7.2,8.023649255072225
11,445,66,4,6.15,8.393449827097319
11,445,66,5,5.15,4.233637231805096
10,260,66,0,42.55,29.546528872628215
10,260,66,1,13.9,16.80507442160818
10,260,66,2,11.45,13.922624525721094
10,260,66,3,8.0,9.318911162960932
10,260,66,4,5.0,4.180153610876796
10,260,66,5,4.3,3.8946657177005033
11,445,66,0,44.7,40.46844124552001
11,445,66,1,12.5,16.630662866176472
11,445,66,2,11.35,18.91052338611605
11,445,66,3,11.45,21.746082526817514
11,445,66,4,3.95,3.5165024489802663
11,445,66,5,12.4,29.193366225547674
11,654,66,0,28.45,47.91272218699769
11,654,66,1,16.7,28.01522142655573
11,654,66,2,5.8,8.476593158748823
11,654,66,3,8.95,9.746659346722478
11,654,66,4,10.2,10.54613922872152
11,654,66,5,19.65,24.43740661578604
10,780,66,0,36.45,19.602564279088323
10,780,66,1,11.3,13.59992260039895
10,780,66,2,4.85,3.572924498738283
10,780,66,3,6.4,6.746539073753609
10,780,66,4,4.35,2.8520537383288884
10,780,66,5,3.6,3.1522757026096495
11,654,66,0,21.75,21.739788891629825
11,654,66,1,16.1,22.973440042109953
11,654,66,2,11.95,14.369100620135521
11,654,66,3,6.45,7.38757847941216
11,654,66,4,4.0,2.2941573387056176
11,654,66,5,10.2,26.015380066414558
11,654,66,0,43.05,35.95973625569224
11,654,66,1,19.7,23.32403323432269
11,654,66,2,10.0,10.528157733580832
11,654,66,3,5.2,3.8879029660839284
11,654,66,4,5.1,6.0428295916469645
11,654,66,5,14.6,18.117743556495864
6,747,35,0,71.6,50.95860032779963
6,747,35,1,17.55,24.147518124621985
6,747,35,2,8.25,8.116746820455127
6,747,35,3,11.15,20.08999489140906
11,471,66,0,37.3,32.582042196342
11,471,66,1,5.45,4.806519695054559
11,471,66,2,9.1,16.7171516082955
11,471,66,3,7.85,19.990194964953243
11,471,66,4,6.35,13.429249302999226
11,471,66,5,8.85,10.240656845709601
10,780,66,0,43.8,20.164063917876536
10,780,66,1,14.8,15.347209586933488
10,780,66,2,16.25,15.464305249254016
10,780,66,3,11.85,16.043608335441647
10,780,66,4,8.65,9.30916356692638
10,780,66,5,8.8,8.691193364852904
11,654,66,0,34.4,31.69990868324885
11,654,66,1,10.1,12.834575013979766
11,654,66,2,10.95,14.3214046650092
11,654,66,3,5.0,3.448874721138079
11,654,66,4,4.95,4.65069321375008
11,654,66,5,24.85,40.24042874104546
11,654,66,0,35.85,35.209560603545405
11,654,66,1,18.1,36.372198752691084
11,654,66,2,7.9,8.638347795242963
11,654,66,3,17.05,34.22291476097327
11,654,66,4,9.55,20.615464302825018
11,654,66,5,9.9,11.598094217313644
11,471,66,0,31.35,27.89694380544597
11,471,66,1,8.6,9.615776510232381
11,471,66,2,11.1,14.018408949438028
11,471,66,3,14.9,20.38549535951068
11,471,66,4,10.55,22.979338545745826
11,471,66,5,20.25,31.89435686763412
6,747,35,0,64.25,51.27108038856336
6,747,35,1,15.1,15.771059437763643
6,747,35,2,13.8,9.741933235138431
6,747,35,3,15.5,16.365882355166736
11,471,66,0,27.4,40.4675308442655
11,471,66,1,6.6,8.481558943099031
11,471,66,2,7.4,13.850327755954673
11,471,66,3,6.3,7.54006840678169
11,471,66,4,3.5,3.7766596212442605
11,471,66,5,10.95,30.648216226963957
10,422,66,0,36.4,19.736154373982895
10,422,66,1,13.05,9.052333226417666
10,422,66,2,12.15,11.802207643621507
10,422,66,3,8.35,6.011173806031214
10,422,66,4,7.35,7.8891998126686165
10,422,66,5,6.45,5.871205381485045
11,471,66,0,41.05,41.569820783833066
11,471,66,1,11.4,14.510975882160082
11,471,66,2,8.55,16.928565083593874
11,471,66,3,4.6,4.592900700222601
11,471,66,4,5.1,4.632834757978839
11,471,66,5,4.35,3.4984959174208745
11,471,66,0,23.25,22.275488062465715
11,471,66,1,19.5,30.99830216063624
11,471,66,2,6.35,5.659412281184421
11,471,66,3,7.75,9.36890152523089
11,471,66,4,6.4,7.7282802608001795
11,471,66,5,21.55,32.59879720093011
11,560,66,0,41.4,46.93713601022228
11,560,66,1,18.65,30.39784445266508
11,560,66,2,12.45,19.45703769306812
11,560,66,3,12.0,19.216221217886122
11,560,66,4,9.65,14.751538724378623
11,560,66,5,19.6,31.853942993144923
10,422,66,0,46.0,27.920941018676665
10,422,66,1,12.75,13.878703867891684
10,422,66,2,12.8,13.000404851995553
10,422,66,3,8.55,11.997697147457309
10,422,66,4,6.6,7.910020294072043
10,422,66,5,7.55,8.623560139158549
11,471,66,0,41.5,46.09087134186804
11,471,66,1,16.2,23.60998896542242
11,471,66,2,7.95,9.981430126410796
11,471,66,3,12.35,16.355507683314123
11,471,66,4,4.85,3.869924519867756
11,471,66,5,17.95,21.53204466297664
6,747,35,0,76.55,64.52292534236837
6,747,35,1,28.35,34.2948131723489
6,747,35,2,19.3,23.987057913975637
6,747,35,3,14.55,10.590338198466315
11,560,66,0,20.35,21.448285417916768
11,560,66,1,9.65,11.113173785150098
11,560,66,2,7.65,10.84956947969535
11,560,66,3,9.65,21.46790750472852
11,560,66,4,7.7,13.669404946044557
11,560,66,5,13.4,18.32283591012793
11,560,66,0,37.5,37.24951430273251
11,560,66,1,9.25,9.678380682303159
11,560,66,2,6.8,9.15135882921507
11,560,66,3,5.6,6.483988376235564
11,560,66,4,7.8,11.542142462800351
11,560,66,5,18.05,37.71845143888291
11,647,66,0,41.8,28.352294996683202
11,647,66,1,11.6,11.109029044691056
11,647,66,2,11.05,12.926818308421737
11,647,66,3,5.6,5.852574782003846
11,647,66,4,5.55,8.605230967266364
11,647,66,5,17.2,28.666136266003008
11,560,66,0,38.15,37.957420743165414
11,560,66,1,19.85,35.3304326846447
11,560,66,2,14.35,21.83978744835841
11,560,66,3,4.75,6.094648213154329
11,560,66,4,3.45,2.9995613714429363
11,560,66,5,16.65,26.75084848629744
12,227,66,0,35.7,38.08176798195665
12,227,66,1,13.95,23.495744295510196
12,227,66,2,6.85,14.426857264363429
12,227,66,3,5.75,6.389753310451121
12,227,66,4,11.8,27.229241248102536
12,227,66,5,4.0,2.635786110641877
12,227,66,6,4.05,3.3162280411715703
11,560,66,0,29.75,44.84813555943987
11,560,66,1,10.0,22.911729930781142
11,560,66,2,9.2,19.02519105651352
11,560,66,3,6.2,5.890223836332985
11,560,66,4,3.8,3.518372829650242
11,560,66,5,10.85,16.734065476399362
11,647,66,0,31.7,19.399131830818455
11,647,66,1,8.4,9.444575162494075
11,647,66,2,6.05,4.999736835179691
11,647,66,3,4.8,4.583724066279457
11,647,66,4,4.5,4.382981441415132
11,647,66,5,7.7,10.882627391736264
6,747,35,0,82.5,73.71459899682802
6,747,35,1,20.8,29.997543759097134
6,747,35,2,15.15,19.25527952208651
6,747,35,3,12.65,17.676255259528247
11,560,66,0,32.65,36.99967994171671
11,560,66,1,20.0,23.58857885993938
11,560,66,2,10.9,13.57203006185884
11,560,66,3,10.9,28.00732986765767
11,560,66,4,8.1,11.579928188123848
11,560,66,5,23.5,53.59349921300844
11,445,66,0,39.6,16.859793343304876
11,445,66,1,12.8,13.332192933686963
11,445,66,2,5.5,4.135850959342555
11,445,66,3,5.05,6.684428094262696
11,445,66,4,6.55,6.443887352408196
11,445,66,5,12.85,22.646656544213737
12,227,66,0,45.65,33.30445679042466
12,227,66,1,15.45,21.42422386974736
12,227,66,2,15.7,19.208276724809078
12,227,66,3,8.8,9.145605789840163
12,227,66,4,8.25,9.318205158098905
12,227,66,5,6.85,6.4094913173643056
12,227,66,6,4.5,3.831998241951031
12,227,66,0,42.2,39.63066330108809
12,227,66,1,15.3,27.72819199982118
12,227,66,2,6.2,5.961278562964757
12,227,66,3,11.05,20.80605934008547
12,227,66,4,8.9,14.403581425976556
12,227,66,5,9.3,14.030418082828016
12,227,66,6,17.85,59.09250108271376
12,227,66,0,27.9,28.780292965115816
12,227,66,1,10.7,15.5904829269249
12,227,66,2,5.5,5.8444755741505245
12,227,66,3,5.7,5.506933428821678
12,227,66,4,7.9,10.310444372474677
12,227,66,5,4.25,2.6925824035672523
12,227,66,6,6.5,9.517297272252298
12,97,66,0,32.85,28.26989285627491
12,97,66,1,20.25,28.35466173498219
12,97,66,2,10.15,13.148043680775437
12,97,66,3,6.25,5.856844848461274
12,97,66,4,5.25,5.485627153130069
12,97,66,5,4.95,4.2236801114916975
12,97,66,6,10.6,22.02247655655945
6,1332,35,0,85.15,60.76293451213754
6,1332,35,1,20.9,27.81688241641074
6,1332,35,2,18.05,19.757676722572526
6,1332,35,3,11.45,15.524089938577806
12,227,66,0,29.9,28.84787687161743
12,227,66,1,17.7,25.94346079255304
12,227,66,2,18.3,36.94248730690792
12,227,66,3,6.3,5.894689849436747
12,227,66,4,6.65,8.79159287405632
12,227,66,5,4.15,4.05585995813465
12,227,66,6,2.95,1.9049796241485242
12,227,66,0,21.45,21.077488615007944
12,227,66,1,9.3,13.917425654269014
12,227,66,2,17.55,29.942884226297803
12,227,66,3,5.35,4.183614654691248
12,227,66,4,4.3,3.599707590463718
12,227,66,5,4.3,3.7710810958634857
12,227,66,6,3.55,2.3277502126799563
11,445,66,0,54.95,34.449772743884154
11,445,66,1,16.15,13.970928462534733
11,445,66,2,9.05,8.363297007885423
11,445,66,3,6.45,6.9013728611357505
11,445,66,4,9.3,10.193393113085296
11,445,66,5,16.3,17.82104019647031
12,97,66,0,36.25,35.10416829350821
12,97,66,1,9.35,11.485803594460698
12,97,66,2,11.45,17.611225487111756
12,97,66,3,20.55,56.587589303290656
12,97,66,4,5.85,5.402484808425023
12,97,66,5,4.5,7.301766188648073
12,97,66,6,5.55,6.62908265464425
12,97,66,0,28.8,42.14336434000894
12,97,66,1,16.95,24.31693150656013
12,97,66,2,10.75,14.238106763559765
12,97,66,3,10.05,12.29238103781962
12,97,66,4,13.2,26.639108567351833
12,97,66,5,8.5,13.236711310434684
12,97,66,6,5.05,3.5611204623500763
12,97,66,0,45.55,53.040674561083186
12,97,66,1,16.85,27.425065369590566
12,97,66,2,13.25,19.169259931353363
12,97,66,3,7.75,5.8747900298425
12,97,66,4,9.5,15.274678048118862
12,97,66,5,5.35,6.002411795971771
12,97,66,6,8.15,8.664962720483476
11,654,66,0,48.85,35.30957079141127
11,654,66,1,14.0,13.436008179123503
11,654,66,2,10.1,12.985416921746445
11,654,66,3,8.65,9.421559821690046
11,654,66,4,5.45,4.418561328139095
11,654,66,5,22.65,46.062057681944005
6,1332,35,0,74.05,45.01166515471295
6,1332,35,1,30.55,28.327920019506884
6,1332,35,2,18.65,19.326216173347213
6,1332,35,3,17.3,19.18908681077812
12,97,66,0,25.75,23.300948704426517
12,97,66,1,6.05,6.652858507122294
12,97,66,2,6.85,8.610122561631501
12,97,66,3,6.4,8.74432146565626
12,97,66,4,4.6,5.852574782003846
12,97,66,5,4.4,5.344943503221674
12,97,66,6,4.5,6.909185343096764
12,97,66,0,37.55,39.736599859840204
12,97,66,1,11.9,16.80507442160818
12,97,66,2,6.0,4.588314677411235
12,97,66,3,6.25,7.580272179532175
12,97,66,4,4.35,3.9904491239115325
12,97,66,5,5.15,6.507283368818763
12,97,66,6,3.45,2.762054917705485
12,195,66,0,43.05,49.53624404094653
12,195,66,1,10.25,12.50631419471149
12,195,66,2,12.8,19.57334385008561
12,195,66,3,10.35,15.05524912832031
12,195,66,4,7.0,11.327655956714267
12,195,66,5,6.2,5.540283101259832
12,195,66,6,7.1,9.86167488710449
11,654,66,0,42.25,36.60439289139172
11,654,66,1,16.3,18.353545477071926
11,654,66,2,8.65,10.116557558878675
11,654,66,3,7.65,8.171033562144032
11,654,66,4,10.25,12.164984262433846
11,654,66,5,16.8,28.816296558864416
12,195,66,0,27.55,29.75067447267284
12,195,66,1,13.55,12.588528612652828
12,195,66,2,19.3,32.823451180039264
12,195,66,3,6.1,4.529435889123966
12,195,66,4,10.15,16.868765905006057
12,195,66,5,7.8,9.633275663033837
12,195,66,6,6.35,5.659412281184422
12,195,66,0,31.35,33.67690915933818
12,195,66,1,9.5,10.595430991457441
12,195,66,2,10.2,15.167832999302728
12,195,66,3,6.65,6.830851068189781
12,195,66,4,8.55,13.00799349388068
12,195,66,5,6.95,8.407233727414054
12,195,66,6,9.8,16.080717449299662
12,195,66,0,50.0,40.62926091015271
12,195,66,1,21.1,29.131101122882036
12,195,66,2,13.2,17.352688249193097
12,195,66,3,11.05,11.523317322076275
12,195,66,4,11.05,18.684288361587317
12,195,66,5,9.0,15.217718205053641
12,195,66,6,6.7,6.432646995477137
7,777,35,0,73.75,62.2734842618049
7,777,35,1,28.3,29.48523269991982
7,777,35,2,17.65,20.782773737172963
7,777,35,3,25.1,40.635607926779535
11,471,66,0,52.15,37.35079087445631
11,471,66,1,13.0,12.2173302277845
11,471,66,2,12.05,11.825374145633216
11,471,66,3,7.45,6.500809666171552
11,471,66,4,5.55,4.925497570376975
11,471,66,5,8.25,10.351074187836993
12,682,66,0,22.35,22.34248961296084
12,682,66,1,11.3,17.900602753744593
12,682,66,2,5.0,5.10933098926804
12,682,66,3,4.7,4.669047011971501
12,682,66,4,6.0,7.947194142390264
12,682,66,5,7.0,17.723015069617663
12,682,66,6,3.05,2.3277502126799554
12,195,66,0,39.45,40.54948244202125
12,195,66,1,11.8,14.351233213102004
12,195,66,2,6.7,5.956862473342472
12,195,66,3,6.65,9.587683985745793
12,195,66,4,8.4,17.771650991040996
12,195,66,5,5.5,7.54983443527075
12,195,66,6,5.5,6.2786186881812585
12,195,66,0,24.25,19.76673175339126
12,195,66,1,12.8,28.218321782319485
12,195,66,2,8.65,10.230372735916783
12,195,66,3,13.3,30.440796725170614
12,195,66,4,5.55,7.185328619375809
12,195,66,5,7.55,14.75225228120849
12,195,66,6,8.9,10.067665803791963
12,682,66,0,11.8,11.057743178900761
12,682,66,1,8.5,21.731616550425713
12,682,66,2,3.7,3.5108853284426256
12,682,66,3,5.95,15.080398570748441
12,682,66,4,5.0,9.706210708396426
12,682,66,5,5.15,7.005824644349044
12,682,66,6,4.3,6.1052177856753245
12,682,66,0,29.15,24.14708220359902
12,682,66,1,7.45,9.02321567140183
12,682,66,2,6.1,7.531687446347841
12,682,66,3,5.3,5.202226244093661
12,682,66,4,5.1,5.552619106995222
12,682,66,5,8.6,20.415164642207053
12,682,66,6,5.45,6.78601503092942
11,471,66,0,34.05,22.65873829348474
11,471,66,1,12.5,12.841134562105688
11,471,66,2,6.85,5.412218146301745
11,471,66,3,5.2,4.719500419591709
11,471,66,4,6.75,8.440971508067067
11,471,66,5,16.65,13.872634933566152
12,1592,66,0,25.45,22.511926663554657
12,1592,66,1,15.5,23.873570500054083
12,1592,66,2,9.35,9.788688423513722
12,1592,66,3,6.75,7.404657140504282
12,1592,66,4,5.65,4.5453851669346435
12,1592,66,5,4.35,3.8835008622850107
12,1592,66,6,14.35,31.364201853303022
12,682,66,0,39.75,44.89856989868796
12,682,66,1,11.7,12.574410104401885
12,682,66,2,8.15,8.851256229604093
12,682,66,3,13.5,24.388306084765514
12,682,66,4,16.95,28.54078337729141
12,682,66,5,5.75,9.408143169336702
12,682,66,6,5.7,4.953467684891379
7,777,35,0,81.15,76.99506135905217
7,777,35,1,17.2,19.495208588131003
7,777,35,2,21.6,31.38454195434769
7,777,35,3,14.9,26.578384569341107
12,682,66,0,37.1,34.16816000159705
12,682,66,1,14.8,28.13800576482016
12,682,66,2,7.85,7.278483069257885
12,682,66,3,6.2,12.150806774167625
12,682,66,4,6.6,8.653566347253356
12,682,66,5,11.65,23.272470748436707
12,682,66,6,5.05,5.020746432239145
12,1592,66,0,30.15,30.019774184781323
12,1592,66,1,8.25,10.135269321065243
12,1592,66,2,6.3,7.63716673835747
12,1592,66,3,8.45,12.609415863593865
12,1592,66,4,4.2,3.221637373824225
12,1592,66,5,3.9,4.115439478994091
12,1592,66,6,4.0,4.116718161479194
12,682,66,0,29.65,31.396069147183645
12,682,66,1,7.6,9.869677113046276
12,682,66,2,6.2,7.857949377608169
12,682,66,3,4.15,3.856300381399114
12,682,66,4,6.3,7.807553697339653
12,682,66,5,5.65,8.286164753116454
12,682,66,6,11.85,32.938978669495405
11,560,66,0,53.55,37.03977236487969
11,560,66,1,10.1,7.663309715095279
11,560,66,2,10.25,10.789249034888485
11,560,66,3,6.55,5.325954325159409
11,560,66,4,6.25,4.755882783735484
11,560,66,5,28.5,49.00751822022069
12,1592,66,0,29.35,33.46211526330541
12,1592,66,1,12.65,16.689974929816245
12,1592,66,2,12.95,19.019311515570582
12,1592,66,3,6.95,6.194012388886884
12,1592,66,4,10.4,13.240289391017656
12,1592,66,5,8.7,11.630721568781807
12,1592,66,6,8.0,7.739169002037961
7,1576,35,0,60.65,41.7779531382409
7,1576,35,1,15.3,14.422570031578612
7,1576,35,2,14.9,16.153539615367993
7,1576,35,3,26.5,38.839074193529974
13,1380,66,0,27.35,22.012615999873685
13,1380,66,1,15.7,21.901934545653845
13,1380,66,2,13.6,16.806640291704255
13,1380,66,3,6.75,4.050665962140313
13,1380,66,4,12.15,17.88935290524565
13,1380,66,5,9.9,12.657013865837392
13,1380,66,6,11.0,14.527650587033932
12,1592,66,0,29.3,28.80624932197873
12,1592,66,1,22.55,31.854066913776776
12,1592,66,2,12.0,13.062602303804875
12,1592,66,3,10.2,11.052982450571049
12,1592,66,4,7.45,6.176994670379337
12,1592,66,5,9.2,13.48527462007902
12,1592,66,6,5.4,6.0558801350857605
11,560,66,0,43.8,32.923515831952734
11,560,66,1,16.05,12.240893500239698
11,560,66,2,7.15,6.401274544141478
11,560,66,3,6.5,7.000000000000001
11,560,66,4,7.25,6.364994728571018
11,560,66,5,19.5,25.518826899287305
12,1592,66,0,32.3,28.545623685233213
12,1592,66,1,10.2,15.490574383696755
12,1592,66,2,14.3,28.10150773254178
12,1592,66,3,6.35,7.562198232343764
12,1592,66,4,5.65,5.593934685278144
12,1592,66,5,4.95,4.639362478889348
12,1592,66,6,4.55,5.844250435932288
13,1380,66,0,31.05,32.84809535454153
13,1380,66,1,6.75,6.889160058801761
13,1380,66,2,5.85,7.569154857918941
13,1380,66,3,5.9,6.5526210103486955
13,1380,66,4,10.45,25.982737184117983
13,1380,66,5,15.3,34.87888820053276
13,1380,66,6,9.4,10.6691882984306
12,227,66,0,37.1,22.50590565770869
12,227,66,1,11.1,10.83318488427305
12,227,66,2,7.0,7.405545574983513
12,227,66,3,5.85,5.392733902888999
12,227,66,4,5.55,5.14500268528394
12,227,66,5,4.5,3.7626978003610794
12,227,66,6,3.9,3.0418138632972544
12,1592,66,0,27.2,33.87220565285753
12,1592,66,1,23.85,41.20203750710446
12,1592,66,2,7.2,7.097812858086711
12,1592,66,3,10.8,24.45748190334875
12,1592,66,4,6.8,6.794734803701435
12,1592,66,5,7.35,8.743569065318807
12,1592,66,6,15.7,36.98093392120067
13,1380,66,0,36.6,35.988887173681825
13,1380,66,1,16.15,20.83841341571403
13,1380,66,2,9.9,14.010898013970936
13,1380,66,3,5.2,4.8839155990810665
13,1380,66,4,5.25,4.961695380878553
13,1380,66,5,6.55,9.965598722341616
13,1380,66,6,13.05,20.75033290791918
13,1380,66,0,32.6,39.300997710651465
13,1380,66,1,5.55,7.323178774850513
13,1380,66,2,5.0,10.177374286544692
13,1380,66,3,5.85,11.013269508332113
13,1380,66,4,3.5,4.501461750891242
13,1380,66,5,3.5,4.52478554304249
13,1380,66,6,10.15,23.346982223563035
12,227,66,0,40.65,27.011254964122678
12,227,66,1,12.85,14.535890246667313
12,227,66,2,9.6,7.707822410758403
12,227,66,3,6.8,6.296197682979617
12,227,66,4,5.8,5.001052520798944
12,227,66,5,6.8,7.43816615769463
12,227,66,6,5.95,6.5892655928131765
13,532,66,0,22.6,28.17314884405848
13,532,66,1,9.65,11.649599044376457
13,532,66,2,9.45,13.315898688963385
13,532,66,3,8.85,11.36140743690536
13,532,66,4,19.65,30.325037423502746
13,532,66,5,8.0,7.0710678118654755
13,532,66,6,14.05,27.18256987967028
7,1576,35,0,91.15,64.80438175568719
7,1576,35,1,17.3,15.532986970010834
7,1576,35,2,24.55,28.63467717370156
7,1576,35,3,34.6,49.925628899921044
13,1380,66,0,35.45,34.32886617165762
13,1380,66,1,13.45,18.72368328586749
13,1380,66,2,6.7,5.795642646351699
13,1380,66,3,13.8,24.37125139866318
13,1380,66,4,7.75,9.267231460763696
13,1380,66,5,6.15,5.833433583098469
13,1380,66,6,9.55,8.970565903641695
13,1380,66,0,24.4,22.366328075456355
13,1380,66,1,10.0,14.977175617374733
13,1380,66,2,6.4,7.074044477041255
13,1380,66,3,11.2,16.3404567352259
13,1380,66,4,11.8,22.210950357638318
13,1380,66,5,6.5,6.597447672355855
13,1380,66,6,7.55,16.46839077556888
12,97,66,0,33.75,29.666346341657206
12,97,66,1,11.6,9.991575398673044
12,97,66,2,8.25,10.492478509063428
12,97,66,3,7.15,10.266322049354025
12,97,66,4,6.85,7.8222018706540135
12,97,66,5,6.85,6.627494565107264
12,97,66,6,6.25,6.950009466104875
13,532,66,0,41.3,52.54281462218266
13,532,66,1,6.6,8.970125857240625
13,532,66,2,5.9,8.207185555160923
13,532,66,3,4.2,5.56870957366152
13,532,66,4,5.15,4.659737964171037
13,532,66,5,7.8,12.647446174498711
13,532,66,6,6.5,11.357816691600547
13,532,66,0,38.4,34.19664495700988
13,532,66,1,13.8,29.73673963652583
13,532,66,2,6.85,7.4852486510750635
13,532,66,3,4.6,4.172592277684158
13,532,66,4,5.15,5.914077763225107
13,532,66,5,5.1,4.16628068387646
13,532,66,6,8.6,13.507892429788477
13,532,66,0,41.55,47.46574942441184
13,532,66,1,15.15,16.45176362326512
13,532,66,2,12.75,22.784747899463476
13,532,66,3,12.1,18.037679860138393
13,532,66,4,6.55,5.345681976088148
13,532,66,5,4.15,5.842449017861926
13,532,66,6,12.45,25.90158499519205
7,1550,35,0,81.2,55.38439833515724
7,1550,35,1,14.95,16.586218121649896
7,1550,35,2,11.35,8.986978884680003
7,1550,35,3,22.2,26.474615448725498
13,995,66,0,28.25,26.47317410830105
13,995,66,1,17.3,24.248928353966274
13,995,66,2,9.95,12.53825724480249
13,995,66,3,4.7,4.813358604200562
13,995,66,4,3.8,2.76443579472519
13,995,66,5,3.35,2.7582412397834433
13,995,66,6,6.75,12.311205849699867
12,97,66,0,35.2,26.2890811835196
12,97,66,1,14.8,18.39507943359911
12,97,66,2,8.65,6.26834150817885
12,97,66,3,6.9,4.789242331023056
12,97,66,4,6.0,6.6728041923522445
12,97,66,5,5.1,6.827961088903403
12,97,66,6,7.3,10.756148792300396
13,532,66,0,26.2,34.15229051423083
13,532,66,1,8.8,18.794176029599676
13,532,66,2,5.35,7.534307497951236
13,532,66,3,10.1,18.133713876295953
13,532,66,4,4.1,3.1772215601221867
13,532,66,5,4.75,5.627704028427486
13,532,66,6,5.05,5.529585498884494
13,532,66,0,21.95,22.99536566583065
13,532,66,1,9.5,20.725016665601835
13,532,66,2,5.2,7.944544636018115
13,532,66,3,9.15,22.637358503146963
13,532,66,4,4.1,3.2265347225451446
13,532,66,5,3.35,2.6611236249690506
13,532,66,6,10.3,16.409560756172795
13,995,66,0,23.1,18.12790811515711
13,995,66,1,8.35,9.15524008711031
13,995,66,2,5.9,5.418292603472251
13,995,66,3,4.1,3.059067625411721
13,995,66,4,4.35,3.9239480655396846
13,995,66,5,3.3,3.010507913083246
13,995,66,6,7.5,10.738518960903512
12,195,66,0,48.05,29.475190281069658
12,195,66,1,21.05,23.985686521230466
12,195,66,2,14.25,16.396004006111397
12,195,66,3,8.85,9.538150543447806
12,195,66,4,8.05,11.090417865033428
12,195,66,5,6.7,6.522027453580915
12,195,66,6,6.15,5.37317900609862
13,995,66,0,25.55,22.78151374296828
13,995,66,1,15.15,26.89213346139096
13,995,66,2,12.2,25.521095505277074
13,995,66,3,5.3,4.280924641882135
13,995,66,4,7.6,11.222158531461902
13,995,66,5,4.15,4.132986686086518
13,995,66,6,13.6,20.38162226899001
13,818,66,0,30.6,33.24771460289849
13,818,66,1,7.55,7.089465869569405
13,818,66,2,10.15,22.82259960284058
13,818,66,3,7.8,11.914608459233653
13,818,66,4,9.85,14.452371868713417
13,818,66,5,6.8,11.619403010300891
13,818,66,6,12.4,19.940437623873226
13,995,66,0,47.15,31.097935284313785
13,995,66,1,15.85,18.123189564753773
13,995,66,2,10.45,15.929036710558357
13,995,66,3,7.85,12.192642302462147
13,995,66,4,4.95,4.828370107472795
13,995,66,5,4.6,4.581427035783777
13,995,66,6,9.1,12.16941809792503
7,1550,35,0,81.25,55.55829086833509
7,1550,35,1,26.55,39.46547458488909
7,1550,35,2,14.4,14.427313277982586
7,1550,35,3,29.05,47.25905649769821
12,195,66,0,36.65,19.388751486635915
12,195,66,1,15.65,14.068535254621438
12,195,66,2,11.3,12.494630425654222
12,195,66,3,10.6,11.170449738861057
12,195,66,4,7.85,8.099870044441584
12,195,66,5,4.8,3.6935220675065543
12,195,66,6,6.5,9.665456669582609
13,995,66,0,27.45,27.275350352325543
13,995,66,1,10.15,13.538541474736409
13,995,66,2,6.35,6.838551708781927
13,995,66,3,6.7,7.255487941080041
13,995,66,4,9.7,23.528482179779694
13,995,66,5,3.55,3.2521248114845904
13,995,66,6,9.1,13.802745722271501
13,818,66,0,23.3,33.58586795537357
13,818,66,1,11.9,14.682248501255913
13,818,66,2,12.4,25.50624278588737
13,818,66,3,4.75,3.9319875782852463
13,818,66,4,8.7,10.280794562780898
13,818,66,5,4.45,3.9266297320515946
13,818,66,6,13.9,39.29898887141741
13,995,66,0,36.45,36.3469755492661
13,995,66,1,11.2,20.1536205445233
13,995,66,2,8.05,11.736021920834835
13,995,66,3,6.65,8.622339406570891
13,995,66,4,6.55,8.425993616248034
13,995,66,5,6.5,8.463544112685206
13,995,66,6,28.05,49.01500844263499
12,682,66,0,27.55,24.811871097690744
12,682,66,1,12.85,19.167612486197978
12,682,66,2,8.8,10.914018026083896
12,682,66,3,6.75,10.472394789711613
12,682,66,4,5.25,5.946029192485918
12,682,66,5,5.15,7.169195800161454
12,682,66,6,4.55,5.4141627140987225
13,818,66,0,28.15,27.10073799733136
13,818,66,1,13.8,32.84669333674083
13,818,66,2,10.85,16.623619847737896
13,818,66,3,5.1,7.297440070253908
13,818,66,4,10.4,23.088844424139232
13,818,66,5,6.0,10.141109666262263
13,818,66,6,10.15,16.693128116557105
13,818,66,0,16.65,19.561710720583452
13,818,66,1,11.85,16.95590255866515
13,818,66,2,15.75,34.557160884844876
13,818,66,3,10.9,16.244513243748358
13,818,66,4,16.3,28.170720148484143
13,818,66,5,5.9,6.711341539748807
13,818,66,6,6.9,11.831714739808872
13,513,66,0,34.55,49.03218599203889
13,513,66,1,25.1,45.82908752264106
13,513,66,2,12.2,24.106343345138104
13,513,66,3,9.45,14.514874403430724
13,513,66,4,5.25,5.169495547007108
13,513,66,5,5.95,7.6052267345694915
13,513,66,6,8.7,15.765051287746044
7,1948,35,0,78.0,49.58140568271219
7,1948,35,1,18.65,20.721905520995232
7,1948,35,2,15.25,15.969955343838961
7,1948,35,3,40.6,64.59623583623528
12,682,66,0,41.0,28.170533317074796
12,682,66,1,14.35,11.904333576254356
12,682,66,2,6.6,5.471457036773948
12,682,66,3,6.45,5.124502543251341
12,682,66,4,7.65,8.749586456392938
12,682,66,5,7.55,8.127115109311545
12,682,66,6,5.55,6.134243830206055
13,818,66,0,28.4,36.16395413871896
13,818,66,1,14.0,18.005847003564966
13,818,66,2,12.05,21.12487932073908
13,818,66,3,9.35,16.232764138585498
13,818,66,4,5.65,9.943392410620179
13,818,66,5,3.85,3.483419372730735
13,818,66,6,7.7,15.671294575886527
13,818,66,0,24.85,25.719693458106132
13,818,66,1,5.85,7.902531240052141
13,818,66,2,13.95,19.650833650456022
13,818,66,3,13.65,23.809054005390028
13,818,66,4,10.65,19.46731403633983
13,818,66,5,5.1,5.379297547567262
13,818,66,6,8.95,13.55485929570336
13,513,66,0,48.8,36.681559973715174
13,513,66,1,11.75,10.622097126670472
13,513,66,2,8.55,8.792790108647928
13,513,66,3,7.4,12.950919495907373
13,513,66,4,12.0,19.931461509250564
13,513,66,5,4.3,3.010507913083246
13,513,66,6,9.25,14.186260959111108
12,1592,66,0,33.35,21.317832910500073
12,1592,66,1,14.0,14.018784390576583
12,1592,66,2,7.25,8.21343571934361
12,1592,66,3,6.35,7.005824644349045
12,1592,66,4,4.65,4.591468060149
12,1592,66,5,3.9,3.754295785111405
12,1592,66,6,3.7,3.908156113888788
13,513,66,0,34.85,40.637388799245606
13,513,66,1,9.6,16.962497333514122
13,513,66,2,6.2,10.415575381433124
13,513,66,3,4.1,5.748226271047261
13,513,66,4,4.15,4.05585995813465
13,513,66,5,8.8,19.58678394385249
13,513,66,6,10.05,19.492171167987042
13,513,66,0,39.5,62.39475349064131
13,513,66,1,5.25,4.140620345081793
13,513,66,2,20.25,44.35725182508136
13,513,66,3,6.0,6.996239591455729
13,513,66,4,6.35,10.027724724876263
13,513,66,5,4.8,5.28752255189915
13,513,66,6,4.95,5.53909549902946
7,1948,35,0,77.55,47.68810400045167
7,1948,35,1,27.65,21.68985938174796
7,1948,35,2,16.65,16.977616843485734
7,1948,35,3,23.5,28.441074818686182
12,1592,66,0,39.15,22.222025583925326
12,1592,66,1,17.6,20.569266803707546
12,1592,66,2,16.05,17.012302050358485
12,1592,66,3,7.6,5.6791400386808
12,1592,66,4,7.35,6.611592689718329
12,1592,66,5,7.85,11.065712810298304
12,1592,66,6,6.2,4.894680248682452
14,1397,66,0,40.35,52.37644609233389
14,1397,66,1,16.6,37.59815225023138
14,1397,66,2,10.4,23.567149303973732
14,1397,66,3,5.65,6.251526129463782
14,1397,66,4,7.5,9.133512611891383
14,1397,66,5,4.45,5.94248751742373
14,1397,66,6,8.8,22.24646630721146
14,1397,66,7,10.8,25.176430080115555
13,513,66,0,37.05,39.8173130817818
13,513,66,1,17.1,18.061007723823163
13,513,66,2,24.0,30.625067132042425
13,513,66,3,10.4,13.678257814579503
13,513,66,4,8.95,10.480432895840254
13,513,66,5,5.75,4.621175516889045
13,513,66,6,6.3,6.8679269836415395
13,513,66,0,35.3,36.597526519813066
13,513,66,1,14.15,16.99311005889399
13,513,66,2,13.65,17.330456913829632
13,513,66,3,7.4,8.350228487261512
13,513,66,4,5.6,7.301045346927707
13,513,66,5,6.2,6.220509371595326
13,513,66,6,9.05,17.02467249858894
14,1397,66,0,31.35,27.677227956723215
14,1397,66,1,11.35,18.675272139213508
14,1397,66,2,11.5,14.046913877207485
14,1397,66,3,4.15,2.3232237130876205
14,1397,66,4,4.2,2.7644357947251903
14,1397,66,5,4.0,3.292735225182537
14,1397,66,6,5.3,6.69721073126323
14,1397,66,7,3.5,2.6457513110645907
13,1380,66,0,36.45,18.71243605621392
13,1380,66,1,16.2,18.109607801850434
13,1380,66,2,12.45,14.62325113250164
13,1380,66,3,5.65,4.5453851669346435
13,1380,66,4,8.5,12.567711343798942
13,1380,66,5,5.55,4.454152409180733
13,1380,66,6,18.05,18.748964883708283
14,1397,66,0,18.45,20.21587442945193
14,1397,66,1,19.45,35.32328142353589
14,1397,66,2,12.9,22.589937210136167
14,1397,66,3,7.85,10.001447263692443
14,1397,66,4,12.35,28.238225305798743
14,1397,66,5,6.05,8.029386815416164
14,1397,66,6,8.0,18.00876979345575
14,1397,66,7,5.55,6.4927084608732235
14,1397,66,0,42.75,49.98618230123834
14,1397,66,1,17.0,31.402313022417548
14,1397,66,2,9.65,16.796851208673484
14,1397,66,3,9.9,18.81740515698446
14,1397,66,4,8.35,14.758672740210468
14,1397,66,5,3.35,3.34467369189629
14,1397,66,6,5.55,7.521722926927959
14,1397,66,7,4.75,5.3299056968057235
14,390,66,0,29.6,35.65389179318297
14,390,66,1,7.7,10.85841899900233
14,390,66,2,8.55,18.846959827432173
14,390,66,3,5.65,7.005824644349045
14,390,66,4,3.0,3.8113404189961417
14,390,66,5,3.0,3.1622776601683795
14,390,66,6,4.65,6.587667904581456
14,390,66,7,3.35,4.356181331105684
7,1146,35,0,84.55,45.71706464767833
7,1146,35,1,26.25,22.154659721341265
7,1146,35,2,19.0,30.0840926667059
7,1146,35,3,35.35,60.258456493237276
13,1380,66,0,45.35,30.99282599502496
13,1380,66,1,15.9,16.676172727640633
13,1380,66,2,8.45,10.081118359012606
13,1380,66,3,8.7,8.92719087071097
13,1380,66,4,7.75,6.560447674070004
13,1380,66,5,5.35,3.6602415796027223
13,1380,66,6,23.05,27.463803930187627
14,1397,66,0,33.7,28.703749984242386
14,1397,66,1,23.2,46.72382464518165
14,1397,66,2,11.35,19.442966526958305
14,1397,66,3,11.0,15.934074709317303
14,1397,66,4,5.95,4.135532804723881
14,1397,66,5,5.1,5.320269086981854
14,1397,66,6,5.2,3.62157279005741
14,1397,66,7,6.35,5.29423718475297
14,1397,66,0,44.5,37.43977620265996
14,1397,66,1,20.4,27.226921661434567
14,1397,66,2,13.8,18.03388623207929
14,1397,66,3,6.6,10.738028830185488
14,1397,66,4,9.8,14.66682615543268
14,1397,66,5,4.1,4.399760759046122
14,1397,66,6,5.2,6.031496279400415
14,1397,66,7,4.65,5.8153607843909025
14,390,66,0,56.2,54.78628333903719
14,390,66,1,10.1,16.964048672661285
14,390,66,2,5.9,6.560648234980893
14,390,66,3,5.8,9.162854071567553
14,390,66,4,8.4,14.28064571737788
14,390,66,5,3.45,3.068944615438926
14,390,66,6,3.8,5.217379862687683
14,390,66,7,2.9,2.8818853478052757
14,390,66,0,28.45,26.508141748288743
14,390,66,1,8.65,10.668571650067854
14,390,66,2,11.1,12.690236611787736
14,390,66,3,7.4,14.748416507330006
14,390,66,4,4.8,4.6407803336576015
14,390,66,5,4.55,4.957450533235171
14,390,66,6,4.05,3.6631163034541476
14,390,66,7,5.6,8.899438184514795
7,1146,35,0,64.05,45.93757205508133
7,1146,35,1,32.45,31.87884135780015
7,1146,35,2,16.4,19.71480875409463
7,1146,35,3,23.65,28.97598824435229
13,532,66,0,37.75,23.688493764739565
13,532,66,1,14.0,14.164447710636953
13,532,66,2,11.3,12.599498736896345
13,532,66,3,6.5,6.893933259720004
13,532,66,4,6.9,10.527657809188538
13,532,66,5,7.25,10.083206465781554
13,532,66,6,6.05,6.320184874044846
14,390,66,0,27.25,24.606107500289223
14,390,66,1,23.8,41.13981296173228
14,390,66,2,11.05,10.164308038166535
14,390,66,3,10.05,10.951928453112961
14,390,66,4,8.9,9.634914579142277
14,390,66,5,6.5,7.584610457332247
14,390,66,6,5.45,7.104298180086401
14,390,66,7,5.25,8.949419269603915
14,845,66,0,35.0,38.58142449145021
14,845,66,1,19.2,31.76326908801887
14,845,66,2,10.85,19.9480245691278
14,845,66,3,6.0,6.431828748702159
14,845,66,4,3.85,5.7790456323732755
14,845,66,5,5.85,13.627661497657506
14,845,66,6,3.1,3.041813863297255
14,845,66,7,7.4,11.066307328767659
13,532,66,0,32.8,28.259325428683017
13,532,66,1,9.05,10.10718868716196
13,532,66,2,8.65,8.70133081170558
13,532,66,3,5.8,6.118135250823443
13,532,66,4,4.2,3.318211312708923
13,532,66,5,7.5,10.77765720074832
13,532,66,6,5.35,4.997631017739674
14,390,66,0,35.05,46.827201946147326
14,390,66,1,13.55,22.77227076489022
14,390,66,2,9.05,11.23657093226352
14,390,66,3,8.8,16.220844289792197
14,390,66,4,5.0,3.35606285619576
14,390,66,5,5.85,4.95532674582562
14,390,66,6,3.7,3.450400434427102
14,390,66,7,10.2,25.75920887964658
8,422,35,0,53.85,42.059200132545
8,422,35,1,13.4,16.56057461499894
8,422,35,2,8.8,10.96213578882471
8,422,35,3,7.15,7.292930968085681
8,422,35,4,6.1,6.496152707564686
14,845,66,0,21.85,14.53589024666731
14,845,66,1,14.65,31.777640268790122
14,845,66,2,6.6,8.56184928376427
14,845,66,3,6.05,8.475816992137723
14,845,66,4,4.5,4.186444289546163
14,845,66,5,8.15,18.882670975206203
14,845,66,6,3.2,3.518372829650242
14,845,66,7,2.8,3.0881777968995174
14,390,66,0,27.0,27.52032741543297
14,390,66,1,10.45,16.233412586715286
14,390,66,2,12.5,23.60530716419063
14,390,66,3,11.2,23.83186721045672
14,390,66,4,5.35,4.7270219845168135
14,390,66,5,6.2,14.274010243132539
14,390,66,6,4.55,6.030405415366715
14,390,66,7,3.1,3.0244616745881627
8,422,35,0,42.8,39.66650449620395
8,422,35,1,7.35,6.192312721601296
8,422,35,2,9.6,12.3390693157526
8,422,35,3,4.7,3.404331606088121
8,422,35,4,5.15,5.112162998801562
13,995,66,0,49.0,28.27496568009458
13,995,66,1,17.45,18.757384510752306
13,995,66,2,8.85,8.622339406570891
13,995,66,3,7.85,6.745563844405252
13,995,66,4,10.4,13.484494018960016
13,995,66,5,5.35,5.333854141237834
13,995,66,6,13.5,23.40602711403962
14,845,66,0,35.0,29.563490998188964
14,845,66,1,19.8,34.249241251680154
14,845,66,2,14.35,21.00194226607074
14,845,66,3,10.05,12.725750934310527
14,845,66,4,14.05,30.320177405396837
14,845,66,5,5.0,4.790341159150633
14,845,66,6,6.65,9.303508110271883
14,845,66,7,4.25,3.9586680375574494
14,845,66,0,36.65,45.55421870809842
14,845,66,1,10.3,16.556442536779578
14,845,66,2,11.0,22.72953098828413
14,845,66,3,6.35,9.734772183964257
14,845,66,4,8.1,10.0362500860368
14,845,66,5,3.4,3.05045294307169
14,845,66,6,7.1,12.957013950996418
14,845,66,7,5.6,9.427842304913453
14,1690,66,0,21.35,19.842206477474647
14,1690,66,1,15.7,26.8604581220484
14,1690,66,2,12.65,22.861769973381097
14,1690,66,3,13.75,34.61346710838367
14,1690,66,4,6.1,7.4896419702216255
14,1690,66,5,10.45,19.59450782342096
14,1690,66,6,11.85,29.006850370577165
14,1690,66,7,4.15,3.513507768897809
14,845,66,0,35.1,23.68188292656157
14,845,66,1,5.2,2.783409495753838
14,845,66,2,5.1,4.83300059350732
14,845,66,3,3.35,2.6011131220468307
14,845,66,4,3.7,3.113637236754671
14,845,66,5,3.05,3.203205631205945
14,845,66,6,3.3,2.9037181246409616
14,845,66,7,2.5,2.1398475105532757
13,995,66,0,31.4,22.7165601547232
13,995,66,1,10.2,9.84939218001748
13,995,66,2,8.55,10.318481120377113
13,995,66,3,6.05,7.81681722819124
13,995,66,4,4.7,5.676359099949451
13,995,66,5,4.7,5.202226244093661
13,995,66,6,7.8,9.350485492602425
14,845,66,0,29.45,28.96726827954178
14,845,66,1,11.95,17.783715200030322
14,845,66,2,10.65,13.38606895639131
14,845,66,3,6.35,6.343459126077075
14,845,66,4,6.3,5.429936512180947
14,845,66,5,7.3,8.802511603304808
14,845,66,6,6.9,11.746892086173709
14,845,66,7,7.8,14.562388468061716
8,1332,35,0,60.3,37.819655151646664
8,1332,35,1,23.6,39.456038161077714
8,1332,35,2,12.75,13.130418680942435
8,1332,35,3,16.2,19.680607607222743
8,1332,35,4,9.65,10.732513317264655
14,1690,66,0,46.6,54.016956402109216
14,1690,66,1,17.9,45.76703019239481
14,1690,66,2,6.15,5.760802210218918
14,1690,66,3,5.4,4.210263149670538
14,1690,66,4,5.5,6.177207681213424
14,1690,66,5,8.8,25.496336166099173
14,1690,66,6,3.85,5.343712488326326
14,1690,66,7,4.55,7.437281619969546
14,1690,66,0,30.3,20.61195360898494
14,1690,66,1,24.05,47.618522490838856
14,1690,66,2,8.15,9.990916927521296
14,1690,66,3,7.95,12.466692466433573
14,1690,66,4,9.5,20.265345063095168
14,1690,66,5,6.0,6.805570473787205
14,1690,66,6,8.3,16.755517551572456
14,1690,66,7,4.2,3.7077443845352427
13,818,66,0,40.5,25.701730435292117
13,818,66,1,10.55,10.850539642170604
13,818,66,2,10.1,17.844061373907834
13,818,66,3,7.9,7.085195833567341
13,818,66,4,5.4,4.24759994151496
13,818,66,5,5.4,6.451438028190223
13,818,66,6,21.45,45.44455847224002
14,1690,66,0,44.95,42.04067579205443
14,1690,66,1,13.9,15.282945431186738
14,1690,66,2,11.1,13.066228062814215
14,1690,66,3,11.05,17.367468075929235
14,1690,66,4,6.95,10.338863828446426
14,1690,66,5,4.2,3.4883263970895237
14,1690,66,6,8.35,15.49626440553709
14,1690,66,7,5.0,6.688560540599386
14,520,66,0,30.5,20.77827813138671
14,520,66,1,12.5,12.386325227103434
14,520,66,2,8.55,10.942312850870046
14,520,66,3,15.55,33.27473357875074
14,520,66,4,5.4,5.413433583031636
14,520,66,5,7.6,8.964256507755794
14,520,66,6,5.15,4.602916695451174
14,520,66,7,5.55,5.276312508202156
13,818,66,0,32.9,23.255785924095715
13,818,66,1,10.0,10.935215926922572
13,818,66,2,9.3,6.751997755050761
13,818,66,3,6.05,6.468343967679094
13,818,66,4,9.55,8.18519202102508
13,818,66,5,8.8,7.613008258030598
13,818,66,6,12.6,18.36300628982085
14,1690,66,0,41.0,50.84755337487269
14,1690,66,1,8.9,10.828325428197447
14,1690,66,2,17.0,33.474263483898696
14,1690,66,3,7.65,12.342801012821413
14,1690,66,4,5.6,5.897367833908705
14,1690,66,5,10.3,25.04963493798494
14,1690,66,6,3.85,4.416178390752276
14,1690,66,7,4.5,4.662278638741271
8,1332,35,0,85.35,53.4132597375359
8,1332,35,1,20.05,18.219350615269068
8,1332,35,2,20.25,17.546554617570038
8,1332,35,3,14.35,12.69179179420181
8,1332,35,4,15.85,19.30714348301385
14,1690,66,0,27.3,26.25602687705094
14,1690,66,1,25.8,41.55351654002469
14,1690,66,2,9.9,12.056446190185651
14,1690,66,3,9.55,9.495012541218403
14,1690,66,4,8.7,19.751349054524965
14,1690,66,5,6.4,6.854886846929753
14,1690,66,6,5.75,5.901605490747502
14,1690,66,7,4.1,3.7120004537204805
14,520,66,0,43.8,50.347842686235275
14,520,66,1,14.65,21.30548483866364
14,520,66,2,10.75,11.906986007780208
14,520,66,3,6.55,7.366174469545876
14,520,66,4,5.65,4.727021984516812
14,520,66,5,6.45,8.287435004111249
14,520,66,6,5.05,6.565259444907518
14,520,66,7,5.75,5.108043193157033
13,513,66,0,43.4,25.49179434538433
13,513,66,1,13.9,15.08885960603141
13,513,66,2,9.3,8.202053658110652
13,513,66,3,8.05,8.525349197972389
13,513,66,4,6.1,5.300446853059208
13,513,66,5,4.95,3.966637181078676
13,513,66,6,8.2,9.445689632397357
14,520,66,0,34.05,36.605255590449104
14,520,66,1,9.6,11.780447672665968
14,520,66,2,5.85,6.2683415081788505
14,520,66,3,8.65,12.062447163778476
14,520,66,4,5.0,5.884860146797749
14,520,66,5,4.25,4.722566206941663
14,520,66,6,5.7,8.386078689678131
14,520,66,7,5.45,8.242859749025532
14,520,66,0,36.15,33.5751709640198
14,520,66,1,11.6,11.842830387156079
14,520,66,2,19.4,27.713572582096987
14,520,66,3,8.95,8.223682105262888
14,520,66,4,7.15,6.838551708781926
14,520,66,5,7.1,6.103493391406873
14,520,66,6,7.45,7.917169882437058
14,520,66,7,6.85,6.861601777090276
15,641,66,0,20.1,26.979329319431123
15,641,66,1,7.2,11.04821967082194
15,641,66,2,6.8,14.781211402531113
15,641,66,3,12.5,35.76605270806089
15,641,66,4,10.05,27.30042413397156
15,641,66,5,3.45,3.7059695797882353
15,641,66,6,7.5,16.621165960748264
15,641,66,7,8.9,17.755355011346502
8,292,35,0,73.05,46.449151598393335
8,292,35,1,13.35,12.018735374406079
8,292,35,2,14.45,21.177135137491543
8,292,35,3,9.55,6.320184874044846
8,292,35,4,10.6,8.616996668152273
14,520,66,0,29.1,29.991051296924166
14,520,66,1,9.3,9.370165420097983
14,520,66,2,12.15,16.72777394193954
14,520,66,3,6.95,9.139129291706421
14,520,66,4,5.95,7.625959818796237
14,520,66,5,4.3,4.485062928620311
14,520,66,6,4.3,4.747298400697302
14,520,66,7,3.85,4.258428175549729
13,513,66,0,41.8,27.759493397470543
13,513,66,1,19.55,22.60990700416174
13,513,66,2,13.45,10.78729759827197
13,513,66,3,8.6,10.859873024361894
13,513,66,4,10.0,10.652402743537548
13,513,66,5,9.45,7.989960806174867
13,513,66,6,9.2,10.242327038222063
15,641,66,0,25.1,23.476528031654354
15,641,66,1,7.85,11.581632463790058
15,641,66,2,6.2,6.287832862382967
15,641,66,3,4.75,3.1768074010172374
15,641,66,4,5.05,4.110000640286799
15,641,66,5,4.85,5.565637051539894
15,641,66,6,4.3,3.010507913083246
15,641,66,7,7.95,14.76295149494522
14,520,66,0,43.8,44.36285786437498
14,520,66,1,17.45,17.60524742348443
14,520,66,2,12.25,23.346080477977683
14,520,66,3,13.85,30.26423110225215
14,520,66,4,5.75,7.253855599102561
14,520,66,5,5.7,6.814072126663205
14,520,66,6,6.4,6.467733679378615
14,520,66,7,6.2,6.109526642013576
15,641,66,0,30.9,39.331117986973915
15,641,66,1,10.9,17.651300831741317
15,641,66,2,8.35,13.89159154990794
15,641,66,3,9.9,20.300116670652546
15,641,66,4,7.45,12.713337381208014
15,641,66,5,5.05,6.886103473854541
15,641,66,6,4.7,7.240965332562257
15,641,66,7,11.15,21.221327405280405
15,641,66,0,22.8,25.368027950655982
15,641,66,1,5.75,5.655691125341195
15,641,66,2,11.35,18.434164506498025
15,641,66,3,7.45,9.20797709083071
15,641,66,4,4.7,4.219004621945797
15,641,66,5,3.85,3.5433406776507863
15,641,66,6,5.4,10.007365708369642
15,641,66,7,7.65,11.577087171150653
8,292,35,0,62.75,52.5526052236183
8,292,35,1,23.65,27.789197068001272
8,292,35,2,12.65,14.143159030726515
8,292,35,3,12.6,19.500067476266523
8,292,35,4,12.8,16.615148446364746
15,912,66,0,18.8,14.937060938273103
15,912,66,1,14.9,31.114220813674653
15,912,66,2,9.85,14.33169105238641
15,912,66,3,4.8,6.212042633804965
15,912,66,4,7.85,18.678090176235337
15,912,66,5,9.5,19.154496517583155
15,912,66,6,4.35,4.05585995813465
15,912,66,7,10.4,15.598245515374307
14,1397,66,0,42.5,24.383989570380418
14,1397,66,1,13.75,13.583562047369492
14,1397,66,2,12.3,10.800097465447148
14,1397,66,3,9.9,8.613942186943213
14,1397,66,4,7.35,8.112855295925819
14,1397,66,5,8.15,7.774959806970065
14,1397,66,6,7.6,7.843200206145717
14,1397,66,7,6.15,6.753361735968399
15,641,66,0,25.1,23.174168922814857
15,641,66,1,12.0,17.14949746079735
15,641,66,2,13.7,35.23768915298086
15,641,66,3,14.05,29.976262538706752
15,641,66,4,8.05,12.617761082570953
15,641,66,5,5.65,7.534307497951236
15,641,66,6,5.65,6.450418183098062
15,641,66,7,13.05,18.351753107135654
15,912,66,0,21.45,20.28345190179994
15,912,66,1,11.15,17.41528366875366
15,912,66,2,8.85,10.353107847659231
15,912,66,3,8.8,16.334013591276335
15,912,66,4,6.5,9.011688316613569
15,912,66,5,8.75,16.263860485590033
15,912,66,6,4.7,3.7289761541064776
15,912,66,7,20.75,45.94948599449067
8,227,35,0,54.8,28.41163586686939
8,227,35,1,24.1,30.636923028130276
8,227,35,2,12.15,11.613399701705738
8,227,35,3,9.75,9.781158041437575
8,227,35,4,8.5,7.890700722669492
14,1397,66,0,38.2,30.431285840311396
14,1397,66,1,15.15,14.847558721890948
14,1397,66,2,7.05,7.84370347543342
14,1397,66,3,7.65,9.091783450775182
14,1397,66,4,7.05,8.152978144922194
14,1397,66,5,4.9,5.369504534625929
14,1397,66,6,7.3,12.118276757812861
14,1397,66,7,4.55,3.817894156400054
15,641,66,0,37.6,44.2699850795928
15,641,66,1,13.7,17.204956446204374
15,641,66,2,14.7,27.020654867594978
15,641,66,3,10.5,12.812411745524031
15,641,66,4,8.9,11.598094217313644
15,641,66,5,8.2,13.355858166678061
15,641,66,6,15.2,31.741720843477644
15,641,66,7,16.1,32.56556140271014
15,912,66,0,33.05,35.96119985118464
15,912,66,1,13.0,15.183093090324965
15,912,66,2,11.15,15.376930773076921
15,912,66,3,14.05,18.79102529344653
15,912,66,4,8.1,10.577533291193925
15,912,66,5,6.1,6.950198785494897
15,912,66,6,5.6,5.941823218330779
15,912,66,7,10.9,15.894057148241885
15,1363,66,0,31.5,43.00856707802834
15,1363,66,1,8.3,9.92657252556305
15,1363,66,2,8.6,18.033302526159762
15,1363,66,3,7.55,7.3447080841994845
15,1363,66,4,10.4,20.371290427565224
15,1363,66,5,3.05,2.5644328397276626
15,1363,66,6,3.05,2.7999060134601885
15,1363,66,7,6.7,16.454402706298783
14,390,66,0,32.35,36.3365482240967
14,390,66,1,12.9,18.235015477747314
14,390,66,2,6.4,7.450891857602296
14,390,66,3,6.7,7.145848997476566
14,390,66,4,5.55,3.6917404253848964
14,390,66,5,5.2,5.86335632282578
14,390,66,6,4.1,4.32739133768529
14,390,66,7,3.25,2.4468024246479643
15,912,66,0,36.35,40.286180208471905
15,912,66,1,8.35,6.953037957763877
15,912,66,2,13.1,29.03156177244635
15,912,66,3,8.7,10.270550643773477
15,912,66,4,6.1,6.773788491406843
15,912,66,5,4.3,3.700640058436549
15,912,66,6,4.6,3.7049042888411683
15,912,66,7,13.8,21.83575050232989
8,227,35,0,58.55,36.97435099604789
8,227,35,1,27.05,25.984762741592277
8,227,35,2,9.7,8.897663797460071
8,227,35,3,15.45,16.825653971805895
8,227,35,4,13.3,14.444448942869295
15,1363,66,0,27.4,22.795198016941615
15,1363,66,1,11.8,14.080968866186955
15,1363,66,2,5.3,4.791439735282299
15,1363,66,3,6.3,9.641467457645755
15,1363,66,4,4.15,4.094604922783663
15,1363,66,5,5.75,10.130075076357114
15,1363,66,6,3.05,2.9642608025042527
15,1363,66,7,7.1,12.043342777782168
15,912,66,0,32.85,33.23168272661054
15,912,66,1,9.7,9.739231570249645
15,912,66,2,10.65,23.934724828825146
15,912,66,3,11.65,23.355997764577463
15,912,66,4,7.75,9.710954205377933
15,912,66,5,7.8,11.949895397031726
15,912,66,6,8.55,15.952148840566242
15,912,66,7,11.5,19.845455531762372
14,390,66,0,48.7,36.295715275613745
14,390,66,1,12.7,11.374486685930977
14,390,66,2,8.35,6.3683014342833
14,390,66,3,5.45,3.7059695797882357
14,390,66,4,4.55,5.031218331054303
14,390,66,5,6.8,7.824388323158493
14,390,66,6,3.3,2.0799797569865155
14,390,66,7,3.75,2.4251966822029964
15,912,66,0,28.05,24.442144362813824
15,912,66,1,13.1,19.528386895410538
15,912,66,2,6.55,5.960174847311638
15,912,66,3,16.35,35.68911820001633
15,912,66,4,7.2,15.64944929247974
15,912,66,5,6.0,10.047256760979717
15,912,66,6,8.7,22.17656420638688
15,912,66,7,7.3,10.35730100994107
15,1538,66,0,33.5,45.22982248589158
15,1538,66,1,16.55,30.231518930449155
15,1538,66,2,7.4,9.917554876926173
15,1538,66,3,6.05,7.776313563095236
15,1538,66,4,5.4,7.30825056465564
15,1538,66,5,3.6,3.6906710272766046
15,1538,66,6,2.95,2.964260802504253
15,1538,66,7,12.0,31.906112267087632
8,2047,35,0,56.8,38.02298473845856
8,2047,35,1,21.6,23.46419444712798
8,2047,35,2,11.35,11.342862351090641
8,2047,35,3,20.75,32.1671211675917
8,2047,35,4,11.45,12.420166114661649
15,1363,66,0,32.05,33.6834724425715
15,1363,66,1,20.25,33.93627929858515
15,1363,66,2,6.4,4.235190917215322
15,1363,66,3,10.45,18.239560821120897
15,1363,66,4,9.6,16.655645478809564
15,1363,66,5,9.15,21.974327125797934
15,1363,66,6,3.35,2.4767338424456895
15,1363,66,7,5.8,8.101981563985314
14,845,66,0,37.1,21.935071652972837
14,845,66,1,13.8,16.854173307959567
14,845,66,2,11.1,9.829600837855978
14,845,66,3,8.0,8.759956741061178
14,845,66,4,8.1,7.531687446347843
14,845,66,5,7.0,6.996239591455729
14,845,66,6,8.45,12.688473841288111
14,845,66,7,5.15,3.74552364408784
15,1363,66,0,39.0,43.9233782614081
15,1363,66,1,13.75,20.590940777566797
15,1363,66,2,5.85,5.47986745901952
15,1363,66,3,8.45,7.85041064966802
15,1363,66,4,8.25,6.99529917346755
15,1363,66,5,4.25,3.581751997056895
15,1363,66,6,5.8,6.763680094523441
15,1363,66,7,12.0,22.12643096770062
15,1538,66,0,42.15,36.70117594559435
15,1538,66,1,9.75,9.335134537975618
15,1538,66,2,7.7,7.602631123499284
15,1538,66,3,11.45,15.605245406930527
15,1538,66,4,7.05,7.229144231220558
15,1538,66,5,9.9,23.096821380760105
15,1538,66,6,4.65,3.360372786337536
15,1538,66,7,15.0,27.224215227198783
15,1363,66,0,38.2,46.73396150439996
15,1363,66,1,14.45,20.4282441216747
15,1363,66,2,11.1,14.399926900399254
15,1363,66,3,7.8,8.4579455014361
15,1363,66,4,9.15,11.008489546947988
15,1363,66,5,8.35,10.302145918512114
15,1363,66,6,6.7,7.967697943968245
15,1363,66,7,5.85,5.640781954005276
14,845,66,0,46.35,23.791362873287042
14,845,66,1,16.35,16.946587919261596
14,845,66,2,9.45,7.521722926927958
14,845,66,3,8.1,9.781292563384776
14,845,66,4,9.25,9.781158041437577
14,845,66,5,7.65,7.589986478040794
14,845,66,6,6.9,8.409893922605308
14,845,66,7,7.15,7.801990299377394
15,1363,66,0,34.05,39.31984231911415
15,1363,66,1,16.65,29.68833724581174
15,1363,66,2,13.1,25.445297363063705
15,1363,66,3,5.3,6.027131638638207
15,1363,66,4,5.3,6.505867796802644
15,1363,66,5,9.75,18.255136263528684
15,1363,66,6,5.3,6.139603964597819
15,1363,66,7,14.15,33.16668429868173
8,2047,35,0,89.1,61.031398304048125
8,2047,35,1,17.15,12.304363795867408
8,2047,35,2,16.8,16.535766657381462
8,2047,35,3,12.95,16.71896181616928
8,2047,35,4,11.35,10.19429665109498
15,16,66,0,38.45,43.56661565924073
15,16,66,1,14.75,15.907214516822565
15,16,66,2,6.05,6.762707337029733
15,16,66,3,13.3,24.194605749390114
15,16,66,4,4.55,5.65196751955505
15,16,66,5,11.9,19.2597207172187
15,16,66,6,10.0,18.55574815181765
15,16,66,7,10.95,13.743802431028973
15,1538,66,0,39.25,40.16659387050257
15,1538,66,1,13.35,20.530529257156218
15,1538,66,2,10.85,11.504118255742387
15,1538,66,3,8.5,10.112524803170414
15,1538,66,4,7.55,7.943716484048721
15,1538,66,5,3.95,3.103054522308793
15,1538,66,6,6.5,6.1000431404859325
15,1538,66,7,11.85,27.03852028028473
14,1690,66,0,41.65,31.179066864265135
14,1690,66,1,13.3,14.386031236475267
14,1690,66,2,6.2,5.717931168010443
14,1690,66,3,7.25,9.80265807131708
14,1690,66,4,6.2,6.947926612344601
14,1690,66,5,5.55,5.266327992663939
14,1690,66,6,3.85,3.8835008622850107
14,1690,66,7,4.75,3.8644806282753943
15,1538,66,0,33.55,31.054239476658964
15,1538,66,1,12.25,11.035230663174815
15,1538,66,2,7.9,9.84565092339065
15,1538,66,3,16.15,29.769774498376883
15,1538,66,4,8.2,10.086990057547029
15,1538,66,5,6.75,8.296321315403656
15,1538,66,6,5.3,5.84987629198934
15,1538,66,7,7.7,8.310424651889747
15,16,66,0,31.9,29.964716092870226
15,16,66,1,8.7,11.621667603865497
15,16,66,2,7.35,12.583510513449943
15,16,66,3,5.1,5.250563879492524
15,16,66,4,7.1,17.835210591470606
15,16,66,5,3.65,3.5433406776507863
15,16,66,6,3.05,3.5905577927611603
15,16,66,7,9.15,11.685686251046393
9,856,35,0,56.45,50.402041520891636
9,856,35,1,16.5,16.712743325788384
9,856,35,2,11.4,16.55421714437617
9,856,35,3,8.75,12.255503597202877
9,856,35,4,13.2,16.337235480885216
15,1538,66,0,22.75,30.67293509542934
15,1538,66,1,12.75,17.92051162333557
15,1538,66,2,16.7,24.33775494554651
15,1538,66,3,14.6,31.434811410616934
15,1538,66,4,7.9,10.73067418296971
15,1538,66,5,5.75,6.695442283256653
15,1538,66,6,5.3,5.037752213876845
15,1538,66,7,14.25,19.504048162800512
15,1538,66,0,26.15,29.59245102884749
15,1538,66,1,19.65,22.25515907072241
15,1538,66,2,9.1,13.166544525305115
15,1538,66,3,10.85,19.434843912281284
15,1538,66,4,7.4,9.23038460737146
15,1538,66,5,7.65,10.434129222488043
15,1538,66,6,7.3,10.940508984599632
15,1538,66,7,5.3,6.9213628107400025
14,1690,66,0,40.25,27.899962271244064
14,1690,66,1,24.5,21.20203565201874
14,1690,66,2,9.5,7.243872183475237
14,1690,66,3,11.6,9.489051863234698
14,1690,66,4,6.9,5.495452665613635
14,1690,66,5,7.15,8.75559971194375
14,1690,66,6,6.6,7.457952308212955
14,1690,66,7,4.5,3.4259074863841783
15,16,66,0,33.6,34.256616725439834
15,16,66,1,18.8,22.208580608214902
15,16,66,2,9.8,9.61139674388801
15,16,66,3,7.05,6.125657859407944
15,16,66,4,6.05,6.999812027551356
15,16,66,5,5.8,8.526120855471454
15,16,66,6,5.85,6.482973651683389
15,16,66,7,11.8,17.240100134035732
16,0,66,0,49.85,40.47387071341603
16,0,66,1,18.2,25.345195745316722
16,0,66,2,17.0,20.756736382754344
16,0,66,3,8.05,7.323178774850512
16,0,66,4,7.35,7.24950089026098
16,0,66,5,10.05,19.088367910161523
16,0,66,6,7.7,7.049449399925165
16,0,66,7,4.95,4.211200603903332
16,0,66,8,5.75,6.033895486072169
14,520,66,0,49.75,30.785975959671536
14,520,66,1,10.85,9.587683985745793
14,520,66,2,11.25,12.025739937842975
14,520,66,3,7.7,6.562252501598582
14,520,66,4,9.1,9.569138992230783
14,520,66,5,8.7,8.278698092409408
14,520,66,6,6.65,8.779611548774149
14,520,66,7,5.5,4.1738534511382825
9,856,35,0,66.5,54.563820671904836
9,856,35,1,27.05,34.216762589486216
9,856,35,2,15.25,18.648761776307662
9,856,35,3,13.5,15.143176333705034
9,856,35,4,18.45,30.775032600777976
15,16,66,0,39.05,30.356608575572572
15,16,66,1,17.8,23.623360427651626
15,16,66,2,10.7,13.349945791334846
15,16,66,3,18.65,30.96224356075944
15,16,66,4,10.05,11.482137156653831
15,16,66,5,9.45,11.59616542791534
15,16,66,6,10.25,11.724356115189842
15,16,66,7,33.15,56.46542957281123
16,0,66,0,32.5,29.097838588567292
16,0,66,1,14.85,22.18409814543552
16,0,66,2,13.45,17.673873075069995
16,0,66,3,5.85,7.835647287943265
16,0,66,4,5.8,6.925163877977337
16,0,66,5,7.5,12.820624830819737
16,0,66,6,5.8,6.220509371595325
16,0,66,7,4.35,3.631369177770715
16,0,66,8,3.7,4.156162197331369
15,16,66,0,43.1,42.51922165946027
15,16,66,1,11.5,13.720902225973948
15,16,66,2,9.9,19.357848945310884
15,16,66,3,12.3,26.13346312176865
15,16,66,4,8.7,13.917425654269014
15,16,66,5,4.75,5.590169943749474
15,16,66,6,4.5,4.925764701519637
15,16,66,7,9.4,17.41868325436195
14,520,66,0,43.35,22.502105164675264
14,520,66,1,19.0,17.24742543716384
14,520,66,2,11.65,9.376762992127205
14,520,66,3,9.9,8.071391975431043
14,520,66,4,8.8,9.19152928115424
14,520,66,5,8.35,7.169195800161453
14,520,66,6,6.35,4.579990806701874
14,520,66,7,8.05,6.8631356957987775
16,130,66,0,17.7,25.333771926027914
16,130,66,1,6.75,8.674675786448734
16,130,66,2,9.0,20.084033983555983
16,130,66,3,6.3,12.15297234597797
16,130,66,4,8.35,16.759207995355236
16,130,66,5,9.85,23.84881107044299
16,130,66,6,10.4,22.56546033210934
16,130,66,7,4.25,6.544382886752659
16,130,66,8,3.2,3.1556132109056243
16,0,66,0,30.15,27.517028220817437
16,0,66,1,19.0,39.87084411604946
16,0,66,2,5.35,7.058216563171718
16,0,66,3,5.55,9.627127242712044
16,0,66,4,4.05,3.720144309594794
16,0,66,5,3.55,2.5644328397276626
16,0,66,6,2.65,2.084403234046921
16,0,66,7,2.45,1.9594574974238472
16,0,66,8,2.45,2.139232523470435
15,16,66,0,35.35,37.37896256058029
15,16,66,1,20.15,26.434178433870123
15,16,66,2,28.0,30.03506722412811
15,16,66,3,11.95,18.89437398859916
15,16,66,4,10.75,12.130323031234793
15,16,66,5,12.6,19.567427284298663
15,16,66,6,7.25,5.437443284640698
15,16,66,7,12.45,25.201242659419542
9,1608,35,0,74.5,43.60045871318328
9,1608,35,1,30.65,37.93939072284968
9,1608,35,2,24.1,50.37950711194092
9,1608,35,3,17.2,28.750469103724384
9,1608,35,4,29.842105263157894,54.23945177317863
15,641,66,0,34.9,19.02325446726495
15,641,66,1,14.6,17.312605690348107
15,641,66,2,13.5,21.095023109728988
15,641,66,3,8.7,8.335718956773663
15,641,66,4,8.45,8.11415267814271
15,641,66,5,6.35,6.930292011771298
15,641,66,6,4.5,4.071725355229777
15,641,66,7,13.9,23.583892808440254
16,130,66,0,27.9,28.28780656042458
16,130,66,1,19.1,29.53481442565527
16,130,66,2,19.5,40.21586489774507
16,130,66,3,5.95,5.558066683943068
16,130,66,4,7.3,7.664683191173178
16,130,66,5,5.7,5.8498762919893394
16,130,66,6,4.95,4.871776937249467
16,130,66,7,4.15,3.0482954684803594
16,130,66,8,4.35,4.428080254110363
16,0,66,0,42.35,59.57416872225216
16,0,66,1,30.7,49.679075336763155
16,0,66,2,10.15,11.73063914443037
16,0,66,3,9.65,11.784356267169578
16,0,66,4,9.1,10.567577026477087
16,0,66,5,15.8,39.70231333575572
16,0,66,6,4.55,5.175600651640654
16,0,66,7,4.8,5.317300462690285
16,0,66,8,4.95,5.195899192733884
16,0,66,0,28.9,22.379266720502002
16,0,66,1,30.25,45.709465793836344
16,0,66,2,8.5,8.690587770080553
16,0,66,3,11.5,17.009285389859397
16,0,66,4,8.7,15.10001742766509
16,0,66,5,10.8,16.630979336293173
16,0,66,6,6.05,6.692297221826236
16,0,66,7,6.6,11.004305377537703
16,0,66,8,11.65,24.913059352793052
9,1608,35,0,54.55,30.465640698299694
9,1608,35,1,17.2,19.08043914313129
9,1608,35,2,10.25,7.785783265197637
9,1608,35,3,7.5,9.605371304365951
9,1608,35,4,11.65,23.729340044496993
16,812,66,0,29.8,28.068712681185566
16,812,66,1,6.1,6.584671194284655
16,812,66,2,8.75,14.742973348612372
16,812,66,3,11.2,14.321864036279782
16,812,66,4,9.0,7.820351317993464
16,812,66,5,8.35,12.053717487279926
16,812,66,6,6.55,6.39469352378657
16,812,66,7,6.6,5.941823218330779
16,812,66,8,5.05,4.37065573786673
15,641,66,0,49.55,37.222623284912714
15,641,66,1,13.85,9.916891490890947
15,641,66,2,8.35,8.554930865019493
15,641,66,3,11.5,10.806917862379196
15,641,66,4,9.5,9.467395573618356
15,641,66,5,6.45,5.595816106229443
15,641,66,6,5.7,4.243881044019669
15,641,66,7,31.15,35.562065833072595
16,130,66,0,24.25,23.334805717955675
16,130,66,1,17.7,20.8985015831531
16,130,66,2,16.7,27.690203473810957
16,130,66,3,5.4,4.35769132502642
16,130,66,4,5.4,4.783744404367336
16,130,66,5,4.55,3.1701734968294715
16,130,66,6,5.6,5.752802520694176
16,130,66,7,5.55,7.185328619375808
16,130,66,8,3.85,2.906888370749727
16,0,66,0,41.7,27.709204246964582
16,0,66,1,17.9,26.90314010238249
16,0,66,2,9.1,14.97682420134171
16,0,66,3,5.1,4.037977607403827
16,0,66,4,5.2,4.3841820937979925
16,0,66,5,4.25,3.6110211414793083
16,0,66,6,8.95,12.504630721204213
16,0,66,7,5.55,4.334379091088268
16,0,66,8,4.85,3.842627938492642
16,812,66,0,27.45,35.33668885092898
16,812,66,1,8.25,11.182105064978172
16,812,66,2,13.05,25.21585758375492
16,812,66,3,9.7,18.753525984254406
16,812,66,4,6.5,10.252085795480584
16,812,66,5,4.6,3.7612987678530176
16,812,66,6,2.85,1.598519051464429
16,812,66,7,3.15,1.954078056944394
16,812,66,8,3.25,2.3141441523584345
15,912,66,0,39.85,24.596266297742705
15,912,66,1,12.45,9.377885520846652
15,912,66,2,10.45,9.361033456217378
15,912,66,3,6.55,4.4777226354476225
15,912,66,4,6.9,4.011824627536112
15,912,66,5,6.6,6.176355593799035
15,912,66,6,4.75,4.203695116392118
15,912,66,7,20.7,20.61195360898494
16,130,66,0,31.8,24.80364998607219
16,130,66,1,16.5,14.713044695457372
16,130,66,2,11.2,9.79043571956567
16,130,66,3,9.05,9.304639476598418
16,130,66,4,8.2,7.599168929629913
16,130,66,5,5.75,7.217486076409008
16,130,66,6,6.75,11.995064774621621
16,130,66,7,6.0,4.9736145915484
16,130,66,8,3.95,2.837252191822221
16,130,66,0,23.65,37.835203601658435
16,130,66,1,14.6,17.472986669653668
16,130,66,2,8.55,12.609415863593865
16,130,66,3,18.15,27.728524169735017
16,130,66,4,7.25,8.996344286782037
16,130,66,5,9.75,14.059553784938515
16,130,66,6,7.6,9.207548390772706
16,130,66,7,5.5,4.828642611923584
16,130,66,8,5.0,4.091068577433426
16,1527,66,0,33.1,31.62926692662651
16,1527,66,1,9.7,11.457472854452954
16,1527,66,2,6.8,7.302486959212846
16,1527,66,3,6.3,7.63716673835747
16,1527,66,4,5.95,7.486654793697917
16,1527,66,5,4.65,4.331949846626137
16,1527,66,6,3.65,3.5729244987382827
16,1527,66,7,5.8,10.35475990216958
16,1527,66,8,5.1,8.490861961079409
9,1380,35,0,62.4,47.5188605215146
9,1380,35,1,24.45,30.42588060395813
9,1380,35,2,31.35,41.88238544455552
9,1380,35,3,17.95,22.78382390159622
9,1380,35,4,39.25,52.31772870492473
16,812,66,0,32.0,43.53099319359774
16,812,66,1,18.15,25.606896686141738
16,812,66,2,10.55,10.101980003939822
16,812,66,3,12.2,21.298875680729203
16,812,66,4,6.15,6.166761497611291
16,812,66,5,5.25,4.897636379445003
16,812,66,6,5.35,4.51051403302387
16,812,66,7,5.4,4.881759820737643
16,812,66,8,3.95,3.6631163034541476
16,130,66,0,33.5,45.18208774095746
16,130,66,1,8.7,15.748349955337847
16,130,66,2,8.95,10.990306733902523
16,130,66,3,12.2,35.58621850335353
16,130,66,4,4.2,2.745330964613039
16,130,66,5,4.4,4.333468283998517
16,130,66,6,7.6,13.926120856335519
16,130,66,7,3.45,2.9285347512832565
16,130,66,8,3.65,2.92493814599467
15,912,66,0,43.55,24.940930215210503
15,912,66,1,13.75,9.81875219856587
15,912,66,2,9.9,8.607829972885458
15,912,66,3,8.35,5.7972316442283125
15,912,66,4,7.95,7.535704486327948
15,912,66,5,4.95,3.1701734968294715
15,912,66,6,5.45,6.411133408294306
15,912,66,7,21.0,21.72071531244334
16,1527,66,0,39.9,42.48578709713588
16,1527,66,1,11.85,13.74303651423436
16,1527,66,2,5.65,3.4834193727307348
16,1527,66,3,7.4,9.29855676407564
16,1527,66,4,5.6,5.734475610403779
16,1527,66,5,5.45,6.361686304084707
16,1527,66,6,4.7,4.867723989926428
16,1527,66,7,5.9,9.607562810509997
16,1527,66,8,3.6,3.1522757026096486
15,1363,66,0,34.65,22.79721820518321
15,1363,66,1,6.7,4.62373738099614
15,1363,66,2,5.3,3.4351128074635335
15,1363,66,3,5.8,7.295276049031932
15,1363,66,4,4.05,4.382681226925146
15,1363,66,5,3.4,3.844339653103124
15,1363,66,6,3.4,3.5451968989932814
15,1363,66,7,2.45,2.211810403980842
16,812,66,0,26.65,25.81161509251621
16,812,66,1,12.05,15.77965045306938
16,812,66,2,13.05,29.159227121372567
16,812,66,3,5.95,6.345118305893869
16,812,66,4,12.05,17.037033964742495
16,812,66,5,5.6,7.029262145900484
16,812,66,6,5.15,5.060424363315996
16,812,66,7,4.75,4.886878241512512
16,812,66,8,3.55,2.394621165511528
16,1105,66,0,30.95,25.634013177396692
16,1105,66,1,9.9,12.519038133557773
16,1105,66,2,8.8,13.233132262381579
16,1105,66,3,6.4,8.305990228998017
16,1105,66,4,5.35,4.380278770268299
16,1105,66,5,4.35,3.897029908181763
16,1105,66,6,4.7,4.5084715580198225
16,1105,66,7,4.15,3.3603727863375354
16,1105,66,8,3.85,4.05585995813465
16,812,66,0,53.9,40.96840888191521
16,812,66,1,15.85,18.379837351092952
16,812,66,2,10.6,9.99684160649068
16,812,66,3,12.05,23.004519006856942
16,812,66,4,9.2,9.462390929636292
16,812,66,5,9.5,14.31046727693441
16,812,66,6,11.6,21.509850864441766
16,812,66,7,7.7,8.202053658110652
16,812,66,8,7.4,7.32982372158251
9,1380,35,0,60.65,46.97286450707472
9,1380,35,1,34.6,43.316946969250296
9,1380,35,2,13.85,14.636921591790076
9,1380,35,3,19.7,23.859456913570483
9,1380,35,4,57.45,82.94099043739978
15,1363,66,0,42.8,35.592133962436144
15,1363,66,1,8.5,6.893933259720003
15,1363,66,2,9.05,9.627127242712044
15,1363,66,3,10.2,22.906216117947224
15,1363,66,4,5.65,5.450977700810823
15,1363,66,5,6.55,6.700157107348893
15,1363,66,6,5.15,3.8563003813991137
15,1363,66,7,4.25,4.375469899577103
16,1527,66,0,35.2,49.53212673555788
16,1527,66,1,10.05,9.960315995832767
16,1527,66,2,14.0,20.57847623636226
16,1527,66,3,9.6,12.979335803296593
16,1527,66,4,6.25,5.8926805624033545
16,1527,66,5,5.8,5.521250811755954
16,1527,66,6,5.2,4.0859193386685035
16,1527,66,7,4.7,4.317650433182137
16,1527,66,8,4.4,3.6476380245159654
16,1105,66,0,33.65,29.865091397993854
16,1105,66,1,16.45,18.323051343221078
16,1105,66,2,18.45,27.584272788369063
16,1105,66,3,10.1,9.893644956552453
16,1105,66,4,8.85,9.653333212174081
16,1105,66,5,12.7,13.924987007458741
16,1105,66,6,9.2,12.002631290460306
16,1105,66,7,7.6,7.228598175230614
16,1105,66,8,5.45,4.957450533235171
16,812,66,0,21.35,25.919460277031842
16,812,66,1,22.05,30.299339926803686
16,812,66,2,9.25,11.665852101889424
16,812,66,3,13.7,25.458118341183116
16,812,66,4,8.8,13.915534673995028
16,812,66,5,6.4,7.096329666584134
16,812,66,6,3.7,3.540740332933659
16,812,66,7,3.85,5.142956348249516
16,812,66,8,4.85,9.126450857981862
16,1527,66,0,27.9,24.4817870004794
16,1527,66,1,21.9,34.95094306385211
16,1527,66,2,8.75,11.43804823247485
16,1527,66,3,6.0,7.369924658616545
16,1527,66,4,7.45,9.82732495593148
16,1527,66,5,7.25,10.641898326896383
16,1527,66,6,4.1,3.1772215601221867
16,1527,66,7,4.2,3.3810618076823764
16,1527,66,8,3.1,3.1102546857976625
15,1538,66,0,43.75,32.04417181592342
15,1538,66,1,14.1,10.602383048908838
15,1538,66,2,11.5,14.314144642349582
15,1538,66,3,8.15,9.427144457977661
15,1538,66,4,7.5,10.956853178670753
15,1538,66,5,4.65,4.107438694804701
15,1538,66,6,6.7,5.192099261073705
15,1538,66,7,10.15,12.864782609082338
17,1543,66,0,32.15,28.908703843215402
17,1543,66,1,5.75,5.199949392466289
17,1543,66,2,6.8,7.105224171433003
17,1543,66,3,5.05,7.126488764129441
17,1543,66,4,10.15,29.18592847679566
17,1543,66,5,6.95,16.365801956647605
17,1543,66,6,5.55,6.549206460568937
17,1543,66,7,3.95,4.032434291565019
17,1543,66,8,7.95,11.852048457189962
9,530,35,0,69.7,51.27028481745696
9,530,35,1,17.2,20.826602421447735
9,530,35,2,16.95,19.497570698881816
9,530,35,3,10.7,18.873819238076297
9,530,35,4,23.05,35.163490336307326
16,1527,66,0,41.25,35.82835542739269
16,1527,66,1,19.7,31.87822223135379
16,1527,66,2,8.85,10.100937944984173
16,1527,66,3,24.1,47.49836562285175
16,1527,66,4,5.65,6.393047210179113
16,1527,66,5,7.7,7.455834875063323
16,1527,66,6,7.2,8.630423542695677
16,1527,66,7,4.75,5.72965508284932
16,1527,66,8,9.65,10.922092531340223
16,1105,66,0,36.05,30.016618204272323
16,1105,66,1,17.5,19.871958555766597
16,1105,66,2,10.5,19.203892149358957
16,1105,66,3,8.35,13.884012009274704
16,1105,66,4,9.35,16.010769401940223
16,1105,66,5,4.75,3.9586680375574494
16,1105,66,6,5.0,4.941766144970738
16,1105,66,7,9.8,18.955904509927077
16,1105,66,8,5.9,14.044665591567046
15,1538,66,0,41.65,30.08282426550861
15,1538,66,1,13.6,10.480056247338009
15,1538,66,2,9.65,10.82042415746113
15,1538,66,3,7.0,5.486826328388273
15,1538,66,4,4.7,3.585056705122998
15,1538,66,5,6.5,6.004384363025685
15,1538,66,6,4.9,5.250563879492524
15,1538,66,7,11.5,18.83306163443203
17,1543,66,0,37.55,33.21457352935368
17,1543,66,1,13.2,16.317894601036198
17,1543,66,2,13.2,23.381504161240468
17,1543,66,3,6.2,4.299326752680678
17,1543,66,4,6.35,4.392277912787156
17,1543,66,5,4.45,2.910507280798134
17,1543,66,6,5.7,4.791439735282299
17,1543,66,7,4.95,3.6342667399135835
17,1543,66,8,15.0,21.093775584779806
9,530,35,0,58.7,57.17664226808559
9,530,35,1,12.95,17.629147514989576
9,530,35,2,10.45,13.73230919363068
9,530,35,3,10.05,14.926045762534134
9,530,35,4,21.3,38.27476838253684
16,1527,66,0,39.0,47.52727748633576
16,1527,66,1,8.15,8.671034661749609
16,1527,66,2,9.1,8.807293628160219
16,1527,66,3,6.1,5.562089724668523
16,1527,66,4,13.75,20.159560876587616
16,1527,66,5,6.6,7.118545090854332
16,1527,66,6,5.2,4.741751841494427
16,1527,66,7,8.5,13.90001893220975
16,1527,66,8,4.25,2.692582403567252
16,1105,66,0,39.45,24.835193619242496
16,1105,66,1,14.4,19.107452390156705
16,1105,66,2,7.6,7.7486840988104495
16,1105,66,3,6.0,5.06795920724662
16,1105,66,4,4.7,3.540740332933659
16,1105,66,5,9.2,20.95508982261074
16,1105,66,6,7.3,15.704843369583724
16,1105,66,7,3.8,2.930780388260186
16,1105,66,8,3.45,2.4165002967536595
15,16,66,0,49.0,40.881085576275204
15,16,66,1,15.25,15.542386865397614
15,16,66,2,10.7,10.848720516360688
15,16,66,3,8.85,9.642422713689422
15,16,66,4,7.1,9.436212442667761
15,16,66,5,5.85,6.491087006527935
15,16,66,6,7.05,7.776313563095237
15,16,66,7,9.55,11.41778391254994
9,1981,35,0,54.75,35.26273566125846
9,1981,35,1,9.95,7.315988259321246
9,1981,35,2,9.0,6.266032069399009
9,1981,35,3,5.95,5.041668479048536
9,1981,35,4,13.45,25.557932129513965
17,1989,66,0,35.1,33.51182038122008
17,1989,66,1,24.1,43.50547454964116
17,1989,66,2,27.2,43.41307103675234
17,1989,66,3,9.45,10.075896198876123
17,1989,66,4,6.7,7.73304597167248
17,1989,66,5,8.25,7.724704048154788
17,1989,66,6,9.1,18.36443932111589
17,1989,66,7,8.0,9.193819434243512
17,1989,66,8,6.55,6.5331140314071074
17,1543,66,0,40.8,44.8478128317254
17,1543,66,1,9.8,8.288228812122966
17,1543,66,2,8.05,12.775284526649184
17,1543,66,3,10.75,16.075070598191537
17,1543,66,4,6.5,8.274882730922917
17,1543,66,5,6.45,13.292162312707756
17,1543,66,6,4.4,4.24759994151496
17,1543,66,7,4.65,4.804329188072819
17,1543,66,8,9.95,14.936620487210195
16,1105,66,0,52.75,46.21446002918863
16,1105,66,1,13.25,17.386852261952058
16,1105,66,2,10.2,14.968739355561537
16,1105,66,3,8.35,10.732513317264653
16,1105,66,4,6.3,6.3420069876639955
16,1105,66,5,5.8,5.943594517585606
16,1105,66,6,4.5,4.673553815155859
16,1105,66,7,4.5,3.3638949855315357
16,1105,66,8,3.8,3.302311789927586
15,16,66,0,41.8,17.059030638221785
15,16,66,1,15.3,17.311693644531296
15,16,66,2,11.5,14.741634559087544
15,16,66,3,5.45,4.639362478889348
15,16,66,4,8.45,9.87540805286173
15,16,66,5,8.95,17.66493702224834
15,16,66,6,4.05,3.2682684937698157
15,16,66,7,23.75,40.44733417798091
17,1543,66,0,20.0,23.31252204740033
17,1543,66,1,12.0,13.408559716994608
17,1543,66,2,8.45,8.672248539844906
17,1543,66,3,5.7,5.6577845766509585
17,1543,66,4,12.9,24.676645681803333
17,1543,66,5,14.4,26.05944621134734
17,1543,66,6,8.4,18.233572274645933
17,1543,66,7,7.3,12.81076849660801
17,1543,66,8,9.15,12.291524679524848
16,1105,66,0,31.55,25.562050407833713
16,1105,66,1,15.2,18.520543359086133
16,1105,66,2,9.4,11.385124181649447
16,1105,66,3,12.1,27.220155071293462
16,1105,66,4,7.9,16.597082812793847
16,1105,66,5,3.95,2.723677854048011
16,1105,66,6,12.8,36.54067668546354
16,1105,66,7,5.2,8.389216135517135
16,1105,66,8,6.05,7.73559782332371
17,1989,66,0,37.7,28.379199202380974
17,1989,66,1,23.2,29.3555338636696
17,1989,66,2,8.25,7.002818981253944
17,1989,66,3,10.7,13.630847369110988
17,1989,66,4,6.65,5.7516587996306265
17,1989,66,5,8.35,13.33485736903967
17,1989,66,6,5.2,5.634480315082539
17,1989,66,7,7.1,8.74131147573346
17,1989,66,8,14.8,24.951742898727748
9,1981,35,0,69.95,55.55412249613695
9,1981,35,1,25.55,26.284826521458307
9,1981,35,2,12.55,15.339920400534577
9,1981,35,3,8.95,7.721978203052703
9,1981,35,4,24.95,36.121833315949836
16,0,66,0,41.1,22.561961467548823
16,0,66,1,11.75,13.29770459020733
16,0,66,2,11.55,11.099905167921126
16,0,66,3,8.35,9.149489488202981
16,0,66,4,7.9,9.840303803611372
16,0,66,5,3.4,1.7888543819998317
16,0,66,6,5.55,6.021671388891084
16,0,66,7,3.15,3.328900561351814
16,0,66,8,3.55,1.7614288458371994
17,1989,66,0,14.65,13.148043680775439
17,1989,66,1,5.65,5.788145780726966
17,1989,66,2,6.45,8.976431127651662
17,1989,66,3,5.15,10.163272369820554
17,1989,66,4,6.2,10.521156630433046
17,1989,66,5,6.75,16.476059186461715
17,1989,66,6,3.4,3.03315017762062
17,1989,66,7,3.35,2.4121403467940206
17,1989,66,8,5.6,6.74653907375361
17,1348,66,0,30.7,30.515052368505472
17,1348,66,1,8.95,20.132390764505267
17,1348,66,2,6.2,8.27551874665968
17,1348,66,3,7.3,14.172248642291997
17,1348,66,4,3.2,3.381061807682377
17,1348,66,5,2.95,2.4165002967536604
17,1348,66,6,3.35,3.572924498738283
17,1348,66,7,5.9,15.144566508713352
17,1348,66,8,8.25,14.130500791959886
17,1543,66,0,27.15,25.678733777603846
17,1543,66,1,13.4,16.841052598682154
17,1543,66,2,23.8,38.145979990998846
17,1543,66,3,12.25,16.91114549950012
17,1543,66,4,8.7,8.473488065725943
17,1543,66,5,10.45,13.016083168627635
17,1543,66,6,12.95,22.39237417186109
17,1543,66,7,10.2,16.956911337424135
17,1543,66,8,12.2,17.43740685694799
16,0,66,0,44.7,37.08894004530475
16,0,66,1,18.95,17.611225487111756
16,0,66,2,9.1,7.83312803015769
16,0,66,3,7.65,5.314082581613738
16,0,66,4,6.1,5.200202425209801
16,0,66,5,6.3,5.181952487137195
16,0,66,6,5.25,4.529145382380305
16,0,66,7,5.15,4.380278770268299
16,0,66,8,5.5,4.9470884579241465
17,1348,66,0,26.8,29.53784370136581
17,1348,66,1,7.65,9.309163566926381
17,1348,66,2,7.2,12.93953549967573
17,1348,66,3,7.55,9.011542306222731
17,1348,66,4,5.8,6.9403473293943705
17,1348,66,5,15.75,34.831738400487566
17,1348,66,6,9.1,25.287608781668876
17,1348,66,7,5.45,5.799047108656822
17,1348,66,8,8.0,21.547988060923096
10,1950,35,0,64.45,47.18884234758534
10,1950,35,1,35.15,50.15688544850782
10,1950,35,2,10.8,13.446189051177287
10,1950,35,3,10.25,12.924375175775829
10,1950,35,4,8.2,7.359919908031037
10,1950,35,5,10.25,16.886229207318767
17,1989,66,0,53.35,50.781549695471924
17,1989,66,1,24.75,35.82247897619594
17,1989,66,2,7.35,7.988643254810642
17,1989,66,3,12.1,23.142351242962146
17,1989,66,4,7.55,7.715159376871376
17,1989,66,5,4.85,4.081730799034825
17,1989,66,6,6.05,4.097174893174949
17,1989,66,7,5.75,4.908370937812045
17,1989,66,8,11.45,19.698984745412645
16,130,66,0,38.95,31.283886890016856
16,130,66,1,24.8,27.175065970965292
16,130,66,2,14.65,15.366659055445844
16,130,66,3,6.05,5.933624081186986
16,130,66,4,8.25,11.89371793493479
16,130,66,5,7.55,7.437281619969546
16,130,66,6,6.5,6.194224814505168
16,130,66,7,6.25,5.476024297358729
16,130,66,8,4.6,3.424370860387888
17,1743,66,0,32.6,31.384541954347693
17,1743,66,1,9.8,8.35148899424843
17,1743,66,2,13.3,19.098360359492975
17,1743,66,3,19.15,30.86349402057218
17,1743,66,4,5.05,4.501169438689181
17,1743,66,5,5.15,4.522167621838006
17,1743,66,6,5.35,5.441313695868131
17,1743,66,7,5.1,9.284395510748128
17,1743,66,8,8.4,12.667405333955996
17,1543,66,0,65.6,65.24238209210813
17,1543,66,1,21.8,33.56784175367847
17,1543,66,2,12.15,18.39414952755645
17,1543,66,3,11.65,24.707286374670932
17,1543,66,4,9.0,12.113498342975209
17,1543,66,5,6.0,7.440995971819336
17,1543,66,6,6.15,6.595652475604469
17,1543,66,7,6.1,8.73528838435771
17,1543,66,8,10.5,18.777085699554686
17,1348,66,0,36.4,39.99526287739061
17,1348,66,1,25.7,32.72710127546796
17,1348,66,2,14.65,16.109085373755622
17,1348,66,3,9.15,10.001447263692443
17,1348,66,4,6.75,4.8327283347913035
17,1348,66,5,5.2,4.606631375699487
17,1348,66,6,8.45,19.524545954691035
17,1348,66,7,12.3,28.676232594074726
17,1348,66,8,21.55,30.38953247765629
16,130,66,0,37.6,22.403947020676135
16,130,66,1,11.75,11.327075155526574
16,130,66,2,9.0,9.508998508338244
16,130,66,3,5.6,4.070432538764348
16,130,66,4,5.4,5.43284359002578
16,130,66,5,5.55,4.0193610385103185
16,130,66,6,5.45,4.740364187652563
16,130,66,7,5.7,4.027536794565501
16,130,66,8,4.15,3.328900561351814
10,1950,35,0,80.25,49.333318515882084
10,1950,35,1,19.3,18.038263424410374
10,1950,35,2,26.0,35.9941515717265
10,1950,35,3,15.2,17.2888768622457
10,1950,35,4,12.35,21.332641162016678
10,1950,35,5,15.75,17.19202691580269
17,1989,66,0,35.85,40.361882747802646
17,1989,66,1,11.8,15.278467820673917
17,1989,66,2,9.9,10.577533291193925
17,1989,66,3,8.0,15.660879856979198
17,1989,66,4,7.0,13.302156532722528
17,1989,66,5,6.5,10.777657200748319
17,1989,66,6,3.9,4.48271534252458
17,1989,66,7,7.5,18.667449858256653
17,1989,66,8,10.45,33.00952813004786
17,1743,66,0,41.05,37.59405748113306
17,1743,66,1,14.65,19.25254596970981
17,1743,66,2,11.55,13.877186883135705
17,1743,66,3,4.65,3.587624929055286
17,1743,66,4,6.35,8.658886521341742
17,1743,66,5,4.85,4.727021984516812
17,1743,66,6,4.3,5.089721324188067
17,1743,66,7,4.1,4.32739133768529
17,1743,66,8,10.15,19.328939307081548
17,1348,66,0,22.65,26.244347762397986
17,1348,66,1,12.55,18.96110978319904
17,1348,66,2,10.55,12.738152390193386
17,1348,66,3,10.9,18.327144090837386
17,1348,66,4,6.5,7.2583889759584945
17,1348,66,5,7.75,9.914768357301515
17,1348,66,6,4.65,5.815360784390903
17,1348,66,7,3.55,3.456115860631015
17,1348,66,8,7.1,10.2232964093625
16,812,66,0,44.9,24.529037572039517
16,812,66,1,17.1,24.546197047071963
16,812,66,2,9.85,9.074400081664091
16,812,66,3,7.55,7.796591697996192
16,812,66,4,7.25,9.898830340260568
16,812,66,5,5.75,3.809613877381387
16,812,66,6,4.55,4.7292482990094955
16,812,66,7,5.45,5.862234170833182
16,812,66,8,4.8,5.156498199767991
17,1989,66,0,48.25,48.73221672947395
17,1989,66,1,17.25,22.10947641551968
17,1989,66,2,8.95,14.33242551184661
17,1989,66,3,5.85,7.14713781505355
17,1989,66,4,9.25,17.743419832952753
17,1989,66,5,5.05,5.345681976088148
17,1989,66,6,3.8,2.9486839169543524
17,1989,66,7,4.15,4.637093009520876
17,1989,66,8,9.1,19.36328593253901
17,1693,66,0,31.6,32.334436588159136
17,1693,66,1,19.7,32.69170182815591
17,1693,66,2,10.85,24.997420919598465
17,1693,66,3,11.35,16.699432703884852
17,1693,66,4,4.95,5.679835060614831
17,1693,66,5,9.0,21.521103473958814
17,1693,66,6,5.7,10.853570840972107
17,1693,66,7,6.95,8.140056898805405
17,1693,66,8,10.3,21.440492924420028
10,552,35,0,82.75,47.534890233108605
10,552,35,1,24.95,22.7120997198456
10,552,35,2,14.95,15.367344050222037
10,552,35,3,10.8,8.056380276395519
10,552,35,4,10.55,10.806796107323537
10,552,35,5,10.0,10.84338265341683
17,1743,66,0,40.05,40.05190711012266
17,1743,66,1,11.25,14.732259625875813
17,1743,66,2,15.65,18.683724975158686
17,1743,66,3,7.2,6.955497636288941
17,1743,66,4,13.95,24.35369851950515
17,1743,66,5,8.8,13.073073975079263
17,1743,66,6,8.1,13.1144757304366
17,1743,66,7,8.05,12.61776108257095
17,1743,66,8,18.0,21.51376548313098
16,812,66,0,40.55,32.51311476279915
16,812,66,1,9.7,8.417400523852205
16,812,66,2,7.95,9.594269122762817
16,812,66,3,5.8,7.48050096830701
16,812,66,4,7.8,10.159776209719334
16,812,66,5,3.85,4.221187161525958
16,812,66,6,5.9,6.942621983083912
16,812,66,7,4.75,6.44715359470241
16,812,66,8,2.85,1.8715318802914815
17,1348,66,0,23.6,19.47846314049929
17,1348,66,1,6.85,7.0731144037418945
17,1348,66,2,4.8,4.851478342244058
17,1348,66,3,7.55,15.779650453069378
17,1348,66,4,9.35,26.94101744650026
17,1348,66,5,3.75,4.832728334791304
17,1348,66,6,3.8,4.335896677735761
17,1348,66,7,4.05,4.430456790041075
17,1348,66,8,7.25,11.474800766530937
17,1693,66,0,31.05,45.29607279363538
17,1693,66,1,20.55,25.485754534848017
17,1693,66,2,13.9,16.63192871051277
17,1693,66,3,9.2,15.432706212865957
17,1693,66,4,5.6,4.6724275218957025
17,1693,66,5,5.65,5.931849804678397
17,1693,66,6,5.75,3.8916239337974656
17,1693,66,7,5.5,5.010515258722872
17,1693,66,8,7.45,11.632418402668328
17,1743,66,0,44.1,50.74383550841681
17,1743,66,1,12.8,21.936751186800176
17,1743,66,2,5.5,5.1247593011513075
17,1743,66,3,8.15,12.26580612923586
17,1743,66,4,3.8,3.1388901826835816
17,1743,66,5,5.7,11.060122774611214
17,1743,66,6,4.75,7.0178344238091
17,1743,66,7,5.05,7.549660152685856
17,1743,66,8,13.95,25.946250109348018
17,1348,66,0,13.1,14.696580339800498
17,1348,66,1,13.35,28.848561033164383
17,1348,66,2,13.85,27.25759189270897
17,1348,66,3,6.15,5.6964901474504455
17,1348,66,4,4.0,3.75569742629711
17,1348,66,5,3.15,2.412140346794021
17,1348,66,6,2.75,2.4251966822029964
17,1348,66,7,4.2,5.6063873347609885
17,1348,66,8,12.45,39.63315332023511
16,1527,66,0,43.0,28.35489375751565
16,1527,66,1,15.25,18.775333762539
16,1527,66,2,12.85,12.29152467952485
16,1527,66,3,6.5,5.951558840470197
16,1527,66,4,6.15,6.458572434736397
16,1527,66,5,4.85,4.715874646787224
16,1527,66,6,4.65,7.4992982127803485
16,1527,66,7,3.45,3.332061160745308
16,1527,66,8,4.15,3.9772378672429913
18,715,66,0,24.55,23.941760476974995
18,715,66,1,15.05,24.323423841400725
18,715,66,2,8.5,13.956699956802485
18,715,66,3,4.55,5.558066683943069
18,715,66,4,12.15,32.90380717053559
18,715,66,5,3.6,3.63318042491699
18,715,66,6,3.6,5.8884364826774105
18,715,66,7,3.7,6.061960773631963
18,715,66,8,2.5,2.3951705795753164
18,715,66,9,2.55,2.282081229238369
10,552,35,0,67.55,47.368071636138154
10,552,35,1,32.9,47.76025654519831
10,552,35,2,29.25,40.78167157979311
10,552,35,3,14.95,14.677139402916072
10,552,35,4,12.4,14.996139854186334
10,552,35,5,6.9,5.240530306632797
16,1527,66,0,43.9,23.803803322821732
16,1527,66,1,10.75,8.181333053134788
16,1527,66,2,10.4,7.969679383368206
16,1527,66,3,6.0,5.721611845036602
16,1527,66,4,6.05,4.762518130922802
16,1527,66,5,6.5,6.573471405261413
16,1527,66,6,5.2,4.514304749174678
16,1527,66,7,4.15,3.8563003813991137
16,1527,66,8,5.2,4.785944332928951
17,1743,66,0,46.05,42.52488435579436
17,1743,66,1,11.65,15.858834496234186
17,1743,66,2,9.85,9.033708802969137
17,1743,66,3,7.25,7.047769337285305
17,1743,66,4,5.45,7.052248614896939
17,1743,66,5,4.4,5.604509462547947
17,1743,66,6,4.75,5.34961877638319
17,1743,66,7,3.75,4.655217785622811
17,1743,66,8,14.3,20.295449321409336
17,1693,66,0,38.2,39.58814282877613
17,1693,66,1,10.15,12.062447163778474
17,1693,66,2,13.0,20.039434806611215
17,1693,66,3,11.85,20.58940708739633
17,1693,66,4,8.5,16.220519817746123
17,1693,66,5,12.05,21.687918053000942
17,1693,66,6,10.0,12.221637412909597
17,1693,66,7,11.2,24.799405765376505
17,1693,66,8,8.55,9.784386057710305
18,715,66,0,30.35,29.722001420177826
18,715,66,1,18.45,18.14988763195606
18,715,66,2,6.25,5.533391460273851
18,715,66,3,13.4,35.22170383517287
18,715,66,4,7.05,8.89396602078889
18,715,66,5,7.9,11.876114906111253
18,715,66,6,3.85,3.281126250799291
18,715,66,7,3.0,2.790962859697442
18,715,66,8,4.35,3.4070360633316032
18,715,66,9,4.4,5.092822606891305
17,1743,66,0,40.6,44.39938358984159
17,1743,66,1,16.35,21.453192622176555
17,1743,66,2,6.45,5.384920465619955
17,1743,66,3,7.45,9.190813491284597
17,1743,66,4,5.1,5.149348451375593
17,1743,66,5,4.4,4.728413553914473
17,1743,66,6,4.1,3.3229663349420036
17,1743,66,7,3.5,3.9135392515834324
17,1743,66,8,9.85,14.546748596742917
16,1105,66,0,43.45,25.76916762334399
16,1105,66,1,15.2,12.980146783696854
16,1105,66,2,10.75,10.636951482549183
16,1105,66,3,7.8,7.585304351524938
16,1105,66,4,5.6,4.096211343231823
16,1105,66,5,4.75,3.7957732725812408
16,1105,66,6,7.4,6.730918448317045
16,1105,66,7,6.75,6.5924598076734195
16,1105,66,8,5.45,5.4141627140987225
10,260,35,0,79.9,61.31102759914531
10,260,35,1,15.85,14.474205732230953
10,260,35,2,18.75,18.822928347601696
10,260,35,3,14.65,20.69140426665904
10,260,35,4,6.55,4.740364187652563
10,260,35,5,8.7,8.214877389609404
17,1693,66,0,46.55,47.975295177501735
17,1693,66,1,14.3,19.14790080565381
17,1693,66,2,12.95,16.126065856246527
17,1693,66,3,10.5,15.561423287631571
17,1693,66,4,6.3,7.334848328356899
17,1693,66,5,9.35,9.953973023238932
17,1693,66,6,5.8,5.763770695610552
17,1693,66,7,5.6,5.3646013242757435
17,1693,66,8,8.3,11.716385287729585
18,292,66,0,47.4,34.98480873329542
18,292,66,1,12.65,13.910522333073885
18,292,66,2,15.6,28.976215291710872
18,292,66,3,5.55,4.936171540139606
18,292,66,4,11.8,24.295548650123674
18,292,66,5,5.85,5.659412281184421
18,292,66,6,3.85,2.7582412397834433
18,292,66,7,6.45,14.616051018261434
18,292,66,8,3.2,1.6733200530681511
18,292,66,9,3.1,2.1740091511936384
17,1693,66,0,26.6,36.494267754640155
17,1693,66,1,18.2,25.753078507851814
17,1693,66,2,8.6,11.394366105552708
17,1693,66,3,15.3,27.181843785493054
17,1693,66,4,9.7,12.074767078498866
17,1693,66,5,6.2,7.5015787811984165
17,1693,66,6,4.95,6.117059837261
17,1693,66,7,4.35,3.688888008172938
17,1693,66,8,6.25,9.295584690423842
16,1105,66,0,41.8,22.227531529495955
16,1105,66,1,12.25,10.243740065343117
16,1105,66,2,8.95,6.809242944240146
16,1105,66,3,8.15,9.740177238201518
16,1105,66,4,7.4,5.632611808874608
16,1105,66,5,6.55,6.700157107348893
16,1105,66,6,6.25,6.773594241417803
16,1105,66,7,7.35,6.807696882360822
16,1105,66,8,5.45,4.784569496115392
18,292,66,0,30.2,29.60014224716887
18,292,66,1,9.5,10.07080198552126
18,292,66,2,5.45,10.246822357250691
18,292,66,3,4.15,3.133435981894569
18,292,66,4,5.8,8.817446819859626
18,292,66,5,3.55,2.762054917705485
18,292,66,6,3.35,2.1830688201896455
18,292,66,7,9.7,28.657872988247515
18,292,66,8,4.35,3.631369177770715
18,292,66,9,3.1,2.5110283068684702
10,260,35,0,66.55,37.7379817048805
10,260,35,1,17.3,19.059739877829557
10,260,35,2,15.05,17.464173854524372
10,260,35,3,8.6,8.567994299472279
10,260,35,4,11.1,8.347076387006789
10,260,35,5,10.2,10.986115639392535
18,715,66,0,34.5,36.322386891195414
18,715,66,1,27.05,48.676672247110645
18,715,66,2,20.1,43.373409268570846
18,715,66,3,19.9,46.97244432979605
18,715,66,4,10.85,10.781441169167065
18,715,66,5,10.7,24.05498088261884
18,715,66,6,6.9,6.950198785494897
18,715,66,7,7.2,8.482799934976782
18,715,66,8,6.2,6.978161422760674
18,715,66,9,8.15,11.132101518155785
17,1693,66,0,38.7,38.465432191569235
17,1693,66,1,15.75,35.54222840509581
17,1693,66,2,21.0,31.323440020802984
17,1693,66,3,14.3,26.778034989422522
17,1693,66,4,11.15,18.212994204543545
17,1693,66,5,4.7,4.366137640379291
17,1693,66,6,4.15,3.731445324606313
17,1693,66,7,3.7,5.768334613259386
17,1693,66,8,8.8,17.896191891308227
17,1543,66,0,45.95,33.34741369281882
17,1543,66,1,13.2,14.244481849400305
17,1543,66,2,7.3,6.053272277302409
17,1543,66,3,9.95,10.669558270341398
17,1543,66,4,7.85,8.53028659973885
17,1543,66,5,4.25,4.8436067466083035
17,1543,66,6,6.45,8.85838882820002
17,1543,66,7,4.1,4.037977607403827
17,1543,66,8,15.15,36.663871504305305
18,97,66,0,24.0,38.65093448860073
18,97,66,1,16.9,26.598179597384796
18,97,66,2,5.65,4.416178390752276
18,97,66,3,7.8,11.161965493774405
18,97,66,4,6.8,6.07497021868377
18,97,66,5,6.45,8.425993616248034
18,97,66,6,5.2,6.606217167423267
18,97,66,7,11.05,22.16321038876909
18,97,66,8,11.85,19.04364792564149
18,97,66,9,8.7,17.812177974928456
18,715,66,0,26.15,29.268763662235365
18,715,66,1,16.6,23.138939610876495
18,715,66,2,12.6,15.069662797889848
18,715,66,3,13.0,16.755203433717632
18,715,66,4,5.4,3.4089665049071614
18,715,66,5,7.75,9.770390284721971
18,715,66,6,6.2,6.947926612344601
18,715,66,7,4.35,3.7874446322164577
18,715,66,8,4.45,3.1367935354770364
18,715,66,9,6.4,8.82818453053985
17,1543,66,0,33.8,24.21091532868246
17,1543,66,1,14.65,15.311760186209815
17,1543,66,2,10.35,13.338803702376248
17,1543,66,3,6.2,8.721419488520022
17,1543,66,4,5.95,5.7626291514240355
17,1543,66,5,4.65,4.826189517948699
17,1543,66,6,4.85,5.769931131578426
17,1543,66,7,3.65,4.17101527461272
17,1543,66,8,7.75,13.749162653929531
10,780,35,0,71.85,43.49866906614863
10,780,35,1,19.35,19.288051932956346
10,780,35,2,21.75,16.54300615461346
10,780,35,3,12.15,8.945889970730752
10,780,35,4,11.65,9.223967635858683
10,780,35,5,14.25,17.240939649566666
18,715,66,0,36.1,39.62309268197286
18,715,66,1,23.2,27.079998445152718
18,715,66,2,15.75,24.665925783088746
18,715,66,3,13.7,18.74510462409909
18,715,66,4,8.05,9.052333226417666
18,715,66,5,9.55,14.684309563899184
18,715,66,6,10.2,18.662092171311507
18,715,66,7,12.65,28.956001105124997
18,715,66,8,6.75,8.071228954880741
18,715,66,9,3.85,3.7735227154756243
18,97,66,0,23.85,18.218772851389478
18,97,66,1,22.85,30.42553463613642
18,97,66,2,19.6,36.87589427996789
18,97,66,3,4.6,4.083342284272323
18,97,66,4,9.8,19.6538465499893
18,97,66,5,8.0,8.777962837637634
18,97,66,6,5.9,5.270573722890237
18,97,66,7,3.95,2.8186409565791215
18,97,66,8,3.3,2.38636477557503
18,97,66,9,6.3,6.673592893281936
18,292,66,0,38.1,35.059198057300925
18,292,66,1,18.2,21.842980324893492
18,292,66,2,8.0,12.10480548333899
18,292,66,3,11.85,31.382655283318194
18,292,66,4,5.0,5.785644666804755
18,292,66,5,8.1,15.064423059157066
18,292,66,6,8.45,13.056456358123324
18,292,66,7,3.15,2.3232237130876205
18,292,66,8,2.6,1.6351404253232553
18,292,66,9,3.7,3.686390332589663
18,715,66,0,20.4,20.095561175228934
18,715,66,1,8.3,9.83067165880124
18,715,66,2,4.35,4.016741281974206
18,715,66,3,4.3,4.8133586042005625
18,715,66,4,6.3,10.136437659308749
18,715,66,5,11.65,28.084974443173063
18,715,66,6,3.3,3.1304951684997055
18,715,66,7,3.55,2.9464519251751624
18,715,66,8,3.7,2.9037181246409616
18,715,66,9,3.0,2.8097574347450816
17,1989,66,0,53.75,24.627487851884872
17,1989,66,1,14.5,15.456220004972279
17,1989,66,2,10.15,10.312358451979124
17,1989,66,3,9.45,7.16332031216927
17,1989,66,4,9.6,9.986306413758477
17,1989,66,5,7.4,5.576265492433557
17,1989,66,6,6.9,6.447357679905124
17,1989,66,7,4.85,3.773522715475624
17,1989,66,8,14.35,14.202575748600562
10,780,35,0,60.05,52.847820250821684
10,780,35,1,21.7,29.59036116177379
10,780,35,2,7.9,7.4896419702216255
10,780,35,3,9.0,12.62828904525575
10,780,35,4,8.6,9.708379451738965
10,780,35,5,7.35,13.015274427419985
18,1267,66,0,35.5,43.91798576533549
18,1267,66,1,11.7,14.704456896858822
18,1267,66,2,13.35,23.472884692544156
18,1267,66,3,11.6,17.81601881217545
18,1267,66,4,4.5,4.696022953409339
18,1267,66,5,6.9,7.73848890458052
18,1267,66,6,4.15,4.094604922783663
18,1267,66,7,8.2,18.944795146897068
18,1267,66,8,4.6,6.746539073753611
18,1267,66,9,5.1,6.034113548466707
18,292,66,0,48.45,42.089472367927435
18,292,66,1,14.0,18.139807925635466
18,292,66,2,10.4,21.719261400643294
18,292,66,3,6.45,12.04148530792828
18,292,66,4,3.5,2.2594829403858614
18,292,66,5,3.8,3.036618618064993
18,292,66,6,3.1,2.245463262482353
18,292,66,7,3.15,2.7198103649064636
18,292,66,8,2.8,1.8524521444205841
18,292,66,9,3.6,2.909150717088553
18,292,66,0,31.45,24.869078242499842
18,292,66,1,16.35,21.8734999485679
18,292,66,2,9.65,15.49626440553709
18,292,66,3,12.2,26.112308047718557
18,292,66,4,6.6,8.555699854482976
18,292,66,5,5.45,9.058145505565696
18,292,66,6,3.85,2.7003898354048617
18,292,66,7,9.85,27.114329091925974
18,292,66,8,4.05,4.806519695054559
18,292,66,9,3.45,3.3003189638515087
18,1267,66,0,21.7,23.48594204378889
18,1267,66,1,16.55,30.619008543885386
18,1267,66,2,6.7,10.229472384397834
18,1267,66,3,7.2,10.324217824329866
18,1267,66,4,6.5,15.122308372940811
18,1267,66,5,4.75,8.771214883145651
18,1267,66,6,2.4,1.7290094517412349
18,1267,66,7,2.75,1.831737742662616
18,1267,66,8,2.4,1.4653901941300929
18,1267,66,9,3.9,8.391098039934313
17,1989,66,0,52.1,31.996545866209082
17,1989,66,1,16.55,16.165183509466786
17,1989,66,2,8.35,8.060788782090352
17,1989,66,3,9.3,7.277217513366088
17,1989,66,4,7.3,10.882627391736264
17,1989,66,5,3.65,2.6611236249690506
17,1989,66,6,4.3,3.5703457004963304
17,1989,66,7,4.6,4.627150993407225
17,1989,66,8,10.7,17.717371790361423
18,292,66,0,24.9,23.84136167075592
18,292,66,1,13.4,24.245238273676925
18,292,66,2,7.15,9.831608531455545
18,292,66,3,4.3,3.0625067132042423
18,292,66,4,3.9,3.3387675002989696
18,292,66,5,2.8,2.1908902300206643
18,292,66,6,3.2,2.546411303445653
18,292,66,7,3.1,3.076224617081276
18,292,66,8,2.9,1.9973666874689098
18,292,66,9,2.8,1.8524521444205841
10,422,35,0,86.2,52.286256622356774
10,422,35,1,21.5,26.53399011794018
10,422,35,2,12.0,14.689774459950382
10,422,35,3,9.45,7.3733160432524665
10,422,35,4,11.55,17.78963329109341
10,422,35,5,8.5,7.633030714908518
18,97,66,0,22.7,26.525261048370673
18,97,66,1,21.15,31.12162050983037
18,97,66,2,22.6,28.850613420460267
18,97,66,3,12.65,13.758346748906929
18,97,66,4,12.5,16.49401805440225
18,97,66,5,8.45,11.25061401833134
18,97,66,6,13.05,20.891889637645967
18,97,66,7,7.6,10.60486482208693
18,97,66,8,8.45,11.109384368750213
18,97,66,9,5.15,4.4042443643663365
18,2015,66,0,36.85,34.58517327593308
18,2015,66,1,13.35,21.10443954292681
18,2015,66,2,7.6,8.009205230299235
18,2015,66,3,10.55,19.394722559446286
18,2015,66,4,4.8,3.8196169551684793
18,2015,66,5,5.75,7.1735992580983705
18,2015,66,6,5.5,6.613383559514991
18,2015,66,7,4.45,4.198684004354347
18,2015,66,8,5.0,7.078507127770285
18,2015,66,9,13.75,32.06059230499911
17,1348,66,0,39.1,24.168051986912502
17,1348,66,1,16.95,20.038055898976985
17,1348,66,2,5.65,6.054793664179605
17,1348,66,3,5.45,4.806519695054559
17,1348,66,4,5.0,5.534580286468742
17,1348,66,5,4.55,5.698337707751176
17,1348,66,6,4.3,3.757098544579874
17,1348,66,7,3.5,3.677813996040812
17,1348,66,8,13.35,30.511904492992134
18,97,66,0,51.8,53.42934340642888
18,97,66,1,12.0,10.954451150103324
18,97,66,2,10.45,18.228014875893354
18,97,66,3,7.75,9.335134537975618
18,97,66,4,5.6,6.327883158146799
18,97,66,5,8.7,17.320811941586037
18,97,66,6,9.65,26.894090526789675
18,97,66,7,4.5,4.957715942691862
18,97,66,8,6.1,7.159094326725091
18,97,66,9,4.55,5.8801629050115345
18,97,66,0,32.9,38.40353602140522
18,97,66,1,16.5,22.232029999411587
18,97,66,2,13.35,31.43627639661241
18,97,66,3,5.8,5.136043941441803
18,97,66,4,6.6,9.648561387176082
18,97,66,5,6.25,8.925864251240826
18,97,66,6,4.55,2.964260802504253
18,97,66,7,4.3,3.1970381029288575
18,97,66,8,4.55,4.058454463410788
18,97,66,9,6.0,12.035036570910698
10,422,35,0,54.7,41.50852797602972
10,422,35,1,22.85,28.663703437219034
10,422,35,2,15.4,16.661964248898716
10,422,35,3,12.7,13.780611857167111
10,422,35,4,12.3,14.052907547063553
10,422,35,5,14.3,20.754454182682153
17,1348,66,0,32.35,27.743704833614718
17,1348,66,1,14.6,19.54858993434188
17,1348,66,2,8.55,9.230812246863334
17,1348,66,3,4.5,3.3166247903554003
17,1348,66,4,4.95,4.334379091088268
17,1348,66,5,3.95,2.981963323576917
17,1348,66,6,4.65,4.715874646787224
17,1348,66,7,2.9,1.8035053587243284
17,1348,66,8,17.45,53.1417914639693
18,2015,66,0,32.2,32.20264781529291
18,2015,66,1,35.0,49.760478928140294
18,2015,66,2,9.35,12.799157044611633
18,2015,66,3,6.2,6.321225730571729
18,2015,66,4,5.65,6.037383539249432
18,2015,66,5,5.9,5.646610534321965
18,2015,66,6,5.5,8.475972231145986
18,2015,66,7,7.4,12.521140018721182
18,2015,66,8,3.4,2.7028250327934167
18,2015,66,9,6.3,12.465109200019914
18,97,66,0,38.5,33.06373430687752
18,97,66,1,14.15,16.112352240962277
18,97,66,2,6.3,7.05691150575094
18,97,66,3,7.45,6.89374239513824
18,97,66,4,10.6,26.656489285962465
18,97,66,5,3.2,2.647739850474263
18,97,66,6,5.9,5.210313658605654
18,97,66,7,4.75,4.203695116392119
18,97,66,8,3.8,2.948683916954353
18,97,66,9,7.55,10.287831340190728
18,1267,66,0,30.75,32.75085374540077
18,1267,66,1,11.35,12.90155029444136
18,1267,66,2,11.55,28.10782809112081
18,1267,66,3,7.25,11.266508355578306
18,1267,66,4,6.05,7.014833906575558
18,1267,66,5,5.3,7.363494593708814
18,1267,66,6,9.35,17.568737186143732
18,1267,66,7,3.75,2.971354466976475
18,1267,66,8,8.35,21.592579134605725
18,1267,66,9,5.1,6.239939270959546
17,1743,66,0,36.6,26.22052229597428
17,1743,66,1,17.05,16.226926939341805
17,1743,66,2,10.15,7.534307497951236
17,1743,66,3,9.75,6.137674855478982
17,1743,66,4,7.2,5.032525786270119
17,1743,66,5,6.85,3.9373381336821156
17,1743,66,6,6.3,5.1717858057979
17,1743,66,7,4.85,2.6011131220468307
17,1743,66,8,15.6,25.427709709146665
18,1267,66,0,33.25,43.93880313632395
18,1267,66,1,15.25,16.33812138914128
18,1267,66,2,9.2,15.830018120147889
18,1267,66,3,4.35,4.120232492162753
18,1267,66,4,12.25,25.19372311133323
18,1267,66,5,5.5,7.236602866858978
18,1267,66,6,4.95,3.940010686600522
18,1267,66,7,5.35,7.428784699078521
18,1267,66,8,3.9,3.9590004054718553
18,1267,66,9,4.1,5.014715188428215
19,1345,66,0,34.2,42.64122048218749
19,1345,66,1,22.05,24.581711216182438
19,1345,66,2,11.95,14.151343622278043
19,1345,66,3,10.7,12.595320768569488
19,1345,66,4,19.0,41.52614902241211
19,1345,66,5,5.35,4.380278770268299
19,1345,66,6,6.0,6.121575304652089
19,1345,66,7,5.45,5.13476284493103
19,1345,66,8,5.9,8.005918863072823
19,1345,66,9,8.7,16.245161222896336
18,1267,66,0,21.4,29.23120178669938
18,1267,66,1,9.2,16.015124430559876
18,1267,66,2,12.95,24.637316583204683
18,1267,66,3,7.1,7.077763548049996
18,1267,66,4,6.05,6.468343967679094
18,1267,66,5,14.35,29.092004689297458
18,1267,66,6,9.85,13.853652378002213
18,1267,66,7,5.75,6.528278567327804
18,1267,66,8,4.95,4.273233707134385
18,1267,66,9,4.85,5.714938872445573
11,647,35,0,87.0,65.92419889539804
11,647,35,1,28.35,31.32558228131056
11,647,35,2,18.3,25.524188733950304
11,647,35,3,12.75,16.421664124916784
11,647,35,4,10.85,12.368359462332654
11,647,35,5,18.94736842105263,26.582102759836417
17,1743,66,0,36.65,23.353744205609786
17,1743,66,1,13.3,20.693502667059022
17,1743,66,2,8.25,8.340610857346375
17,1743,66,3,5.2,3.847076812334269
17,1743,66,4,8.1,8.064868583130037
17,1743,66,5,5.55,6.41933756215095
17,1743,66,6,5.65,3.6458339598996954
17,1743,66,7,5.75,4.843606746608303
17,1743,66,8,17.15,27.203473075481025
19,1345,66,0,29.0,26.24981202940218
19,1345,66,1,10.55,21.402102700435766
19,1345,66,2,5.75,4.540751155109866
19,1345,66,3,5.75,5.618344015248995
19,1345,66,4,4.55,4.186129980127984
19,1345,66,5,3.5,3.2686710642577346
19,1345,66,6,5.1,4.66679197826741
19,1345,66,7,4.1,3.4320471104606143
19,1345,66,8,3.95,3.5463101654358553
19,1345,66,9,8.75,20.675118532085605
18,1267,66,0,35.85,35.88325368102567
18,1267,66,1,12.45,16.90990055683667
18,1267,66,2,10.05,19.74435295683833
18,1267,66,3,9.7,22.076660693329984
18,1267,66,4,4.3,3.3419187681078633
18,1267,66,5,3.9,2.731878089288913
18,1267,66,6,3.8,3.5777087639996634
18,1267,66,7,8.05,13.690084771564841
18,1267,66,8,10.85,22.66059645240935
18,1267,66,9,4.7,5.813776741499454
18,2015,66,0,33.8,29.38778836971503
18,2015,66,1,17.95,28.720934964989524
18,2015,66,2,11.0,17.378147196982766
18,2015,66,3,6.85,6.046094868416699
18,2015,66,4,10.9,19.928556606564676
18,2015,66,5,4.75,5.456767888546634
18,2015,66,6,5.3,5.813776741499453
18,2015,66,7,4.55,3.940010686600522
18,2015,66,8,8.3,18.504906888373377
18,2015,66,9,3.6,3.965641913924363
11,647,35,0,44.65,39.24588479935458
11,647,35,1,21.8,40.238237902195515
11,647,35,2,7.75,7.290043679025885
11,647,35,3,10.65,11.726151609925031
11,647,35,4,8.15,9.658783839757358
11,647,35,5,15.9,30.06641770620854
17,1693,66,0,37.4,22.68642070073034
17,1693,66,1,16.1,14.018408949438028
17,1693,66,2,9.85,10.069626031837164
17,1693,66,3,8.4,6.953984090925295
17,1693,66,4,5.45,5.155222186237339
17,1693,66,5,5.7,4.168806468093842
17,1693,66,6,5.2,4.719500419591709
17,1693,66,7,4.6,5.3646013242757435
17,1693,66,8,9.8,20.676964044686617
18,2015,66,0,35.25,33.76992589178783
18,2015,66,1,19.25,26.019982199921095
18,2015,66,2,12.15,10.3886324514118
18,2015,66,3,10.1,12.652854889000556
18,2015,66,4,12.95,20.71733319558389
18,2015,66,5,6.55,5.576973334968294
18,2015,66,6,5.6,4.222745427724529
18,2015,66,7,4.7,3.495862215760076
18,2015,66,8,6.75,6.896795594599293
18,2015,66,9,3.85,2.412140346794021
19,1450,66,0,28.6,22.753600062176396
19,1450,66,1,13.3,19.510051390582184
19,1450,66,2,9.65,7.988643254810643
19,1450,66,3,18.55,27.89166070426975
19,1450,66,4,9.55,12.72988609532701
19,1450,66,5,15.7,34.28687028126379
19,1450,66,6,6.5,8.036102747502737
19,1450,66,7,5.55,5.623961892511457
19,1450,66,8,6.2,7.11262776224164
19,1450,66,9,10.65,13.095901327474463
18,2015,66,0,50.6,53.53346223575838
18,2015,66,1,15.85,18.71468604289718
18,2015,66,2,8.65,11.079972449139222
18,2015,66,3,5.35,4.771350906576061
18,2015,66,4,13.0,28.230256258508398
18,2015,66,5,7.55,10.013017842578202
18,2015,66,6,3.45,2.8372521918222215
18,2015,66,7,5.5,11.473080621496932
18,2015,66,8,2.4,2.087557121815378
18,2015,66,9,2.55,1.9861361590045288
17,1693,66,0,32.7,28.103380579567286
17,1693,66,1,13.65,13.681624249527655
17,1693,66,2,10.6,15.44566026599807
17,1693,66,3,5.75,4.632550735371332
17,1693,66,4,4.55,3.18673236370655
17,1693,66,5,5.7,4.437875262116463
17,1693,66,6,4.3,3.3732695368768053
17,1693,66,7,4.85,4.463595435355485
17,1693,66,8,12.2,16.465594112381254
19,1450,66,0,22.95,23.14138466493581
19,1450,66,1,19.55,26.529973118799244
19,1450,66,2,8.75,12.28552850008154
19,1450,66,3,6.25,6.060006948059244
19,1450,66,4,7.75,7.538497686437335
19,1450,66,5,6.25,6.414416329028329
19,1450,66,6,8.65,10.494484767072455
19,1450,66,7,7.95,12.651086909827155
19,1450,66,8,8.25,13.56029420578213
19,1450,66,9,6.1,6.3652014480049415
11,445,35,0,60.95,54.80921455375911
11,445,35,1,25.75,29.009753350790216
11,445,35,2,17.65,28.366538849774912
11,445,35,3,10.5,11.664160131743193
11,445,35,4,11.95,17.539354246049683
11,445,35,5,18.2,26.307093299996808
19,1345,66,0,25.2,31.5938035230428
19,1345,66,1,21.25,38.59762059751189
19,1345,66,2,8.25,10.145649832628553
19,1345,66,3,5.05,5.977809843606251
19,1345,66,4,4.4,4.903274952840999
19,1345,66,5,6.35,15.492867628958207
19,1345,66,6,7.9,16.071878022119716
19,1345,66,7,4.1,4.339536720361797
19,1345,66,8,3.15,2.4978938496682614
19,1345,66,9,2.6,1.9574419397183715
18,2015,66,0,31.8,35.42909895314272
18,2015,66,1,21.4,38.14708376796318
18,2015,66,2,8.2,8.23727088172699
18,2015,66,3,13.05,12.713337381208015
18,2015,66,4,4.85,3.602265369107846
18,2015,66,5,7.6,8.146035522684768
18,2015,66,6,8.75,12.867237056714398
18,2015,66,7,13.95,38.15684390567576
18,2015,66,8,14.15,32.26090187012267
18,2015,66,9,4.35,5.12244801674068
18,715,66,0,43.05,23.98788071198937
18,715,66,1,12.8,11.260550608207398
18,715,66,2,10.45,12.601065117888375
18,715,66,3,6.0,4.255027985559524
18,715,66,4,5.0,4.6791812149248155
18,715,66,5,4.3,3.826500393722428
18,715,66,6,4.7,4.117996446919558
18,715,66,7,4.6,3.761298767853018
18,715,66,8,4.85,5.6964901474504455
18,715,66,9,4.1,3.3229663349420036
19,1345,66,0,21.0,22.824271476238902
19,1345,66,1,16.9,25.453569701052068
19,1345,66,2,9.65,16.365158754275242
19,1345,66,3,8.3,16.534175134200712
19,1345,66,4,5.0,5.525062514530824
19,1345,66,5,4.0,2.6157418189029844
19,1345,66,6,4.35,4.439950213092129
19,1345,66,7,3.9,3.6977945062599566
19,1345,66,8,4.4,5.73447561040378
19,1345,66,9,11.65,32.97251646607009
19,1345,66,0,33.7,26.119361642880538
19,1345,66,1,11.4,13.507892429788477
19,1345,66,2,5.4,4.97784565534339
19,1345,66,3,5.3,5.629807886784882
19,1345,66,4,4.15,3.2971279367927093
19,1345,66,5,5.75,6.695442283256653
19,1345,66,6,5.0,4.931104285419668
19,1345,66,7,10.85,24.615517142861865
19,1345,66,8,4.95,6.030405415366715
19,1345,66,9,6.65,7.915840215402877
19,1424,66,0,25.9,25.03240005735724
19,1424,66,1,18.7,27.008965373118535
19,1424,66,2,15.95,25.82425420536202
19,1424,66,3,12.65,23.08171981187026
19,1424,66,4,6.4,6.540561701293021
19,1424,66,5,5.4,4.946024453511814
19,1424,66,6,3.95,3.18673236370655
19,1424,66,7,4.85,4.307582054690861
19,1424,66,8,4.75,4.505844158306784
19,1424,66,9,10.9,19.128100023952083
18,715,66,0,30.3,19.870899113501313
18,715,66,1,10.4,11.577655430317398
18,715,66,2,7.6,8.84010002324932
18,715,66,3,5.55,3.8590290570502175
18,715,66,4,6.0,4.801315609179152
18,715,66,5,5.25,5.108043193157033
18,715,66,6,4.6,2.9982451007565283
18,715,66,7,5.1,4.266145801540309
18,715,66,8,3.95,3.068944615438926
18,715,66,9,5.45,4.13553280472388
19,1345,66,0,20.1,17.82044951881494
19,1345,66,1,7.55,7.687823591820209
19,1345,66,2,4.75,3.193331868292526
19,1345,66,3,3.9,3.9590004054718553
19,1345,66,4,4.1,3.654845377966365
19,1345,66,5,3.6,3.234680493454777
19,1345,66,6,3.7,3.3888361610316586
19,1345,66,7,6.8,15.442933999933942
19,1345,66,8,2.85,1.6944180805158293
19,1345,66,9,3.75,5.972524812135897
19,1424,66,0,31.3,39.66053321296679
19,1424,66,1,8.8,10.024181289577507
19,1424,66,2,5.45,5.520059114862716
19,1424,66,3,7.9,13.939342278525725
19,1424,66,4,7.75,16.133896974350225
19,1424,66,5,3.85,3.8289066736849926
19,1424,66,6,5.75,8.860765085179542
19,1424,66,7,3.7,3.404331606088121
19,1424,66,8,3.5,4.045790534942656
19,1424,66,9,8.5,10.252085795480584
19,1450,66,0,41.9,44.87632126775006
19,1450,66,1,5.3,4.646447426175242
19,1450,66,2,5.25,4.470664615609535
19,1450,66,3,12.5,41.3629633469618
19,1450,66,4,2.85,1.8715318802914818
19,1450,66,5,7.65,20.409685523248385
19,1450,66,6,3.0,1.8918106058538344
19,1450,66,7,3.35,2.4338619949632143
19,1450,66,8,4.55,5.77175518319487
19,1450,66,9,3.45,3.170173496829472
19,1450,66,0,26.25,20.79695068741417
19,1450,66,1,11.05,12.979639926884682
19,1450,66,2,9.0,16.568835679958735
19,1450,66,3,9.3,14.650669106329508
19,1450,66,4,4.9,6.874054958970532
19,1450,66,5,3.4,3.2991226904005537
19,1450,66,6,5.8,6.771457123762017
19,1450,66,7,2.75,2.6729640555206244
19,1450,66,8,2.85,2.5603248149199227
19,1450,66,9,10.05,27.14187869229705
18,292,66,0,44.2,24.729270957819665
18,292,66,1,12.25,12.63193530199091
18,292,66,2,7.35,8.286164753116456
18,292,66,3,7.6,7.228598175230614
18,292,66,4,10.35,11.613399701705738
18,292,66,5,5.8,6.740295167673922
18,292,66,6,6.25,10.582383573905414
18,292,66,7,5.95,6.984757841562093
18,292,66,8,6.55,8.146520083672797
18,292,66,9,5.9,12.785271131060805
11,445,35,0,76.15,59.84477728608448
11,445,35,1,32.1,38.755508946267376
11,445,35,2,21.05,28.503877852523487
11,445,35,3,16.75,28.605989435412777
11,445,35,4,14.2,15.622520855954612
11,445,35,5,38.2,78.3518380532058
19,1450,66,0,29.65,37.08209242946477
19,1450,66,1,12.75,17.73451882332128
19,1450,66,2,5.05,3.017056774233354
19,1450,66,3,9.2,16.735087627339656
19,1450,66,4,6.9,8.74131147573346
19,1450,66,5,3.95,2.282081229238369
19,1450,66,6,6.35,8.934115571931649
19,1450,66,7,3.0,3.2281655210938216
19,1450,66,8,4.1,2.9361629095775577
19,1450,66,9,3.15,2.2307657406087453
19,160,66,0,27.75,21.36616853567192
19,160,66,1,9.55,14.97884473094251
19,160,66,2,7.8,8.888786549118473
19,160,66,3,12.95,23.136835520328546
19,160,66,4,11.65,18.16669885720631
19,160,66,5,6.3,10.804969616850048
19,160,66,6,4.0,4.116718161479193
19,160,66,7,10.0,19.94729898613106
19,160,66,8,4.2,4.431941477857971
19,160,66,9,15.15,24.531987710999523
19,1450,66,0,21.9,26.814960474764046
19,1450,66,1,10.3,18.896114888906048
19,1450,66,2,7.95,17.30979339473528
19,1450,66,3,9.95,23.32036607097347
19,1450,66,4,6.45,15.58161872544901
19,1450,66,5,2.95,2.0894471693929497
19,1450,66,6,2.75,1.6181535936466536
19,1450,66,7,3.55,3.6774562146307486
19,1450,66,8,4.8,8.805500673173738
19,1450,66,9,3.0,1.9466570535691503
18,292,66,0,35.5,24.280163009944427
18,292,66,1,9.7,11.585380987761212
18,292,66,2,6.5,7.06734521733958
18,292,66,3,4.9,4.919349550499537
18,292,66,4,5.3,5.037752213876845
18,292,66,5,3.5,4.211513042276274
18,292,66,6,4.8,4.4556292012405345
18,292,66,7,5.6,6.116414498363357
18,292,66,8,4.3,5.400779670809722
18,292,66,9,4.8,5.166694963137002
19,160,66,0,25.65,28.409181243875512
19,160,66,1,9.85,10.624078907443176
19,160,66,2,7.45,8.016266357587519
19,160,66,3,7.0,9.717049584703114
19,160,66,4,6.9,7.75886589650833
19,160,66,5,6.8,9.09945053286186
19,160,66,6,4.65,4.183614654691247
19,160,66,7,4.7,4.437875262116463
19,160,66,8,4.25,3.596416344962828
19,160,66,9,4.9,4.541040919390503
11,654,35,0,58.7,64.51690924825343
11,654,35,1,15.0,17.876771167311535
11,654,35,2,9.2,13.759589957170732
11,654,35,3,10.05,12.487783503973203
11,654,35,4,10.2,12.25432254564207
11,654,35,5,17.1,34.14504664700747
19,1424,66,0,18.55,20.239292165696437
19,1424,66,1,15.2,23.06649426971374
19,1424,66,2,6.45,6.270020565734761
19,1424,66,3,5.8,6.428554720111954
19,1424,66,4,4.2,5.754632001586566
19,1424,66,5,3.2,3.5033818248267368
19,1424,66,6,4.15,4.648429276308515
19,1424,66,7,3.05,3.017056774233353
19,1424,66,8,3.85,5.274317117185085
19,1424,66,9,18.4,35.53856319104939
19,1424,66,0,44.8,50.08582108425708
19,1424,66,1,13.9,19.144602097554397
19,1424,66,2,12.45,19.244889957432445
19,1424,66,3,4.65,5.441313695868132
19,1424,66,4,6.7,6.86792698364154
19,1424,66,5,6.4,7.956460466683331
19,1424,66,6,3.7,3.9483507549621937
19,1424,66,7,9.85,27.218946574611937
19,1424,66,8,4.85,9.675117298350553
19,1424,66,9,14.6,21.276129446178086
18,97,66,0,39.1,24.37189926296698
18,97,66,1,14.35,17.22077998111278
18,97,66,2,10.9,10.764952880821902
18,97,66,3,6.55,6.345118305893868
18,97,66,4,6.1,5.077297250350924
18,97,66,5,6.7,5.322247249938101
18,97,66,6,5.2,4.75283848707386
18,97,66,7,4.55,4.673272267288792
18,97,66,8,5.7,6.09659093696072
18,97,66,9,4.55,3.734265234568276
19,963,66,0,24.1,25.8169670851106
19,963,66,1,6.7,8.13116163126058
19,963,66,2,4.35,3.4834193727307357
19,963,66,3,6.65,12.398111061558403
19,963,66,4,5.15,9.183939070034452
19,963,66,5,5.05,13.55097588251197
19,963,66,6,5.55,11.023778127780252
19,963,66,7,2.7,2.903718124640961
19,963,66,8,4.25,6.827768380124767
19,963,66,9,12.75,22.55957026466408
19,1424,66,0,28.65,40.8634117647148
19,1424,66,1,6.7,11.09812691640493
19,1424,66,2,6.8,7.105224171433001
19,1424,66,3,8.05,18.08597886703806
19,1424,66,4,5.65,6.698585868045504
19,1424,66,5,4.05,3.5463101654358553
19,1424,66,6,3.4,2.500526260399472
19,1424,66,7,3.0,3.4943563521469123
19,1424,66,8,3.15,3.065512750104398
19,1424,66,9,9.4,14.961001936614018
19,1424,66,0,22.05,25.893455787738706
19,1424,66,1,11.4,27.821612197411525
19,1424,66,2,8.0,19.59054551778001
19,1424,66,3,3.8,4.287067455548263
19,1424,66,4,8.65,17.26656336757016
19,1424,66,5,3.4,3.2183683345512373
19,1424,66,6,3.4,2.9091507170885533
19,1424,66,7,3.1,2.731878089288913
19,1424,66,8,3.95,6.668661982105476
19,1424,66,9,5.6,11.740169459908508
18,97,66,0,42.65,26.608813340102582
18,97,66,1,11.35,8.536454336056565
18,97,66,2,7.7,6.061960773631962
18,97,66,3,8.4,8.616996668152273
18,97,66,4,6.2,4.274773001052374
18,97,66,5,6.4,5.706874893725249
18,97,66,6,5.45,3.3946552417773317
18,97,66,7,4.35,3.1501879643167827
18,97,66,8,6.95,7.323178774850512
18,97,66,9,4.6,4.627150993407225
19,160,66,0,24.75,31.97511367824737
19,160,66,1,10.9,19.29521347790417
19,160,66,2,14.95,29.036229637798144
19,160,66,3,16.35,31.7975090053823
19,160,66,4,5.75,6.60840772286176
19,160,66,5,5.1,5.910739556541394
19,160,66,6,4.7,5.6670794483299956
19,160,66,7,3.6,2.603641175051019
19,160,66,8,2.9,2.221900561515559
19,160,66,9,3.65,4.183614654691248
11,654,35,0,73.05,63.12266671039476
11,654,35,1,20.9,35.81369923132179
11,654,35,2,12.1,19.692103680623383
11,654,35,3,12.7,15.352352811282879
11,654,35,4,11.2,14.277696998428961
11,654,35,5,25.7,60.47017533679854
19,963,66,0,30.85,26.103589186566904
19,963,66,1,7.55,5.799047108656822
19,963,66,2,14.6,41.91645826741819
19,963,66,3,7.95,12.89012269755004
19,963,66,4,4.15,3.09966042282733
19,963,66,5,8.95,25.10079680010179
19,963,66,6,8.3,17.764838127160367
19,963,66,7,3.75,3.4316637057662986
19,963,66,8,4.95,6.762707337029734
19,963,66,9,12.9,22.39807322540326
19,160,66,0,30.0,34.64709298962294
19,160,66,1,22.15,46.85169771681031
19,160,66,2,5.0,4.518965880771723
19,160,66,3,4.2,3.2863353450309964
19,160,66,4,5.05,6.613184597931301
19,160,66,5,6.75,13.423761336564825
19,160,66,6,3.75,2.5105042479444974
19,160,66,7,6.25,13.134426439503814
19,160,66,8,7.95,23.363207692528235
19,160,66,9,6.75,9.951857800642578
18,1267,66,0,32.55,24.694928096356353
18,1267,66,1,11.35,10.444212701174198
18,1267,66,2,8.6,11.47262187259647
18,1267,66,3,5.9,5.320269086981853
18,1267,66,4,4.9,4.621460238587162
18,1267,66,5,6.5,6.739514272674177
18,1267,66,6,3.5,3.605551275463989
18,1267,66,7,5.45,6.8323918906462335
18,1267,66,8,4.3,3.867543760171577
18,1267,66,9,5.35,7.278483069257885
19,160,66,0,22.75,24.992367255876978
19,160,66,1,9.35,16.82189988644189
19,160,66,2,4.55,6.605221220248498
19,160,66,3,4.1,5.330152560273437
19,160,66,4,3.9,7.1000370643954716
19,160,66,5,6.25,17.98208172481414
19,160,66,6,2.45,4.418561328139095
19,160,66,7,3.8,6.509911471627018
19,160,66,8,2.55,3.7623480910057667
19,160,66,9,1.5,1.2354415362426845
19,160,66,0,41.35,42.46642636743823
19,160,66,1,15.15,26.020791282114548
19,160,66,2,11.4,14.288014852352747
19,160,66,3,6.25,7.055233220062515
19,160,66,4,4.85,4.283075628809893
19,160,66,5,3.5,2.6056618514708556
19,160,66,6,5.9,9.340911710264015
19,160,66,7,6.05,9.173617779147698
19,160,66,8,7.75,14.657044291685176
19,160,66,9,9.15,14.139437195678134
20,1852,66,0,36.1,36.06850207737027
20,1852,66,1,14.65,18.351179511783002
20,1852,66,2,14.25,20.731047146477522
20,1852,66,3,13.9,19.94175729996046
20,1852,66,4,23.45,33.761508759002616
20,1852,66,5,8.0,7.398435111918139
20,1852,66,6,8.4,13.204464954584193
20,1852,66,7,5.7,4.485062928620312
20,1852,66,8,4.6,2.5214866124653734
20,1852,66,9,5.2,4.719500419591709
20,1852,66,10,10.45,28.27957231865991
19,963,66,0,27.6,32.78221597467942
19,963,66,1,9.2,10.496114569336196
19,963,66,2,8.5,10.338991094014215
19,963,66,3,7.1,7.311850510967578
19,963,66,4,9.55,15.574861661969063
19,963,66,5,5.65,5.0395801830165015
19,963,66,6,4.4,4.005259699839437
19,963,66,7,13.55,32.153374219266794
19,963,66,8,6.2,7.302486959212846
19,963,66,9,13.85,23.786938034405175
18,1267,66,0,40.55,25.288805511738317
18,1267,66,1,16.85,22.067539867177626
18,1267,66,2,9.25,8.302662857560566
18,1267,66,3,10.6,21.61724457829662
18,1267,66,4,6.95,6.117059837261
18,1267,66,5,7.85,9.718538984847465
18,1267,66,6,5.15,4.568484719420538
18,1267,66,7,6.25,5.437443284640697
18,1267,66,8,4.0,3.3717089216940983
18,1267,66,9,5.75,6.086006382202579
19,963,66,0,17.25,11.396559961118461
19,963,66,1,6.35,6.706438383335351
19,963,66,2,3.45,3.1867323637065503
19,963,66,3,3.95,4.593760069806364
19,963,66,4,2.65,2.8704483420208984
19,963,66,5,2.1,1.7137217117324381
19,963,66,6,2.2,1.9358120830939742
19,963,66,7,1.8,0.7677718959499145
19,963,66,8,2.45,2.305028827311459
19,963,66,9,5.0,6.374290466190603
19,963,66,0,23.0,30.705734077907305
19,963,66,1,5.05,4.006245124802026
19,963,66,2,5.55,3.8997300851266745
19,963,66,3,4.95,5.236260216283333
19,963,66,4,7.4,12.136937964655448
19,963,66,5,4.2,3.8058127287500354
19,963,66,6,4.8,3.968295404963274
19,963,66,7,3.9,3.58211933739908
19,963,66,8,5.7,8.072696021319741
19,963,66,9,18.25,33.28801744266483
11,471,35,0,85.15,79.68310591600364
11,471,35,1,16.25,15.989717090417171
11,471,35,2,21.45,22.288715577737158
11,471,35,3,15.85,19.153878266073917
11,471,35,4,10.45,12.738152390193386
11,471,35,5,40.55,78.45915799754806
20,1852,66,0,48.2,49.38527374792909
20,1852,66,1,8.8,11.119447165356643
20,1852,66,2,9.45,14.33242551184661
20,1852,66,3,12.9,18.7136313953225
20,1852,66,4,4.2,3.981536333998142
20,1852,66,5,3.45,2.799906013460189
20,1852,66,6,3.7,3.465620624908253
20,1852,66,7,5.5,7.930620205387802
20,1852,66,8,6.0,13.373186055056511
20,1852,66,9,3.0,3.077935056255462
20,1852,66,10,2.1,1.9166857359844662
18,2015,66,0,39.7,26.950441847759635
18,2015,66,1,13.55,10.951928453112961
18,2015,66,2,10.4,8.009205230299235
18,2015,66,3,8.35,5.824404193608674
18,2015,66,4,6.0,7.483314773547883
18,2015,66,5,5.0,4.553772293962792
18,2015,66,6,5.55,3.3791154245795716
18,2015,66,7,4.7,4.105195680956921
18,2015,66,8,4.25,3.4773704523904114
18,2015,66,9,4.9,3.8099592482970484
19,963,66,0,22.8,24.010085600145533
19,963,66,1,7.75,7.239329715991813
19,963,66,2,6.65,7.562198232343765
19,963,66,3,6.25,7.9991775893064885
19,963,66,4,5.7,6.744198286402601
19,963,66,5,4.25,4.203695116392119
19,963,66,6,5.3,9.050152659369605
19,963,66,7,3.65,2.7582412397834433
19,963,66,8,3.35,2.5188761069384222
19,963,66,9,10.6,29.193366225547667
20,1852,66,0,47.25,40.31830588546205
20,1852,66,1,16.55,23.50022396309851
20,1852,66,2,5.2,5.346912537550108
20,1852,66,3,7.55,19.741687124618196
20,1852,66,4,9.6,18.89973544788392
20,1852,66,5,5.0,6.617361534948089
20,1852,66,6,3.4,3.4853075073876383
20,1852,66,7,3.85,5.0915306353322
20,1852,66,8,9.6,29.608675826698605
20,1852,66,9,3.0,3.2118202741878643
20,1852,66,10,3.15,3.1334359818945687
18,2015,66,0,31.55,21.456136406018775
18,2015,66,1,12.3,13.638567604986584
18,2015,66,2,7.55,9.202259447949096
18,2015,66,3,6.0,3.6706517419289884
18,2015,66,4,4.9,4.3877820797012435
18,2015,66,5,5.7,4.402152583500605
18,2015,66,6,4.5,3.605551275463989
18,2015,66,7,5.0,4.645314560761311
18,2015,66,8,4.3,3.246050231475656
18,2015,66,9,3.6,2.392972166464475
20,617,66,0,31.7,40.619025876526074
20,617,66,1,12.75,13.34117094205989
20,617,66,2,8.85,9.085992689733727
20,617,66,3,10.45,21.8161577011651
20,617,66,4,7.6,12.04552766972478
20,617,66,5,8.1,20.18310914445151
20,617,66,6,3.7,2.3642067769572366
20,617,66,7,8.0,15.596895777517295
20,617,66,8,4.3,4.425999738387987
20,617,66,9,3.85,3.483419372730735
20,617,66,10,5.4,9.864343017043494
20,1852,66,0,39.1,45.064748739423464
20,1852,66,1,13.2,18.440801443937758
20,1852,66,2,5.85,4.614336925621913
20,1852,66,3,7.7,9.19439188338539
20,1852,66,4,5.5,6.3287148441802445
20,1852,66,5,12.1,19.210468637260202
20,1852,66,6,12.4,24.177849802094304
20,1852,66,7,9.65,13.433167906342867
20,1852,66,8,7.05,10.379509165963283
20,1852,66,9,3.65,2.6212692787233722
20,1852,66,10,5.2,7.215480434090085
11,471,35,0,67.2,53.86982360038727
11,471,35,1,25.95,32.64236027327875
11,471,35,2,20.8,39.747360057983066
11,471,35,3,10.0,11.534844237307558
11,471,35,4,11.7,14.988065427638015
11,471,35,5,32.25,55.68697759516322
20,1852,66,0,36.9,43.43403952516602
20,1852,66,1,14.4,16.030891231750356
20,1852,66,2,14.75,22.761636700008154
20,1852,66,3,7.8,11.04345483699925
20,1852,66,4,6.9,7.859958483886608
20,1852,66,5,10.45,20.87928966325496
20,1852,66,6,5.45,5.384920465619954
20,1852,66,7,9.35,25.060505728504783
20,1852,66,8,7.05,13.200777489064404
20,1852,66,9,4.7,4.974672694866731
20,1852,66,10,4.75,4.876096367943694
20,617,66,0,36.75,32.315671609591334
20,617,66,1,9.9,8.084422968699874
20,617,66,2,16.7,24.908464002169392
20,617,66,3,9.65,16.490108677947706
20,617,66,4,4.5,3.8182387783402247
20,617,66,5,3.45,2.5848750351551657
20,617,66,6,3.75,2.712058841156426
20,617,66,7,3.25,2.8261001583919767
20,617,66,8,6.85,14.35004126163149
20,617,66,9,2.7,1.949358868961793
20,617,66,10,3.05,2.4596747752497685
19,1345,66,0,47.75,35.73274335071995
19,1345,66,1,15.0,18.246845437528446
19,1345,66,2,7.9,8.890562707903134
19,1345,66,3,7.85,9.466144660675859
19,1345,66,4,8.25,8.741160949029718
19,1345,66,5,4.65,5.3633748212934185
19,1345,66,6,4.65,4.944694126030447
19,1345,66,7,3.45,3.1701734968294715
19,1345,66,8,4.6,5.528871589450381
19,1345,66,9,18.0,36.641937434412064
20,1852,66,0,42.35,46.04034272129974
20,1852,66,1,18.35,27.67722795672321
20,1852,66,2,13.15,29.392578726789633
20,1852,66,3,11.2,18.967007365977707
20,1852,66,4,10.8,17.695078114370794
20,1852,66,5,7.55,7.883860929639407
20,1852,66,6,4.65,4.380278770268299
20,1852,66,7,4.3,5.458937625582473
20,1852,66,8,4.65,5.163383223797114
20,1852,66,9,3.7,3.147262804071935
20,1852,66,10,6.35,12.946346771844254
19,1345,66,0,48.6,40.273277022180146
19,1345,66,1,5.75,4.4824218078130365
19,1345,66,2,7.25,9.77039028472197
19,1345,66,3,5.75,7.304468711541911
19,1345,66,4,5.35,7.0731144037418945
19,1345,66,5,3.95,4.322219215561425
19,1345,66,6,4.05,4.925497570376974
19,1345,66,7,4.4,5.519343973221531
19,1345,66,8,3.55,3.3791154245795716
19,1345,66,9,5.2,5.540283101259832
20,1235,66,0,26.7,29.05185925746904
20,1235,66,1,16.15,26.258382120362008
20,1235,66,2,6.95,6.030405415366716
20,1235,66,3,10.55,15.66583611086978
20,1235,66,4,11.0,23.31252204740033
20,1235,66,5,5.95,6.012924675887328
20,1235,66,6,5.35,9.056983348136457
20,1235,66,7,6.3,11.585380987761212
20,1235,66,8,4.15,4.51051403302387
20,1235,66,9,4.85,6.953037957763876
20,1235,66,10,2.75,1.9701723141310306
20,617,66,0,46.25,38.91539405860927
20,617,66,1,11.65,19.331662057224587
20,617,66,2,18.85,42.87837757142748
20,617,66,3,12.55,16.401139241560408
20,617,66,4,11.55,25.485754534848017
20,617,66,5,6.5,7.214750971374367
20,617,66,6,6.65,10.815558967962483
20,617,66,7,4.55,3.103054522308793
20,617,66,8,5.0,4.888224303579498
20,617,66,9,15.05,46.374306634056246
20,617,66,10,9.8,20.296745914969772
11,560,35,0,88.75,97.46679596554651
11,560,35,1,24.95,30.142599685320338
11,560,35,2,13.05,12.067681938484336
11,560,35,3,7.894736842105263,11.32300871304926
11,560,35,4,10.0,14.723375216905184
11,560,35,5,25.94736842105263,52.650286149069956
20,1235,66,0,21.0,22.888746947836733
20,1235,66,1,12.35,13.6662280631374
20,1235,66,2,17.25,27.287697247159414
20,1235,66,3,13.25,21.937410968480304
20,1235,66,4,5.2,6.2374083686972694
20,1235,66,5,8.8,15.230163976032632
20,1235,66,6,4.25,4.265837364580679
20,1235,66,7,3.45,3.268268493769816
20,1235,66,8,4.3,5.506933428821678
20,1235,66,9,2.85,2.4978938496682614
20,1235,66,10,3.35,3.1165939573093
19,1450,66,0,38.25,29.49375491434362
19,1450,66,1,12.55,15.496943671508095
19,1450,66,2,9.0,8.316122578271806
19,1450,66,3,7.15,9.09757052589779
19,1450,66,4,5.3,5.202226244093661
19,1450,66,5,5.05,6.5732712356057625
19,1450,66,6,5.55,6.20250373894115
19,1450,66,7,5.1,5.618578205616753
19,1450,66,8,3.75,3.1098316082352344
19,1450,66,9,9.15,16.287790066892374
20,617,66,0,33.65,39.153241446775176
20,617,66,1,12.1,15.64373087819762
20,617,66,2,12.15,19.296236338781334
20,617,66,3,3.75,3.3066917797574953
20,617,66,4,5.05,4.006245124802026
20,617,66,5,8.2,12.365486773996999
20,617,66,6,5.55,4.989198859852942
20,617,66,7,3.75,3.4924731095675785
20,617,66,8,4.15,5.1735664172487645
20,617,66,9,3.95,4.346504948019488
20,617,66,10,2.3,1.3803127029389888
20,617,66,0,51.8,92.25627920435322
20,617,66,1,20.85,23.086279817014123
20,617,66,2,11.789473684210526,15.046516567588442
20,617,66,3,8.736842105263158,10.137072255741728
20,617,66,4,7.421052631578948,7.9184439371611965
20,617,66,5,4.7368421052631575,3.1595025146929188
20,617,66,6,3.9473684210526314,2.460209661583209
20,617,66,7,4.473684210526316,2.6324559942007593
20,617,66,8,4.578947368421052,4.140796883500729
20,617,66,9,3.1578947368421053,1.9794263449218716
20,617,66,10,2.9473684210526314,2.172394587917682
19,1450,66,0,34.75,22.416805256207603
19,1450,66,1,10.8,14.166676986580347
19,1450,66,2,6.15,7.442940844924983
19,1450,66,3,4.1,2.4899799195977463
19,1450,66,4,5.3,5.3123490690634165
19,1450,66,5,4.5,4.696022953409339
19,1450,66,6,3.7,3.1136372367546707
19,1450,66,7,4.35,3.616846547390202
19,1450,66,8,2.8,1.935812083093974
19,1450,66,9,2.9,2.0235456115702615
20,1235,66,0,30.45,35.12754954223402
20,1235,66,1,13.9,25.5279001136115
20,1235,66,2,6.75,7.972815655318027
20,1235,66,3,6.2,8.941917844447136
20,1235,66,4,9.6,28.008269455550746
20,1235,66,5,4.45,7.38757847941216
20,1235,66,6,4.6,6.116414498363357
20,1235,66,7,3.1,2.918182563460383
20,1235,66,8,3.1,2.245463262482353
20,1235,66,9,2.8,1.9084300519426678
20,1235,66,10,2.3,1.9221698265515623
11,560,35,0,53.7,45.44991459664259
11,560,35,1,16.85,18.43701939605549
11,560,35,2,14.8,21.202283888894215
11,560,35,3,10.85,15.048255712872507
11,560,35,4,8.2,12.479878541919092
11,560,35,5,16.8,29.2945117906517
20,617,66,0,38.2,44.957992088521685
20,617,66,1,14.0,20.529824261559725
20,617,66,2,7.5,8.519327870696202
20,617,66,3,6.3,5.371464565548894
20,617,66,4,5.45,6.125657859407945
20,617,66,5,4.2,4.007886961322242
20,617,66,6,7.95,20.446271053666486
20,617,66,7,5.15,7.562198232343764
20,617,66,8,3.35,2.758241239783443
20,617,66,9,3.55,3.1367935354770364
20,617,66,10,4.8,6.296197682979617
20,260,66,0,31.5,36.692893331715226
20,260,66,1,16.3,18.6944967978899
20,260,66,2,8.4,6.361065782927955
20,260,66,3,18.9,32.75089392110662
20,260,66,4,11.0,15.874507866387543
20,260,66,5,6.25,6.544382886752659
20,260,66,6,5.0,4.328607409463598
20,260,66,7,5.6,6.976652794179048
20,260,66,8,4.45,3.720144309594794
20,260,66,9,6.6,12.240571022112015
20,260,66,10,4.2,3.5183728296502426
20,1235,66,0,30.75,38.312942708011455
20,1235,66,1,11.0,17.897368227582632
20,1235,66,2,6.5,7.337717987437095
20,1235,66,3,3.7,2.9929742292312014
20,1235,66,4,3.75,2.6332889181242134
20,1235,66,5,5.45,7.687823591820207
20,1235,66,6,3.55,2.8923674513595627
20,1235,66,7,2.85,2.0072237962970276
20,1235,66,8,7.25,19.42292459955503
20,1235,66,9,3.4,3.135534874207018
20,1235,66,10,3.35,4.258428175549729
19,1424,66,0,33.6,25.652331380659298
19,1424,66,1,13.6,14.158501258775127
19,1424,66,2,6.65,5.029125695700785
19,1424,66,3,6.2,4.348018302387278
19,1424,66,4,5.45,3.8997300851266754
19,1424,66,5,7.8,11.24183914528317
19,1424,66,6,5.2,4.372160732828131
19,1424,66,7,4.25,2.5105042479444974
19,1424,66,8,4.6,3.7612987678530176
19,1424,66,9,15.05,23.959340558537917
20,1235,66,0,32.8,36.119101230293786
20,1235,66,1,9.9,11.479501181167283
20,1235,66,2,16.35,31.807438719499828
20,1235,66,3,5.05,5.124502543251341
20,1235,66,4,4.1,4.1536287242539345
20,1235,66,5,4.55,6.2616207755534115
20,1235,66,6,3.85,5.9848492923908765
20,1235,66,7,2.9,2.731878089288913
20,1235,66,8,3.9,6.1034933914068725
20,1235,66,9,3.5,4.12310562561766
20,1235,66,10,3.0,4.723959088908816
20,260,66,0,26.8,26.48256626140061
20,260,66,1,16.6,23.241070724496595
20,260,66,2,9.0,11.210896954584669
20,260,66,3,9.15,16.734065476399365
20,260,66,4,3.45,2.3725402775129134
20,260,66,5,16.6,55.786623561755846
20,260,66,6,8.95,14.844722613564869
20,260,66,7,7.95,14.805671032980644
20,260,66,8,6.0,9.904810102061255
20,260,66,9,6.35,13.43708536691997
20,260,66,10,5.0,9.420023466279856
20,260,66,0,26.4,24.08624853357311
20,260,66,1,9.85,15.211750997865192
20,260,66,2,6.55,7.444354978950935
20,260,66,3,5.6,4.638511557998342
20,260,66,4,4.2,3.302311789927586
20,260,66,5,3.65,3.375998877525381
20,260,66,6,3.8,3.071087583799658
20,260,66,7,3.4,3.067658115858003
20,260,66,8,3.5,3.2525293801011324
20,260,66,9,3.3,3.1970381029288575
20,260,66,10,3.2,2.330574810506717
12,227,35,0,74.0,61.769520673310446
12,227,35,1,20.35,19.442966526958305
12,227,35,2,12.75,10.7990009284485
12,227,35,3,16.4,23.80490882592341
12,227,35,4,9.75,10.62705088565571
12,227,35,5,13.9,24.29403218899654
12,227,35,6,6.9,8.961320391431988
19,1424,66,0,36.3,27.877740601645456
19,1424,66,1,10.0,11.276430939656487
19,1424,66,2,7.65,6.603627392338404
19,1424,66,3,4.95,4.032434291565019
19,1424,66,4,7.45,6.7158492820303355
19,1424,66,5,3.65,2.2307657406087453
19,1424,66,6,4.45,3.347819400272677
19,1424,66,7,4.75,4.16596485317564
19,1424,66,8,3.8,2.726092248506719
19,1424,66,9,21.25,38.3897944223393
20,1235,66,0,25.35,29.902077026961116
20,1235,66,1,8.55,8.146520083672796
20,1235,66,2,18.55,48.14066559791759
20,1235,66,3,15.85,36.625092060239965
20,1235,66,4,11.2,22.76100081048144
20,1235,66,5,7.6,11.292288938637915
20,1235,66,6,5.65,8.273451516749223
20,1235,66,7,5.4,6.277780365367163
20,1235,66,8,5.95,10.23654444162009
20,1235,66,9,4.4,4.441431727435837
20,1235,66,10,4.95,4.019361038510318
20,260,66,0,28.15,27.81380762745083
20,260,66,1,14.05,18.675835780635442
20,260,66,2,13.25,21.398167653969075
20,260,66,3,5.7,4.758372123232681
20,260,66,4,9.9,17.967514545628408
20,260,66,5,10.0,14.257038889430612
20,260,66,6,5.1,6.323723087249357
20,260,66,7,7.8,12.172445155047178
20,260,66,8,5.2,7.259114053526453
20,260,66,9,3.8,4.162489133856529
20,260,66,10,5.9,9.014024161213868
20,1040,66,0,43.8,35.888130276413705
20,1040,66,1,11.3,13.53786113869271
20,1040,66,2,14.85,23.586961161669496
20,1040,66,3,10.4,11.047266868468322
20,1040,66,4,7.95,7.6809744447597685
20,1040,66,5,5.65,5.869412236331676
20,1040,66,6,4.75,4.632550735371332
20,1040,66,7,5.9,11.215121371096306
20,1040,66,8,3.65,3.3759988775253804
20,1040,66,9,4.75,4.216196839507577
20,1040,66,10,4.2,4.730639213512382
19,160,66,0,42.15,26.012699327747388
19,160,66,1,17.1,13.521522804306045
19,160,66,2,10.1,5.711484275700927
19,160,66,3,11.2,11.105238213990443
19,160,66,4,6.7,5.439620729812928
19,160,66,5,8.65,7.191186125719238
19,160,66,6,5.7,4.341961720115387
19,160,66,7,6.1,6.086222577523591
19,160,66,8,7.55,9.55579185074355
19,160,66,9,8.95,13.63615550080393
20,260,66,0,32.1,32.17207026697471
20,260,66,1,14.3,23.165537016507038
20,260,66,2,14.0,17.576898714535865
20,260,66,3,8.2,11.436782764396638
20,260,66,4,6.7,6.860259316872566
20,260,66,5,5.0,4.304220694791764
20,260,66,6,11.3,17.204956446204374
20,260,66,7,4.65,4.944694126030447
20,260,66,8,8.7,16.361379429684565
20,260,66,9,6.75,9.215975831474157
20,260,66,10,4.0,3.4027852368936022
20,1040,66,0,21.8,25.452949368962084
20,1040,66,1,14.6,19.924594693097536
20,1040,66,2,19.1,36.54254910014957
20,1040,66,3,6.45,8.068620178131289
20,1040,66,4,3.9,3.7961199027150694
20,1040,66,5,5.25,4.799945175125496
20,1040,66,6,3.7,2.754899940870907
20,1040,66,7,3.55,5.924747385243304
20,1040,66,8,3.85,3.199917762101165
20,1040,66,9,3.95,6.793766492741322
20,1040,66,10,2.9,2.1250386993380164
20,1040,66,0,24.25,26.078575598815934
20,1040,66,1,8.0,11.140254178334295
20,1040,66,2,10.8,16.262970532049668
20,1040,66,3,8.2,12.458774122343618
20,1040,66,4,5.8,5.58758021254093
20,1040,66,5,4.05,3.3946552417773317
20,1040,66,6,3.7,3.585056705122998
20,1040,66,7,5.0,4.576829516275719
20,1040,66,8,3.95,3.619755734707436
20,1040,66,9,3.7,4.001315573132101
20,1040,66,10,4.55,4.817457289571139
12,227,35,0,84.2,52.64938646116251
12,227,35,1,35.95,59.70319131027737
12,227,35,2,19.5,27.982137159266443
12,227,35,3,13.2,12.576502735364533
12,227,35,4,7.526315789473684,9.867840138847404
12,227,35,5,12.736842105263158,17.178287669365126
12,227,35,6,8.210526315789474,8.080009264078992
19,160,66,0,35.35,25.152743912261133
19,160,66,1,12.8,12.48409514458086
19,160,66,2,6.05,7.052248614896938
19,160,66,3,5.65,4.815271758194252
19,160,66,4,4.15,3.5135077688978096
19,160,66,5,5.9,6.025384897074605
19,160,66,6,3.9,2.8635642126552705
19,160,66,7,4.15,3.2811262507992907
19,160,66,8,5.7,6.944138004934733
19,160,66,9,7.55,14.79500271250931
20,260,66,0,28.2,30.686187532229514
20,260,66,1,12.75,14.920402844850791
20,260,66,2,10.75,15.5829697865465
20,260,66,3,7.15,10.069626031837162
20,260,66,4,11.85,24.768985275520418
20,260,66,5,4.55,2.8186409565791215
20,260,66,6,4.15,3.8835008622850107
20,260,66,7,3.45,2.6847522673129642
20,260,66,8,4.45,6.236353522945752
20,260,66,9,4.05,3.516502448980266
20,260,66,10,3.85,3.065512750104398
20,1040,66,0,44.1,34.38160462866888
20,1040,66,1,16.4,23.015784057673848
20,1040,66,2,14.9,22.85169577952586
20,1040,66,3,9.85,9.953973023238934
20,1040,66,4,6.4,7.0067636496534735
20,1040,66,5,10.8,31.0307148347874
20,1040,66,6,4.0,3.9735970711951314
20,1040,66,7,4.15,4.183614654691249
20,1040,66,8,4.35,4.804329188072818
20,1040,66,9,4.5,3.9802142232746585
20,1040,66,10,3.3,2.677390717215472
19,963,66,0,41.9,30.58362134765669
19,963,66,1,12.5,10.980844565352022
19,963,66,2,8.3,5.601691473869392
19,963,66,3,8.75,8.116746820455125
19,963,66,4,5.8,3.7640963128793046
19,963,66,5,4.85,3.5433406776507868
19,963,66,6,6.0,5.34100325683047
19,963,66,7,4.45,4.236122854935308
19,963,66,8,3.4,2.5422741580594415
19,963,66,9,8.05,9.719622041601152
21,1488,66,0,36.3,32.00838705878919
21,1488,66,1,18.2,25.42605377415685
21,1488,66,2,15.65,18.198539559680693
21,1488,66,3,14.45,27.110834889782584
21,1488,66,4,17.8,28.365286419921986
21,1488,66,5,5.8,5.9080676331517
21,1488,66,6,8.1,12.514833304186633
21,1488,66,7,4.4,6.418722614352484
21,1488,66,8,4.6,4.977845655343389
21,1488,66,9,9.9,29.655744096123044
21,1488,66,10,26.0,42.390415997263496
20,1040,66,0,21.0,19.72174861469065
20,1040,66,1,15.5,26.650762801367186
20,1040,66,2,10.65,16.138463371709218
20,1040,66,3,12.4,22.47665455533808
20,1040,66,4,7.2,6.653847323956744
20,1040,66,5,7.05,6.353407705608401
20,1040,66,6,6.65,8.424744256621306
20,1040,66,7,7.05,8.042485868645864
20,1040,66,8,4.65,3.313052337267506
20,1040,66,9,3.8,3.188796176087706
20,1040,66,10,3.35,2.5188761069384222
12,97,35,0,68.0,59.5394605990099
12,97,35,1,14.05,17.533351677663674
12,97,35,2,13.3,13.171340498457846
12,97,35,3,10.0,9.072804939691155
12,97,35,4,8.15,8.84530800391996
12,97,35,5,8.75,9.002192715344997
12,97,35,6,7.25,7.136820757614401
21,1488,66,0,30.15,34.299416904664724
21,1488,66,1,14.4,22.514089156044392
21,1488,66,2,5.15,4.67101927341684
21,1488,66,3,16.5,27.882271296140473
21,1488,66,4,8.35,13.777460616987137
21,1488,66,5,11.7,30.147182813306905
21,1488,66,6,10.45,17.16629193936094
21,1488,66,7,3.95,2.837252191822221
21,1488,66,8,8.7,16.393516048153078
21,1488,66,9,5.15,6.158220864058573
21,1488,66,10,8.3,9.679604167635434
19,963,66,0,36.15,23.35825110612612
19,963,66,1,11.35,18.224549665940057
19,963,66,2,6.35,5.622089890498203
19,963,66,3,7.3,9.381392557386642
19,963,66,4,6.3,10.224325997603128
19,963,66,5,5.5,5.652200316783954
19,963,66,6,4.3,4.736198786724267
19,963,66,7,4.15,3.703128122916738
19,963,66,8,4.15,2.8335397241649978
19,963,66,9,10.6,13.276017157978796
21,1488,66,0,28.7,21.899531357638924
21,1488,66,1,12.25,16.479253304494236
21,1488,66,2,6.05,6.565259444907517
21,1488,66,3,7.8,12.693139464832337
21,1488,66,4,4.55,5.394685493978993
21,1488,66,5,4.65,4.545385166934643
21,1488,66,6,10.85,31.538239112477243
21,1488,66,7,4.45,5.236260216283334
21,1488,66,8,3.75,3.46220191572692
21,1488,66,9,4.25,4.228661602371183
21,1488,66,10,5.75,8.302662857560566
20,1040,66,0,29.2,31.051061512493117
20,1040,66,1,11.3,12.048585852814078
20,1040,66,2,7.7,9.750033738133261
20,1040,66,3,13.95,21.064999656451832
20,1040,66,4,11.55,16.953419155221507
20,1040,66,5,10.0,14.197850096702002
20,1040,66,6,12.7,26.89961846726103
20,1040,66,7,6.5,6.337025701134729
20,1040,66,8,12.8,32.68606656311556
20,1040,66,9,5.45,4.058454463410789
20,1040,66,10,9.15,19.197793184579698
20,1852,66,0,32.8,21.24196442496736
20,1852,66,1,8.05,7.646636687562641
20,1852,66,2,8.7,12.342054763671797
20,1852,66,3,5.1,4.822098254800225
20,1852,66,4,5.8,5.671721171975186
20,1852,66,5,4.45,3.4101242453055947
20,1852,66,6,3.75,3.006571749386754
20,1852,66,7,3.05,2.350251946180731
20,1852,66,8,3.45,3.7763112048385885
20,1852,66,9,2.8,2.858044970365508
20,1852,66,10,3.05,2.1878853044122666
12,97,35,0,70.35,39.2217380650336
12,97,35,1,31.95,44.79599958642924
12,97,35,2,22.0,24.973670345512204
12,97,35,3,15.0,12.760960201456546
12,97,35,4,12.6,10.333389926274004
12,97,35,5,13.15,12.856597732804657
12,97,35,6,10.2,8.489002173090594
21,1860,66,0,31.8,35.31452660695998
21,1860,66,1,14.35,26.670060091105118
21,1860,66,2,9.8,13.892822834679405
21,1860,66,3,10.2,15.419058610079043
21,1860,66,4,6.55,8.009698069084424
21,1860,66,5,5.3,6.928962860038252
21,1860,66,6,5.15,5.460624602793309
21,1860,66,7,6.1,8.884640797762346
21,1860,66,8,3.75,3.462201915726921
21,1860,66,9,4.25,3.4924731095675785
21,1860,66,10,17.9,32.67205469349512
21,1488,66,0,26.8,29.20634393955857
21,1488,66,1,14.8,18.796976240594486
21,1488,66,2,10.45,12.999898785031082
21,1488,66,3,11.8,15.250884357446639
21,1488,66,4,13.1,25.9268200904006
21,1488,66,5,5.8,6.387487769068525
21,1488,66,6,19.35,49.20662663974394
21,1488,66,7,5.05,5.924747385243305
21,1488,66,8,4.25,5.045842478297303
21,1488,66,9,12.15,28.258720125969873
21,1488,66,10,20.75,35.34919786181412
20,1852,66,0,45.45,26.01310398524883
20,1852,66,1,10.8,8.166684568544648
20,1852,66,2,6.85,5.7790456323732755
20,1852,66,3,7.3,4.953467684891379
20,1852,66,4,6.0,6.496962853194519
20,1852,66,5,6.45,6.939399336966762
20,1852,66,6,4.8,3.2863353450309964
20,1852,66,7,4.7,3.785011993306452
20,1852,66,8,5.6,5.725290155828004
20,1852,66,9,4.7,4.953467684891379
20,1852,66,10,5.0,8.645047258706176
21,1488,66,0,49.05,57.509244108184355
21,1488,66,1,14.7,20.85816765429641
21,1488,66,2,15.1,22.166594116752396
21,1488,66,3,6.5,5.781094414691646
21,1488,66,4,6.8,5.55925023343029
21,1488,66,5,10.2,20.4877370253782
21,1488,66,6,3.7,2.71642179501289
21,1488,66,7,3.65,3.674592709260084
21,1488,66,8,3.0,2.3395906074624073
21,1488,66,9,3.5,2.9468984587725093
21,1488,66,10,15.85,33.86859281026255
21,1860,66,0,24.15,29.499821587328462
21,1860,66,1,6.8,10.055634712621785
21,1860,66,2,3.5,2.460209661583209
21,1860,66,3,3.25,3.058637467549029
21,1860,66,4,3.25,3.1768074010172374
21,1860,66,5,3.0,2.3841582427170787
21,1860,66,6,2.65,2.300457620378584
21,1860,66,7,4.15,5.450977700810823
21,1860,66,8,5.15,9.41038060643111
21,1860,66,9,2.55,2.211810403980842
21,1860,66,10,9.55,21.641760313654803
21,1860,66,0,25.75,21.686461942395017
21,1860,66,1,9.8,18.34350594969009
21,1860,66,2,9.75,19.37680382095534
21,1860,66,3,4.5,5.670793131197972
21,1860,66,4,7.8,19.039018108251167
21,1860,66,5,3.55,3.3791154245795716
21,1860,66,6,2.65,1.7851728502481652
21,1860,66,7,4.15,5.565637051539894
21,1860,66,8,3.35,3.5135077688978096
21,1860,66,9,2.95,4.260899336747436
21,1860,66,10,10.7,30.984036636884316
21,1345,66,0,17.9,23.599509361536803
21,1345,66,1,8.1,18.54695321836475
21,1345,66,2,8.8,15.672973721127649
21,1345,66,3,10.8,21.15257854133553
21,1345,66,4,3.9,8.02561688070079
21,1345,66,5,2.8,2.566997016790344
21,1345,66,6,2.8,2.948683916954353
21,1345,66,7,4.9,9.64583357015649
21,1345,66,8,8.25,26.83845434407405
21,1345,66,9,3.4,5.897367833908704
21,1345,66,10,4.1,8.23918749187781
20,617,66,0,40.45,31.97116299351487
20,617,66,1,9.2,6.841052550594829
20,617,66,2,7.65,7.815470487908481
20,617,66,3,6.15,5.431632496676056
20,617,66,4,5.4,4.309109078757647
20,617,66,5,4.75,4.27815749814653
20,617,66,6,5.5,6.168681510578041
20,617,66,7,3.85,2.539685019840059
20,617,66,8,3.7,3.9616583449491536
20,617,66,9,3.0,2.2004784168807237
20,617,66,10,3.7,4.7250730988497605
21,1488,66,0,37.1,37.388289751288646
21,1488,66,1,13.45,15.150039082805243
21,1488,66,2,6.35,5.112162998801564
21,1488,66,3,6.75,6.773594241417803
21,1488,66,4,7.0,7.312570287561434
21,1488,66,5,3.95,3.103054522308793
21,1488,66,6,5.95,4.559258942554498
21,1488,66,7,4.1,3.3701475838369612
21,1488,66,8,4.05,3.8178941564000546
21,1488,66,9,4.1,4.166280683876459
21,1488,66,10,13.35,20.762504158876606
12,195,35,0,84.0,72.609264306684
12,195,35,1,19.2,20.348541910779183
12,195,35,2,16.75,19.547176401290237
12,195,35,3,14.4,12.642451461143462
12,195,35,4,11.9,11.29461911941397
12,195,35,5,8.9,7.010518413145538
12,195,35,6,12.2,15.295682225283125
21,1860,66,0,35.15,32.81250563909726
21,1860,66,1,16.1,31.927384714956563
21,1860,66,2,13.1,15.844308292354006
21,1860,66,3,7.75,7.939740152184486
21,1860,66,4,5.7,7.145848997476565
21,1860,66,5,6.05,5.325954325159408
21,1860,66,6,9.3,21.36425938214027
21,1860,66,7,3.85,3.4834193727307357
21,1860,66,8,3.45,2.3725402775129134
21,1860,66,9,3.1,2.863564212655271
21,1860,66,10,10.15,17.82155702335916
21,1345,66,0,48.4,50.15072020262625
21,1345,66,1,11.4,24.76287543884999
21,1345,66,2,3.6,3.74727971509439
21,1345,66,3,6.7,7.211832382674285
21,1345,66,4,4.55,4.236122854935308
21,1345,66,5,6.05,10.615157980330224
21,1345,66,6,10.6,25.893303340723772
21,1345,66,7,3.5,4.740641750915831
21,1345,66,8,4.65,5.234249556627256
21,1345,66,9,5.15,8.992833403971126
21,1345,66,10,8.35,16.004193529394595
20,617,66,0,39.85,14.415908610026342
20,617,66,1,16.05,17.05247319614557
20,617,66,2,8.75,8.801166190669818
20,617,66,3,11.95,16.950314389259475
20,617,66,4,7.5,7.301766188648074
20,617,66,5,4.8,4.958777438463086
20,617,66,6,7.3,8.467274463610192
20,617,66,7,4.45,4.058454463410788
20,617,66,8,7.2,8.489002173090595
20,617,66,9,5.5,7.022520165416701
20,617,66,10,4.4,6.269390971848441
21,1860,66,0,24.4,26.755029040301345
21,1860,66,1,16.1,26.19541944691858
21,1860,66,2,17.9,30.91397231367277
21,1860,66,3,5.55,4.661996409942396
21,1860,66,4,7.15,10.312358451979124
21,1860,66,5,10.2,29.717264165358223
21,1860,66,6,4.15,5.508605707627408
21,1860,66,7,2.95,2.3277502126799554
21,1860,66,8,2.8,3.0192365713345835
21,1860,66,9,3.0,2.809757434745082
21,1860,66,10,14.45,28.55368904178122
21,1345,66,0,35.15,48.85561434094938
21,1345,66,1,10.7,12.574410104401885
21,1345,66,2,7.8,10.660305120546875
21,1345,66,3,11.35,16.73092000490488
21,1345,66,4,7.05,10.73839643032128
21,1345,66,5,6.3,6.505867796802644
21,1345,66,6,5.4,5.25557348265429
21,1345,66,7,5.15,4.5453851669346435
21,1345,66,8,3.7,3.988140313215514
21,1345,66,9,3.45,2.625281939746262
21,1345,66,10,8.2,14.7277039336719
12,195,35,0,71.85,55.51981628211677
12,195,35,1,12.6,14.12873145868301
12,195,35,2,11.9,11.889402623212073
12,195,35,3,9.2,9.423375191511797
12,195,35,4,8.85,12.77033981330835
12,195,35,5,5.95,3.410124245305595
12,195,35,6,7.0,5.675431817561504
20,1235,66,0,36.9,26.704819198434066
20,1235,66,1,8.2,8.345184555368318
20,1235,66,2,5.15,2.719810364906464
20,1235,66,3,5.95,8.66010210223024
20,1235,66,4,4.65,3.8151360602073865
20,1235,66,5,4.8,6.203564340467162
20,1235,66,6,5.5,7.930620205387802
20,1235,66,7,2.85,2.1588252165910684
20,1235,66,8,2.05,1.145931016569864
20,1235,66,9,2.8,3.473205708669851
20,1235,66,10,2.25,1.7733405882980469
21,1733,66,0,33.4,31.92656046551045
21,1733,66,1,10.7,13.463791598599792
21,1733,66,2,10.3,13.479419009812895
21,1733,66,3,5.3,6.00964137646201
21,1733,66,4,5.55,4.661996409942396
21,1733,66,5,6.9,12.497999839974392
21,1733,66,6,5.2,5.042973224930748
21,1733,66,7,7.1,10.376593092654561
21,1733,66,8,9.0,18.820481564396527
21,1733,66,9,3.7,2.830287320359803
21,1733,66,10,5.0,4.844964830680025
21,1860,66,0,28.75,22.083275405418895
21,1860,66,1,13.95,20.66900807336535
21,1860,66,2,8.55,9.405905200010201
21,1860,66,3,9.2,26.639108567351833
21,1860,66,4,5.4,7.514197089159748
21,1860,66,5,6.5,8.780960263997025
21,1860,66,6,6.75,12.879502278712808
21,1860,66,7,3.1,3.740250484153505
21,1860,66,8,7.15,13.727709204379295
21,1860,66,9,3.65,3.616846547390202
21,1860,66,10,6.4,11.047266868468324
21,1345,66,0,33.2,39.91121725978669
21,1345,66,1,27.3,38.328359707855185
21,1345,66,2,14.65,25.50598484979348
21,1345,66,3,16.65,31.219553589309847
21,1345,66,4,6.7,8.310424651889749
21,1345,66,5,6.2,5.86335632282578
21,1345,66,6,4.8,4.020997519600276
21,1345,66,7,8.35,15.698726062964473
21,1345,66,8,6.2,6.661752574842528
21,1345,66,9,4.45,6.261620775553411
21,1345,66,10,12.0,27.197136072136637
12,682,35,0,56.85,45.52648159385688
12,682,35,1,16.5,18.729374620745094
12,682,35,2,11.6,14.54358241540523
12,682,35,3,10.3,14.257408046714742
12,682,35,4,7.6,7.68731011746666
12,682,35,5,7.7,8.547698982459362
12,682,35,6,7.05,7.956956572379722
21,1345,66,0,27.55,25.4299347019879
21,1345,66,1,10.85,13.192003159809394
21,1345,66,2,8.35,12.872962281259774
21,1345,66,3,10.65,22.808758705466868
21,1345,66,4,9.05,10.971134374971633
21,1345,66,5,6.1,5.476264573978373
21,1345,66,6,6.0,6.407232755171875
21,1345,66,7,4.75,6.7813599008799965
21,1345,66,8,4.35,4.042862456491101
21,1345,66,9,4.65,3.897029908181763
21,1345,66,10,5.75,5.847851607304398
20,1235,66,0,37.75,30.445594271196544
20,1235,66,1,14.9,18.95951365132389
20,1235,66,2,12.05,12.369210501121428
20,1235,66,3,7.25,8.638195474323995
20,1235,66,4,7.8,7.9841949137688655
20,1235,66,5,7.2,8.971299266344635
20,1235,66,6,6.0,6.11297154030931
20,1235,66,7,5.55,6.492708460873223
20,1235,66,8,8.85,17.994955433471667
20,1235,66,9,4.45,5.4238750955964665
20,1235,66,10,6.0,8.765962882830266
21,1733,66,0,29.8,30.036118608312748
21,1733,66,1,9.5,13.22477738346114
21,1733,66,2,11.7,18.278834467046423
21,1733,66,3,12.2,20.661685874049454
21,1733,66,4,5.1,3.5377661700124006
21,1733,66,5,8.4,11.38050040524072
21,1733,66,6,4.2,3.833371471968933
21,1733,66,7,6.6,7.118545090854332
21,1733,66,8,5.4,6.20186729096462
21,1733,66,9,5.85,8.093369605976696
21,1733,66,10,12.1,20.03917216485331
21,1733,66,0,34.2,33.05752561823102
21,1733,66,1,13.5,20.384462607326043
21,1733,66,2,7.8,8.451720472623808
21,1733,66,3,6.35,5.860438280718027
21,1733,66,4,11.5,20.70977394473695
21,1733,66,5,7.4,7.735087520343155
21,1733,66,6,4.45,4.430456790041074
21,1733,66,7,4.35,3.717313687682488
21,1733,66,8,5.0,3.9735970711951314
21,1733,66,9,4.3,3.0452724361748515
21,1733,66,10,5.6,3.992097456884433
21,1345,66,0,53.1,60.43082169329088
21,1345,66,1,7.9,7.268533479827167
21,1345,66,2,6.4,7.479093668704996
21,1345,66,3,7.35,12.658573129867777
21,1345,66,4,10.55,20.88433056523227
21,1345,66,5,3.8,2.440879910368821
21,1345,66,6,4.1,4.191470034800628
21,1345,66,7,4.65,3.828906673684992
21,1345,66,8,2.5,2.1884866196096624
21,1345,66,9,4.45,5.306153329663094
21,1345,66,10,6.9,11.327191318146557
20,260,66,0,39.55,19.462446971161235
20,260,66,1,14.7,15.335202021904749
20,260,66,2,11.1,12.723372608169415
20,260,66,3,9.45,7.639750615935327
20,260,66,4,9.25,8.251794063302713
20,260,66,5,5.5,6.855654600401045
20,260,66,6,7.25,8.54015283975151
20,260,66,7,7.1,6.942621983083912
20,260,66,8,4.8,5.653131409833147
20,260,66,9,6.3,7.698940460253367
20,260,66,10,6.45,8.369587803470372
12,682,35,0,67.3,53.25815974052585
12,682,35,1,14.7,17.595154835471345
12,682,35,2,14.9,19.12259616815997
12,682,35,3,12.55,15.47655272373426
12,682,35,4,10.25,12.199547014886294
12,682,35,5,6.75,7.397545823482698
12,682,35,6,11.95,18.65045505300636
21,775,66,0,42.8,38.034056760805974
21,775,66,1,16.0,18.459058537890364
21,775,66,2,5.15,3.5284557528754705
21,775,66,3,8.45,13.16084703721011
21,775,66,4,9.0,18.361859784260474
21,775,66,5,4.25,2.4033967191193555
21,775,66,6,4.1,4.076892521465209
21,775,66,7,3.8,2.546411303445653
21,775,66,8,10.4,25.815947743492526
21,775,66,9,3.65,3.9506828190633207
21,775,66,10,5.75,6.742442162583931
21,1733,66,0,22.75,23.878805841604656
21,1733,66,1,17.85,24.764735113930815
21,1733,66,2,9.6,23.749570633237933
21,1733,66,3,4.8,5.356746852531419
21,1733,66,4,12.0,26.103034709639253
21,1733,66,5,6.4,10.679049829603654
21,1733,66,6,6.75,13.62611656458211
21,1733,66,7,6.85,13.30720026704973
21,1733,66,8,4.65,6.368301434283301
21,1733,66,9,6.5,9.219544457292887
21,1733,66,10,8.1,10.86714023292721
20,260,66,0,37.9,19.584902885963757
20,260,66,1,11.3,9.11389915978539
20,260,66,2,9.6,8.810281075628572
20,260,66,3,8.7,7.705773638540198
20,260,66,4,10.0,8.479076414451356
20,260,66,5,5.9,3.640416401862206
20,260,66,6,6.0,6.349471590115528
20,260,66,7,7.55,8.750789438072069
20,260,66,8,5.65,4.9126581935155835
20,260,66,9,4.9,3.7961199027150703
20,260,66,10,5.45,4.394673809822163
21,1733,66,0,36.45,40.590995890325495
21,1733,66,1,15.9,25.67181538697951
21,1733,66,2,8.3,9.652379035897399
21,1733,66,3,11.7,23.409624651322144
21,1733,66,4,6.15,7.862469144780892
21,1733,66,5,7.85,14.776492711130922
21,1733,66,6,3.95,3.4561158606310154
21,1733,66,7,4.15,3.963982580024392
21,1733,66,8,7.0,17.684367167226064
21,1733,66,9,3.9,3.864821096152208
21,1733,66,10,9.95,11.677576352723376
12,1592,35,0,52.4,32.873601631256136
12,1592,35,1,12.05,13.523760766264607
12,1592,35,2,11.3,10.558608361252716
12,1592,35,3,12.5,14.830622657901205
12,1592,35,4,9.75,11.331720731505966
12,1592,35,5,8.5,13.048492552580043
12,1592,35,6,6.55,6.62908265464425
21,775,66,0,32.8,41.205007360501064
21,775,66,1,19.95,28.9690851553314
21,775,66,2,10.5,14.616141041580313
21,775,66,3,11.55,14.54385382938533
21,775,66,4,9.75,19.180239282849637
21,775,66,5,4.95,7.366174469545877
21,775,66,6,5.45,4.936171540139606
21,775,66,7,4.9,6.389959228928492
21,775,66,8,3.3,2.154554539378824
21,775,66,9,3.65,3.030980386815981
21,775,66,10,6.4,9.086716736678412
20,1040,66,0,40.7,25.060138194267594
20,1040,66,1,12.05,13.418271125595874
20,1040,66,2,10.65,10.825287160406562
20,1040,66,3,11.75,15.144479626513904
20,1040,66,4,8.0,8.651133177980668
20,1040,66,5,6.7,7.526094954434066
20,1040,66,6,6.2,4.7969288420602485
20,1040,66,7,5.1,4.843878393884062
20,1040,66,8,4.1,3.9855000346651344
20,1040,66,9,3.9,3.007009355349247
20,1040,66,10,4.7,4.58946161273159
21,1733,66,0,32.65,33.801705033295214
21,1733,66,1,8.1,8.854971841614713
21,1733,66,2,12.0,11.956059903707937
21,1733,66,3,8.85,9.916891490890945
21,1733,66,4,10.0,15.148388832167146
21,1733,66,5,10.3,19.101115977317853
21,1733,66,6,7.4,7.029262145900484
21,1733,66,7,8.45,13.873393695544683
21,1733,66,8,5.1,5.240530306632798
21,1733,66,9,6.6,8.981853049929414
21,1733,66,10,6.05,5.462551938811249
21,775,66,0,53.0,49.03704292621414
21,775,66,1,22.4,30.304420382789743
21,775,66,2,18.2,23.264158111386255
21,775,66,3,12.95,11.269310911544354
21,775,66,4,18.55,33.65846260991666
21,775,66,5,10.85,21.34004143437994
21,775,66,6,11.2,16.797869539100237
21,775,66,7,14.85,33.37864902188697
21,775,66,8,5.6,6.099180272790763
21,775,66,9,5.8,6.279456899077213
21,775,66,10,26.1,34.2404808131514
12,1592,35,0,89.5,56.130018237734625
12,1592,35,1,20.6,18.846750383023593
12,1592,35,2,19.65,24.936287234723448
12,1592,35,3,15.8,16.70360818253917
12,1592,35,4,12.5,14.40942673902638
12,1592,35,5,8.0,7.448065803316073
12,1592,35,6,8.45,8.23647216253479
20,1040,66,0,44.75,20.007564358985512
20,1040,66,1,13.3,15.044145565284646
20,1040,66,2,8.2,8.994735302269586
20,1040,66,3,9.25,10.735455276791944
20,1040,66,4,7.05,5.9953929681135385
20,1040,66,5,6.0,4.812265031857878
20,1040,66,6,4.1,3.477748818144471
20,1040,66,7,6.25,6.3897533104511215
20,1040,66,8,3.5,2.982404540317303
20,1040,66,9,2.85,2.323223713087621
20,1040,66,10,4.75,5.580746978864503
21,775,66,0,40.45,37.61085369663222
21,775,66,1,11.05,15.578240560068664
21,775,66,2,9.85,17.064197669543773
21,775,66,3,11.8,24.837577642714976
21,775,66,4,7.45,8.331771783518292
21,775,66,5,3.4,2.479388719231543
21,775,66,6,8.05,17.098707245686274
21,775,66,7,5.05,4.925497570376974
21,775,66,8,4.3,5.639148871948674
21,775,66,9,3.05,2.3502519461807316
21,775,66,10,4.45,4.593760069806364
21,775,66,0,30.05,32.04844195244049
21,775,66,1,19.5,21.027550849702923
21,775,66,2,8.15,13.075791210839736
21,775,66,3,9.6,10.215571189945383
21,775,66,4,6.45,7.022332795783523
21,775,66,5,5.5,3.8457084762382245
21,775,66,6,7.6,12.049896265113656
21,775,66,7,5.0,4.217756949399826
21,775,66,8,4.45,2.9285347512832565
21,775,66,9,5.1,8.552623481777545
21,775,66,10,8.85,9.126450857981864
13,1380,35,0,71.9,72.09416357135044
13,1380,35,1,11.55,9.09872749923104
13,1380,35,2,8.6,10.231015795634681
13,1380,35,3,8.85,9.286521075419499
13,1380,35,4,7.9,8.181493879803563
13,1380,35,5,9.1,10.997128811888272
13,1380,35,6,20.7,46.62628578726585
21,775,66,0,39.4,30.372078590289746
21,775,66,1,16.85,22.604785240950058
21,775,66,2,7.25,6.273377332657006
21,775,66,3,14.9,22.782495589007755
21,775,66,4,6.4,6.252578415510298
21,775,66,5,7.55,7.970174666249561
21,775,66,6,10.6,15.486496664751794
21,775,66,7,8.0,10.104714897407781
21,775,66,8,7.25,18.481498572185213
21,775,66,9,4.25,3.160196529531535
21,775,66,10,20.85,56.36373880990844
21,1488,66,0,50.85,21.558427342310573
21,1488,66,1,23.75,21.033494591646967
21,1488,66,2,11.95,10.00776014690074
21,1488,66,3,9.95,9.789763719529217
21,1488,66,4,9.2,7.424000907440961
21,1488,66,5,8.45,6.012924675887328
21,1488,66,6,7.55,5.614595640874445
21,1488,66,7,7.4,6.467733679378614
21,1488,66,8,7.1,4.598626797322504
21,1488,66,9,5.7,4.747298400697302
21,1488,66,10,11.85,10.358190250384373
21,1488,66,0,39.0,30.45790883377117
21,1488,66,1,15.2,13.621190920960736
21,1488,66,2,8.95,8.101169506214584
21,1488,66,3,4.95,3.8453663161346743
21,1488,66,4,4.7,4.680305882941278
21,1488,66,5,5.4,5.950674442093894
21,1488,66,6,5.75,9.81875219856587
21,1488,66,7,4.0,3.6128425898380025
21,1488,66,8,3.95,4.61661758159985
21,1488,66,9,4.3,4.193980649002868
21,1488,66,10,15.35,25.192469635107027
13,1380,35,0,57.85,38.66083970008657
13,1380,35,1,16.55,16.420382071328945
13,1380,35,2,13.45,14.102911233612652
13,1380,35,3,10.2,10.630640917451283
13,1380,35,4,8.7,8.766563270686373
13,1380,35,5,9.5,13.040422983130085
13,1380,35,6,18.0,27.817071623091643
21,1860,66,0,32.05,21.811332158451847
21,1860,66,1,6.15,4.760307376187957
21,1860,66,2,7.95,8.512993165249163
21,1860,66,3,7.2,10.060867389622972
21,1860,66,4,3.6,3.858006029844405
21,1860,66,5,3.9,3.4320471104606143
21,1860,66,6,3.7,6.578273649714363
21,1860,66,7,6.85,8.791592874056322
21,1860,66,8,4.1,6.7113415397488065
21,1860,66,9,3.15,2.497893849668261
21,1860,66,10,15.6,26.525856303455672
21,1860,66,0,37.5,24.29099898272913
21,1860,66,1,11.0,13.439924811819761
21,1860,66,2,5.65,3.787444632216458
21,1860,66,3,7.55,8.525349197972387
21,1860,66,4,4.55,4.639362478889348
21,1860,66,5,7.0,8.891154681982952
21,1860,66,6,4.4,4.05748171834906
21,1860,66,7,4.25,4.540751155109866
21,1860,66,8,3.2,2.667543715421401
21,1860,66,9,4.05,3.3162280411715703
21,1860,66,10,10.85,22.43182654411502
13,532,35,0,94.4,59.6669704980993
13,532,35,1,20.5,21.532105771321312
13,532,35,2,24.2,29.455765229631325
13,532,35,3,13.85,17.547754392244222
13,532,35,4,7.7,7.313289993314622
13,532,35,5,9.105263157894736,7.171662885134221
13,532,35,6,24.68421052631579,46.53559286727496
21,1345,66,0,34.55,17.003018307904842
21,1345,66,1,22.6,25.504179224094568
21,1345,66,2,10.65,8.9576488926621
21,1345,66,3,7.0,5.684697834861957
21,1345,66,4,5.2,4.467425963218876
21,1345,66,5,3.8,3.860733499983486
21,1345,66,6,4.4,4.6611496210134336
21,1345,66,7,4.45,4.718106221333882
21,1345,66,8,4.55,4.4777226354476225
21,1345,66,9,5.05,7.897201369705866
21,1345,66,10,14.65,27.56098501027933
21,1345,66,0,21.1,13.988341009945616
21,1345,66,1,11.3,12.213452462454324
21,1345,66,2,6.65,7.922486318933229
21,1345,66,3,4.65,3.9506828190633216
21,1345,66,4,5.45,4.358597070279912
21,1345,66,5,3.9,3.9323222012872807
21,1345,66,6,3.35,2.0844032340469205
21,1345,66,7,3.2,2.566997016790344
21,1345,66,8,3.1,2.653696528082647
21,1345,66,9,2.7,1.838191330743634
21,1345,66,10,3.2,2.745330964613039
13,532,35,0,85.4,72.5870801901159
13,532,35,1,26.45,30.406846528199427
13,532,35,2,17.75,17.864622493691414
13,532,35,3,14.35,15.404288534793093
13,532,35,4,7.3,6.182317739454916
13,532,35,5,11.35,7.768187487574258
13,532,35,6,23.95,40.53779912494926
21,1733,66,0,41.7,19.984467652865337
21,1733,66,1,16.35,11.99681975402341
21,1733,66,2,10.0,9.2849623755721
21,1733,66,3,7.55,6.021671388891083
21,1733,66,4,7.15,6.351750691116998
21,1733,66,5,6.55,6.939399336966762
21,1733,66,6,5.2,4.225237458291234
21,1733,66,7,4.7,3.3888361610316586
21,1733,66,8,4.5,3.1034785237485405
21,1733,66,9,3.85,2.621269278723372
21,1733,66,10,8.5,13.519965742715863
21,1733,66,0,38.2,22.113582394442325
21,1733,66,1,14.35,16.109085373755622
21,1733,66,2,12.15,8.58563672040326
21,1733,66,3,7.3,5.282543247139084
21,1733,66,4,10.35,12.049350277308033
21,1733,66,5,5.45,4.839258316377788
21,1733,66,6,5.0,4.34074938958216
21,1733,66,7,6.1,6.1034933914068725
21,1733,66,8,5.5,4.2364334552843665
21,1733,66,9,5.15,4.771350906576062
21,1733,66,10,14.9,28.510201313694164
13,995,35,0,68.65,49.36787257017729
13,995,35,1,22.65,24.641161541316656
13,995,35,2,20.8,34.90830092806309
13,995,35,3,12.25,12.785168216171012
13,995,35,4,9.75,9.329494824705705
13,995,35,5,11.65,13.788916220150002
13,995,35,6,45.4,66.7409761296375
21,775,66,0,31.95,23.020528596061933
21,775,66,1,14.1,15.03644694873444
21,775,66,2,8.25,7.447182441419671
21,775,66,3,8.7,10.503633456546059
21,775,66,4,7.75,8.051642526119814
21,775,66,5,6.2,5.63448031508254
21,775,66,6,6.15,8.145227856978911
21,775,66,7,4.65,4.003616785910093
21,775,66,8,6.25,11.474800766530937
21,775,66,9,3.55,3.2359005904970175
21,775,66,10,12.85,18.192754486043984
13,995,35,0,52.0,36.50234311152613
13,995,35,1,11.6,12.266342482367628
13,995,35,2,6.7,5.526015029409814
13,995,35,3,6.8,6.6932802122726045
13,995,35,4,6.4,7.021770656885251
13,995,35,5,5.4,6.675958437005999
13,995,35,6,9.5,12.416033776405495
21,775,66,0,43.5,31.19126058437051
21,775,66,1,12.7,12.066046315351626
21,775,66,2,10.85,9.653333212174081
21,775,66,3,8.6,7.707822410758403
21,775,66,4,11.0,11.304400633567907
21,775,66,5,6.35,5.5845180727850785
21,775,66,6,5.0,3.8661826678330438
21,775,66,7,6.35,6.846243687715107
21,775,66,8,6.65,5.081183036718081
21,775,66,9,5.55,5.670561097272009
21,775,66,10,21.0,34.583232931581165
13,818,35,0,74.65,48.93957068617754
13,818,35,1,19.6,21.600194930894297
13,818,35,2,16.3,19.732687281980148
13,818,35,3,7.95,9.075560008819522
13,818,35,4,7.1,5.270573722890237
13,818,35,5,6.2,5.540283101259831
13,818,35,6,14.55,27.572822240673684
13,818,35,0,70.7,42.30105137426753
13,818,35,1,11.2,10.778145529386379
13,818,35,2,9.35,12.287241992793732
13,818,35,3,9.45,14.752252281208492
13,818,35,4,7.75,11.415017808963217
13,818,35,5,8.65,14.985168105760268
13,818,35,6,14.6,28.19555769415123
13,513,35,0,66.35,53.33634585790148
13,513,35,1,29.65,49.24297972941502
13,513,35,2,11.65,16.066555652233486
13,513,35,3,12.9,14.924018084600196
13,513,35,4,9.25,10.447235846964748
13,513,35,5,8.3,9.188665787118847
13,513,35,6,26.25,39.94453391233504
13,513,35,0,67.7,40.97123509565166
13,513,35,1,18.05,15.37419231939305
13,513,35,2,24.95,32.464515040919764
13,513,35,3,10.35,9.975100579891281
13,513,35,4,11.0,10.508142206478695
13,513,35,5,12.8,14.638090183166872
13,513,35,6,16.5,22.01554474743507
14,1397,35,0,83.4,57.19624573620011
14,1397,35,1,29.85,27.732320114757226
14,1397,35,2,20.5,22.871494554529985
14,1397,35,3,17.8,22.4443170629238
14,1397,35,4,11.0,6.851814972768357
14,1397,35,5,12.85,12.127719445442677
14,1397,35,6,10.65,10.844717365466106
14,1397,35,7,9.1,6.74263731003951
14,1397,35,0,77.1,55.27243531149282
14,1397,35,1,26.75,25.11002106519899
14,1397,35,2,18.55,17.736299382607232
14,1397,35,3,15.95,15.739574661543932
14,1397,35,4,14.5,14.897898120911304
14,1397,35,5,7.7,7.46993975879324
14,1397,35,6,8.7,10.638064723089043
14,1397,35,7,7.95,6.244787299904828
14,390,35,0,80.4,44.56739426507845
14,390,35,1,29.6,28.403854445627992
14,390,35,2,24.8,29.262154469733197
14,390,35,3,15.85,16.010769401940223
14,390,35,4,15.85,18.428453400566262
14,390,35,5,14.3,20.201875889968342
14,390,35,6,8.05,7.937088157570925
14,390,35,7,8.5,7.563764030943156
14,390,35,0,59.15,54.28606005034325
14,390,35,1,24.65,37.19688017477866
14,390,35,2,9.15,8.863140705071466
14,390,35,3,10.75,10.248876703532467
14,390,35,4,13.85,16.148244160703175
14,390,35,5,10.2,11.180810628741973
14,390,35,6,8.9,8.397368008708693
14,390,35,7,6.55,6.64494267529034
14,845,35,0,42.85,29.353158173130918
14,845,35,1,13.45,14.598035195838767
14,845,35,2,6.6,5.9062856793687
14,845,35,3,6.7,8.868038411236045
14,845,35,4,9.55,11.353065897067536
14,845,35,5,7.6,8.987710908146804
14,845,35,6,5.55,6.581273273063263
14,845,35,7,6.7,11.48500166120557
14,845,35,0,62.0,47.68095724930999
14,845,35,1,25.5,31.81112020066336
14,845,35,2,13.0,13.210840843393491
14,845,35,3,11.9,13.376727630674969
14,845,35,4,11.25,12.506314194711491
14,845,35,5,9.0,11.72940524359275
14,845,35,6,7.45,9.594269122762817
14,845,35,7,10.65,18.64706834584828
14,1690,35,0,63.25,63.2970232941071
14,1690,35,1,21.05,32.581032583552755
14,1690,35,2,21.6,32.73079991625464
14,1690,35,3,14.8,20.192755344951134
14,1690,35,4,9.6,8.708132919711803
14,1690,35,5,9.35,8.324187964189532
14,1690,35,6,9.9,9.008183414043735
14,1690,35,7,10.45,14.158780054495477
14,1690,35,0,86.5,55.78577445531206
14,1690,35,1,22.3,24.664272050670245
14,1690,35,2,11.15,8.68316580637803
14,1690,35,3,12.65,14.744401256783968
14,1690,35,4,8.4,8.061604907474102
14,1690,35,5,8.25,10.041361828378712
14,1690,35,6,7.85,9.08019823572151
14,1690,35,7,7.55,9.259276998033691
14,520,35,0,69.45,41.950440685220585
14,520,35,1,29.9,34.35097485784371
14,520,35,2,18.15,16.9465879192616
14,520,35,3,12.55,14.63764073598575
14,520,35,4,12.9,23.165082616549828
14,520,35,5,14.65,28.197190976183578
14,520,35,6,11.5,11.74509976207323
14,520,35,7,7.947368421052632,7.749363301520156
14,520,35,0,69.05,50.26820173094675
14,520,35,1,21.5,25.37404392806077
14,520,35,2,15.8,19.163012618885865
14,520,35,3,11.95,16.04754449162009
14,520,35,4,8.3,8.195634267866739
14,520,35,5,7.1,7.57349950398375
14,520,35,6,6.35,5.887319111088635
14,520,35,7,6.15,5.958408477013586
15,641,35,0,66.0,56.72370710177906
15,641,35,1,19.8,19.6538465499893
15,641,35,2,13.95,16.916124353938013
15,641,35,3,18.5,34.656965579200595
15,641,35,4,12.526315789473685,21.577685029401792
15,641,35,5,10.368421052631579,13.941188082304851
15,641,35,6,11.263157894736842,12.511515163876293
15,641,35,7,24.263157894736842,41.90577009495783
15,641,35,0,76.1,66.72954052702123
15,641,35,1,21.85,37.26897256149508
15,641,35,2,11.35,13.781280209419092
15,641,35,3,12.65,22.441209743167637
15,641,35,4,9.75,11.68388453788965
15,641,35,5,6.75,8.558621384311845
15,641,35,6,7.65,11.526970661521567
15,641,35,7,23.5,43.909596121792646
15,912,35,0,82.5,65.92699311399416
15,912,35,1,28.0,30.728008824455085
15,912,35,2,14.5,15.391385150210011
15,912,35,3,10.55,11.41778391254994
15,912,35,4,9.1,7.107446058443512
15,912,35,5,12.35,13.456655563228495
15,912,35,6,7.15,6.343459126077074
15,912,35,7,21.05,31.176028240334038
15,912,35,0,82.7,45.75000719010585
15,912,35,1,19.55,25.783460630901804
15,912,35,2,12.85,15.628162837781366
15,912,35,3,10.65,15.128484809510136
15,912,35,4,10.95,9.483919909093775
15,912,35,5,7.8,7.864644402574561
15,912,35,6,9.8,11.086264616988661
15,912,35,7,30.6,48.23560597950985
15,1363,35,0,57.35,45.0149390407463
15,1363,35,1,10.85,13.219901265655663
15,1363,35,2,9.5,9.896836283431824
15,1363,35,3,10.5,13.402670590123762
15,1363,35,4,6.05,4.882568349159132
15,1363,35,5,4.75,3.6831765466352837
15,1363,35,6,5.25,5.2503132738613045
15,1363,35,7,5.9,5.711484275700928
15,1363,35,0,70.75,73.54402548277137
15,1363,35,1,9.45,7.996545306699968
15,1363,35,2,8.6,10.570066971853759
15,1363,35,3,6.8,7.178916499393425
15,1363,35,4,4.9,4.745080555025828
15,1363,35,5,6.0,5.785644666804757
15,1363,35,6,5.5,7.082223855318476
15,1363,35,7,15.25,23.10132144773495
15,1538,35,0,58.95,42.86880229871504
15,1538,35,1,19.85,18.160903640860816
15,1538,35,2,11.85,9.438303817284567
15,1538,35,3,13.65,17.31526554958461
15,1538,35,4,11.35,13.608337227790292
15,1538,35,5,11.8,14.695505936742775
15,1538,35,6,7.2,6.118135250823442
15,1538,35,7,11.45,16.73154914651077
15,1538,35,0,88.55,67.25010271954588
15,1538,35,1,12.45,11.936123852892067
15,1538,35,2,10.1,10.925103877622497
15,1538,35,3,9.8,9.578484662046112
15,1538,35,4,8.3,12.616196774489197
15,1538,35,5,7.2,8.775564159402487
15,1538,35,6,7.35,9.120682107455732
15,1538,35,7,14.0,18.005847003564966
15,16,35,0,66.4,43.10989628721852
15,16,35,1,19.95,19.063536425664353
15,16,35,2,16.65,13.211936389412974
15,16,35,3,17.1,16.081699307958065
15,16,35,4,9.7,7.807553697339654
15,16,35,5,10.65,21.418818582584898
15,16,35,6,9.05,7.789838184928388
15,16,35,7,17.6,30.088291130569296
15,16,35,0,58.2,38.10732765561804
15,16,35,1,17.15,17.036416104457256
15,16,35,2,17.5,20.99247985651804
15,16,35,3,9.55,7.96356836177298
15,16,35,4,8.05,6.597248230173419
15,16,35,5,10.75,9.727200062331995
15,16,35,6,9.45,9.383496150156402
15,16,35,7,18.85,23.17956223191365
16,0,35,0,78.15,54.35485258925831
16,0,35,1,16.45,13.323801417408108
16,0,35,2,10.35,8.530286599738853
16,0,35,3,9.25,6.750243660319545
16,0,35,4,9.0,8.53475865289452
16,0,35,5,10.25,10.020373981885212
16,0,35,6,8.85,10.77167337828348
16,0,35,7,7.65,6.799961300199476
16,0,35,8,8.75,8.359520258206713
16,0,35,0,68.55,58.151775100751834
16,0,35,1,42.95,70.54037664233233
16,0,35,2,22.25,29.069562667577415
16,0,35,3,10.8,11.879216702867415
16,0,35,4,7.3,6.837204722768846
16,0,35,5,8.368421052631579,8.58429137899758
16,0,35,6,7.578947368421052,6.397185053458054
16,0,35,7,6.947368421052632,6.6120570358712145
16,0,35,8,8.157894736842104,9.98478374491649
16,130,35,0,70.65,52.12563264793406
16,130,35,1,25.9,44.67649800156913
16,130,35,2,12.4,21.387157976594025
16,130,35,3,7.5,7.387756585623341
16,130,35,4,8.35,11.49038499652736
16,130,35,5,7.0,8.22704141999515
16,130,35,6,12.05,27.814186081358212
16,130,35,7,5.842105263157895,9.269203237332254
16,130,35,8,5.368421052631579,8.635910338141606
16,130,35,0,76.6,44.5980882290285
16,130,35,1,16.7,20.277288306196947
16,130,35,2,13.6,17.92205345377588
16,130,35,3,7.8,5.62513157740847
16,130,35,4,8.65,9.160987076212166
16,130,35,5,7.55,7.570545415935158
16,130,35,6,6.75,6.129093691051248
16,130,35,7,6.85,6.838551708781926
16,130,35,8,7.45,9.550282442778439
16,812,35,0,67.85,49.4584088960241
16,812,35,1,25.8,29.9694581374544
16,812,35,2,18.0,26.954152106669458
16,812,35,3,14.05,17.54535476085367
16,812,35,4,20.7,38.945440919587135
16,812,35,5,7.526315789473684,6.003410336843103
16,812,35,6,6.894736842105263,9.079248236391145
16,812,35,7,10.526315789473685,11.413288653790232
16,812,35,8,5.157894736842105,3.5631315486168256
16,812,35,0,76.8,45.452809536230454
16,812,35,1,20.6,18.860708252594165
16,812,35,2,18.35,23.006349238050742
16,812,35,3,10.45,11.51874901833391
16,812,35,4,9.15,12.14506614139863
16,812,35,5,9.2,6.817933009814323
16,812,35,6,7.2,7.008265796449519
16,812,35,7,6.05,4.828370107472795
16,812,35,8,6.6,7.066600463112596
16,1527,35,0,55.25,39.987991618537315
16,1527,35,1,23.35,28.172915324735865
16,1527,35,2,9.75,8.650372672227542
16,1527,35,3,14.0,22.221374252827175
16,1527,35,4,6.95,6.916608539176591
16,1527,35,5,10.65,14.485110322418382
16,1527,35,6,5.4,5.325213116565581
16,1527,35,7,6.5,6.43591894227848
16,1527,35,8,7.0,9.369603710094175
16,1527,35,0,59.85,49.36360794627642
16,1527,35,1,14.25,16.03245064499531
16,1527,35,2,7.9,7.566546872844136
16,1527,35,3,5.5,5.670793131197972
16,1527,35,4,7.55,11.700089968165111
16,1527,35,5,4.45,4.740364187652563
16,1527,35,6,3.2,2.546411303445653
16,1527,35,7,3.0,1.9194297398747862
16,1527,35,8,3.35,3.216323497738568
16,1105,35,0,65.95,41.753001783042336
16,1105,35,1,21.4,21.612374622935477
16,1105,35,2,13.15,12.633601811709998
16,1105,35,3,7.4,7.7486840988104495
16,1105,35,4,9.35,11.899911543236028
16,1105,35,5,5.8,4.443801123031119
16,1105,35,6,4.75,5.56185315576704
16,1105,35,7,7.2,8.056380276395519
16,1105,35,8,5.15,5.450977700810823
16,1105,35,0,82.3,40.83484064529107
16,1105,35,1,19.3,18.350677601141943
16,1105,35,2,8.0,7.196490372689352
16,1105,35,3,10.8,12.25432254564207
16,1105,35,4,7.5,7.708505213825762
16,1105,35,5,8.0,8.37288857909233
16,1105,35,6,5.75,6.4959501553700845
16,1105,35,7,6.25,7.390427663716868
16,1105,35,8,5.65,6.922693421676734
17,1543,35,0,68.25,39.97219428289463
17,1543,35,1,20.65,22.51847194965432
17,1543,35,2,15.9,20.162236718025213
17,1543,35,3,8.55,8.101169506214585
17,1543,35,4,7.2,6.74809914755727
17,1543,35,5,7.85,9.582192914601102
17,1543,35,6,7.35,8.486986942868537
17,1543,35,7,6.95,9.264959453997117
17,1543,35,8,17.15,27.218946574611934
17,1543,35,0,80.3,60.55715004070644
17,1543,35,1,23.65,30.594590165067107
17,1543,35,2,11.4,11.403600539441825
17,1543,35,3,12.55,13.789679588659586
17,1543,35,4,13.85,31.158803774079306
17,1543,35,5,7.15,7.161850687019235
17,1543,35,6,8.631578947368421,8.145963733420302
17,1543,35,7,4.473684210526316,4.753576677415667
17,1543,35,8,14.31578947368421,16.408170835758586
17,1989,35,0,70.35,32.83335114435353
17,1989,35,1,39.0,57.820047515864616
17,1989,35,2,19.85,21.793951357876193
17,1989,35,3,13.3,11.70290112479987
17,1989,35,4,11.3,13.506723471936796
17,1989,35,5,8.0,9.113321654531205
17,1989,35,6,11.5,13.655536760249532
17,1989,35,7,7.1,6.5686656499667135
17,1989,35,8,22.263157894736842,28.50310335007042
17,1989,35,0,76.55,56.83630696547484
17,1989,35,1,20.75,25.372747501787693
17,1989,35,2,15.8,17.662329821879165
17,1989,35,3,15.65,15.308322469888896
17,1989,35,4,14.65,18.325349138628482
17,1989,35,5,13.25,19.487850466110253
17,1989,35,6,7.1,6.789310483554664
17,1989,35,7,7.7,8.938974390717021
17,1989,35,8,17.8,21.73185873804922
17,1348,35,0,79.3,51.34721844564965
17,1348,35,1,22.35,21.844606705209028
17,1348,35,2,10.15,8.910520098235153
17,1348,35,3,11.35,9.376762992127205
17,1348,35,4,9.55,7.890533968990278
17,1348,35,5,11.05,10.215957589657673
17,1348,35,6,8.1,4.972556263077743
17,1348,35,7,7.55,6.303507795372018
17,1348,35,8,29.8,49.645692027023905
17,1348,35,0,69.9,55.07783965491595
17,1348,35,1,19.65,19.30441727470139
17,1348,35,2,15.25,14.28608082236545
17,1348,35,3,14.35,14.83337275768465
17,1348,35,4,8.2,8.793538297492862
17,1348,35,5,13.35,12.265806129235859
17,1348,35,6,11.15,10.796076285294335
17,1348,35,7,8.75,8.129705115387512
17,1348,35,8,44.6,72.15071944055356
17,1743,35,0,81.2,60.168710175726105
17,1743,35,1,24.35,39.5371577393376
17,1743,35,2,15.7,17.05748793746729
17,1743,35,3,11.65,12.231430608757183
17,1743,35,4,9.8,10.076549116898263
17,1743,35,5,7.05,4.684520983206848
17,1743,35,6,10.65,10.629031742801114
17,1743,35,7,8.0,7.440995971819336
17,1743,35,8,50.85,66.9526737801844
17,1743,35,0,66.25,35.61767006771543
17,1743,35,1,15.45,12.124247128009747
17,1743,35,2,12.4,11.417438186250106
17,1743,35,3,13.55,23.88233216153071
17,1743,35,4,9.65,11.226261504544647
17,1743,35,5,6.9,6.068902614754039
17,1743,35,6,10.35,18.024179665981443
17,1743,35,7,7.6,8.331297997058408
17,1743,35,8,21.55,40.94601709311265
17,1693,35,0,70.8,56.06068140863078
17,1693,35,1,14.05,17.343207376528227
17,1693,35,2,15.25,15.375561607201284
17,1693,35,3,13.1,14.728775988019617
17,1693,35,4,10.7,11.743307164419006
17,1693,35,5,8.15,9.41038060643111
17,1693,35,6,5.2,4.958777438463087
17,1693,35,7,5.95,5.817170590949738
17,1693,35,8,25.45,43.01954879990454
17,1693,35,0,69.25,54.006700364033776
17,1693,35,1,13.05,16.452403439843323
17,1693,35,2,5.6,5.669864938519491
17,1693,35,3,5.1,6.060224070896527
17,1693,35,4,5.15,4.944694126030447
17,1693,35,5,4.25,4.7114083267164
17,1693,35,6,4.25,4.203695116392119
17,1693,35,7,3.3,3.113637236754671
17,1693,35,8,12.45,19.924792807481154
18,715,35,0,112.45,66.41375491647241
18,715,35,1,29.05,35.56384177933064
18,715,35,2,19.0,15.881137437721188
18,715,35,3,8.4,6.604623579855172
18,715,35,4,10.15,9.10335392213106
18,715,35,5,8.95,7.776313563095237
18,715,35,6,7.2,5.207282350102038
18,715,35,7,6.4,4.827552501826856
18,715,35,8,7.5,8.882270928208914
18,715,35,9,6.8,5.62513157740847
18,715,35,0,58.4,47.952169151309405
18,715,35,1,10.55,13.272349571869132
18,715,35,2,13.15,15.356380467174926
18,715,35,3,9.7,14.052907547063555
18,715,35,4,8.85,14.662070651496457
18,715,35,5,6.5,9.093085863793204
18,715,35,6,6.65,8.992833403971128
18,715,35,7,7.0,9.245197900019571
18,715,35,8,4.15,3.4377930497095917
18,715,35,9,4.578947368421052,4.100349435972016
18,292,35,0,75.5,59.5301781054211
18,292,35,1,13.75,14.215910286125117
18,292,35,2,13.25,17.36261864799747
18,292,35,3,8.8,8.439256639750859
18,292,35,4,7.4,7.155417527999327
18,292,35,5,6.7,7.101519481587615
18,292,35,6,7.5,7.816985554412566
18,292,35,7,4.75,6.068685802413984
18,292,35,8,5.25,5.14909291960602
18,292,35,9,4.25,4.290442254225327
18,292,35,0,73.75,52.70561240463267
18,292,35,1,22.25,20.377683872314833
18,292,35,2,13.6,14.680456037660553
18,292,35,3,13.3,15.176505387916999
18,292,35,4,6.85,5.851450562399935
18,292,35,5,6.65,6.442253610263054
18,292,35,6,8.65,12.153730204950941
18,292,35,7,4.6,3.574765358512507
18,292,35,8,4.1,3.059067625411721
18,292,35,9,5.85,13.390000196533153
18,97,35,0,69.6,60.02578393359062
18,97,35,1,16.0,15.348581281943327
18,97,35,2,11.75,11.862701387564568
18,97,35,3,8.45,6.992288985958597
18,97,35,4,5.75,5.379052939534597
18,97,35,5,6.45,4.978638579497728
18,97,35,6,6.7,4.985241376197082
18,97,35,7,4.65,3.468277291166474
18,97,35,8,4.8,3.8196169551684798
18,97,35,9,5.75,6.648110139058515
18,97,35,0,68.75,39.459339498833614
18,97,35,1,23.75,29.68230910296924
18,97,35,2,13.85,15.062239296717436
18,97,35,3,11.65,9.22967183085418
18,97,35,4,12.1,11.433560940908729
18,97,35,5,10.75,15.874093426248415
18,97,35,6,11.35,12.579327234960164
18,97,35,7,7.65,7.8222018706540135
18,97,35,8,7.25,8.878566740663778
18,97,35,9,9.95,14.561936684383706
18,1267,35,0,70.8,51.87089235480927
18,1267,35,1,27.9,32.09508898324018
18,1267,35,2,21.0,24.10721665263002
18,1267,35,3,13.6,14.932832071787674
18,1267,35,4,8.1,6.9350369027212295
18,1267,35,5,8.65,10.017222012220017
18,1267,35,6,8.95,8.146520083672796
18,1267,35,7,8.0,6.727789971063071
18,1267,35,8,7.15,5.565637051539894
18,1267,35,9,6.15,6.714281714924421
18,1267,35,0,73.35,55.45246897830135
18,1267,35,1,19.8,19.946243545563846
18,1267,35,2,16.15,16.461358260771608
18,1267,35,3,10.6,14.755552032691751
18,1267,35,4,10.15,9.126450857981864
18,1267,35,5,9.1,9.164577114314143
18,1267,35,6,7.55,6.353407705608402
18,1267,35,7,6.1,4.655500425359912
18,1267,35,8,7.9,6.98042375429126
18,1267,35,9,9.2,9.22011530924584
18,2015,35,0,63.2,45.22295644331189
18,2015,35,1,15.65,14.305961216073161
18,2015,35,2,8.45,8.708586204672406
18,2015,35,3,9.7,9.91065349165124
18,2015,35,4,6.8,7.345603769387653
18,2015,35,5,9.15,13.231839590448805
18,2015,35,6,6.2,4.741751841494427
18,2015,35,7,5.85,6.4667164042218195
18,2015,35,8,6.7,6.32538744392701
18,2015,35,9,6.25,5.280301028101373
18,2015,35,0,53.4,49.024591036701054
18,2015,35,1,12.45,12.067681938484336
18,2015,35,2,11.2,19.82183803681926
18,2015,35,3,7.6,8.635300866364274
18,2015,35,4,9.3,13.254989130214526
18,2015,35,5,4.5,4.915068131454753
18,2015,35,6,6.35,8.634538966146064
18,2015,35,7,5.75,7.055233220062515
18,2015,35,8,10.05,24.820354550247668
18,2015,35,9,5.3,8.45483355994166
19,1345,35,0,65.0,45.16868966790812
19,1345,35,1,17.95,18.8692872149427
19,1345,35,2,10.45,7.646636687562641
19,1345,35,3,8.0,6.609403189873938
19,1345,35,4,9.25,8.051642526119814
19,1345,35,5,6.55,5.5295854988844955
19,1345,35,6,9.7,14.729490647569662
19,1345,35,7,7.95,8.641850435373689
19,1345,35,8,6.1,5.457009013041947
19,1345,35,9,8.7,7.685255876985284
19,1345,35,0,63.35,59.62009110323378
19,1345,35,1,15.15,18.01249566273369
19,1345,35,2,10.95,16.65272223676168
19,1345,35,3,8.35,10.245795029643805
19,1345,35,4,6.35,10.873797574178514
19,1345,35,5,4.35,3.1334359818945683
19,1345,35,6,5.35,5.696490147450445
19,1345,35,7,5.15,8.561080846666377
19,1345,35,8,5.35,7.78172623252031
19,1345,35,9,4.2,2.948683916954353
19,1450,35,0,69.8,51.533943846954436
19,1450,35,1,32.35,34.09935174565177
19,1450,35,2,12.35,15.765635513923781
19,1450,35,3,10.65,14.031074535885658
19,1450,35,4,10.4,11.26428917092933
19,1450,35,5,6.4,4.988407614290936
19,1450,35,6,5.65,4.2087002619261025
19,1450,35,7,3.9,3.477748818144471
19,1450,35,8,5.25,4.1023100039393725
19,1450,35,9,9.85,21.803609068708155
19,1450,35,0,83.6,71.74839077601231
19,1450,35,1,12.95,14.043072838123503
19,1450,35,2,11.3,13.734704411204412
19,1450,35,3,7.25,7.906526284958323
19,1450,35,4,8.1,15.123700466138361
19,1450,35,5,6.3,7.6715468830573785
19,1450,35,6,8.0,13.098814731433567
19,1450,35,7,7.4,12.093495424357153
19,1450,35,8,6.15,10.266322049354025
19,1450,35,9,4.315789473684211,4.177354712932673
19,1424,35,0,73.0,56.36908447199162
19,1424,35,1,19.1,21.5916650585359
19,1424,35,2,16.75,31.01591272403995
19,1424,35,3,18.3,23.706761194135936
19,1424,35,4,13.85,16.8062488378579
19,1424,35,5,11.95,12.93902705200942
19,1424,35,6,9.4,10.52015609249817
19,1424,35,7,9.15,9.166730462297942
19,1424,35,8,9.5,12.922847983320084
19,1424,35,9,33.95,51.608317363121145
19,1424,35,0,60.35,47.813535850492336
19,1424,35,1,22.6,26.711716333356122
19,1424,35,2,10.65,9.980375480754324
19,1424,35,3,8.75,6.804603704768366
19,1424,35,4,10.85,18.779257874468563
19,1424,35,5,8.0,9.43677018788459
19,1424,35,6,11.7,20.8985015831531
19,1424,35,7,7.15,6.8922152882035945
19,1424,35,8,7.35,8.292514062314527
19,1424,35,9,22.45,51.202873069060445
19,160,35,0,76.5,52.894632102540974
19,160,35,1,25.95,31.63521522141525
19,160,35,2,17.55,21.881198369953673
19,160,35,3,13.25,17.73451882332128
19,160,35,4,12.55,17.87522543104076
19,160,35,5,10.3,12.51146842322128
19,160,35,6,9.85,9.482809932215574
19,160,35,7,8.25,7.440111770524334
19,160,35,8,5.8,4.730639213512382
19,160,35,9,8.631578947368421,17.83632537615236
19,160,35,0,91.4,70.85448394235077
19,160,35,1,24.3,27.913588466061324
19,160,35,2,19.75,27.625074422381296
19,160,35,3,17.2,18.19369468568134
19,160,35,4,9.3,8.968365455720928
19,160,35,5,13.0,14.275485059507103
19,160,35,6,8.85,9.114909705936117
19,160,35,7,8.105263157894736,9.07312721319946
19,160,35,8,7.2631578947368425,7.4150155859816556
19,160,35,9,17.894736842105264,24.02751833683413
19,963,35,0,100.0,72.74685741087305
19,963,35,1,16.75,27.306978094098564
19,963,35,2,7.9,8.384823382629758
19,963,35,3,7.4,7.60470768322941
19,963,35,4,6.1,8.359677656842743
19,963,35,5,6.2,6.5982453808011075
19,963,35,6,5.55,7.052248614896939
19,963,35,7,4.75,5.220153254455275
19,963,35,8,4.2,5.818301434177107
19,963,35,9,4.7,6.641971806149452
19,963,35,0,66.35,59.11031168390522
19,963,35,1,15.3,17.62205555845467
19,963,35,2,15.35,26.974207953836977
19,963,35,3,9.25,8.955298343497699
19,963,35,4,7.95,8.51917342172782
19,963,35,5,5.85,5.788145780726965
19,963,35,6,6.3,6.27526472496747
19,963,35,7,6.25,5.3888286003741594
19,963,35,8,6.0,5.067959207246619
19,963,35,9,21.65,34.761253384222286
20,1852,35,0,105.5,64.90519401809316
20,1852,35,1,25.25,27.83764017524323
20,1852,35,2,21.05,17.48826674328278
20,1852,35,3,20.3,22.31379087375999
20,1852,35,4,8.3,5.22242129768619
20,1852,35,5,10.65,9.82089608946149
20,1852,35,6,13.25,14.581440979979707
20,1852,35,7,10.7,13.634708033467192
20,1852,35,8,11.95,15.839574024043634
20,1852,35,9,6.7368421052631575,4.066695426990622
20,1852,35,10,9.052631578947368,11.384559154157131
20,1852,35,0,89.25,43.83926982680446
20,1852,35,1,25.4,24.845628652901798
20,1852,35,2,12.95,11.133047060086707
20,1852,35,3,15.75,16.318781559263158
20,1852,35,4,9.85,9.740177238201518
20,1852,35,5,9.6,6.738733287183094
20,1852,35,6,12.4,15.859249335125675
20,1852,35,7,10.5,15.298778761030155
20,1852,35,8,8.25,8.931758829562837
20,1852,35,9,11.25,11.327075155526574
20,1852,35,10,8.6,7.3941655520096585
20,617,35,0,79.15,48.38146121680994
20,617,35,1,19.25,23.95362844726188
20,617,35,2,18.95,21.34546667019536
20,617,35,3,25.7,38.6047447315673
20,617,35,4,9.95,9.654423583872946
20,617,35,5,8.65,7.314549307985241
20,617,35,6,9.85,8.725491993367237
20,617,35,7,10.3,13.584433816146449
20,617,35,8,7.85,6.838551708781926
20,617,35,9,8.7,9.050152659369605
20,617,35,10,7.6,6.176355593799035
20,617,35,0,108.8,84.53625818173182
20,617,35,1,21.3,21.752434830442123
20,617,35,2,18.5,17.512401620746246
20,617,35,3,14.0,14.153296063945113
20,617,35,4,12.5,15.988482696846765
20,617,35,5,8.6,7.088909054216125
20,617,35,6,8.5,9.230954788958154
20,617,35,7,6.4,5.743646375275076
20,617,35,8,7.2,7.42400090744096
20,617,35,9,7.5,6.177207681213422
20,617,35,10,6.2,5.454114815536306
20,1235,35,0,42.0,36.177922898684464
20,1235,35,1,13.75,14.80709289496085
20,1235,35,2,8.15,7.1323945930927675
20,1235,35,3,6.55,6.90137286113575
20,1235,35,4,7.4,7.096329666584135
20,1235,35,5,5.35,5.9848492923908765
20,1235,35,6,6.4,6.385839597767943
20,1235,35,7,5.25,5.847851607304398
20,1235,35,8,6.85,9.869010508711227
20,1235,35,9,5.25,6.09464821315433
20,1235,35,10,5.55,7.366174469545877
20,1235,35,0,67.6,47.64164476368835
20,1235,35,1,20.0,27.07105659672629
20,1235,35,2,14.75,20.54231832353065
20,1235,35,3,8.75,12.138997617509231
20,1235,35,4,6.8,7.898034399040122
20,1235,35,5,12.55,23.6587026382749
20,1235,35,6,7.35,9.702278625473285
20,1235,35,7,7.25,10.968255630634589
20,1235,35,8,6.35,8.374617037591378
20,1235,35,9,6.75,8.842927593339924
20,1235,35,10,5.9,6.927443517215462
20,260,35,0,63.25,29.415132160165456
20,260,35,1,26.55,25.85887814556866
20,260,35,2,15.25,28.300781093925938
20,260,35,3,10.4,10.080726790840973
20,260,35,4,14.7,20.414391208680527
20,260,35,5,11.15,12.930075100526802
20,260,35,6,10.4,8.139571953054249
20,260,35,7,9.75,11.800423721205945
20,260,35,8,7.95,7.54268554714817
20,260,35,9,13.6,20.399690400127465
20,260,35,10,6.45,7.330362237046392
20,260,35,0,67.45,48.9505389465519
20,260,35,1,23.55,30.210620300605687
20,260,35,2,23.45,31.025414030911392
20,260,35,3,14.35,18.610339514423302
20,260,35,4,11.7,14.96346427662708
20,260,35,5,12.7,12.290775317071613
20,260,35,6,10.25,11.964310963950462
20,260,35,7,6.65,5.650104796419826
20,260,35,8,10.7,16.28399278594263
20,260,35,9,6.85,5.284286537511599
20,260,35,10,8.5,7.344887229975191
20,1040,35,0,72.0,48.7323517313002
20,1040,35,1,12.55,18.297181261201498
20,1040,35,2,12.7,18.71700605838107
20,1040,35,3,11.7,14.345731072343437
20,1040,35,4,7.1,7.232237769729002
20,1040,35,5,9.85,22.778741243351856
20,1040,35,6,5.15,6.401274544141478
20,1040,35,7,10.65,18.996606345123304
20,1040,35,8,3.6,2.927186542164947
20,1040,35,9,4.95,8.223682105262888
20,1040,35,10,3.3,2.556724878680371
20,1040,35,0,75.55,57.77312706203738
20,1040,35,1,25.8,25.15970044169424
20,1040,35,2,13.2,14.144368416254464
20,1040,35,3,22.25,31.289606480175014
20,1040,35,4,10.75,10.547511554864494
20,1040,35,5,9.95,10.845687961970002
20,1040,35,6,8.85,10.955772330987033
20,1040,35,7,8.5,9.461834694681242
20,1040,35,8,5.9,5.9991227428858735
20,1040,35,9,7.35,8.112855295925817
20,1040,35,10,6.75,6.331832693869753
21,1488,35,0,78.75,36.86800781165155
21,1488,35,1,24.8,21.157554330856815
21,1488,35,2,16.25,15.419997269437944
21,1488,35,3,19.3,20.645121763544505
21,1488,35,4,11.15,11.305680919459542
21,1488,35,5,10.95,7.272695873137959
21,1488,35,6,9.65,9.02788079113517
21,1488,35,7,9.25,9.233092656309694
21,1488,35,8,10.3,9.793123258587872
21,1488,35,9,8.75,7.751909781670443
21,1488,35,10,29.65,39.36639630312555
21,1488,35,0,81.2,57.594407623255265
21,1488,35,1,19.3,14.242634292115605
21,1488,35,2,16.0,14.411252913134089
21,1488,35,3,12.3,6.505867796802644
21,1488,35,4,9.75,8.50928285678894
21,1488,35,5,9.15,6.729940955399081
21,1488,35,6,8.0,8.961907691651605
21,1488,35,7,8.75,6.97269109115208
21,1488,35,8,7.1,7.621990346497775
21,1488,35,9,7.3,6.744198286402601
21,1488,35,10,22.15,34.548630866314255
21,1860,35,0,62.7,51.821657736185124
21,1860,35,1,16.15,18.114475165632477
21,1860,35,2,10.8,11.80365688206302
21,1860,35,3,7.3,5.151392249214106
21,1860,35,4,8.85,9.471703009213117
21,1860,35,5,7.1,8.490861961079409
21,1860,35,6,6.9,5.5904053143709875
21,1860,35,7,7.75,8.302662857560566
21,1860,35,8,4.95,4.382681226925146
21,1860,35,9,5.75,6.016424887011607
21,1860,35,10,8.05,8.20445963453638
21,1860,35,0,57.6,56.19833299644169
21,1860,35,1,17.8,17.778165200456904
21,1860,35,2,20.65,23.093118136430988
21,1860,35,3,11.6,12.049896265113652
21,1860,35,4,10.1,9.106966679705332
21,1860,35,5,9.95,11.523317322076275
21,1860,35,6,6.65,6.24310145596511
21,1860,35,7,9.85,13.071765474930267
21,1860,35,8,7.3,9.942466071299783
21,1860,35,9,6.55,7.479621437085253
21,1860,35,10,24.5,37.58849207991862
21,1345,35,0,50.85,52.71200302737408
21,1345,35,1,13.25,27.080532918646462
21,1345,35,2,13.35,27.970426111200116
21,1345,35,3,5.95,8.035939011059858
21,1345,35,4,6.3,7.462890649212626
21,1345,35,5,5.95,9.150639897095491
21,1345,35,6,4.2,4.0859193386685035
21,1345,35,7,3.4,3.4853075073876383
21,1345,35,8,3.85,4.258428175549729
21,1345,35,9,3.2,3.1388901826835816
21,1345,35,10,4.8,7.473461820264246
21,1345,35,0,57.9,44.01662365396439
21,1345,35,1,19.3,26.545095691354323
21,1345,35,2,16.3,19.80191378310905
21,1345,35,3,17.05,27.217399620560062
21,1345,35,4,9.55,8.088165493647592
21,1345,35,5,8.3,8.316755440232182
21,1345,35,6,12.1,17.805676209095736
21,1345,35,7,7.8,9.523378436358879
21,1345,35,8,9.1,10.99712881188827
21,1345,35,9,7.5,10.545640156756226
21,1345,35,10,14.4,30.379009373682933
21,1733,35,0,95.35,46.608419162658855
21,1733,35,1,23.15,14.1580365870413
21,1733,35,2,20.45,15.267698961498661
21,1733,35,3,13.95,10.133191942688562
21,1733,35,4,11.45,10.913415211515932
21,1733,35,5,9.9,9.158832377891617
21,1733,35,6,10.05,5.862234170833182
21,1733,35,7,11.35,8.52411440067468
21,1733,35,8,9.35,9.149489488202981
21,1733,35,9,7.45,6.9013728611357505
21,1733,35,10,30.4,43.015786575824016
21,1733,35,0,90.6,49.901376418101464
21,1733,35,1,34.65,37.96573940305987
21,1733,35,2,21.9,22.38867194763788
21,1733,35,3,14.0,15.029794970062142
21,1733,35,4,13.8,17.059030638221785
21,1733,35,5,10.45,9.439419027617502
21,1733,35,6,12.6,11.137419147323042
21,1733,35,7,11.95,10.39471019317037
21,1733,35,8,7.05,5.835237784358063
21,1733,35,9,11.15,15.516629449519124
21,1733,35,10,26.0,35.36129314139372
21,775,35,0,93.85,72.10100736576358
21,775,35,1,23.0,19.978936276409765
21,775,35,2,10.25,10.098853504495604
21,775,35,3,18.45,39.645103235157755
21,775,35,4,9.0,7.433919416750283
21,775,35,5,8.25,7.129442290138903
21,775,35,6,8.65,8.845308003919959
21,775,35,7,7.9,9.689386488643944
21,775,35,8,7.4,6.862560516462151
21,775,35,9,5.95,7.344708084199484
21,775,35,10,12.45,15.486751553641277
21,775,35,0,69.35,59.37239744988716
21,775,35,1,23.95,29.443031522979386
21,775,35,2,10.75,12.793398791235226
21,775,35,3,10.4,12.30062043792486
21,775,35,4,10.75,12.552521239722488
21,775,35,5,5.6,4.694902050432777
21,775,35,6,6.85,7.421696500623589
21,775,35,7,5.5,5.880386668274549
21,775,35,8,4.65,4.738143096192854
21,775,35,9,5.7,5.620451377265933
21,775,35,10,26.35,51.85432530302153
