trial_id,stim_id,param_id,index,sample_n_mean,sample_n_std
0,34,5,0,82.75,55.15516390387357
0,34,5,0,122.2,73.12181617000498
0,25,5,0,117.8,86.99038059342811
0,25,5,0,71.0,48.419221933355956
0,46,5,0,108.75,80.45127652645944
0,46,5,0,95.05,75.33607160059864
0,24,5,0,87.9,63.9456183429573
0,24,5,0,80.6,60.48175018353188
0,47,5,0,72.0,56.41854864828541
0,47,5,0,86.55,49.58403287137376
0,46,5,0,86.2,48.1550128559623
0,46,5,0,92.85,79.51648289902904
0,44,5,0,79.0,51.12523323843335
0,44,5,0,80.4,47.01220446246966
0,35,5,0,79.55,50.89873848090313
0,35,5,0,95.6,97.11057181324152
0,36,5,0,77.0,65.79713639585492
0,36,5,0,104.3,76.73611652245224
0,35,5,0,104.1,104.02221422672937
0,35,5,0,80.05,59.70142817651676
0,39,5,0,86.7,53.88008127216158
0,39,5,0,103.9,100.01678806448867
0,29,5,0,70.95,44.17367041456638
0,29,5,0,113.8,89.0402629210664
0,41,5,0,91.5,72.83254044291206
0,41,5,0,80.75,63.34024662175907
0,25,5,0,93.85,91.35833151301584
0,25,5,0,89.45,61.17401839274407
0,26,5,0,94.5,75.2494098595499
0,26,5,0,82.4,68.8296141894874
0,36,5,0,90.45,72.88308951219142
0,36,5,0,90.85,63.10999170204017
0,33,5,0,77.75,46.09815043669551
0,33,5,0,76.7,41.475547647156866
0,31,5,0,113.1,72.73954980107561
0,31,5,0,66.05,37.40035884995307
0,33,5,0,114.45,93.66371819046667
0,33,5,0,94.25,60.42121882427171
0,30,5,0,103.65,79.00384734135953
0,30,5,0,89.9,71.13286308399456
1,5,5,0,71.35,66.03928256806901
1,5,5,0,90.9,59.47215182003475
1,8,5,0,85.75,74.69437729842855
1,8,5,0,112.15,81.39395748941978
1,21,5,0,103.75,83.68227819682329
1,21,5,0,76.65,50.43106290039064
1,21,5,0,78.0,49.83340667717422
1,21,5,0,126.2,70.8264000734784
1,19,5,0,67.2,44.295182107027586
1,19,5,0,85.55,61.2995020156642
1,10,5,0,78.15,46.4874346350427
1,10,5,0,76.4,73.71738351012567
1,4,5,0,79.15,48.25946866459964
1,4,5,0,94.35,62.89529728884848
1,18,5,0,116.45,86.26731710213318
1,18,5,0,73.45,54.895570715773836
1,9,5,0,104.75,64.49469582433647
1,9,5,0,74.1,36.78515146660474
1,16,5,0,100.85,72.77020428430131
1,16,5,0,105.75,96.78237932272808
1,1,5,0,93.95,63.31747493053514
1,1,5,0,105.95,62.172489262153825
1,18,5,0,91.35,73.87989898263403
1,18,5,0,92.35,53.897832199351704
1,4,5,0,85.35,80.39656643624056
1,4,5,0,97.45,84.6407112446487
1,18,5,0,103.2,65.71197119166901
1,18,5,0,85.65,49.37533477568052
1,16,5,0,100.8,103.58347765017963
1,16,5,0,77.15,59.539703692489724
1,6,5,0,104.25,58.85653833911028
1,6,5,0,114.85,104.41227745916918
1,14,5,0,96.15,74.84037398989511
1,14,5,0,93.25,60.37067517472893
1,20,5,0,84.1,54.47346046229157
1,20,5,0,107.45,90.63023487602914
1,14,5,0,94.65,77.08114316471277
1,14,5,0,99.9,70.35765772110382
1,5,5,0,82.25,76.15004233333309
1,5,5,0,68.25,43.06528092387918
2,39,5,1,87.8,71.16001242566679
2,39,5,1,109.3,110.27911955817527
2,25,5,1,67.85,45.66845623334384
2,25,5,1,100.35,95.38027767007733
2,37,5,1,90.65,55.22039573620564
2,37,5,1,73.9,40.15745326376636
2,35,5,1,103.6,77.5006960919503
2,35,5,1,96.8,78.964082441256
2,24,5,1,112.25,104.17640656218914
2,24,5,1,116.85,112.90437267183698
2,47,5,1,92.75,78.99158849289954
2,47,5,1,75.65,54.40518067436709
2,26,5,1,79.75,46.58876643456807
2,26,5,1,95.1,57.696027410449744
2,24,5,1,74.85,65.90126186796027
2,24,5,1,74.15,62.48559834073769
2,44,5,1,113.5,99.23629429429114
2,44,5,1,60.75,49.351451746363885
2,33,5,1,78.15,52.21441119884534
2,33,5,1,103.15,69.66481782151779
2,40,5,1,101.1,77.01462608867844
2,40,5,1,64.4,47.712295667833224
2,47,5,1,63.35,45.32720224278016
2,47,5,1,71.7,64.95674674249335
2,42,5,1,70.15,44.84273689943087
2,42,5,1,105.05,99.5825365159342
2,46,5,1,78.85,64.31196581794418
2,46,5,1,102.3,78.1726160156921
2,44,5,1,89.45,72.15660964727677
2,44,5,1,64.45,60.02234233139663
2,28,5,1,79.3,55.78822739422246
2,28,5,1,103.45,72.80361110187931
2,42,5,1,127.15,95.42772133924187
2,42,5,1,102.6,93.7507333304652
2,31,5,1,99.55,88.07023214159075
2,31,5,1,87.95,70.56051900393919
2,38,5,1,61.15,63.231633488976144
2,38,5,1,73.25,50.79460704900824
2,25,5,1,87.05,77.53741032559702
2,25,5,1,74.25,63.62958183274919
3,10,5,1,75.1,57.350170926189556
3,10,5,1,64.7,71.32143694865557
3,21,5,1,73.9,38.89784191010033
3,21,5,1,106.9,76.36539585578356
3,16,5,1,71.45,52.50511253302162
3,16,5,1,110.35,76.68134680199886
3,19,5,1,107.5,77.91121802883615
3,19,5,1,67.25,63.143008113996366
3,20,5,1,57.1,47.171467736557155
3,20,5,1,93.45,89.86216052787093
3,20,5,1,88.7,59.18223417635788
3,20,5,1,78.0,51.51596584401874
3,22,5,1,106.35,77.24075485471587
3,22,5,1,76.6,76.46423312483047
3,0,5,1,100.95,80.26434943032731
3,0,5,1,61.8,48.083917871724395
3,6,5,1,82.7,86.14314891657465
3,6,5,1,98.55,57.49093750093872
3,8,5,1,90.05,68.11173096271189
3,8,5,1,69.8,55.48978094634799
3,8,5,1,80.55,73.64386207317371
3,8,5,1,92.85,59.91860707396501
3,22,5,1,103.6,104.26908508883712
3,22,5,1,77.1,51.07981370777552
3,2,5,1,86.15,74.64743447489813
0,41,107,0,88.25,70.1110960510081
3,2,5,1,63.85,51.65907980515903
3,11,5,1,66.65,73.81361662999585
0,41,107,0,84.7,63.74628988171948
0,46,107,0,79.35,59.43176095764213
3,11,5,1,101.95,99.16677871142129
0,46,107,0,61.9,46.3202808827044
3,8,5,1,93.5,99.29938781811614
0,38,107,0,71.45,73.34954166971934
0,38,107,0,81.4,70.11524348115076
3,8,5,1,100.85,106.1737776130791
0,36,107,0,64.95,42.2542118735237
0,36,107,0,89.05,76.99724875467612
3,23,5,1,113.75,129.51767812684267
0,47,107,0,58.75,47.80649042039991
0,47,107,0,62.15,55.693971137391806
3,23,5,1,111.3,96.03349196476908
0,37,107,0,65.8,50.1404343608503
3,3,5,1,78.55,68.5922160690494
0,37,107,0,75.65,53.625676293122275
3,3,5,1,69.85,40.67363687749234
0,43,107,0,79.1,69.85390770066218
3,5,5,1,100.55,70.41192706980978
0,43,107,0,82.25,70.49514727606208
0,24,17,0,63.3,60.924543494391486
0,36,107,0,54.95,31.433262636894696
3,5,5,1,92.85,99.49412836417719
0,24,17,0,88.95,45.78608729159639
3,13,5,1,79.2,51.88915311051353
0,36,107,0,80.85,71.33706130609443
0,24,17,0,84.3,65.19775585417838
0,25,107,0,64.4,26.561547196533645
3,13,5,1,84.65,76.67310995044927
0,24,17,0,69.35,46.851697716810314
0,24,17,0,64.35,44.574331768761034
3,22,5,1,87.75,78.304987405858
0,25,107,0,115.75,82.66602114914917
0,24,17,0,72.4,54.99129117654138
3,22,5,1,74.7,66.73521914015275
0,24,17,0,72.65,54.79941893660437
0,32,107,0,99.6,84.14736447072137
4,42,5,2,94.45,68.51544197824083
0,24,17,0,73.75,46.40766157254186
0,32,107,0,66.5,43.87962001466716
4,42,5,2,66.15,46.20352572557298
0,47,5,0,79.95,61.326970970536706
0,24,17,0,60.75,54.48889312221538
0,27,107,0,61.5,43.986241868159304
0,47,5,0,69.8,40.51458476829509
0,27,107,0,58.15,35.20358085853139
4,40,5,2,95.75,73.53328999060292
0,24,17,0,87.65,79.62363772279264
0,34,107,0,74.05,57.501006856173255
0,44,17,0,70.4,49.611543648206464
0,35,5,0,106.25,65.00435208102365
0,34,107,0,67.55,53.12990534628557
4,40,5,2,117.3,78.82231850647912
0,44,17,0,77.35,49.92233441741492
0,35,5,0,72.8,62.095512169390695
4,45,5,2,77.45,76.07300856137442
0,27,107,0,84.85,64.20466862841215
0,44,17,0,68.15,58.57902894021842
0,26,5,0,104.25,99.40659461339364
0,44,17,0,70.15,56.59298357105485
4,45,5,2,96.15,82.24947608215795
0,27,107,0,95.65,70.54768823844957
0,44,17,0,89.9,49.39305299544184
0,26,5,0,93.7,74.11733230067324
0,45,107,0,78.55,61.397304072478796
4,30,5,2,85.3,69.19393036965019
0,44,17,0,64.95,50.77450147465753
0,45,107,0,78.85,44.67929580559893
4,30,5,2,73.3,65.60977141602582
0,44,17,0,73.5,58.57024572434817
0,33,5,0,111.55,79.66077751117052
4,32,5,2,68.2,45.23808363012647
0,38,107,0,67.45,52.18335588651756
0,44,17,0,71.0,48.64695587382086
0,33,5,0,87.75,68.80626883924856
0,38,107,0,76.7,69.96848914821736
4,32,5,2,90.75,63.840158125381265
0,44,17,0,90.45,55.27869581064948
0,25,5,0,75.75,43.09460217755938
0,47,107,0,88.2,67.95943062244058
0,44,17,0,75.65,60.19466229177678
4,24,5,2,100.8,79.5107407507743
0,25,5,0,88.3,77.40671805470116
0,28,17,0,52.3,39.92242477605787
0,47,107,0,66.6,56.51492583473204
0,31,5,0,63.35,41.96900485383294
0,28,17,0,70.35,45.49062945729651
4,24,5,2,116.9,84.3875146664419
0,47,107,0,99.55,82.83622078344841
0,31,5,0,76.1,62.24307190362635
0,28,17,0,68.95,43.941917405401846
0,47,107,0,65.1,36.37219875269109
4,24,5,2,87.55,53.03174322491846
0,28,17,0,71.35,59.961632469613875
0,28,5,0,102.55,86.2923275237937
4,24,5,2,65.8,47.63192206913343
0,28,17,0,81.7,55.55376722267878
0,28,107,0,103.3,80.60370893908569
0,28,5,0,95.85,63.528920061736656
0,28,17,0,76.5,52.83091200384387
4,46,5,2,110.05,59.5840626872303
0,28,107,0,100.85,81.94238990387024
0,28,17,0,70.8,47.379320383475324
4,46,5,2,94.45,61.0387926693043
0,39,5,0,109.35,104.86245376933688
0,28,17,0,70.25,55.951929556116575
0,25,107,0,87.0,65.96171138183918
4,27,5,2,92.7,86.02759655146163
0,28,17,0,87.05,49.627533741494325
0,39,5,0,91.15,56.13730816864176
0,25,107,0,76.9,53.69298689871204
0,28,17,0,66.45,34.81148479574249
4,27,5,2,85.55,76.7013861125009
0,26,107,0,68.8,51.589064528709656
0,29,5,0,84.75,61.46961166214357
0,31,17,0,64.25,48.17826000222617
4,41,5,2,69.65,51.306381053842664
0,26,107,0,77.55,57.221154534977615
0,29,5,0,92.15,64.07912460799004
0,31,17,0,79.95,37.66399229754426
1,9,107,0,75.3,55.531024993620505
4,41,5,2,83.7,97.63686749756386
0,35,5,0,81.55,59.32291205543473
0,31,17,0,85.35,51.66519239549155
0,31,17,0,68.25,40.32744266103353
0,35,5,0,80.2,38.29745078777575
4,29,5,2,93.65,59.725931069387805
1,9,107,0,93.7,68.61571095218416
0,31,17,0,64.65,35.57538326900839
4,29,5,2,60.3,54.54413953757761
0,43,5,0,84.05,70.70433248096575
1,1,107,0,104.7,59.73106394498594
0,31,17,0,76.9,71.35448940252279
0,43,5,0,84.8,40.58597113081784
4,24,5,2,97.3,91.06972458969064
1,1,107,0,72.75,54.51689742880787
0,42,5,0,71.05,56.96025853726069
0,31,17,0,104.6,70.7094871919417
1,10,107,0,94.15,49.44670176856565
4,24,5,2,100.0,90.08533965664242
0,31,17,0,84.65,56.17760838813385
4,45,5,2,50.75,42.21483276365261
0,42,5,0,99.6,75.25283698096842
1,10,107,0,72.1,52.11313603467384
0,31,17,0,86.8,55.40340099763969
0,33,5,0,69.5,60.0416522091123
1,5,107,0,82.85,70.39832160080613
4,45,5,2,103.1,99.26567223471832
0,31,17,0,73.5,46.671866878181945
4,38,5,2,63.95,37.22827872521244
1,5,107,0,78.55,51.86569193599946
0,33,5,0,97.55,84.1098748817972
0,35,17,0,79.4,61.26680220667289
4,38,5,2,62.9,54.17117120271339
0,29,5,0,66.15,41.2275776379687
4,26,5,2,66.25,48.060132290594815
1,20,107,0,100.75,90.28369031470802
0,35,17,0,88.1,57.979034323215764
0,29,5,0,94.1,67.5783366097995
1,20,107,0,69.8,48.690861565595654
0,35,17,0,68.5,42.59293245054679
4,26,5,2,91.1,68.93696586852293
0,35,5,0,74.1,49.12593912320498
1,18,107,0,61.05,36.4135240925965
0,35,17,0,67.9,50.23617903673135
4,41,5,2,68.2,55.28928705597401
1,18,107,0,57.95,40.40384947788489
0,35,17,0,59.7,43.77105508390099
0,35,5,0,81.55,54.777516517175854
4,41,5,2,86.65,75.12044714288758
1,15,107,0,80.35,71.79303220845469
0,35,17,0,78.35,71.19822218359994
0,37,5,0,88.0,53.355806668657515
0,35,17,0,69.55,60.43393522116353
4,37,5,2,85.85,68.14093367503312
0,37,5,0,74.75,50.964254759173066
1,15,107,0,87.3,69.6828152189771
0,35,17,0,77.0,58.628177166740706
1,8,107,0,68.0,45.042669828321216
4,37,5,2,79.7,67.10408254895407
0,44,5,0,89.45,68.22599828588265
0,35,17,0,78.85,54.59831788424872
0,44,5,0,59.6,40.00842016639155
1,8,107,0,92.1,62.925938087648134
0,35,17,0,57.75,45.741694673229446
4,30,5,2,100.7,87.14663987845582
1,14,107,0,72.85,56.541810333499875
4,30,5,2,72.9,68.93162134356504
0,45,5,0,106.85,80.21043048067213
0,28,17,0,99.65,72.52170274077308
1,14,107,0,65.8,38.30432159210732
4,34,5,2,92.65,76.43316654024234
0,28,17,0,82.15,65.38088808142476
0,45,5,0,98.35,75.25554709402526
1,15,107,0,93.3,78.58893721530772
0,28,17,0,52.3,27.29584506650668
4,34,5,2,95.15,80.8496167357384
0,28,17,0,71.0,39.51149066710647
0,24,5,0,104.05,84.01909244175899
1,15,107,0,95.65,57.705490936396394
0,28,17,0,68.5,42.73356871052126
4,44,5,2,92.55,69.34541687887717
0,24,5,0,74.6,48.14058360129927
1,7,107,0,102.3,80.07963142036213
4,44,5,2,81.1,62.805380258968924
0,28,17,0,93.2,82.52948436452081
0,47,5,0,86.25,69.5806045268061
0,28,17,0,66.7,53.475129487306624
1,7,107,0,94.5,71.35419435906749
5,16,5,2,100.4,89.42765379432636
0,47,5,0,95.9,59.83741128653281
0,28,17,0,62.95,59.821202894872265
5,16,5,2,71.8,54.20099047453886
1,22,5,0,78.8,51.21327952787245
1,13,107,0,103.9,74.78875513562745
0,28,17,0,89.2,55.74150867597399
0,28,17,0,55.05,56.90664099622894
1,13,107,0,89.85,61.634128447425006
5,11,5,2,100.5,91.50179750894745
0,47,17,0,64.3,35.91085453848474
1,22,5,0,114.1,101.82952730705837
1,5,107,0,81.65,58.5493718785131
5,11,5,2,80.2,71.85995151389227
0,47,17,0,76.4,43.20014619858301
1,4,5,0,93.75,66.00388744532201
5,16,5,2,88.95,64.28184240637394
0,47,17,0,96.45,66.28683682935932
1,5,107,0,104.15,80.20058734527022
0,47,17,0,76.1,50.282255947380634
1,4,5,0,119.6,84.52866222082368
1,11,107,0,81.1,61.196749139665556
5,16,5,2,92.95,97.16262818486064
0,47,17,0,74.05,40.27990879621724
1,11,107,0,57.25,44.50768709477404
1,9,5,0,78.05,59.345088033334406
0,47,17,0,69.45,40.49623114367687
1,8,107,0,72.9,68.19932087947103
5,0,5,2,115.05,108.13221682639025
1,8,107,0,71.45,47.22006152607508
5,0,5,2,65.65,33.10314820455346
0,47,17,0,89.35,68.89601241229995
1,9,5,0,114.5,111.19281498938301
0,47,17,0,81.7,55.97941350927236
1,19,107,0,86.65,53.91052528813001
1,16,5,0,83.35,57.60964374678582
5,21,5,2,105.5,83.9100395473754
1,19,107,0,83.7,56.95713993410909
5,21,5,2,70.7,54.99100404898776
0,47,17,0,99.0,72.12926991830271
1,16,5,0,94.2,97.3812907568681
5,12,5,2,83.95,67.99340138262644
1,13,107,0,110.55,76.25336920942885
0,47,17,0,107.7,70.05644340928174
1,4,5,0,104.5,68.14960323474108
5,12,5,2,63.35,57.76565634208252
0,24,17,0,64.7,40.008025510679204
1,13,107,0,81.45,60.72151703950543
1,4,5,0,80.5,47.40586239563293
5,1,5,2,74.7,77.50524600241417
0,24,17,0,74.75,66.7854971650204
1,10,107,0,66.3,43.205871920620375
5,1,5,2,67.7,45.53783851745826
1,18,5,0,95.1,76.85522959297873
0,24,17,0,84.35,53.046429514252196
1,10,107,0,94.1,79.17794748805409
1,18,5,0,67.7,48.916792940450904
5,6,5,2,76.25,61.582529135598534
0,24,17,0,71.65,47.88503227303365
5,6,5,2,74.05,58.98302610430438
1,7,107,0,80.55,76.6080076891787
1,4,5,0,95.0,55.159100027008
1,7,107,0,60.9,52.67667015811998
0,24,17,0,98.5,88.74119674649425
5,8,5,2,65.65,61.52986010231558
1,4,5,0,67.8,38.775467013374104
5,8,5,2,67.4,51.28496240050345
1,16,107,0,96.45,74.19566947215351
0,24,17,0,115.6,84.41464078551402
1,3,5,0,104.05,82.12408775428611
1,16,107,0,73.15,42.75299312390457
5,17,5,2,87.8,83.08815863444778
0,24,17,0,77.0,63.36693476137718
1,3,5,0,95.55,73.9782862879728
2,36,107,1,70.45,46.627837856348165
5,17,5,2,77.15,59.53263147658027
0,24,17,0,86.7,57.51164641778403
2,36,107,1,70.55,39.52810459194291
1,15,5,0,84.4,52.933324495116146
5,21,5,2,79.45,61.077582242845686
0,24,17,0,79.95,49.53730651581801
2,45,107,1,77.6,53.78651758279401
5,21,5,2,96.95,71.98938152694173
1,15,5,0,104.95,61.632591344105215
0,24,17,0,79.55,49.78213059237008
2,45,107,1,88.35,74.98861317068851
5,18,5,2,75.9,68.15686241851839
0,24,17,0,90.1,61.77965940169526
1,16,5,0,127.1,76.78740302391984
2,44,107,1,88.7,73.94457383743584
0,24,17,0,65.45,66.57285285191034
5,18,5,2,90.8,80.38499467202229
2,44,107,1,69.05,55.8310185432699
5,20,5,2,54.45,34.72519940452769
1,16,5,0,86.1,78.92094645576474
0,24,17,0,88.5,62.092884582611184
5,20,5,2,67.9,86.79734412623706
0,24,17,0,57.25,46.075310205426895
2,47,107,1,86.3,67.37569450867512
1,0,5,0,98.6,76.95412167067637
2,47,107,1,63.2,40.90373808680185
0,24,17,0,84.0,67.84114572021598
5,23,5,2,101.9,90.39614570265005
2,30,107,1,68.55,44.39591612323201
0,24,17,0,68.3,51.33901768481848
1,0,5,0,108.55,74.71804897148522
5,23,5,2,79.95,92.87823097730535
0,24,17,0,93.5,76.86248828435855
2,30,107,1,108.7,74.81422606064058
1,8,5,0,99.9,72.57293971548464
0,24,17,0,55.5,38.97975182875821
5,19,5,2,117.3,95.612210186995
2,36,107,1,83.1,58.97626641285458
1,8,5,0,94.25,61.58509303565698
0,24,17,0,80.75,48.77755631435425
0,24,17,0,65.95,48.579262415583315
5,19,5,2,87.5,80.62159825544987
1,6,5,0,98.45,59.44964698226382
2,36,107,1,96.8,80.63276074439692
0,44,17,0,77.1,60.43430535017255
2,37,107,1,58.0,39.50349751337815
5,8,5,2,74.9,72.75474301775073
1,6,5,0,89.0,52.612786118565275
0,44,17,0,66.1,41.732103002995565
5,8,5,2,77.05,80.65813170738778
2,37,107,1,100.5,78.72904900921094
1,2,5,0,86.7,68.59729931771521
0,44,17,0,83.0,71.36562640080271
5,20,5,2,74.7,53.42392525333274
0,44,17,0,69.8,42.72876511696836
2,26,107,1,76.6,50.142323755276315
1,2,5,0,78.75,32.34009243875732
5,20,5,2,71.55,58.516282034643105
0,44,17,0,61.9,48.16736173844386
2,26,107,1,59.85,55.65426639909156
1,14,5,0,73.2,53.30211805804423
0,44,17,0,70.5,50.136130474413044
2,38,107,1,94.85,74.65800975818087
5,21,5,2,109.0,108.96885117461683
1,14,5,0,96.7,68.35980659638189
0,44,17,0,77.6,53.639537656471276
2,38,107,1,58.3,48.05052165771926
5,21,5,2,74.45,53.78071949568623
1,23,5,0,90.55,62.45459403270086
0,44,17,0,83.35,72.65873729472017
2,25,107,1,88.5,78.08194076535375
5,1,5,2,84.95,70.31019616108695
0,44,17,0,75.85,42.75176204432674
1,23,5,0,83.95,61.468412940905544
2,25,107,1,59.95,43.64024579022876
1,4,5,0,51.1,35.34625715315332
0,44,17,0,78.7,49.77961958789751
5,1,5,2,100.65,55.087752961214434
2,37,107,1,59.45,46.829449798402
0,43,17,0,70.15,48.60179225631825
2,37,107,1,45.1,43.024962154789314
5,3,5,2,65.55,43.81116776636559
2,29,107,1,56.9,33.06437102953793
5,3,5,2,55.5,31.715013877707158
0,43,17,0,78.6,54.18234321058359
1,4,5,0,122.15,113.77136583609482
2,29,107,1,89.95,60.89808138020009
0,43,17,0,105.4,54.338510139775885
1,10,5,0,108.1,80.93330587588771
6,29,5,3,116.15,108.69962233024013
2,25,107,1,76.75,50.27071450498894
0,43,17,0,64.25,37.58901715297057
2,25,107,1,66.95,42.570653346123194
1,10,5,0,90.55,83.31012132862054
0,43,17,0,72.65,54.25405636059803
6,29,5,3,85.75,98.12766925635302
2,28,107,1,70.9,49.60783045150497
0,43,17,0,71.1,51.137482390739166
6,24,5,3,60.3,40.361654548528314
1,3,5,0,91.55,85.5123721427121
0,43,17,0,81.35,61.17298595398394
6,24,5,3,77.75,67.52221856544705
1,3,5,0,79.3,50.149355875592676
2,28,107,1,104.05,75.53561376839683
0,43,17,0,90.05,60.18696746498846
6,27,5,3,93.75,72.37321036783824
1,11,5,0,87.6,52.305177362736934
2,45,107,1,90.9,70.04877999613818
0,43,17,0,68.9,55.47678509260001
1,11,5,0,84.6,56.78621033499706
6,27,5,3,91.6,77.81651833843371
2,45,107,1,90.25,58.146706473232086
0,43,17,0,101.9,65.99035017174461
6,27,5,3,70.9,51.873226031811136
2,31,5,1,88.7,76.28278415143706
2,37,107,1,68.15,41.654310448588255
0,32,17,0,76.85,53.46644299292585
6,27,5,3,69.8,47.494708846576295
2,31,5,1,65.3,43.08144062488846
2,37,107,1,84.15,71.92633292766324
0,32,17,0,72.9,51.296763004470776
2,43,5,1,76.15,58.33052374186263
0,32,17,0,54.4,46.51474016515172
6,46,5,3,93.1,107.80191385860897
2,44,107,1,78.9,55.33619734714435
2,43,5,1,62.85,31.33734110240403
0,32,17,0,57.95,42.834411891670264
6,46,5,3,74.75,49.52710581617218
0,32,17,0,72.8,46.81610159358693
2,44,107,1,93.85,66.08708369703528
2,38,5,1,92.3,69.26843284984643
6,26,5,3,74.7,69.80732882652607
0,32,17,0,68.15,51.63971849570628
2,43,107,1,71.0,63.22557776889449
0,32,17,0,57.3,49.8049881247377
2,43,107,1,64.65,34.639914610323835
6,26,5,3,85.7,70.10901286004908
2,38,5,1,127.7,102.94868420211775
0,32,17,0,83.7,56.3271459282383
2,25,107,1,73.2,45.35079643007503
6,34,5,3,71.05,78.0131399188624
2,34,5,1,74.45,61.0568975369868
2,25,107,1,71.2,49.27431272718922
0,32,17,0,93.1,57.076034236889015
6,34,5,3,75.65,62.00532659631582
2,33,107,1,73.1,63.49629081582971
0,32,17,0,74.95,58.107409619011406
6,47,5,3,60.3,43.86234447858316
2,34,5,1,115.35,90.9946643895587
2,33,107,1,64.85,42.595125740419
0,38,17,0,74.2,64.37194550750391
6,47,5,3,79.05,78.64676190342955
2,29,5,1,74.15,59.95109849307446
0,38,17,0,56.4,28.16754384599036
3,11,107,1,82.0,58.16853915449847
6,32,5,3,77.55,81.6561951754202
0,38,17,0,98.7,61.76108466459578
3,11,107,1,76.0,65.78273649714362
2,29,5,1,101.15,85.80778703468278
6,32,5,3,78.7,77.96767211310623
0,38,17,0,74.3,49.89367642666174
3,5,107,1,75.8,73.28574213310526
2,26,5,1,94.15,75.46646170389376
6,26,5,3,74.95,73.63242635229615
0,38,17,0,83.55,43.10998785237105
3,5,107,1,58.95,53.44103981812204
6,26,5,3,80.0,53.22445025797033
2,26,5,1,92.85,76.02304013638857
3,14,107,1,71.45,69.05183026653164
0,38,17,0,92.45,59.79304219335928
0,38,17,0,68.15,37.646940184604084
2,34,5,1,79.9,64.4898196780334
3,14,107,1,69.5,67.40490377288273
6,30,5,3,98.55,119.37401418716678
0,38,17,0,81.15,51.354572389059555
3,23,107,1,83.2,63.7648641081971
2,34,5,1,88.05,71.31359581011479
6,30,5,3,74.1,75.50315434330857
0,38,17,0,84.6,75.83666659340982
2,38,5,1,71.3,54.43692632183068
6,47,5,3,75.7,59.34564232660975
3,23,107,1,94.75,82.481178076226
2,38,5,1,69.15,63.95827175835655
0,38,17,0,82.0,71.27190337381427
6,47,5,3,87.45,64.07025338190144
3,22,107,1,88.35,65.83574057335503
0,39,17,0,79.9,62.8472668249656
2,43,5,1,88.2,51.79880104282033
0,39,17,0,67.9,49.92826432940934
3,22,107,1,85.15,68.78132779055359
2,43,5,1,71.05,53.55810912113664
6,24,5,3,113.5,105.20981543163117
0,39,17,0,85.35,52.8167387741504
3,1,107,1,85.15,90.26060223480383
2,29,5,1,89.8,61.57545649124547
6,24,5,3,82.8,71.62078498665916
0,39,17,0,79.05,43.16611122043236
6,47,5,3,71.4,64.34479490665075
3,1,107,1,87.3,77.52289984256265
0,39,17,0,73.4,70.65661961017412
2,29,5,1,109.3,82.58972791997039
0,39,17,0,79.75,57.09352899087233
3,5,107,1,83.25,64.04100249059192
6,47,5,3,104.85,106.59627474482251
2,39,5,1,98.4,82.36849167644525
0,39,17,0,70.15,44.990379088493086
3,5,107,1,81.45,59.36902878561657
6,46,5,3,71.1,51.37263248482651
0,39,17,0,73.0,52.664779002369514
2,39,5,1,83.9,58.729442091859276
3,18,107,1,98.1,68.9339119050001
6,46,5,3,91.45,90.0043712388752
0,39,17,0,93.35,77.68375499081957
2,47,5,1,97.75,71.90774425755912
0,39,17,0,81.2,55.07373048444861
6,36,5,3,97.85,86.84424957480216
3,18,107,1,84.2,116.96450203733653
2,47,5,1,92.8,63.3981570377994
0,40,17,0,63.3,37.49821048361754
3,13,107,1,86.4,52.52407969082772
6,36,5,3,97.8,87.77998812821447
0,40,17,0,82.65,53.53432248763896
2,36,5,1,103.05,82.20159750016387
0,40,17,0,62.35,49.28144200726871
6,31,5,3,74.8,66.38848980770211
3,13,107,1,91.35,70.21716314406329
2,36,5,1,77.0,57.63496745626053
6,31,5,3,70.2,59.269766855943466
0,40,17,0,86.0,60.952958565558866
3,9,107,1,95.35,65.55694591646821
2,41,5,1,88.3,79.05035037706564
6,46,5,3,71.9,64.92335562232715
0,40,17,0,77.9,65.36126327452756
0,40,17,0,54.9,41.95222847101463
3,9,107,1,90.3,57.6040020539509
6,46,5,3,76.4,88.492283338867
2,41,5,1,88.9,61.2509076194837
0,40,17,0,72.7,40.49574376595515
6,46,5,3,60.2,46.01441421760657
3,4,107,1,87.0,69.18776892212273
0,40,17,0,55.75,36.65037516861185
6,46,5,3,64.15,44.00032894613881
3,4,107,1,57.4,50.05407602099743
0,40,17,0,66.95,49.02896565994647
2,42,5,1,125.3,119.48578422381027
6,47,5,3,65.95,47.020124470944964
0,40,17,0,66.8,48.370935161737904
3,8,107,1,88.7,62.17809734523632
6,47,5,3,56.45,61.50607586589354
3,8,107,1,67.5,48.93981265961175
0,30,17,0,89.45,60.92832285822242
2,42,5,1,119.35,82.06497746490759
7,10,5,3,76.55,66.33604640488895
3,10,107,1,57.95,29.981529401669256
0,30,17,0,108.9,58.81720120759518
2,46,5,1,89.3,85.60318488910266
3,10,107,1,77.65,62.44346917096505
0,30,17,0,48.4,24.917548244687236
7,10,5,3,102.8,87.14573395966333
0,30,17,0,66.0,48.64479200771326
3,9,107,1,80.85,62.6176997005597
7,2,5,3,76.85,62.84758086873855
2,46,5,1,103.15,68.90670657146744
0,30,17,0,89.4,57.96859403795163
7,2,5,3,71.4,57.65450637429097
3,9,107,1,76.75,50.3711226795671
7,0,5,3,44.9,37.93609585106318
0,30,17,0,74.8,49.80974328698944
7,0,5,3,61.0,49.38783144395836
2,45,5,1,117.0,109.5805399550582
3,8,107,1,101.55,74.33882247060272
0,30,17,0,69.5,43.660773674944615
3,8,107,1,61.05,45.58909726539542
2,45,5,1,81.9,51.65971656706484
0,30,17,0,75.9,63.767587873134225
7,14,5,3,103.9,105.30652001606899
3,14,107,1,70.2,47.25474078138393
2,33,5,1,64.8,56.690851392256825
0,30,17,0,73.05,45.61679630643912
3,14,107,1,61.7,45.00304083293179
0,30,17,0,65.95,48.87521705430333
2,33,5,1,76.4,60.135286077135675
7,14,5,3,100.1,88.92569340392247
0,26,17,0,65.95,38.95135292562817
3,15,107,1,77.35,83.68190082876816
7,10,5,3,83.5,67.13419396998819
2,34,5,1,96.8,72.93154685261919
0,26,17,0,80.1,69.30322389402431
3,15,107,1,70.55,51.471479072343904
7,10,5,3,62.0,48.965078855939986
0,26,17,0,67.3,45.633667165234144
3,10,107,1,63.55,49.13512517859082
2,34,5,1,92.65,69.7493821893031
0,26,17,0,84.8,63.62521843618795
3,10,107,1,92.75,60.64206894817978
2,25,5,1,91.0,71.47910994056052
7,20,5,3,134.45,115.78313439584504
0,26,17,0,63.8,43.08327310050423
0,26,17,0,78.95,61.22046011622344
2,25,5,1,83.55,82.10998721227521
7,20,5,3,75.6,86.00514060523543
3,1,107,1,100.65,81.3958973490873
0,26,17,0,81.95,63.87362110984636
7,19,5,3,74.0,70.75606724961175
3,1,107,1,90.0,63.41426039190737
3,11,5,1,104.75,83.76274451342346
0,26,17,0,61.3,34.46752857858813
7,19,5,3,76.0,88.39802331679023
3,11,5,1,72.45,62.69178994346699
0,26,17,0,79.45,49.39046892926439
3,10,107,1,83.65,77.56102860260903
0,26,17,0,67.9,44.70240780045181
7,7,5,3,105.65,98.32934722815865
3,10,107,1,80.0,74.64794564804637
3,1,5,1,91.7,92.13211337958917
0,35,17,0,77.35,57.27521278877976
4,42,107,2,74.35,63.42029809553339
0,35,17,0,77.2,50.14988062115192
7,7,5,3,103.45,113.886127337793
3,1,5,1,100.4,89.78359948700043
4,42,107,2,59.0,49.339852580156524
0,35,17,0,81.2,57.469992169827194
7,14,5,3,76.6,61.204059032920874
4,31,107,2,56.8,49.17166492583861
3,16,5,1,85.2,57.97149934961235
0,35,17,0,69.1,53.93456073896647
7,14,5,3,65.25,65.19192313550248
4,31,107,2,76.25,54.586363247899
0,35,17,0,70.95,50.3424849354269
7,6,5,3,52.9,44.519540357962036
3,16,5,1,94.05,69.89275619419406
4,30,107,2,76.05,60.002171013354086
0,35,17,0,73.7,41.111017859859466
3,6,5,1,62.75,37.46700302652287
7,6,5,3,94.0,70.68089893092908
4,30,107,2,62.3,54.633804842596746
3,6,5,1,81.25,53.79774501241713
0,35,17,0,87.95,60.53748295151742
4,35,107,2,63.3,55.46084441439649
0,35,17,0,72.4,45.022099836460434
7,5,5,3,105.75,99.21209338424529
4,35,107,2,56.1,45.086933572237626
3,16,5,1,90.95,71.04444494747452
0,35,17,0,71.2,34.91885330003656
7,5,5,3,61.1,73.95581895898886
3,16,5,1,66.9,55.01760483795403
4,26,107,2,76.65,58.795161813125226
0,35,17,0,64.9,49.594036144002544
7,21,5,3,68.3,57.65879674520848
0,27,17,0,67.05,68.21133954193587
3,1,5,1,77.9,61.51927383049623
4,26,107,2,76.3,59.443117436136504
4,41,107,2,41.25,27.07858932810201
0,27,17,0,81.35,64.87175607953051
7,21,5,3,105.75,97.66800639761318
3,1,5,1,82.0,78.55403771993687
4,41,107,2,77.15,39.522511906107646
0,27,17,0,62.3,33.50113902227018
4,40,107,2,70.55,69.63171917875843
7,15,5,3,106.5,91.62136041453722
0,27,17,0,89.45,65.2851841014322
4,40,107,2,76.1,82.39564372746388
7,15,5,3,76.8,58.90009382532067
3,2,5,1,147.9,113.13238635379909
0,27,17,0,72.2,69.1943106879384
0,27,17,0,62.5,30.59669744820251
7,5,5,3,59.85,67.46092436210367
4,46,107,2,71.2,67.89279474986553
3,2,5,1,94.55,100.70460973089878
7,5,5,3,57.6,44.52958803454525
0,27,17,0,95.1,80.3511372860266
4,46,107,2,73.9,64.42776452823162
7,17,5,3,81.0,82.27233339407157
3,9,5,1,89.45,69.89049705752112
0,27,17,0,70.0,45.45443062186452
4,30,107,2,89.7,81.28643312709886
0,27,17,0,59.8,39.25168450961188
7,17,5,3,66.4,82.55039927857787
4,30,107,2,83.35,80.37692454927596
0,27,17,0,88.45,69.17519710659914
7,10,5,3,92.2,98.423681360898
0,43,17,0,55.25,50.13127503706748
4,40,107,2,60.35,45.78240871086209
3,9,5,1,153.55,148.21693738003017
7,10,5,3,73.65,72.0644996184887
0,43,17,0,84.2,51.03517878565931
4,40,107,2,76.75,68.39042330619105
3,19,5,1,66.75,39.599142733942585
7,2,5,3,87.25,99.56794823531052
0,43,17,0,95.7,75.80244406558268
4,43,107,2,79.25,68.5518436160392
3,19,5,1,77.1,66.99795754938708
4,43,107,2,77.95,61.059483508426354
0,43,17,0,102.85,53.064285739587895
7,2,5,3,106.8,100.15545811124667
3,21,5,1,108.1,92.30264864763319
4,27,107,2,71.8,41.545916260142064
0,43,17,0,78.1,56.1191401817316
7,4,5,3,79.75,66.90674971850551
4,27,107,2,76.8,53.577882318025694
0,43,17,0,72.35,50.05289307585684
3,21,5,1,107.3,66.80931230394694
4,46,107,2,56.05,45.73548087127013
7,4,5,3,83.55,102.85015927628842
0,43,17,0,76.1,61.8801047867653
4,46,107,2,56.65,50.24600010265284
0,43,17,0,66.95,42.80491240869195
7,5,5,3,71.95,44.955504317280806
3,15,5,1,107.2,81.21355862947492
4,28,107,2,59.15,38.40816113933682
7,5,5,3,55.1,46.13013628512505
0,43,17,0,74.4,41.48354144147189
3,15,5,1,67.05,38.48372861900277
4,28,107,2,47.45,40.574136174609926
0,43,17,0,57.85,43.253566935358975
7,15,5,3,71.9,68.3665815562268
3,14,5,1,74.75,56.34094986401052
4,44,107,2,85.95,66.75522845677176
1,14,17,0,69.05,58.71561703848922
7,15,5,3,83.95,87.74932898228968
1,14,17,0,71.25,43.209252176868446
4,44,107,2,68.9,64.27236452866242
3,14,5,1,84.05,105.64910889603526
1,14,17,0,48.6,32.06473714879092
4,29,107,2,47.7,51.87748725806336
8,41,5,4,72.4,59.875660638043115
3,3,5,1,56.25,38.594893308230354
1,14,17,0,84.2,56.42563806975467
4,29,107,2,74.9,63.10133871296568
8,41,5,4,70.95,63.488478026373116
1,14,17,0,57.25,42.37660104101642
3,3,5,1,112.35,83.64667231560192
8,47,5,4,64.65,59.723287356202846
1,14,17,0,61.9,34.16661959774251
4,45,107,2,94.4,68.89763573974302
8,47,5,4,69.5,48.76528100584418
3,15,5,1,92.8,76.8728273120442
1,14,17,0,92.35,81.75397946213222
4,45,107,2,76.3,58.79500515842266
8,37,5,4,55.6,61.32948119100548
3,15,5,1,73.75,63.908548971001885
4,46,107,2,78.4,70.17526929804139
1,14,17,0,99.2,64.18443818608337
3,12,5,1,63.9,50.96014954947899
8,37,5,4,81.7,94.96763991791596
4,46,107,2,64.25,53.67041231344079
1,14,17,0,76.3,49.67801589393335
3,12,5,1,74.7,58.1251825124469
8,29,5,4,66.5,69.1607585724433
4,46,107,2,72.85,67.51941241325771
1,14,17,0,80.05,64.5482071992056
4,46,107,2,68.85,53.08015289709466
3,9,5,1,95.35,99.22821913994129
8,29,5,4,85.05,76.50350869146632
1,9,17,0,89.3,79.73779398424367
1,9,17,0,64.4,45.36100806454349
4,33,107,2,72.6,84.63009294322526
8,46,5,4,66.45,58.9187442250141
3,9,5,1,76.2,64.8346885710517
4,33,107,2,51.55,40.86238136142234
1,9,17,0,69.7,54.26843611064111
3,9,5,1,96.6,58.746914812609525
5,18,107,2,60.45,61.2127222758558
1,9,17,0,83.5,46.240219449488364
8,46,5,4,114.55,83.39410240412374
3,9,5,1,76.7,63.948252105655094
5,18,107,2,76.45,58.6088505980202
1,9,17,0,81.2,71.1688873477434
8,42,5,4,75.15,58.17964465886312
3,5,5,1,86.3,78.66190143164673
5,13,107,2,79.65,61.701552484093696
8,42,5,4,69.8,67.88426683857259
1,9,17,0,84.45,66.86945254905656
5,13,107,2,46.65,48.67321212892537
3,5,5,1,61.4,51.33009787024004
8,24,5,4,67.85,68.40919836580919
1,9,17,0,83.35,77.0517768503068
1,9,17,0,74.15,59.1975061708017
5,22,107,2,110.85,89.06016594356164
3,4,5,1,101.9,96.57334273139658
8,24,5,4,92.65,90.79779443182643
1,9,17,0,78.1,53.916992732005724
5,22,107,2,88.55,78.6527846062413
1,9,17,0,59.35,39.13172760386586
3,4,5,1,98.9,78.64303094228677
8,29,5,4,84.25,85.25063666994856
1,1,17,0,80.65,65.75494778261736
5,16,107,2,84.55,78.94400080536768
8,29,5,4,71.0,52.79453719746709
3,17,5,1,91.65,86.66042318941454
1,1,17,0,81.05,51.285039369760604
5,16,107,2,55.45,53.15070430785516
8,30,5,4,53.95,61.72986567124113
3,17,5,1,79.0,47.66218847814602
8,30,5,4,65.0,43.25444911706832
1,1,17,0,89.65,62.79228497699044
5,8,107,2,84.8,75.96231752790673
4,30,5,2,99.6,70.67375005876242
5,8,107,2,58.9,60.863004059591866
1,1,17,0,92.7,59.65964871008315
8,47,5,4,82.05,73.6538668724403
5,23,107,2,76.25,68.60096285959227
1,1,17,0,88.3,48.698967891365115
4,30,5,2,92.0,77.53640910464001
8,47,5,4,94.6,109.22569583929848
5,23,107,2,66.65,69.53248010443525
1,1,17,0,90.45,56.239595528979024
4,31,5,2,79.8,65.0033197532816
8,40,5,4,54.95,49.32008771922024
5,7,107,2,47.2,40.65593761257874
1,1,17,0,78.0,70.66600463112596
4,31,5,2,88.5,73.77383646909263
5,7,107,2,64.2,80.50668491367331
1,1,17,0,67.65,38.177252802931584
8,40,5,4,82.2,86.4033381421416
5,11,107,2,63.2,58.416472082164596
1,1,17,0,59.5,57.318592556269024
4,34,5,2,83.95,83.64742736787042
5,11,107,2,52.55,52.48305490948082
8,25,5,4,106.0,100.90172394333429
1,1,17,0,93.45,64.94084352620266
4,34,5,2,61.15,41.07281723706658
5,23,107,2,73.5,75.8963975290971
4,45,5,2,71.15,47.51096826274074
1,3,17,0,80.05,60.623492927551126
8,25,5,4,78.25,69.42991543920198
5,23,107,2,53.6,44.287814648227894
4,45,5,2,59.2,39.10929355160054
1,3,17,0,86.25,38.64531700369127
5,22,107,2,71.95,53.73372458609897
8,28,5,4,99.6,67.67289747477626
1,3,17,0,79.55,52.97414960446075
5,22,107,2,80.75,77.8986352153942
4,45,5,2,114.65,90.85979656360092
8,28,5,4,82.45,72.26156800489673
1,3,17,0,81.35,64.4974703706318
5,11,107,2,64.65,49.72267829514119
4,45,5,2,79.3,67.18951985947933
1,3,17,0,67.95,51.58995720303057
5,11,107,2,55.7,54.6415111141896
8,47,5,4,99.6,115.25687557981543
1,3,17,0,84.6,81.74440267333937
5,0,107,2,66.1,61.477338571987126
4,30,5,2,112.45,75.25568696817956
1,3,17,0,82.25,43.577970050063264
5,0,107,2,61.45,47.86106537622588
8,47,5,4,92.85,87.31086325369407
4,30,5,2,76.4,72.76884816429276
5,5,107,2,69.5,56.19280718159014
1,3,17,0,98.15,67.310181446166
8,42,5,4,78.85,78.90385555251804
4,38,5,2,83.4,45.71697830416134
1,3,17,0,69.65,38.8753405806709
5,5,107,2,82.0,77.07754127124873
8,42,5,4,81.5,88.83070829866271
1,3,17,0,83.35,39.59036964238971
4,38,5,2,83.0,71.15217199037123
5,8,107,2,86.35,67.85454644815047
8,28,5,4,73.6,61.69142224772718
1,23,17,0,78.6,63.85542881755382
4,34,5,2,89.6,55.94960138139361
5,8,107,2,94.15,75.7754820783776
1,23,17,0,88.05,72.35328167001862
8,28,5,4,85.6,68.81737846610672
5,5,107,2,63.5,55.51528950137117
4,34,5,2,105.25,61.78730494714572
1,23,17,0,70.05,52.010601146102395
8,35,5,4,49.6,52.62018824107641
5,5,107,2,66.25,49.32905090469403
1,23,17,0,68.0,46.69385173096865
4,40,5,2,81.85,66.0233411677065
8,35,5,4,71.75,64.11738823193136
1,23,17,0,61.25,44.045281723531566
4,40,5,2,66.8,66.9442816236403
8,39,5,4,64.45,45.70555073971927
1,23,17,0,66.95,43.24164050639395
5,9,107,2,105.55,78.0434932720548
4,39,5,2,75.65,64.10704452628227
1,23,17,0,88.7,42.7946135321774
8,39,5,4,92.5,56.87428426385968
5,9,107,2,69.5,96.61508000416151
1,23,17,0,74.1,51.15497609174857
5,13,107,2,63.55,47.94566551947385
4,39,5,2,92.45,91.66901272914879
1,23,17,0,53.6,33.733319464666735
5,13,107,2,70.6,66.26295305348548
8,38,5,4,119.6,119.97955966264463
4,35,5,2,87.1,66.80442783938328
1,23,17,0,97.55,53.77484737799184
5,0,107,2,58.2,57.60628620668334
1,22,17,0,77.1,53.90430116614561
8,38,5,4,97.55,65.33675921916512
5,0,107,2,64.3,49.4273523253546
4,35,5,2,82.3,65.10242941541793
1,22,17,0,65.35,46.491963085881274
8,38,5,4,74.2,68.06854130793074
4,32,5,2,87.05,47.050336986320474
5,16,107,2,107.7,76.7930232576673
1,22,17,0,104.0,85.30996116330267
4,32,5,2,80.4,53.371981610697496
5,16,107,2,61.8,57.15868953600742
8,38,5,4,96.4,86.20990296028091
1,22,17,0,74.7,65.62501127819453
4,38,5,2,70.8,61.10267459044049
5,21,107,2,69.85,63.809152123632245
9,3,5,4,85.55,93.22777708951679
1,22,17,0,97.25,75.59370274524753
5,21,107,2,64.6,50.97305789904062
4,38,5,2,109.25,70.1741255359612
1,22,17,0,62.35,41.451652243115845
9,3,5,4,83.55,88.75185691163401
6,36,107,3,78.85,55.82800184023859
9,17,5,4,35.8,20.55954126049765
1,22,17,0,83.1,61.97189515799629
4,25,5,2,102.75,81.54293347678878
1,22,17,0,65.75,51.79501601708919
6,36,107,3,94.75,75.33146054185077
9,17,5,4,81.15,96.76301762009784
1,22,17,0,83.65,50.702719744345906
4,25,5,2,99.1,83.96797635189012
6,42,107,3,79.2,55.133903983130494
6,42,107,3,74.85,56.14012075062483
4,45,5,2,83.2,83.76697000105646
1,22,17,0,109.45,61.68124768346919
9,9,5,4,114.5,110.79497423524893
6,33,107,3,65.95,58.82129492660039
4,45,5,2,84.05,64.73547388370126
9,9,5,4,79.05,85.54129504452652
1,12,17,0,110.6,68.79290049049202
6,33,107,3,75.95,77.11950739633022
4,40,5,2,59.4,48.86759770300928
1,12,17,0,63.45,62.959030120263215
6,39,107,3,56.15,59.667742320991245
4,40,5,2,70.8,39.17249303435149
1,12,17,0,58.5,51.03713818078175
9,6,5,4,106.4,76.06811352161193
1,12,17,0,77.5,57.380080901045496
4,33,5,2,77.75,54.67692190928166
6,39,107,3,83.8,77.33154867874192
9,6,5,4,73.45,87.55598209145963
6,31,107,3,57.0,43.96050859338951
1,12,17,0,88.2,73.1779374286799
4,33,5,2,77.65,73.18417646056096
9,3,5,4,73.95,103.53818263403069
1,12,17,0,56.45,31.02202104108764
6,31,107,3,76.6,58.02213733612914
4,28,5,2,85.75,78.70322336741395
1,12,17,0,88.8,46.585066502610374
9,3,5,4,89.45,59.52661943242394
6,33,107,3,72.9,60.631674890274965
1,12,17,0,73.9,40.472082645747435
4,28,5,2,95.4,76.25607827369704
6,33,107,3,87.7,62.65284468696071
1,12,17,0,70.95,36.01384967510489
9,1,5,4,97.5,69.81818493321364
4,34,5,2,72.3,60.32901021634791
9,1,5,4,58.55,41.23804451946617
6,45,107,3,71.6,63.69780629123572
1,12,17,0,93.8,70.08986712559961
4,34,5,2,78.25,55.82385360738676
1,18,17,0,84.8,59.179121496120835
6,45,107,3,94.0,70.09617453335471
9,4,5,4,101.75,88.74082606402938
4,26,5,2,83.6,75.78737570195628
6,31,107,3,60.9,51.909739477593014
1,18,17,0,94.8,58.830353783704126
1,18,17,0,55.4,41.757949132943224
9,4,5,4,106.4,117.11505813560126
6,31,107,3,80.1,62.476858873800964
4,26,5,2,105.8,111.61239319981215
6,35,107,3,53.4,38.56832624672328
1,18,17,0,87.8,72.54153075453073
9,14,5,4,76.05,112.91239035082396
5,16,5,2,88.6,58.731682474757946
6,35,107,3,73.85,43.79650911347063
1,18,17,0,80.5,73.23825574973205
9,14,5,4,48.85,56.855564926908386
6,35,107,3,72.8,61.2265852129784
1,18,17,0,72.8,56.57561312084916
9,19,5,4,60.05,54.79480862847847
5,16,5,2,103.95,113.29861568346486
1,18,17,0,85.0,66.8738010222082
6,35,107,3,89.6,83.30944218931451
9,19,5,4,88.15,64.87337869386714
5,22,5,2,81.35,62.914541035314
1,18,17,0,88.85,54.31707592315795
6,47,107,3,77.2,64.21231231338409
5,22,5,2,74.35,66.40963389211095
9,11,5,4,102.45,91.288712047922
6,47,107,3,68.2,33.168786849274895
1,18,17,0,98.6,69.01517758321066
9,11,5,4,52.65,36.256796096151334
5,8,5,2,85.85,59.49548855076943
6,44,107,3,57.4,65.18265833309057
1,18,17,0,84.3,45.70396735053695
9,13,5,4,65.45,80.33972275675077
6,44,107,3,82.4,69.02356576980755
1,3,17,0,86.95,62.27737191493857
5,8,5,2,121.55,120.04888258757894
1,3,17,0,74.45,61.757143204993746
6,44,107,3,75.2,81.57631235133215
1,3,17,0,62.7,49.22996520092423
9,13,5,4,122.55,111.05829431808371
9,20,5,4,55.3,62.87087854023556
1,3,17,0,77.25,51.02308559032759
5,18,5,2,102.0,115.72835707629719
6,44,107,3,92.45,91.84969128676309
1,3,17,0,74.2,54.18059470054996
6,39,107,3,61.8,49.77168926841422
9,20,5,4,66.05,67.62861042020914
5,18,5,2,92.95,76.64441133881638
1,3,17,0,80.6,66.91345549525738
9,23,5,4,81.1,58.926269720370854
6,39,107,3,85.95,73.64314739264434
1,3,17,0,61.65,42.027904264216
5,13,5,2,94.55,78.84059534075203
9,23,5,4,53.25,64.73742511504697
6,41,107,3,62.9,53.16102648408988
1,3,17,0,62.25,36.63601190660704
1,3,17,0,58.8,41.03990355995645
6,41,107,3,73.2,67.09035541323122
5,13,5,2,105.2,107.03103337473274
1,3,17,0,80.3,65.96578060272094
6,26,107,3,68.0,52.3520471625061
9,23,5,4,136.0,131.96969349058898
5,21,5,2,69.75,64.79918371805555
6,26,107,3,65.65,39.04555369255115
1,2,17,0,92.05,55.39568195218259
9,23,5,4,47.8,39.82672998191832
6,29,107,3,59.2,68.11260027182543
5,21,5,2,95.25,91.64455076113651
9,8,5,4,67.65,72.97820510983146
1,2,17,0,106.1,76.81481490880313
6,29,107,3,80.3,56.6011902422741
1,2,17,0,58.05,42.36989373053515
9,8,5,4,74.95,58.57381757460545
5,11,5,2,84.5,82.90546296519719
1,2,17,0,54.35,36.064671443336195
6,37,107,3,61.65,63.761294149185424
9,0,5,4,72.95,73.93202781502822
5,11,5,2,81.5,56.71396374977265
1,2,17,0,78.65,57.4229689969184
6,37,107,3,70.0,56.98660969219459
9,0,5,4,60.85,43.816933760939115
5,2,5,2,69.4,46.52718503593809
1,2,17,0,76.75,53.501475631395834
6,34,107,3,82.0,72.07671351816028
9,16,5,4,79.05,64.62236454974392
1,2,17,0,76.7,66.69893078918922
6,34,107,3,59.3,56.01043135928013
5,2,5,2,108.35,84.76051401945429
1,2,17,0,89.95,48.190930572813016
9,16,5,4,70.05,99.46566453330833
6,26,107,3,65.95,55.762159400911216
5,17,5,2,69.1,57.454696111485596
1,2,17,0,81.35,54.90688289708025
9,3,5,4,71.6,75.93376615251783
5,17,5,2,59.35,46.164779238129825
6,26,107,3,87.8,74.12052773408287
1,2,17,0,74.35,47.512076027269664
9,3,5,4,49.3,52.037537058914445
7,12,107,3,42.9,39.353860240000266
5,19,5,2,86.35,70.84621967406068
1,3,17,0,80.85,59.61744269661532
9,2,5,4,87.8,67.67383075030592
7,12,107,3,71.05,67.03924616458474
5,19,5,2,75.75,51.33776182766136
7,13,107,3,63.0,47.48185248902442
1,3,17,0,95.15,74.1529535913155
5,1,5,2,72.45,76.51933020313784
9,2,5,4,96.55,115.40385608808745
1,3,17,0,72.0,46.06288607636532
7,13,107,3,78.95,86.64900461055511
1,3,17,0,83.6,60.086253791835304
9,3,5,4,86.65,107.24554953347408
7,5,107,3,85.65,76.53088471845517
5,1,5,2,128.95,101.1749266838068
1,3,17,0,85.15,50.7763672753793
7,5,107,3,61.3,66.59626984970508
9,3,5,4,63.15,98.10910950783853
1,3,17,0,79.4,45.779103483898346
5,16,5,2,102.1,94.94868420140928
1,3,17,0,76.85,48.312878309269834
10,41,5,5,79.75,65.9352752805036
7,22,107,3,79.6,93.61814938748171
1,3,17,0,90.2,49.93111043701796
7,22,107,3,71.7,57.22172940229502
10,41,5,5,85.0,80.6056025217524
5,16,5,2,127.95,122.68379337913683
7,7,107,3,70.3,50.91179162351085
1,3,17,0,104.35,68.70706314721791
10,45,5,5,85.65,74.59594669389145
1,3,17,0,73.95,47.796140562095374
5,10,5,2,90.65,63.33226915080079
10,45,5,5,68.3,65.97694972289065
7,7,107,3,91.3,96.19940912391027
1,22,17,0,73.7,44.16726580196075
10,46,5,5,45.1,36.87518064184122
5,10,5,2,85.7,65.23810639737935
7,13,107,3,65.5,73.1764270355161
1,22,17,0,92.85,70.49768566563392
10,46,5,5,76.1,80.72885090487199
5,1,5,2,89.45,68.99692975625418
7,13,107,3,75.25,53.67041231344079
1,22,17,0,77.45,51.670489388859195
5,1,5,2,76.8,56.252812795169824
10,24,5,5,75.35,62.68658464725002
1,22,17,0,81.8,52.95241160454207
7,3,107,3,79.55,70.69242124197353
10,24,5,5,54.5,59.013379392883614
5,10,5,2,83.65,85.71266257861664
1,22,17,0,74.35,53.156447348716235
7,3,107,3,67.5,75.73186772735559
10,47,5,5,68.65,74.27422518152437
1,22,17,0,91.9,80.66493401068006
7,6,107,3,60.4,66.12460327211602
5,10,5,2,91.0,106.27174700044371
10,47,5,5,61.6,50.21679316513026
1,22,17,0,93.0,53.67347673910418
7,6,107,3,72.9,58.91823058049896
10,47,5,5,63.6,59.09172174634421
5,1,5,2,93.6,67.300895434725
1,22,17,0,55.5,37.61648574760806
5,1,5,2,54.95,40.171310789247535
7,1,107,3,73.55,80.13506690187775
1,22,17,0,87.45,60.69897684041869
10,47,5,5,99.85,91.71883523487477
5,5,5,2,67.35,50.33077430464648
7,1,107,3,63.75,58.76256864436927
1,22,17,0,69.45,55.73005897793587
10,43,5,5,51.5,55.65069631190611
5,5,5,2,78.35,70.4461533819682
1,7,17,0,57.9,47.3196298423926
7,15,107,3,72.85,73.03155410325623
1,7,17,0,58.4,46.39464578908581
5,5,5,2,69.25,45.86005600565818
10,43,5,5,102.55,80.3633033561699
7,15,107,3,63.35,51.94559400798209
1,7,17,0,69.45,47.78512761364808
7,22,107,3,49.4,33.00781406687944
10,43,5,5,65.25,48.8433317110082
5,5,5,2,100.9,104.08695757318543
1,7,17,0,80.25,53.22234888702895
7,22,107,3,53.95,41.573618912402665
1,7,17,0,72.25,59.56763073665888
5,4,5,2,83.35,63.21914683318487
10,43,5,5,91.4,87.99605254304248
7,21,107,3,63.35,65.09286887937394
1,7,17,0,76.7,58.96216449644012
7,21,107,3,57.55,57.1272586792901
5,4,5,2,81.8,83.42005312368181
10,43,5,5,94.2,86.74499833905183
1,7,17,0,74.4,54.807221959768846
5,4,5,2,76.6,65.27222347901699
7,10,107,3,77.0,74.37953878234042
1,7,17,0,80.2,49.9879985596543
10,43,5,5,68.45,75.40380766596815
7,10,107,3,54.8,50.80986228345003
1,7,17,0,86.2,61.17326557453535
10,24,5,5,65.9,64.47512780338754
5,4,5,2,99.4,86.88976682525606
10,24,5,5,52.0,38.15205036912723
1,7,17,0,91.35,55.864756802760525
7,1,107,3,99.85,68.85169034350496
6,47,5,3,82.55,59.043672507372825
10,38,5,5,78.65,70.60511014754788
7,1,107,3,74.4,70.78834278102724
6,47,5,3,89.85,67.04065930463393
1,20,17,0,108.45,62.28582249766416
10,38,5,5,62.0,51.17770896334499
1,20,17,0,76.6,54.53767408623916
7,17,107,3,76.3,57.301694656670634
6,34,5,3,75.05,58.26931574932674
10,47,5,5,68.95,58.88121405355916
1,20,17,0,64.1,46.757943316167086
6,34,5,3,91.0,69.83589787193222
1,20,17,0,86.3,59.85077935560809
7,17,107,3,102.35,91.22111655347767
10,47,5,5,79.9,97.32468719108273
6,47,5,3,72.65,78.59307254861321
1,20,17,0,85.7,59.398830397841834
7,1,107,3,76.5,75.4547616299434
6,47,5,3,47.8,32.934704140801166
10,40,5,5,110.55,96.5545796019291
1,20,17,0,84.0,65.62653506976547
6,30,5,3,79.85,68.67181678864068
7,1,107,3,91.85,88.37139034539939
10,40,5,5,64.1,44.31692085066618
1,20,17,0,76.65,54.315137949988824
1,20,17,0,45.35,29.91263594994069
7,16,107,3,48.25,35.4577213029828
6,30,5,3,76.6,54.50195554193204
10,27,5,5,51.55,51.91843299070693
1,20,17,0,70.0,41.903397676585904
7,16,107,3,85.15,69.15069356884739
10,27,5,5,74.4,70.8886450709844
6,44,5,3,94.5,71.15919883576099
1,20,17,0,78.15,64.51297299156602
7,17,107,3,70.6,50.23775053629858
10,34,5,5,70.45,63.240955250949774
6,44,5,3,97.55,73.70672682291195
1,11,17,0,97.75,80.13270243789361
7,17,107,3,62.0,49.924152998639634
1,11,17,0,55.0,36.81103953407113
6,39,5,3,66.35,63.845434243054605
7,7,107,3,65.0,48.858549863220894
10,34,5,5,103.25,111.26680831038044
1,11,17,0,104.35,48.73264873400151
7,7,107,3,68.65,69.16819698159128
6,39,5,3,103.4,89.56056462998714
10,42,5,5,90.4,64.44369227227915
1,11,17,0,71.3,42.92355505951678
7,5,107,3,68.3,80.1676532747401
1,11,17,0,74.15,51.59995410034678
6,42,5,3,79.9,76.99343786118536
10,42,5,5,68.45,59.73756201745661
1,11,17,0,76.75,43.24091021000222
6,42,5,3,76.2,56.88363005664329
7,5,107,3,97.3,84.72562527917611
10,34,5,5,83.25,96.54934653217221
1,11,17,0,68.95,61.4427204373052
6,28,5,3,79.65,73.75298388254504
8,42,107,4,62.35,57.616952001079824
10,34,5,5,66.55,47.402503820168114
1,11,17,0,91.3,72.2773168173514
10,46,5,5,49.65,53.70119571343483
1,11,17,0,57.95,35.27556930049016
6,28,5,3,76.95,85.85573885732299
8,42,107,4,91.45,71.40947526690513
6,42,5,3,55.0,37.887645535326236
1,11,17,0,74.5,44.366298257265406
1,4,17,0,66.0,48.76258272163412
8,28,107,4,68.1,76.45631707748308
10,46,5,5,112.2,113.6988635780823
6,42,5,3,92.95,73.17497055543974
8,28,107,4,39.0,30.902222710042285
1,4,17,0,85.75,83.40634520857888
8,29,107,4,39.6,45.9981692999555
10,39,5,5,74.95,68.33083221781327
6,47,5,3,82.4,92.73187154371467
8,29,107,4,35.4,40.82878241736105
1,4,17,0,78.35,57.0662357542347
10,39,5,5,65.8,63.53415989595055
8,46,107,4,38.35,41.30919994383817
1,4,17,0,57.7,38.51465886345641
6,47,5,3,88.15,63.53554744765865
1,4,17,0,69.5,34.30129658436284
10,33,5,5,92.8,96.09074658335926
8,46,107,4,83.55,80.07330523043441
1,4,17,0,73.85,59.41581837931891
6,35,5,3,115.55,89.02954861345636
10,33,5,5,66.35,47.791515432850844
8,33,107,4,68.3,50.85076203952109
1,4,17,0,73.4,51.91937068793861
11,22,5,5,50.65,49.72267829514119
8,33,107,4,59.25,55.32571021257944
6,35,5,3,78.1,63.57001941498094
1,4,17,0,69.2,51.228692618184404
11,22,5,5,61.85,54.75041456223726
8,40,107,4,59.9,48.42563479463287
1,4,17,0,88.7,60.851934190597774
6,26,5,3,101.3,112.0855406421927
8,40,107,4,65.05,57.720264616237
1,4,17,0,85.2,53.59163328258187
11,21,5,5,86.6,108.58583798325782
8,34,107,4,52.1,50.20159360020357
1,4,17,0,86.05,51.53687999869609
6,26,5,3,102.45,89.51534711110186
11,21,5,5,75.8,69.46532645102424
1,4,17,0,55.3,30.515052368505476
8,34,107,4,66.25,61.571417668299716
6,33,5,3,78.1,78.83220020698194
11,0,5,5,74.65,98.48819058247808
1,4,17,0,91.3,69.75528653801086
11,0,5,5,51.4,55.53036153881567
8,45,107,4,102.2,97.46772745240777
1,4,17,0,58.7,41.92487014699157
6,33,5,3,101.1,105.14546315011708
1,4,17,0,66.65,63.30317610723144
8,45,107,4,74.35,70.42672563885478
6,33,5,3,90.8,76.94605082031245
1,4,17,0,94.45,46.256123349978445
8,27,107,4,67.85,59.320072931779
11,17,5,5,131.8,147.86074529772938
1,4,17,0,75.05,54.75637429848501
6,33,5,3,104.25,83.57654858681478
8,27,107,4,87.75,70.14186751824738
11,17,5,5,84.95,81.57107007808719
1,4,17,0,100.5,68.36088447581547
6,39,5,3,81.5,60.125745427045594
8,37,107,4,69.8,55.86883134440412
1,4,17,0,60.45,42.16568198004279
11,10,5,5,86.2,83.015280774718
8,37,107,4,61.6,72.84041677385896
1,4,17,0,89.15,73.94896889071543
6,39,5,3,118.15,91.2701455772051
11,10,5,5,94.1,87.30641744061997
1,18,17,0,75.95,61.61123872186069
6,43,5,3,60.35,47.815737334502174
8,24,107,4,101.65,83.27081690105136
1,18,17,0,78.05,62.557321082768816
11,18,5,5,83.85,85.7648406675885
6,43,5,3,75.5,74.95507426381977
8,24,107,4,65.45,57.78679051387727
1,18,17,0,68.05,51.707145999063044
6,32,5,3,85.5,57.97050066515228
11,18,5,5,88.5,95.56617987992459
8,30,107,4,68.3,60.35692085201863
1,18,17,0,73.35,44.73109715434643
11,15,5,5,45.15,60.642416109345014
1,18,17,0,72.75,63.5807609100012
8,30,107,4,63.2,57.47548676564095
6,32,5,3,99.6,102.9636624711538
1,18,17,0,69.85,45.68919600495228
6,36,5,3,64.15,56.74715388179579
8,46,107,4,78.1,78.45877227798317
1,18,17,0,66.5,52.96523189294732
11,15,5,5,106.85,128.43031081813243
8,46,107,4,69.2,61.228304428245394
6,36,5,3,99.55,60.685101787402225
1,18,17,0,95.65,62.98393696641608
11,7,5,5,78.85,80.46265887779381
6,31,5,3,45.1,38.50345165662014
1,18,17,0,59.5,39.9506274240962
8,26,107,4,83.15,61.06189698296225
1,18,17,0,60.1,31.800198609111668
11,7,5,5,70.75,73.76839645667698
6,31,5,3,77.95,75.211613744855
1,5,17,0,62.55,38.738631609123324
8,26,107,4,65.35,59.28723569023499
6,26,5,3,84.5,44.996491091265284
1,5,17,0,70.35,53.29685978702586
11,8,5,5,85.9,83.65146992762669
8,35,107,4,67.9,53.42668365447915
6,26,5,3,69.9,60.75048191275176
1,5,17,0,64.5,52.94933029743972
11,8,5,5,69.75,78.60351873736147
8,35,107,4,62.3,52.737782321695384
1,5,17,0,84.7,57.387051537873305
7,8,5,3,83.25,72.1897171566553
8,29,107,4,66.1,51.42076172950091
1,5,17,0,76.45,52.18033003062805
11,16,5,5,102.55,119.91552948024002
7,8,5,3,79.55,83.64302280021863
1,5,17,0,73.35,52.12866167878332
8,29,107,4,104.25,88.15887273613056
1,5,17,0,59.4,46.20708535324539
11,16,5,5,69.75,110.31289231330268
7,19,5,3,91.95,75.49797836261648
8,43,107,4,58.15,66.2096152978911
1,5,17,0,82.45,60.839283535004185
11,3,5,5,59.85,83.97322568282671
7,19,5,3,75.2,103.38359841412289
8,43,107,4,61.8,49.88154389203117
1,5,17,0,78.75,45.96208391592723
7,13,5,3,60.5,55.348180210658946
11,3,5,5,70.15,68.61584518554234
1,5,17,0,82.1,53.37740503641079
11,21,5,5,37.0,36.68787265568828
7,13,5,3,64.75,54.0349545737708
8,39,107,4,87.6,90.46802284727316
11,21,5,5,57.2,46.55455204155092
1,6,17,0,82.05,56.79369405321797
8,39,107,4,61.85,42.245242647140635
1,6,17,0,60.95,49.19400369963802
7,17,5,3,84.7,111.55744331013838
1,6,17,0,63.9,61.04174585349034
8,36,107,4,75.2,62.302825820849876
7,17,5,3,64.35,59.80782821495422
11,10,5,5,116.3,119.65305107509356
1,6,17,0,69.35,51.77509561860595
8,36,107,4,61.8,53.780841824653706
7,17,5,3,89.95,102.6478266491282
1,6,17,0,90.8,57.083134203776126
8,24,107,4,55.55,72.78119696445606
11,10,5,5,99.65,109.09207844269615
1,6,17,0,56.7,43.92229981515804
7,17,5,3,74.55,74.24247259380647
11,1,5,5,46.0,48.95325374917973
8,24,107,4,77.95,71.30990556422682
7,21,5,3,81.6,85.93473655843962
1,6,17,0,100.95,88.69609556469243
11,1,5,5,72.85,99.64319238901213
9,12,107,4,68.8,77.30091577043164
7,21,5,3,75.35,66.4674633502026
1,6,17,0,86.75,61.826476188561294
11,10,5,5,84.6,92.90481829893375
1,6,17,0,80.3,58.56719038398277
9,12,107,4,92.1,102.17884218111733
11,10,5,5,43.35,44.297172298965215
7,8,5,3,97.55,112.8205258480547
1,6,17,0,81.0,53.613627489954254
9,12,107,4,64.75,79.77394047524146
2,36,17,1,60.35,56.87962820960733
7,8,5,3,100.25,93.98817114823265
9,12,107,4,60.2,61.417981251850264
2,36,17,1,67.55,46.121664049954255
11,7,5,5,121.45,124.97219690795227
2,36,17,1,63.7,54.32271987609642
7,2,5,3,93.55,106.62056432434649
11,7,5,5,84.3,69.40506579418204
9,20,107,4,109.0,99.47440824019434
2,36,17,1,88.5,71.36599514585285
7,2,5,3,86.85,59.1325673915465
9,20,107,4,57.7,58.545618740296945
2,36,17,1,80.1,59.25937634004028
11,1,5,5,97.05,108.20617503539007
7,16,5,3,101.15,78.39459903523161
2,36,17,1,53.4,32.80628951251494
9,6,107,4,75.25,76.38811908171391
11,1,5,5,73.65,57.679034775484745
2,36,17,1,80.8,54.43644290169476
11,20,5,5,32.5,22.5983231795263
7,16,5,3,78.1,82.87841443311623
9,6,107,4,75.35,97.13543177061169
2,36,17,1,56.45,35.0149967870911
7,9,5,3,52.85,54.22882802968993
11,20,5,5,87.6,71.98493994543142
2,36,17,1,66.3,46.089272641598264
7,9,5,3,75.15,81.13489417403328
9,13,107,4,86.4,93.18199509844332
11,23,5,5,66.75,63.44817611745493
2,36,17,1,78.55,57.559557256627215
7,19,5,3,66.0,47.91329889004008
9,13,107,4,61.15,44.15078827453886
2,24,17,1,55.8,35.405322228519026
7,19,5,3,64.6,53.6415000378978
9,4,107,4,47.2,33.39177333290027
11,23,5,5,81.15,79.10238202548179
7,8,5,3,47.65,47.93007516438043
2,24,17,1,96.2,70.01999714367318
9,4,107,4,61.1,54.77792486605876
11,10,5,5,81.4,84.29109961131252
7,8,5,3,64.35,50.831274045145
2,24,17,1,63.9,38.3047338011759
9,1,107,4,49.95,39.18038580181348
2,24,17,1,53.55,47.25014619860423
2,24,17,1,49.5,32.30854539070365
11,10,5,5,84.9,83.73196585094105
7,11,5,3,90.0,80.41406004320127
9,1,107,4,85.25,68.8620856647928
2,24,17,1,67.2,58.014154352736696
7,11,5,3,85.95,75.94975832399788
2,24,17,1,60.3,34.04347066232881
9,8,107,4,71.35,74.90434250639804
12,40,5,6,92.6,89.43589294778927
9,8,107,4,48.2,39.46297398561687
7,6,5,3,85.55,78.9053230143569
2,24,17,1,85.0,47.591463188486365
12,40,5,6,65.9,65.67215223325157
9,12,107,4,43.95,45.321628390868746
2,24,17,1,64.0,63.41675023624528
7,6,5,3,76.9,106.94066234673274
2,24,17,1,70.1,62.013495984426854
9,12,107,4,79.45,77.09903064446264
12,36,5,6,91.75,122.17712551865017
7,21,5,3,75.8,61.92831169565084
9,23,107,4,73.65,72.35459102299772
2,33,17,1,95.15,67.60899582000515
7,21,5,3,64.45,60.406060170012395
12,36,5,6,84.6,83.4861476060865
2,33,17,1,77.1,60.68113380615098
9,23,107,4,86.2,85.26589989093252
12,44,5,6,77.1,71.18315885982554
7,17,5,3,100.35,76.81370149160959
2,33,17,1,73.45,71.72276670038528
9,19,107,4,65.7,39.26039922579012
12,44,5,6,64.5,64.32196972632046
2,33,17,1,58.8,43.760833245218144
7,17,5,3,83.55,73.91778861467793
9,19,107,4,53.1,40.48378492810749
12,47,5,6,61.25,50.139673334648506
7,17,5,3,96.7,71.52776420825397
2,33,17,1,101.65,81.8807059080465
9,8,107,4,59.45,59.36636917880092
12,47,5,6,90.1,51.93508093359389
7,17,5,3,58.2,57.75957428039642
9,8,107,4,64.0,53.15419476440812
2,33,17,1,76.35,60.02567433146727
12,28,5,6,48.75,40.360057117480835
2,33,17,1,55.2,38.367475260886486
9,9,107,4,44.0,46.04002835062459
7,20,5,3,62.55,92.14089611482031
2,33,17,1,71.45,64.48131104191516
12,28,5,6,77.45,49.63919822076098
9,9,107,4,81.85,72.8092497015679
7,20,5,3,94.5,97.64840257943696
2,33,17,1,66.2,46.72833018742766
12,29,5,6,68.9,74.33133503725769
2,33,17,1,73.4,57.82132187314551
7,1,5,3,64.75,68.650046958239
9,9,107,4,81.65,79.87047079655382
12,29,5,6,66.75,72.43717786359504
7,1,5,3,72.1,74.38229840351448
2,44,17,1,93.4,82.6459793016989
9,9,107,4,82.7,84.26780617706109
2,44,17,1,70.95,41.96047639085344
12,39,5,6,94.9,115.27628139661506
9,7,107,4,65.85,74.4334920371341
7,18,5,3,97.8,119.94762014707656
2,44,17,1,59.6,59.81145815239576
12,39,5,6,69.5,81.931614616607
9,7,107,4,67.85,74.76368031829922
2,44,17,1,72.25,51.519924607659775
7,18,5,3,81.4,68.30612209596936
12,31,5,6,79.85,73.98098973456129
2,44,17,1,93.5,63.572171998694365
8,33,5,4,79.65,79.46616294141538
9,4,107,4,104.4,105.80339264284885
12,31,5,6,64.15,71.64626188507857
2,44,17,1,80.35,71.39827139290375
8,33,5,4,99.1,105.3280089704738
2,44,17,1,75.7,54.303339046314164
12,31,5,6,86.6,88.22662207126183
9,4,107,4,102.95,134.31521252557164
8,24,5,4,79.4,69.3461189290815
12,31,5,6,59.35,44.64512114559958
2,44,17,1,104.55,86.47511050494299
9,20,107,4,71.3,67.34600367153433
8,24,5,4,75.1,71.0062265616637
2,44,17,1,73.5,62.757260011974125
12,46,5,6,81.8,72.7827336377899
9,20,107,4,71.35,59.281909018199684
12,46,5,6,46.4,43.176991923696434
2,44,17,1,85.0,76.56988551918471
12,39,5,6,57.95,54.9367818496861
9,23,107,4,61.35,93.42054039889223
8,47,5,4,129.55,128.01910835989742
9,23,107,4,43.05,46.04628678097497
2,41,17,1,101.85,83.03726176907125
12,39,5,6,79.05,76.65333789553013
8,47,5,4,100.45,85.7183116222457
2,41,17,1,72.05,61.799740248134064
9,12,107,4,70.85,56.95822568939635
12,44,5,6,74.05,65.80631468659811
8,46,5,4,64.05,47.79063440510186
2,41,17,1,77.6,49.7957935234652
9,12,107,4,82.95,72.79493548028563
2,41,17,1,67.5,51.229617256139306
12,44,5,6,71.95,64.09325032202771
8,46,5,4,88.5,90.85934763485581
9,14,107,4,79.45,68.18355643717224
2,41,17,1,92.7,64.34209557636349
12,43,5,6,78.05,62.99830824796221
8,32,5,4,78.85,64.91798469486022
9,14,107,4,52.95,61.20498345723164
2,41,17,1,66.25,46.46659807692086
12,43,5,6,59.55,53.50993513259698
2,41,17,1,65.15,43.482936762294294
8,32,5,4,100.5,102.42352731364225
12,41,5,6,65.8,72.46966697576957
2,41,17,1,54.9,46.35322052060222
10,40,107,5,116.8,86.0058749523298
2,41,17,1,59.1,43.83209590675476
8,33,5,4,77.0,63.52703527260119
10,40,107,5,59.3,54.45915900929797
2,41,17,1,67.4,57.27257082077818
8,33,5,4,60.0,58.521251200784
12,41,5,6,101.85,119.7037021807992
10,45,107,5,69.35,61.52045017287897
2,24,17,1,79.05,65.53382011562708
8,39,5,4,77.2,70.2286491248033
12,41,5,6,65.05,48.46862794361773
2,24,17,1,83.75,68.4019659612823
10,45,107,5,70.8,77.42541402435059
12,41,5,6,71.85,74.84740617099777
8,39,5,4,91.85,65.66123185275352
2,24,17,1,77.1,64.45553342788875
10,25,107,5,60.2,55.210220259048334
12,31,5,6,65.05,56.701875027012534
8,40,5,4,76.3,93.54317888434983
2,24,17,1,66.65,54.67634435090689
10,25,107,5,51.8,43.07472088066699
12,31,5,6,72.5,67.03926579173384
8,40,5,4,61.3,55.90508874305112
2,24,17,1,75.2,57.84880474587453
2,24,17,1,45.55,35.599342099184035
8,29,5,4,60.65,49.059872122046734
10,25,107,5,82.9,80.31117114403398
2,24,17,1,68.8,37.91347489939914
12,36,5,6,98.0,93.92214020694287
8,29,5,4,77.8,72.82972209924071
10,25,107,5,66.6,56.90287200225717
2,24,17,1,77.55,44.007744533745054
12,36,5,6,54.7,63.34209542343527
10,36,107,5,47.85,58.354880732147485
12,35,5,6,55.6,43.36430741859873
8,38,5,4,90.55,102.53393533234177
10,36,107,5,43.95,41.96674748818214
2,24,17,1,94.35,76.49924320231092
10,38,107,5,50.6,51.90517670156853
2,24,17,1,66.15,69.26628632352562
12,35,5,6,89.15,89.31509862338653
8,38,5,4,90.4,111.08811106978384
2,35,17,1,70.9,59.50754043330183
12,46,5,6,52.75,37.316392616311894
10,38,107,5,72.35,69.49386568914592
8,28,5,4,91.1,75.19791430478291
2,35,17,1,76.05,70.73484587565476
12,46,5,6,60.6,65.38501357344816
10,38,107,5,62.25,61.13477346253759
2,35,17,1,78.85,50.2606626550657
8,28,5,4,81.05,79.0093099111211
10,38,107,5,67.2,61.869642245441725
2,35,17,1,63.85,41.87735853530803
12,24,5,6,90.6,97.83412384988013
8,33,5,4,84.25,85.06460393198374
2,35,17,1,59.4,40.82749331671388
10,26,107,5,62.15,74.49639694572306
12,24,5,6,59.65,50.625846321710746
8,33,5,4,44.65,43.7423978357503
2,35,17,1,89.75,61.597056491532555
13,4,5,6,71.0,73.59776884490024
10,26,107,5,75.85,92.75903984886978
8,33,5,4,84.0,86.64689383080224
2,35,17,1,61.7,56.39624847545502
10,24,107,5,53.2,41.72920219450012
2,35,17,1,71.75,61.27236433808432
13,4,5,6,83.4,95.5143417172741
8,33,5,4,88.2,97.02067061361609
2,35,17,1,68.15,48.57687884060417
10,24,107,5,68.0,92.46450243486045
13,4,5,6,66.55,88.11145752606991
8,38,5,4,61.3,57.37971400196561
10,37,107,5,45.95,36.596627684729874
2,35,17,1,77.1,60.45346187466503
8,38,5,4,86.75,54.65092573973954
2,33,17,1,66.15,51.18107688959805
10,37,107,5,61.85,57.84850905598173
13,4,5,6,94.2,110.80262204763739
2,33,17,1,53.4,45.252973150361825
8,36,5,4,88.95,81.90075830251095
10,36,107,5,82.3,60.209371538429394
2,33,17,1,85.2,54.85924573037131
13,1,5,6,88.8,101.50841292590897
8,36,5,4,70.6,58.327929574270435
2,33,17,1,71.35,54.30253943853533
10,36,107,5,72.6,60.6364490003201
8,44,5,4,54.55,51.82610092262494
13,1,5,6,63.0,63.20975940636482
2,33,17,1,83.75,66.34429733951279
10,38,107,5,56.15,71.23812920502318
8,44,5,4,59.65,46.912320231189625
2,33,17,1,53.7,39.73345402077514
13,11,5,6,89.95,103.65554038560398
2,33,17,1,66.9,64.25188917968012
8,37,5,4,93.85,68.69097466188698
10,38,107,5,95.25,76.05667900357359
13,11,5,6,62.75,58.17294994465347
10,42,107,5,52.4,53.75421648088347
8,37,5,4,71.6,60.51915747143735
2,33,17,1,90.5,65.04128243702328
13,10,5,6,77.15,84.54788428365376
8,42,5,4,71.05,73.21595670200229
2,33,17,1,89.3,66.35478803173771
10,42,107,5,68.95,85.0792045839145
2,33,17,1,74.6,66.25580411516691
8,42,5,4,100.95,73.12964335235135
13,10,5,6,98.9,115.69192302244603
10,40,107,5,109.2,66.72536012799425
2,47,17,1,85.1,58.28324666750526
13,20,5,6,43.25,53.53097971711039
8,41,5,4,70.25,63.4241154534506
10,40,107,5,47.25,56.71059958476156
2,47,17,1,94.25,61.99310233277655
8,41,5,4,82.3,71.14928708449283
10,39,107,5,56.8,54.379369152958034
13,20,5,6,87.9,109.40985234188777
8,29,5,4,55.7,51.112981150635925
2,47,17,1,84.7,59.36426357223413
10,39,107,5,46.55,48.18874622936246
13,15,5,6,67.0,79.89137362035633
2,47,17,1,70.75,53.82219753380961
10,25,107,5,45.45,35.874745552004306
8,29,5,4,84.8,78.67360956575757
2,47,17,1,70.95,40.719160109216396
13,15,5,6,87.1,67.19327973916188
10,25,107,5,64.15,70.81947026362914
10,42,107,5,31.3,27.89095307008878
9,7,5,4,88.05,103.04341190411984
2,47,17,1,91.4,53.34732272668669
13,22,5,6,59.45,63.4138246590973
2,47,17,1,65.7,43.61083882657951
10,42,107,5,58.6,52.929347147623915
9,7,5,4,75.35,80.91598957203115
13,22,5,6,79.2,67.51187030129552
10,29,107,5,52.2,46.90034227234549
2,47,17,1,80.9,48.76679197978887
9,23,5,4,63.4,69.34839579975878
2,47,17,1,72.3,49.33249169504927
10,29,107,5,55.45,59.25988702762026
13,12,5,6,104.6,115.30983433661173
9,23,5,4,88.65,88.81279839017988
2,47,17,1,67.5,49.15978244994902
10,26,107,5,67.4,47.004367098342996
9,12,5,4,74.65,63.33060705120144
2,42,17,1,77.6,44.68886591581962
13,12,5,6,71.2,67.88736802117243
10,26,107,5,56.45,57.5440106170463
2,42,17,1,71.0,61.39261056168687
9,12,5,4,86.4,55.71676493423538
13,11,5,6,74.35,65.66283495811646
2,42,17,1,75.0,59.56420684305386
10,42,107,5,93.5,89.02542510872651
2,42,17,1,61.1,43.92565489431816
13,11,5,6,107.95,106.73502606676819
10,42,107,5,71.15,67.2123696322258
2,42,17,1,63.6,41.55959576319289
9,20,5,4,142.5,147.57852503881307
2,42,17,1,62.7,41.26946111899974
13,2,5,6,84.05,85.19789656410168
11,10,107,5,80.75,79.24570385167495
9,20,5,4,64.95,58.49469161700419
2,42,17,1,66.1,66.29749538811284
2,42,17,1,68.55,50.899772515260445
11,10,107,5,74.7,79.9335908574638
9,12,5,4,83.65,91.40498374066689
2,42,17,1,66.0,45.06720128407074
13,2,5,6,106.0,128.4805944798464
11,0,107,5,71.3,91.86666539352736
9,12,5,4,83.6,56.147737452658156
2,42,17,1,59.15,61.076548173927655
13,23,5,6,68.75,77.64553398211915
11,0,107,5,59.5,77.99696350364849
2,36,17,1,87.5,69.34847169416057
2,36,17,1,44.1,33.172436243299785
11,17,107,5,47.5,53.82867559014873
13,23,5,6,91.95,106.99703635836687
9,8,5,4,117.05,147.30257974658826
2,36,17,1,72.65,46.04605817748366
9,8,5,4,71.9,65.76425200749463
11,17,107,5,82.0,91.52911529873116
2,36,17,1,82.2,71.71698763744523
13,0,5,6,93.1,126.09182117973018
11,13,107,5,33.85,31.275137258312967
13,0,5,6,41.5,46.6233508245092
2,36,17,1,90.8,61.700123688351674
9,6,5,4,95.7,84.89256368152073
11,13,107,5,55.5,55.98543043553949
9,6,5,4,55.9,68.42737217779079
2,36,17,1,88.5,64.11625953564435
13,11,5,6,74.55,105.48757721821285
11,6,107,5,80.6,75.02659177707734
2,36,17,1,71.9,44.091889694615105
9,10,5,4,98.0,85.19451427854904
11,6,107,5,52.5,47.486840282335066
2,36,17,1,68.35,66.5821811155602
9,10,5,4,54.05,47.1442076589423
13,11,5,6,106.25,116.69522833342191
11,1,107,5,62.75,44.81761284420035
2,36,17,1,70.75,45.28724114501032
9,4,5,4,65.65,63.51151988336239
2,36,17,1,64.95,46.613161683212
13,7,5,6,96.15,108.82882503222542
11,1,107,5,94.95,92.12204433593286
2,37,17,1,72.65,54.10056425428092
9,4,5,4,84.5,84.50755182697858
11,1,107,5,61.6,56.96942855140539
2,37,17,1,83.75,67.22380139269283
13,7,5,6,82.0,92.99518946245496
9,12,5,4,92.85,81.83891430570694
11,1,107,5,76.3,70.0556921313322
2,37,17,1,96.25,57.51327077979023
9,12,5,4,72.7,65.92667378072001
13,21,5,6,81.5,112.197429372935
11,4,107,5,50.25,38.74053364847238
2,37,17,1,65.25,44.55732558354344
13,21,5,6,64.85,58.14887879626878
2,37,17,1,77.1,58.203725690118205
11,4,107,5,62.1,65.84423405200137
9,7,5,4,124.9,106.13392731033649
11,19,107,5,45.45,42.451799292349136
2,37,17,1,78.35,47.40117142678626
13,2,5,6,83.75,65.00840026691287
9,7,5,4,59.95,69.29074898380622
2,37,17,1,69.5,44.97075072814142
2,37,17,1,45.1,32.397043399863385
9,6,5,4,65.6,46.072482939500084
11,19,107,5,81.1,88.02326247556441
13,2,5,6,68.8,83.11285922419619
11,2,107,5,49.25,64.20761964948267
9,6,5,4,90.8,59.0081171936272
2,37,17,1,97.45,58.953572276924206
13,9,5,6,80.35,79.51913043578355
2,37,17,1,55.25,37.59181741871634
11,2,107,5,65.5,37.52963741112517
2,28,17,1,57.6,47.821378174685805
9,2,5,4,93.9,80.12615053776139
11,4,107,5,71.4,61.493174631952364
13,9,5,6,94.5,120.67027715835282
9,2,5,4,61.25,76.46043008263197
2,28,17,1,92.5,66.20025441197734
13,23,5,6,69.1,68.40275463828387
2,28,17,1,69.9,50.485954273910366
11,4,107,5,100.3,98.58851219509351
13,23,5,6,45.1,61.51841829463501
9,4,5,4,98.8,121.7346553607044
2,28,17,1,76.6,56.27227044515471
9,4,5,4,71.6,53.88916500803439
2,28,17,1,87.65,62.70924971644933
11,18,107,5,97.7,91.21236065820305
13,6,5,6,104.65,100.99727719102133
2,28,17,1,71.4,67.1725194437506
11,18,107,5,50.6,63.1751116884023
9,5,5,4,81.15,109.70499916642478
2,28,17,1,71.75,48.74517519984063
13,6,5,6,87.3,102.69992056574596
11,13,107,5,57.1,54.28666599878056
2,28,17,1,45.5,46.79349932359588
9,5,5,4,97.4,94.57517199505764
2,28,17,1,53.15,46.9807071264925
14,30,5,7,88.8,68.89702460919484
11,13,107,5,82.2,100.18330567935011
9,2,5,4,86.55,95.62177411139436
2,28,17,1,90.05,69.83625585309501
14,30,5,7,54.95,70.15432237124396
9,2,5,4,63.6,54.88495144150938
11,17,107,5,85.8,87.30744225828752
14,40,5,7,60.5,66.75919018145899
9,14,5,4,72.05,63.394732472526115
2,29,17,1,117.6,102.63445610002212
11,17,107,5,73.05,70.96735721071825
14,40,5,7,82.5,95.79226427398427
2,29,17,1,82.35,60.892722752481085
11,2,107,5,70.5,75.32840381325381
9,14,5,4,106.1,94.55207420697921
11,2,107,5,46.55,45.27515293937957
2,29,17,1,95.25,78.6048578919301
14,44,5,7,95.2,103.59414736567435
9,13,5,4,73.35,65.7925567698641
2,29,17,1,81.4,58.17885309430241
9,13,5,4,78.25,73.50035803707998
14,44,5,7,83.5,56.72231529681752
11,13,107,5,105.95,78.25496453059198
2,29,17,1,70.95,62.24102133514604
11,13,107,5,52.15,45.67537053691203
9,22,5,4,78.25,84.40683122766033
14,37,5,7,68.5,55.29680679845142
2,29,17,1,92.65,69.94379322374728
11,23,107,5,65.55,63.63917611693369
2,29,17,1,52.25,37.12124515833572
14,37,5,7,72.6,77.86722842863931
9,22,5,4,94.8,124.34019547405543
2,29,17,1,61.65,33.851494563911444
11,23,107,5,50.3,55.189720629460474
2,29,17,1,64.25,47.95488559710657
14,35,5,7,84.95,69.69291665283457
9,12,5,4,82.55,86.20811721458838
11,22,107,5,73.55,87.89795219457618
2,29,17,1,78.9,68.75272243413539
14,35,5,7,70.1,53.26586741600053
11,22,107,5,40.9,47.4085268812756
9,12,5,4,74.85,62.14183691151109
14,31,5,7,55.05,41.243149351389896
2,46,17,1,82.0,59.78734243792304
11,19,107,5,65.7,67.62520551578851
10,26,5,5,102.75,84.99280155277548
14,31,5,7,73.4,55.59666782896445
2,46,17,1,90.75,73.26151786579364
11,19,107,5,66.9,63.77996715683001
14,35,5,7,44.4,60.95416742369458
10,26,5,5,73.4,58.811384504774416
2,46,17,1,73.15,59.20372943444838
11,15,107,5,75.55,72.73996584807384
14,35,5,7,55.25,49.98828810199866
2,46,17,1,61.35,52.02456403621173
11,15,107,5,34.15,28.95963615648148
10,26,5,5,94.15,86.25377184735017
14,41,5,7,54.85,64.20548837009267
2,46,17,1,75.1,68.38043733792814
12,40,107,6,43.3,41.00205386383262
10,26,5,5,94.05,74.67013423965716
12,40,107,6,38.9,34.21126314995968
14,41,5,7,67.2,61.728267004415585
2,46,17,1,83.95,60.32933736888232
12,46,107,6,52.1,48.938091933638596
14,39,5,7,57.85,46.780872159462774
2,46,17,1,74.65,57.08560054403986
10,45,5,5,94.55,95.06810578128768
2,46,17,1,75.3,56.85817998827387
12,46,107,6,81.05,68.15267303712498
14,39,5,7,84.65,82.52863936712804
10,45,5,5,62.05,72.49136064677676
2,46,17,1,84.5,67.24386099938985
10,29,5,5,56.85,47.29223258800429
14,26,5,7,52.9,54.25660279973693
12,35,107,6,87.15,69.67539398034137
2,46,17,1,64.2,38.531736748323524
10,29,5,5,57.1,65.15398763900149
14,26,5,7,61.35,79.39924101453497
2,39,17,1,62.35,56.84445536077514
12,35,107,6,81.55,56.88906564071592
2,39,17,1,80.7,67.5699247952971
10,46,5,5,99.9,87.41245244303161
12,34,107,6,35.8,48.81716695460403
14,27,5,7,96.5,93.95547657772467
2,39,17,1,59.0,49.04777477650047
12,34,107,6,69.9,61.73790100944988
10,46,5,5,87.4,84.32044142499056
2,39,17,1,68.2,56.11416933360058
2,39,17,1,63.2,28.207128624926675
12,40,107,6,45.0,59.17680911338584
10,26,5,5,59.7,49.51352818860933
14,27,5,7,102.4,111.99031913048275
2,39,17,1,69.75,52.011005920306
12,40,107,6,73.25,70.83031985333905
14,44,5,7,73.65,51.02349819858544
10,26,5,5,94.4,65.14146549100496
2,39,17,1,66.35,51.26943790561677
12,36,107,6,44.55,59.98638003308487
2,39,17,1,53.95,45.192541303556766
14,44,5,7,64.9,61.40109719575136
10,37,5,5,98.8,72.77694834579364
2,39,17,1,79.1,60.440401266563065
12,36,107,6,63.3,78.72477039461093
14,29,5,7,67.35,81.00115333811773
2,39,17,1,72.7,45.16997139460544
12,31,107,6,51.1,40.878381881664026
10,37,5,5,85.3,94.25000349015771
14,29,5,7,85.75,72.92741524788084
2,31,17,1,86.45,61.51805468829114
12,31,107,6,62.5,48.12429083551312
10,30,5,5,94.6,78.12028512088536
2,31,17,1,57.55,43.013431194894174
14,43,5,7,77.4,69.91378148909743
12,41,107,6,64.9,59.967447309703836
2,31,17,1,71.5,43.33164639091582
10,30,5,5,75.65,71.72922402303936
2,31,17,1,91.75,61.397646963312674
14,43,5,7,86.15,76.11782763722654
12,41,107,6,74.3,95.22886559287191
2,31,17,1,61.2,36.34715655279907
10,28,5,5,104.65,86.05645331928767
12,24,107,6,45.6,45.439838769172816
14,33,5,7,62.55,54.808254276542186
2,31,17,1,69.5,50.004736617749785
14,33,5,7,41.7,29.11519769539794
10,28,5,5,84.8,66.39958782370486
12,24,107,6,72.95,57.53669309781002
2,31,17,1,62.5,71.41907455663589
12,42,107,6,32.05,24.894461442785133
14,37,5,7,56.85,59.253492013462576
2,31,17,1,73.35,41.608798411672
10,36,5,5,83.1,92.27869686301841
14,37,5,7,70.3,70.17654428953489
2,31,17,1,77.75,56.67253581576771
12,42,107,6,86.4,80.19804433893307
10,36,5,5,74.6,70.19926525331488
12,31,107,6,51.35,36.84287405212917
2,31,17,1,85.95,84.49258765371702
14,29,5,7,75.1,89.15976198877348
10,39,5,5,85.0,74.96244673870132
2,46,17,1,65.75,51.50153293579563
12,31,107,6,70.8,67.02049961333512
14,29,5,7,72.4,55.95524527409571
10,39,5,5,64.7,51.003715034969964
2,46,17,1,79.25,49.79946628333745
14,25,5,7,66.85,76.77737811018089
12,42,107,6,73.1,95.61099914703713
10,42,5,5,94.8,80.37386325626535
2,46,17,1,99.5,61.46586558065336
12,42,107,6,40.4,44.526042054651924
14,25,5,7,90.65,81.28071888927838
2,46,17,1,80.8,54.46157505888659
12,41,107,6,63.9,47.53491791359938
10,42,5,5,96.6,113.50140272724664
2,46,17,1,70.55,46.21969846630103
12,41,107,6,63.15,57.99298959447825
10,35,5,5,79.1,65.92970738437623
2,46,17,1,77.5,52.96920654592877
14,43,5,7,110.15,86.12309122474217
12,31,107,6,70.35,66.80629894663652
10,35,5,5,71.45,63.86950099926205
2,46,17,1,75.9,60.34192048999645
14,43,5,7,93.55,83.85355341935505
12,31,107,6,55.0,42.9957158208509
2,46,17,1,68.6,47.67256741786126
10,45,5,5,57.4,60.771703941884
2,46,17,1,93.45,50.661388806362915
10,45,5,5,76.65,64.36759155122446
12,25,107,6,74.3,69.2251095302397
14,43,5,7,97.2,97.93155504577783
2,46,17,1,63.1,44.956001882542424
10,29,5,5,49.95,52.230738076347336
12,25,107,6,71.8,68.30396459172314
2,24,17,1,53.8,46.66295724605727
14,43,5,7,61.25,58.135843640472565
10,29,5,5,63.75,75.15869176195406
2,24,17,1,65.8,39.493637062456685
12,30,107,6,55.8,39.0068819838918
15,9,5,7,72.75,70.46826460038216
10,35,5,5,59.5,64.89951747448552
2,24,17,1,95.5,67.45095684234116
12,30,107,6,60.1,74.05183106588606
10,35,5,5,63.9,48.812099449128176
15,9,5,7,79.3,75.17565395371311
2,24,17,1,65.4,49.38612632799023
12,27,107,6,60.6,43.01823358824292
10,45,5,5,73.8,79.02870897405109
15,3,5,7,64.75,61.738732191644324
2,24,17,1,89.2,82.1228860979242
12,27,107,6,70.25,87.97719501157822
10,45,5,5,80.25,65.60638207080964
2,24,17,1,53.45,45.31698299057894
12,41,107,6,63.35,65.80055590870595
2,24,17,1,71.5,52.32841635187078
10,34,5,5,60.25,69.01553982142069
15,3,5,7,99.6,118.41514839082477
2,24,17,1,82.35,60.24622722409132
10,34,5,5,79.1,68.0633605740385
15,10,5,7,66.7,58.766352707364064
12,41,107,6,76.25,97.922028595258
10,25,5,5,54.05,44.48000733623568
2,24,17,1,79.85,73.09278530168277
15,10,5,7,62.7,53.2680411741066
2,24,17,1,54.65,65.53205322588329
12,43,107,6,91.35,65.74133923347262
10,25,5,5,78.6,73.7366580259921
2,42,17,1,85.2,75.72915728540687
15,3,5,7,85.05,117.3418196193452
12,43,107,6,67.0,99.88150874648262
10,24,5,5,90.75,89.98004164667209
2,42,17,1,68.05,57.007363328645624
2,42,17,1,73.65,37.59377748063046
15,3,5,7,87.05,101.8701314626153
12,25,107,6,83.15,78.46908543127702
2,42,17,1,49.35,41.44022327718756
10,24,5,5,102.15,89.3798958909311
15,3,5,7,60.3,68.48134590413733
12,25,107,6,56.05,49.9014555214364
11,17,5,5,52.5,56.907588986096805
2,42,17,1,87.4,70.73627819324098
15,3,5,7,51.95,54.71791297189614
13,4,107,6,51.25,70.01719713568117
2,42,17,1,73.3,46.56189994314868
11,17,5,5,83.1,99.14577252977716
2,42,17,1,82.5,46.73159643392422
15,14,5,7,85.85,92.36898260438089
13,4,107,6,86.9,57.72521112997335
2,42,17,1,58.5,48.89139414102068
11,18,5,5,85.1,73.42156574051981
13,7,107,6,46.6,64.06608430280983
2,42,17,1,59.7,48.94260871028863
15,14,5,7,83.2,96.52793432609627
11,18,5,5,90.35,62.44346917096505
2,42,17,1,86.2,67.3706167405346
13,7,107,6,79.6,106.59633646316567
15,9,5,7,56.25,93.04377860363424
3,2,17,1,50.9,44.422493117078
3,2,17,1,68.8,62.482502813945736
13,19,107,6,75.95,77.44707870539727
11,9,5,5,125.95,112.35305022444581
15,9,5,7,95.9,117.81604751743959
13,19,107,6,48.15,44.57315099332427
3,2,17,1,83.9,66.13614347453448
11,9,5,5,67.55,65.4623033347799
15,6,5,7,46.95,53.23381889066583
13,1,107,6,38.45,40.368662937585896
3,2,17,1,69.65,52.51092618132966
11,9,5,5,85.75,88.15648467057703
3,2,17,1,71.3,50.78655022947046
13,1,107,6,59.95,83.472954964625
11,9,5,5,46.15,54.20552991793559
3,2,17,1,63.65,48.7553235959661
15,6,5,7,101.7,116.81478817702022
13,23,107,6,49.15,47.85644652169873
3,2,17,1,64.6,77.57196997830975
11,2,5,5,68.15,80.91468866717132
15,5,5,7,63.6,72.27098129153987
13,23,107,6,75.65,84.59020411122641
3,2,17,1,79.4,63.773777815353746
15,5,5,7,53.8,50.875079205938604
11,2,5,5,75.1,68.98275909697712
3,2,17,1,77.75,54.496619885524716
13,2,107,6,76.45,75.27456759301771
11,10,5,5,56.05,74.37279850788686
15,14,5,7,72.2,58.81066856312812
13,2,107,6,47.55,62.08099548170922
3,2,17,1,92.05,67.24853745230216
11,10,5,5,64.9,57.63213650295065
15,14,5,7,54.05,57.74123310079202
13,12,107,6,54.0,49.18172531808088
15,4,5,7,38.95,27.6433583914454
3,1,17,1,91.85,74.65589482136657
11,5,5,5,85.25,86.83855255890852
13,12,107,6,50.3,49.4571584941532
3,1,17,1,54.85,44.115011169967026
15,4,5,7,80.3,106.4430166308419
11,5,5,5,75.5,61.95966429863868
3,1,17,1,78.75,63.263754485320796
13,12,107,6,58.85,78.89451651947748
11,3,5,5,51.65,47.50099721944904
3,1,17,1,51.4,40.46362889259804
15,0,5,7,51.4,74.68840535676767
3,1,17,1,71.5,54.66404572236528
13,12,107,6,88.25,91.5376684040079
11,3,5,5,78.2,87.73020844432213
15,0,5,7,75.1,86.39194650575152
3,1,17,1,93.4,77.12082113561537
15,7,5,7,49.6,50.69765903450521
11,6,5,5,69.6,68.91978556340163
13,21,107,6,59.8,81.1292665733941
3,1,17,1,52.0,48.88870281729609
13,21,107,6,56.1,66.85876709035327
3,1,17,1,63.75,46.41900132715617
15,7,5,7,61.5,91.4177801432292
3,1,17,1,57.25,46.57972791495866
11,6,5,5,112.55,94.2881780835529
13,20,107,6,63.3,57.85744732120762
15,9,5,7,65.05,80.24270748961028
13,20,107,6,39.2,38.996086173385464
3,1,17,1,95.4,69.24130194282053
11,5,5,5,75.0,93.20887692082822
15,9,5,7,45.35,52.23154420966621
11,5,5,5,45.3,50.79587633491107
3,19,17,1,70.7,68.3836699496998
13,21,107,6,57.9,67.7323680688231
13,21,107,6,33.2,28.5447017850949
15,20,5,7,86.45,85.50867915320828
11,20,5,5,71.45,67.18981360765618
3,19,17,1,83.2,62.29437754472077
3,19,17,1,48.45,33.93720982235156
13,19,107,6,52.55,49.65509991298398
15,20,5,7,58.7,60.64833924050665
3,19,17,1,63.25,47.522709252912364
11,20,5,5,82.05,94.13902093796119
13,19,107,6,46.5,43.81119779955324
11,6,5,5,36.8,53.18646444350292
15,1,5,7,65.85,85.5737754959519
3,19,17,1,83.8,48.34481412345671
15,1,5,7,41.9,34.261993674132796
13,15,107,6,67.6,80.15012230348222
3,19,17,1,87.8,70.8457182155258
11,6,5,5,95.75,94.53758651011722
13,15,107,6,68.75,61.34876569770233
3,19,17,1,71.8,57.27459251158773
15,15,5,7,79.25,103.12990020255752
11,23,5,5,54.7,63.47821839439349
3,19,17,1,71.8,67.09663102374694
15,15,5,7,49.45,51.987321328833325
13,14,107,6,79.0,68.11522744971433
11,23,5,5,88.35,108.12579175250123
15,11,5,7,62.6,77.17267037385436
3,19,17,1,97.6,94.38409767930635
13,14,107,6,75.9,76.8312573453224
11,11,5,5,78.1,65.46907666982939
3,19,17,1,51.3,49.32822401232915
15,11,5,7,56.9,69.67359992361374
13,5,107,6,46.45,71.82689351196352
3,3,17,1,74.75,86.5824067457976
11,11,5,5,77.85,76.81575701843855
13,5,107,6,54.1,51.10968597046943
3,3,17,1,62.9,63.713916516682104
11,0,5,5,45.2,62.63057938167434
15,4,5,7,100.0,125.93732777185558
3,3,17,1,79.0,61.25528978231831
11,0,5,5,65.45,53.311867939117406
13,21,107,6,74.5,73.27633350974637
15,4,5,7,56.4,70.91982129582378
3,3,17,1,56.65,36.71264660920854
11,8,5,5,65.3,59.79887342716327
13,21,107,6,48.2,54.51083909597584
3,3,17,1,69.0,57.69064505026607
15,5,5,7,81.45,89.63697251751235
3,3,17,1,59.45,40.90357724672681
11,8,5,5,70.05,76.80356008744167
13,6,107,6,65.4,75.03150215602426
3,3,17,1,59.55,44.777196969228136
13,6,107,6,48.1,53.18972991490982
3,3,17,1,76.85,58.75307382776264
11,17,5,5,103.5,109.07481739372147
13,21,107,6,61.4,50.8324388762261
15,5,5,7,113.95,128.24379537674162
3,3,17,1,67.5,37.32291521304304
11,17,5,5,66.35,63.02821005833733
3,3,17,1,64.35,70.64609722151378
13,21,107,6,60.95,65.32064636931622
16,32,5,8,64.1,64.56485927059377
11,23,5,5,53.5,55.14908025190972
3,4,17,1,75.3,41.878395384732684
16,32,5,8,73.05,78.55904584585103
11,23,5,5,87.2,91.5518834782827
3,4,17,1,89.7,68.51822654170971
13,18,107,6,81.35,126.06484338165856
16,43,5,8,50.1,63.12885735999779
13,18,107,6,56.2,62.34673840285219
11,17,5,5,67.6,79.12574935206817
3,4,17,1,90.95,54.136742071399745
3,4,17,1,52.45,33.0843817501472
16,43,5,8,68.6,62.306035865421244
13,2,107,6,70.65,71.00650452043479
16,31,5,8,35.3,33.48228125284681
11,17,5,5,93.6,103.01221184633249
3,4,17,1,83.25,67.60245635524761
13,2,107,6,53.75,61.99480029129777
16,31,5,8,47.3,48.31813433135802
3,4,17,1,63.15,59.591835364463
3,4,17,1,61.9,47.96588700096636
14,40,107,7,44.55,43.578694697970796
16,44,5,8,49.05,52.495087489462435
11,1,5,5,117.6,109.13699744140993
3,4,17,1,82.05,66.04820807163269
14,40,107,7,73.2,56.50579849146364
16,44,5,8,67.0,66.96424812029021
11,1,5,5,78.6,104.5342552769942
16,24,5,8,60.05,58.39292945662442
14,26,107,7,65.6,69.77361890239635
3,4,17,1,108.0,117.3416065663793
12,35,5,6,87.2,80.71300684328524
16,24,5,8,66.0,61.28707256149452
3,4,17,1,71.55,52.298208684226914
14,26,107,7,91.95,96.73864682469817
3,8,17,1,65.5,32.862552676580876
12,35,5,6,71.3,66.90378008359232
12,25,5,6,47.1,55.784264900833065
14,27,107,7,43.7,58.603125477993686
16,32,5,8,94.05,92.69728605577006
3,8,17,1,82.0,60.90199201650917
12,25,5,6,74.6,54.40143186970067
14,27,107,7,68.15,58.03744254222532
3,8,17,1,95.05,67.35411135030638
16,32,5,8,86.05,92.81530896865758
12,38,5,6,48.8,56.44708747323041
3,8,17,1,57.95,29.89890862292644
14,24,107,7,66.8,67.04876465756296
16,37,5,8,69.3,61.02294650375382
12,38,5,6,79.45,84.91201328434039
3,8,17,1,89.65,66.85512616648661
14,24,107,7,76.5,72.16975602155328
16,37,5,8,56.95,60.345910775863025
12,41,5,6,54.7,48.827408178948886
3,8,17,1,107.25,77.87971494554921
16,33,5,8,51.95,54.45565554699192
12,41,5,6,55.3,61.61006411293532
14,47,107,7,62.65,85.00914811452878
3,8,17,1,53.95,47.207799311019286
12,39,5,6,67.6,66.27248377164658
14,47,107,7,64.65,55.617372333320084
3,8,17,1,89.45,63.73173628990752
16,33,5,8,101.45,93.16735084329648
14,30,107,7,49.2,35.141218862724365
12,39,5,6,82.85,94.26629413807628
3,8,17,1,88.2,47.54787061478148
16,42,5,8,61.8,42.234433445010865
14,30,107,7,51.1,57.42629142969639
12,30,5,6,76.2,100.83420472292755
3,8,17,1,93.55,77.72791613936668
14,28,107,7,48.75,57.64489752377322
16,42,5,8,85.6,82.14710809530091
3,2,17,1,56.0,54.220796165697394
12,30,5,6,81.8,78.5530997076768
3,2,17,1,58.0,52.500626562677176
14,28,107,7,63.95,64.08914433078844
16,47,5,8,70.7,81.82207912036303
12,36,5,6,77.4,71.56550183315686
3,2,17,1,89.2,97.43640301026586
14,33,107,7,94.3,83.15369409776854
12,36,5,6,51.75,63.04958366238432
16,47,5,8,90.95,85.49205872631188
3,2,17,1,78.4,49.1264748004148
16,35,5,8,46.55,41.86001106444896
12,31,5,6,71.4,83.40730751779739
3,2,17,1,67.15,66.33509430793104
14,33,107,7,95.15,96.26240179841764
16,35,5,8,74.15,80.30224156273597
3,2,17,1,79.35,58.51969978697682
12,31,5,6,75.25,88.74972201587303
14,39,107,7,43.0,43.67222410061957
12,35,5,6,39.45,48.86552438769291
3,2,17,1,70.6,65.65010923148006
16,31,5,8,67.4,64.7906750925422
14,39,107,7,68.15,59.47690838955021
3,2,17,1,76.4,58.36942242034103
12,35,5,6,82.6,81.45156778562854
16,31,5,8,97.7,90.32112301758595
12,47,5,6,45.5,55.86308450601627
14,34,107,7,71.2,93.28146428389387
3,2,17,1,93.35,70.32127401396656
3,2,17,1,53.55,24.32125992235037
16,35,5,8,78.35,55.39169137771666
14,34,107,7,62.05,72.89031052493227
12,47,5,6,83.95,88.3643623092239
3,4,17,1,62.15,51.15844839423165
3,4,17,1,45.8,27.967274108368727
14,42,107,7,60.85,65.52321806247888
16,35,5,8,91.1,67.1885798566832
12,33,5,6,82.2,91.4633087205206
3,4,17,1,73.95,73.90141014251779
14,42,107,7,50.1,35.80194055310998
16,45,5,8,33.2,36.488787030365486
12,33,5,6,89.5,81.83327080427811
3,4,17,1,89.9,66.24349024621213
14,44,107,7,79.0,72.47068372797375
16,45,5,8,77.9,99.02732212029056
3,4,17,1,66.75,55.55639619247037
12,31,5,6,79.85,74.83545106994482
14,44,107,7,39.7,46.24886911846431
16,44,5,8,49.9,40.367913261062085
3,4,17,1,99.65,67.47184598037911
12,31,5,6,62.7,78.344784530675
14,35,107,7,71.55,84.64008941891605
16,44,5,8,66.65,91.35084189973004
3,4,17,1,68.35,54.835903528522934
12,36,5,6,55.65,39.35302436047056
3,4,17,1,60.75,61.353055086287696
14,35,107,7,67.9,57.96178414311133
16,45,5,8,70.05,63.163509618833096
12,36,5,6,71.15,78.61382963910559
3,4,17,1,64.9,49.5090634977178
14,41,107,7,54.3,52.23136786906584
16,45,5,8,73.35,82.21171321334742
12,43,5,6,73.05,72.61395762596378
3,4,17,1,85.75,75.6904186385847
14,41,107,7,51.1,35.41765839684761
12,43,5,6,63.4,70.92204764461658
16,45,5,8,76.05,55.147147657307194
3,16,17,1,78.2,69.2034376998259
14,41,107,7,83.7,80.35454331634863
3,16,17,1,54.75,44.83991994922194
16,45,5,8,54.45,54.46435338341661
12,25,5,6,82.9,55.5649454053069
3,16,17,1,53.7,40.057984288567965
16,26,5,8,46.65,48.2681926433198
14,41,107,7,68.3,61.74574351406956
12,25,5,6,65.65,67.46482514302505
3,16,17,1,69.25,51.59036527757566
3,16,17,1,66.55,66.84583599203232
16,26,5,8,73.2,75.53709440784009
14,43,107,7,71.25,56.747710364198376
12,30,5,6,83.8,64.5939544181065
3,16,17,1,76.45,50.15709531588044
16,43,5,8,62.4,66.54116256716195
14,43,107,7,83.55,75.65119054964666
3,16,17,1,67.85,46.96950298359901
12,30,5,6,93.3,85.21990130801237
16,43,5,8,70.4,63.27666901872493
3,16,17,1,76.45,60.45918588514683
14,26,107,7,62.75,67.78827332216096
12,34,5,6,81.3,49.73413526468834
16,36,5,8,43.5,55.58540133978761
3,16,17,1,93.2,54.90623586480962
14,26,107,7,57.95,44.89927323289437
12,34,5,6,76.45,87.02478473340072
3,16,17,1,61.4,54.43624953243835
16,36,5,8,78.45,94.27645517307067
14,26,107,7,63.35,73.59868062318566
12,25,5,6,85.2,76.18440232681975
3,11,17,1,83.4,86.32338220777424
17,13,5,8,90.6,83.12602987094513
14,26,107,7,65.7,68.44367642160422
3,11,17,1,55.1,31.805163433829918
12,25,5,6,89.7,63.60494849997294
17,13,5,8,63.05,72.89897479605449
3,11,17,1,91.65,50.72555153911456
14,39,107,7,61.0,79.49114482294966
12,46,5,6,64.15,81.08492948429866
17,0,5,8,45.15,45.43621903283767
3,11,17,1,61.75,58.524736110828435
14,39,107,7,77.75,96.2441385775067
12,46,5,6,87.25,86.43152141861695
3,11,17,1,90.3,75.82535334916888
17,0,5,8,85.0,89.80915438042112
3,11,17,1,53.75,24.488181897225015
14,45,107,7,51.9,58.950380562139316
12,30,5,6,53.15,47.204231523076515
17,18,5,8,51.05,55.09940777215401
3,11,17,1,71.8,55.98458434435792
12,30,5,6,71.8,61.04579816567402
14,45,107,7,63.05,52.842840475069885
3,11,17,1,62.8,49.82242150087174
15,21,107,7,43.05,40.36605530706006
17,18,5,8,69.0,85.01331165114517
3,11,17,1,54.4,45.51390764891193
13,6,5,6,73.0,83.93606589479124
15,21,107,7,43.25,42.727872081717095
17,17,5,8,54.45,57.787701295800225
13,6,5,6,58.55,66.37729082180219
3,11,17,1,88.35,84.70958126383779
17,17,5,8,54.25,80.8135443311851
15,18,107,7,67.1,82.63356015057015
3,7,17,1,58.0,46.6295591816359
13,16,5,6,63.2,71.38081711938845
3,7,17,1,55.1,37.979080114133744
17,13,5,8,55.2,80.99876542269024
3,7,17,1,57.25,42.76111736022267
15,18,107,7,72.95,88.90058018874083
13,16,5,6,78.7,106.02983691296272
17,13,5,8,54.05,71.91257484649421
3,7,17,1,78.35,65.62835956312917
15,4,107,7,67.35,64.17023002181487
17,9,5,8,68.9,103.57245112277177
3,7,17,1,85.5,81.28669211986346
15,4,107,7,76.9,85.39068111364746
3,7,17,1,77.35,64.74669266090983
13,10,5,6,68.5,61.97410325034329
15,13,107,7,33.8,36.58817755562725
17,9,5,8,73.4,86.40565283652026
13,12,5,6,54.45,39.02425022038422
15,13,107,7,58.05,63.84312599522446
3,7,17,1,106.1,91.01121966693533
17,12,5,8,67.85,84.23355688360284
3,7,17,1,73.35,54.504731808107124
13,12,5,6,95.65,107.69219050022542
15,4,107,7,60.15,58.83900872183709
17,12,5,8,56.8,61.19219076423328
3,7,17,1,61.2,50.05638925515062
13,10,5,6,55.65,51.22424898630069
3,7,17,1,61.9,43.264060689773686
15,4,107,7,66.35,100.59416902636686
3,6,17,1,77.0,54.84715604583149
13,10,5,6,90.45,89.72559043521179
17,16,5,8,109.05,127.3881242915772
13,1,5,6,48.7,41.39552480261859
3,6,17,1,84.2,45.718359780865185
17,16,5,8,64.45,88.10010753323984
15,23,107,7,109.5,120.32215528584743
13,1,5,6,54.15,73.2035913700529
3,6,17,1,74.1,56.48465091928677
17,8,5,8,59.2,52.694352039304036
15,23,107,7,61.7,72.6419481537971
13,0,5,6,68.2,95.6389042178966
3,6,17,1,92.2,84.43284469421774
15,5,107,7,38.05,41.55589134242169
17,8,5,8,59.05,79.98254743840585
13,0,5,6,77.8,80.00105262465384
3,6,17,1,86.6,60.866895332096746
15,5,107,7,48.55,44.423174369383275
13,17,5,6,58.3,55.442810743665355
17,19,5,8,76.3,99.45435345450008
3,6,17,1,78.5,56.1281428612477
15,11,107,7,50.6,58.21954817304652
17,19,5,8,39.05,57.576927944958534
3,6,17,1,67.7,40.29117704123846
13,17,5,6,69.4,68.96406386853344
15,11,107,7,42.05,40.39733576415783
13,10,5,6,51.05,50.278670794305064
3,6,17,1,78.3,66.53301515235243
15,7,107,7,55.0,81.69068748059739
17,9,5,8,90.7,113.88965111711838
13,10,5,6,64.3,60.88565642164612
3,6,17,1,78.45,67.80737034927849
15,7,107,7,40.7,38.15908528088277
17,9,5,8,64.1,70.52278467201035
3,6,17,1,74.3,59.904397518923965
15,19,107,7,44.75,62.319951185711574
13,12,5,6,85.95,96.33192344017745
3,6,17,1,74.1,61.24145482819365
15,19,107,7,61.35,60.49034285691698
17,18,5,8,79.85,97.619710585193
13,12,5,6,75.15,66.95974831745443
3,6,17,1,76.0,76.31099803470423
15,1,107,7,69.45,93.87364127547087
3,6,17,1,62.9,40.96326981192066
17,18,5,8,93.75,108.89631717710586
13,15,5,6,105.75,119.40284533328429
3,6,17,1,77.3,45.88784955565149
15,1,107,7,62.75,86.44369935336373
3,6,17,1,54.2,43.67535737810583
13,15,5,6,66.4,83.32839283600507
17,1,5,8,82.7,100.12366038265407
3,6,17,1,72.15,42.30500157067409
15,14,107,7,83.15,94.08466232181804
3,6,17,1,67.2,47.28814249949592
13,3,5,6,100.0,103.37158318670713
17,1,5,8,81.55,94.74090707653275
3,6,17,1,60.2,55.102392726727636
15,14,107,7,69.2,89.70161061747119
13,3,5,6,70.65,66.55134543303664
17,22,5,8,58.85,60.481641407690155
3,6,17,1,79.3,70.85723229438935
15,2,107,7,53.25,49.710609902133626
13,18,5,6,83.8,75.86594825917065
3,6,17,1,93.45,68.05839211178962
15,2,107,7,63.95,75.55860395467182
13,18,5,6,61.9,74.59497654879844
3,17,17,1,69.25,50.2947888898411
17,22,5,8,119.75,124.83120181816894
15,2,107,7,53.55,63.953498731500225
3,17,17,1,79.5,67.12008092335627
17,15,5,8,75.15,79.87640123142887
13,11,5,6,98.55,91.73673717420094
15,2,107,7,54.45,79.55830367856349
3,17,17,1,75.2,63.371585862568104
17,15,5,8,46.2,39.422942825880355
13,11,5,6,51.45,52.37262744280792
15,10,107,7,48.5,64.13595756384697
3,17,17,1,83.5,65.11406994853844
17,19,5,8,55.2,76.43545608792049
13,16,5,6,78.05,77.18295080350869
15,10,107,7,63.55,58.10106892757065
3,17,17,1,65.2,43.71631033691755
3,17,17,1,70.4,51.295223949213835
15,11,107,7,56.1,77.3229046204769
17,19,5,8,71.0,108.58855227053414
13,16,5,6,91.75,101.67071461599114
15,11,107,7,47.05,53.25161228100343
3,17,17,1,89.0,69.82534602397914
13,20,5,6,102.2,94.53687668117442
3,17,17,1,84.25,65.47066438288863
17,2,5,8,107.45,124.79898574149256
15,2,107,7,93.65,103.1352076287801
3,17,17,1,83.95,97.11819982290707
13,20,5,6,94.65,108.19197119739962
17,2,5,8,82.7,102.5373359472436
15,2,107,7,78.1,75.66818145172068
3,17,17,1,68.75,60.36980336140525
3,6,17,1,61.9,40.752009960116986
15,6,107,7,49.4,59.72780362876061
17,14,5,8,71.6,87.91227685057777
13,21,5,6,95.45,91.59779071111866
3,6,17,1,79.4,62.02495253397704
15,6,107,7,47.2,92.19007824226958
17,14,5,8,69.8,89.31057578679257
13,21,5,6,91.1,97.81179565073455
3,6,17,1,87.2,58.959932871489315
15,9,107,7,65.0,58.16130020989269
13,14,5,6,64.35,63.79842845779362
3,6,17,1,73.35,61.553806158771195
17,6,5,8,109.05,124.45691497144917
15,9,107,7,74.2,79.00273146510422
3,6,17,1,84.7,77.49234257586188
13,14,5,6,106.1,92.4866419942276
17,6,5,8,62.15,70.27635298927858
15,22,107,7,63.9,62.963565069933814
3,6,17,1,84.85,67.12539326553426
17,11,5,8,40.05,37.51697861249659
13,14,5,6,82.35,113.18372349042903
15,22,107,7,68.4,65.89257605335648
3,6,17,1,86.1,69.88554552755677
17,11,5,8,59.0,73.4209205809037
13,14,5,6,63.2,85.92873424193478
3,6,17,1,79.0,79.37452859370998
16,40,107,8,64.9,64.85197720477319
18,39,5,9,45.45,48.420825228298966
3,6,17,1,62.15,45.525325514024544
13,14,5,6,77.8,62.241972638202405
16,40,107,8,69.5,62.626293452342736
18,39,5,9,85.1,81.05352357677319
13,14,5,6,66.35,106.03042016327201
3,6,17,1,104.05,91.76484534997736
16,28,107,8,45.2,54.60634241165533
18,33,5,9,57.05,67.83453165026296
14,24,5,7,70.95,62.794128957880666
3,0,17,1,88.9,58.48607571577681
16,28,107,8,71.95,71.11108803910444
14,24,5,7,56.65,66.87873944291775
16,46,107,8,25.9,32.17370616545524
18,33,5,9,86.1,97.44412704076548
3,0,17,1,95.35,78.6727231537148
18,31,5,9,41.35,55.02944188054437
3,0,17,1,63.05,42.46047697875234
16,46,107,8,56.85,50.070765711614285
14,33,5,7,82.4,71.96958421883218
3,0,17,1,70.35,59.96163246961387
14,33,5,7,80.4,78.8992695583559
3,0,17,1,88.05,81.59816496904689
18,31,5,9,98.95,137.37289819281943
16,36,107,8,97.5,124.67241285190477
14,28,5,7,54.0,56.31116557505317
3,0,17,1,63.5,58.53968514471278
16,36,107,8,60.0,64.35837163881635
18,44,5,9,69.35,82.66754916054138
14,28,5,7,75.25,74.34830900990002
3,0,17,1,76.1,56.795014607010415
16,29,107,8,43.5,56.48800524750458
16,29,107,8,58.6,53.66994650542086
18,44,5,9,110.35,94.09025622129782
3,0,17,1,114.5,96.09178726065701
14,31,5,7,129.9,87.84849398104012
18,41,5,9,47.85,49.699385784619324
3,0,17,1,68.05,60.424354622775624
16,34,107,8,49.55,53.217008559294285
3,0,17,1,67.45,52.15308942758909
14,31,5,7,95.25,95.61428818572651
18,41,5,9,56.35,56.50456432425335
16,34,107,8,46.55,63.48764902677817
3,3,17,1,75.35,69.18949950755001
18,47,5,9,50.95,71.312857776214
16,42,107,8,80.65,70.46109415467294
3,3,17,1,85.25,65.09173688361923
14,40,5,7,121.4,121.99542700661495
18,47,5,9,78.75,63.39340410650405
16,42,107,8,51.55,72.31399005652182
3,3,17,1,79.25,58.16299691836997
18,37,5,9,62.2,48.83656955925334
14,40,5,7,77.95,95.17212937896427
16,30,107,8,59.1,63.75438065444271
3,3,17,1,80.5,70.03495367916014
3,3,17,1,59.95,43.1221947981608
18,37,5,9,66.6,75.23744868222558
14,40,5,7,81.4,70.55971714945096
3,3,17,1,54.95,50.15184836809948
16,30,107,8,75.9,81.43314985149992
3,3,17,1,53.45,44.77602154349086
18,37,5,9,59.05,77.39337316932449
14,40,5,7,74.5,86.03395902353418
16,28,107,8,58.85,59.84917446557242
3,3,17,1,74.9,58.1584948766368
18,37,5,9,54.25,67.74400342465745
14,27,5,7,53.9,49.22975138117835
16,28,107,8,43.6,40.26935624804026
3,3,17,1,70.5,57.12267500739089
14,27,5,7,49.15,56.009656122380974
18,24,5,9,50.95,49.16189688430622
16,30,107,8,52.75,57.153417727155535
3,3,17,1,72.65,62.779710936441546
18,24,5,9,47.8,56.38738194051275
14,31,5,7,76.85,78.93720022237531
16,30,107,8,61.75,67.69892714690614
3,3,17,1,84.55,76.71579470939956
18,28,5,9,52.8,51.447060168682135
14,31,5,7,50.3,60.72292552414225
3,3,17,1,52.55,40.739835671321934
16,25,107,8,75.6,90.21343113913103
14,25,5,7,74.4,62.188507992359725
18,28,5,9,89.6,72.76595502380434
3,3,17,1,86.05,65.24728266170817
3,3,17,1,63.15,47.3567368630461
16,25,107,8,63.0,68.31891161465124
14,25,5,7,79.95,73.91351631966133
18,42,5,9,58.85,56.533432120900116
3,3,17,1,70.1,50.02515156872275
18,42,5,9,43.35,56.86574678921166
14,39,5,7,75.0,61.444026732080566
16,45,107,8,69.15,68.07524861272421
3,3,17,1,80.05,58.6079525769597
14,39,5,7,46.35,44.48332035126969
18,26,5,9,61.55,63.45365071825012
3,3,17,1,70.95,61.357858845507835
16,45,107,8,71.75,96.79162371327713
14,44,5,7,51.25,61.49529293069169
18,26,5,9,57.1,45.063580814106125
16,34,107,8,29.65,31.168936965814975
3,3,17,1,85.8,61.78707069657177
14,44,5,7,89.6,78.05625501757319
18,46,5,9,79.3,65.73959793641961
16,34,107,8,54.75,54.67595930860097
3,3,17,1,77.05,80.3030280611477
3,3,17,1,52.25,45.467021015236966
18,46,5,9,67.45,87.13780676848054
14,30,5,7,104.15,91.80085712247492
16,24,107,8,76.3,78.95974990628552
3,11,17,1,76.05,60.48877668843335
14,30,5,7,58.45,60.002171013354086
16,24,107,8,51.1,46.30323394412328
18,41,5,9,64.4,64.38404509781826
3,11,17,1,65.3,61.47922199281726
14,31,5,7,54.9,50.43067153606967
16,38,107,8,61.2,66.85380751271664
3,11,17,1,90.05,53.88240118902217
3,11,17,1,55.4,42.378495042949126
14,31,5,7,63.1,68.94918036992325
18,41,5,9,96.8,108.96527694154396
16,38,107,8,49.9,43.55746355768374
3,11,17,1,69.65,67.60043210699641
16,31,107,8,38.2,48.82471332817989
14,27,5,7,79.15,89.30213352788151
18,26,5,9,78.7,60.219860336498364
3,11,17,1,74.15,66.22869071395124
16,31,107,8,45.45,34.14901555181195
18,26,5,9,51.85,50.6081697170058
3,11,17,1,71.65,62.207018558155774
18,44,5,9,36.55,36.76736968677812
14,27,5,7,109.65,136.8080772469228
16,25,107,8,81.15,82.08165061949627
3,11,17,1,86.95,69.30062276624557
18,44,5,9,78.1,55.287668749816845
14,46,5,7,69.1,83.56459839706739
16,25,107,8,64.8,73.62536748188157
3,11,17,1,90.25,72.5881496780584
14,46,5,7,59.0,48.7323517313002
16,45,107,8,55.1,56.680916680920696
18,37,5,9,89.75,72.2975394500139
3,11,17,1,84.75,60.56216901490133
3,21,17,1,54.5,35.4957373274743
14,32,5,7,69.15,88.81457621003672
18,37,5,9,47.45,48.4773142820433
16,45,107,8,57.95,60.24290742267377
3,21,17,1,76.55,56.978735645760636
18,44,5,9,41.65,47.78931283302399
14,32,5,7,74.1,74.63941388611757
16,31,107,8,67.4,57.530220891193125
3,21,17,1,93.35,81.50897593452353
14,43,5,7,86.35,86.735699564524
18,44,5,9,89.5,106.36555635612203
3,21,17,1,59.3,61.32664913996885
16,31,107,8,75.35,86.80424134677679
18,35,5,9,45.8,38.81480997872089
3,21,17,1,69.95,36.456859869974366
16,43,107,8,45.0,46.287431509962545
14,43,5,7,83.6,90.43776574907305
16,43,107,8,34.05,31.33095828997928
3,21,17,1,77.15,44.715798456238566
18,35,5,9,87.25,71.19866571783491
14,41,5,7,72.9,58.10145391785321
17,0,107,8,37.45,48.499023321690665
3,21,17,1,71.85,55.087752961214434
18,25,5,9,55.35,49.610350151004404
14,41,5,7,58.65,41.965242510289016
3,21,17,1,82.9,65.92491742006284
17,0,107,8,72.6,100.12171540049061
14,42,5,7,60.65,97.42596379329603
18,25,5,9,76.0,68.05183782660794
3,21,17,1,75.55,55.60904413378893
19,11,5,9,46.65,57.43946470209448
17,5,107,8,87.35,75.15126850489443
14,42,5,7,73.35,105.26671638721979
3,21,17,1,89.55,66.1652436985175
19,11,5,9,40.0,45.052016719857455
17,5,107,8,45.05,51.636864636359206
4,45,17,2,69.9,50.253986487588584
19,14,5,9,58.45,55.04110903870421
14,36,5,7,85.55,113.51117496575068
17,19,107,8,53.6,50.779606349917984
4,45,17,2,80.15,71.1523754088069
19,14,5,9,44.6,44.4952983914859
14,36,5,7,69.65,70.00171050541701
4,45,17,2,68.45,53.5050169807025
17,19,107,8,68.35,74.05351905352322
4,45,17,2,64.8,77.92006700526677
19,0,5,9,84.6,106.54645638603404
15,5,5,7,91.75,83.3369034322983
17,23,107,8,76.8,80.55831493559903
4,45,17,2,75.0,72.25029593820288
19,0,5,9,77.25,85.44796816284104
15,5,5,7,89.4,84.41152328419321
17,23,107,8,61.7,71.20696299483197
4,45,17,2,88.9,74.45019529153276
15,16,5,7,54.55,46.602998548207296
4,45,17,2,52.35,37.89497258698601
19,22,5,9,77.05,76.04048436956393
17,19,107,8,59.55,82.79681852519899
4,45,17,2,80.1,70.8674819645795
19,22,5,9,44.7,74.2570925196623
15,16,5,7,100.25,96.7655196310839
17,19,107,8,59.95,62.566575068397924
4,45,17,2,81.6,55.813976744181204
19,13,5,9,77.9,101.65105430887209
17,19,107,8,60.05,70.63581542710915
4,45,17,2,71.3,53.49382650067399
15,7,5,7,99.75,89.06229339772896
19,13,5,9,40.15,50.10649185799969
4,32,17,2,69.7,58.497053457057945
17,19,107,8,57.1,60.201328888987156
19,13,5,9,26.05,32.830465633070304
15,7,5,7,84.25,99.51137200287582
4,32,17,2,77.05,49.58721715586748
17,2,107,8,72.25,65.89135795103618
4,32,17,2,65.65,53.37481665197156
15,2,5,7,75.85,98.75822417452262
19,13,5,9,77.4,115.14494298377521
17,2,107,8,60.15,82.71783044594562
4,32,17,2,75.2,58.249553872246864
15,2,5,7,64.9,76.19980660287656
4,32,17,2,54.0,42.66022429432486
17,17,107,8,37.8,45.58808708654626
15,0,5,7,54.2,55.480295221769836
4,32,17,2,46.2,26.82614592637485
19,7,5,9,101.45,102.59807887808466
17,17,107,8,48.55,67.1498520592484
4,32,17,2,59.45,44.91450943620265
19,7,5,9,49.0,47.76587639066639
15,0,5,7,67.45,81.20181162096272
4,32,17,2,46.4,28.505585786870466
17,15,107,8,59.5,93.06279713465696
15,14,5,7,72.85,63.21498406648788
4,32,17,2,77.25,60.70192488060429
19,22,5,9,81.1,70.78648399086845
4,32,17,2,54.65,36.65382151398334
17,15,107,8,55.7,73.44751079584157
15,14,5,7,65.55,75.73115537701008
19,22,5,9,60.85,84.33159799892701
4,25,17,2,85.2,78.95208406968982
17,19,107,8,49.35,59.932659578985195
15,19,5,7,93.8,65.5106258958282
19,22,5,9,61.75,75.95973656449428
4,25,17,2,70.2,50.36874553049529
17,19,107,8,63.85,62.64963140984529
19,22,5,9,51.2,49.57885797287728
4,25,17,2,70.15,69.58090709080291
15,19,5,7,84.35,111.53299016316579
17,12,107,8,41.95,56.060564054469374
4,25,17,2,89.45,57.74032158589095
15,23,5,7,66.9,70.00142855685162
17,12,107,8,47.55,72.83396763945558
19,6,5,9,74.0,108.76773902509687
15,23,5,7,57.55,54.947319267975594
4,25,17,2,73.9,58.571503759350236
17,2,107,8,61.8,49.49917596336965
15,22,5,7,48.4,39.87269214572009
4,25,17,2,60.9,50.89400750579581
19,6,5,9,76.2,101.77612169545674
4,25,17,2,73.3,51.004746941106525
15,22,5,7,84.3,97.76938494016902
17,2,107,8,81.0,117.62563272384219
19,2,5,9,73.8,87.47787690249702
4,25,17,2,58.45,46.258398952884335
15,18,5,7,51.75,53.21443709924473
17,18,107,8,42.85,44.07084607406818
4,25,17,2,57.85,47.81133426511465
19,2,5,9,71.0,105.47436705315258
4,25,17,2,60.55,33.694408406955844
15,18,5,7,80.2,101.7725017146732
17,18,107,8,71.9,60.291310362797375
4,27,17,2,70.25,46.67905537311478
17,19,107,8,49.85,65.11954593789713
4,27,17,2,62.85,44.84038945321271
15,22,5,7,83.7,95.26809815628624
4,27,17,2,70.0,54.094459294051454
19,4,5,9,135.15,126.54197348165383
17,19,107,8,51.6,59.402640380798964
15,22,5,7,57.25,55.131302599483256
4,27,17,2,61.9,46.70500931095981
15,5,5,7,53.85,47.995915396383914
19,4,5,9,48.75,68.23556334685864
4,27,17,2,53.45,50.30588016273414
17,0,107,8,83.0,92.37053528844403
4,27,17,2,64.25,48.38755277091305
15,5,5,7,80.25,86.70936026689816
19,22,5,9,75.2,107.13916184103739
17,0,107,8,49.0,40.339349993458455
4,27,17,2,71.2,56.752092472436644
15,3,5,7,76.5,87.50729292915804
19,22,5,9,64.7,71.37307468137887
4,27,17,2,62.65,46.25362005747282
17,21,107,8,75.35,92.08478644562761
15,3,5,7,61.35,70.03628758684577
4,27,17,2,72.75,56.932901411731116
19,10,5,9,55.4,50.704925536718925
17,21,107,8,43.6,45.985581264245496
15,17,5,7,53.35,57.66717117718665
19,10,5,9,43.1,53.164986499327576
4,27,17,2,71.85,61.25982198369241
17,18,107,8,63.05,58.62321706412374
15,17,5,7,76.35,75.83796785529695
4,35,17,2,81.9,67.7354762059152
19,12,5,9,72.2,70.47328721243473
17,18,107,8,54.1,60.21531541498654
15,21,5,7,74.25,82.42819841981773
4,35,17,2,85.45,64.42006470690716
19,12,5,9,52.55,51.72037672350282
17,8,107,8,56.75,52.82231884744414
15,21,5,7,51.65,50.02554610554387
4,35,17,2,83.6,62.06821374822009
19,20,5,9,81.75,60.80934398420586
17,8,107,8,58.3,71.40182807625851
15,12,5,7,77.55,73.63457068524266
17,15,107,8,43.25,39.37120909069415
4,35,17,2,102.0,75.38323141751995
15,12,5,7,71.45,89.96810838467034
19,20,5,9,82.6,114.46966962107427
17,15,107,8,59.7,44.10287017751493
4,35,17,2,98.85,99.21601897401766
19,23,5,9,52.9,55.17236150179009
15,11,5,7,93.75,85.33517507606788
17,15,107,8,52.7,55.46748692038569
4,35,17,2,96.9,58.010797543034585
15,11,5,7,63.9,48.8993595911138
19,23,5,9,70.55,113.44345913737219
17,15,107,8,55.25,68.32651870170714
4,35,17,2,58.55,38.64341027775288
15,0,5,7,71.25,84.9482040329344
19,16,5,9,68.0,92.89609362360892
18,46,107,9,63.1,69.69323760897504
4,35,17,2,87.65,50.565512482635626
15,0,5,7,62.1,68.73358177163398
19,16,5,9,49.5,43.41416213269825
18,46,107,9,53.0,54.130446729709284
4,35,17,2,79.9,57.93090257957501
15,12,5,7,75.2,76.94673482351281
4,35,17,2,84.9,51.619967576816435
15,12,5,7,36.1,50.38473035187922
19,12,5,9,78.7,96.04006839253138
18,29,107,9,87.7,84.11276891612141
4,41,17,2,64.3,67.64621590536893
15,15,5,7,53.3,63.75619680924316
4,41,17,2,50.9,46.540192024573884
18,29,107,9,47.5,38.859395666671745
15,15,5,7,56.0,49.744610922083545
19,12,5,9,79.95,106.73206739554104
4,41,17,2,99.7,72.32317820217222
18,26,107,9,67.45,73.84227501199682
19,4,5,9,66.65,77.88539150910339
16,32,5,8,79.6,92.30692509802627
4,41,17,2,74.7,52.2303601970711
18,26,107,9,49.65,62.97056538783146
19,4,5,9,47.3,42.24128686237522
16,32,5,8,49.0,62.633436504961566
4,41,17,2,80.5,71.30180480479476
16,25,5,8,83.75,80.7099256923407
4,41,17,2,73.4,50.504194718959006
18,45,107,9,90.7,103.69799267204031
4,41,17,2,67.25,60.91052540623137
16,25,5,8,83.05,98.28555336365564
18,45,107,9,56.1,62.76598139958167
4,41,17,2,61.1,51.29676300447078
18,41,107,9,50.4,55.29956695366753
4,41,17,2,65.75,56.81352229698027
16,24,5,8,75.1,106.83381093031709
18,41,107,9,39.1,50.75109539911948
4,41,17,2,72.05,67.36583157029901
16,24,5,8,65.7,40.35513402412713
16,37,5,8,45.15,45.84559325663299
4,27,17,2,75.75,61.54918871584699
18,44,107,9,65.7,67.16836661468113
16,37,5,8,76.75,82.38540685799819
18,44,107,9,73.55,61.30293630814108
4,27,17,2,102.05,113.78903610120838
16,43,5,8,48.7,38.7435563403095
4,27,17,2,63.65,46.78199721215304
18,38,107,9,58.8,77.07248809434293
16,43,5,8,90.25,83.42842819794069
4,27,17,2,71.1,61.70720336693619
18,38,107,9,37.95,46.31979797247097
16,38,5,8,65.0,74.11087000320249
4,27,17,2,94.65,74.50699366679049
18,47,107,9,63.95,75.8984605627115
4,27,17,2,82.25,69.0528973438403
18,47,107,9,62.9,63.39010382668493
16,38,5,8,126.85,102.10998971697136
4,27,17,2,86.85,74.53383195075347
18,42,107,9,43.15,41.98655799933568
4,27,17,2,55.2,36.89472933403332
16,26,5,8,74.35,93.73662711639402
18,42,107,9,65.65,78.03796309624263
4,27,17,2,67.75,58.85922098309527
16,26,5,8,80.55,65.92856979936296
18,35,107,9,35.3,36.386955441693516
4,27,17,2,76.2,91.799323469586
18,35,107,9,40.55,38.52063698440371
16,31,5,8,80.85,91.1062277610159
4,32,17,2,70.55,58.36858834392997
4,32,17,2,55.35,42.94583491844238
18,27,107,9,66.8,64.0046050974788
4,32,17,2,62.5,53.6484659122406
16,31,5,8,88.85,98.0516915230243
18,27,107,9,32.45,28.055349428922593
4,32,17,2,61.3,51.285680775744595
16,42,5,8,43.4,56.15336143099538
18,36,107,9,47.75,54.641294390154954
4,32,17,2,71.55,61.64283797558489
18,36,107,9,58.3,57.82377948287547
16,42,5,8,94.65,113.24741196066898
4,32,17,2,82.8,53.46971597377145
4,32,17,2,43.7,38.62518949025227
18,46,107,9,67.4,62.23334695871828
16,45,5,8,67.1,57.49224203957297
4,32,17,2,74.9,47.36409921804532
18,46,107,9,49.8,45.991532401427754
16,45,5,8,77.35,82.68473734295637
4,32,17,2,71.45,45.116778300434156
4,32,17,2,71.25,55.30097077286304
16,33,5,8,65.1,74.92585809002334
18,27,107,9,73.4,74.02517352758771
4,45,17,2,81.1,58.36265929513493
16,33,5,8,64.7,62.40285081207175
18,27,107,9,59.95,61.87123725932754
4,45,17,2,56.9,34.43208418107494
16,36,5,8,54.9,65.88019429236681
4,45,17,2,71.05,56.993513019604165
18,25,107,9,78.15,102.69232277972262
16,36,5,8,56.25,92.37160363388057
18,25,107,9,32.4,25.396642960915337
4,45,17,2,93.0,62.310766155997214
16,42,5,8,51.65,66.63196245836252
4,45,17,2,65.5,56.095313623566774
18,31,107,9,61.3,67.15426074972537
16,42,5,8,94.7,70.94185907079863
4,45,17,2,94.9,82.09295116865361
18,31,107,9,85.6,75.60172651885391
16,41,5,8,63.3,71.14854734619453
4,45,17,2,60.95,60.95854933347828
16,41,5,8,56.35,47.082542300450214
18,47,107,9,61.1,73.5433277234011
4,45,17,2,88.45,44.24034238946215
16,35,5,8,54.35,44.69813960569865
4,45,17,2,86.15,77.08319155985066
18,47,107,9,68.45,68.85719394438563
16,35,5,8,80.75,74.80210734436494
4,45,17,2,76.8,59.88111028046368
18,27,107,9,47.0,49.513421891123826
4,26,17,2,68.25,51.35928655841584
16,25,5,8,73.9,74.56533694475074
18,27,107,9,39.45,36.075177353030874
16,25,5,8,37.35,43.582076228893136
4,26,17,2,79.15,58.46931268892931
18,44,107,9,69.45,66.02110906448983
16,45,5,8,69.3,95.37135176163808
4,26,17,2,76.5,61.843180281809744
18,44,107,9,63.1,60.58738795283527
4,26,17,2,62.15,63.817399871162024
4,26,17,2,53.7,42.93091144961561
4,26,17,2,45.15,35.188627050287295
18,28,107,9,72.4,68.32384187398316
16,45,5,8,121.55,110.52147921748538
4,26,17,2,82.25,70.0998348222395
18,28,107,9,78.5,77.63375554486592
16,35,5,8,97.7,110.04692778896407
4,26,17,2,78.6,72.83608128422414
19,20,107,9,69.8,70.66570671310915
4,26,17,2,69.95,42.40466086596961
16,35,5,8,86.6,80.57124993314595
4,26,17,2,76.8,52.712327530514244
16,47,5,8,74.35,71.8274797142797
19,20,107,9,79.4,110.26351212102378
16,47,5,8,62.3,75.83992838104545
4,31,17,2,115.25,92.06969614030679
19,8,107,9,43.5,43.98743839827576
4,31,17,2,57.95,50.60837771295225
16,28,5,8,52.1,46.98364777126971
4,31,17,2,53.2,41.77584293143083
19,8,107,9,63.1,103.06201505583142
16,28,5,8,83.7,86.17796763247064
19,14,107,9,50.35,45.430426854813135
4,31,17,2,93.6,61.750261026509875
17,6,5,8,53.45,60.02321919145343
4,31,17,2,64.25,36.18501434513872
19,14,107,9,60.85,70.32651293113167
4,31,17,2,72.55,44.97189180623358
17,6,5,8,85.55,97.2362694947886
19,20,107,9,38.85,47.19419567344228
4,31,17,2,61.9,48.18702598920388
17,20,5,8,49.75,59.00479463123047
19,20,107,9,46.35,54.33160851852747
4,31,17,2,60.35,50.04553190003973
4,31,17,2,58.3,44.88241948633527
17,20,5,8,68.4,83.97267726061727
19,17,107,9,52.7,57.64418992039828
4,31,17,2,75.95,55.990107208891445
17,18,5,8,68.85,76.88218943703137
4,25,17,2,55.65,37.44227135485408
19,17,107,9,84.35,104.03454638775172
4,25,17,2,61.4,45.605170528651335
4,25,17,2,62.0,52.37717461884166
19,10,107,9,47.9,70.69646012131166
17,18,5,8,111.1,124.53530465399422
4,25,17,2,67.15,50.487387690288294
17,14,5,8,32.6,35.680453147936696
19,10,107,9,42.9,44.32048356186894
4,25,17,2,60.1,35.96474882290626
17,14,5,8,38.8,46.03271148124765
19,6,107,9,47.7,43.47546192363785
4,25,17,2,56.3,46.3261890238522
17,4,5,8,61.9,98.13465507309735
19,6,107,9,64.4,64.28259975746896
4,25,17,2,88.9,76.4198238265714
19,15,107,9,38.9,35.988155946381205
4,25,17,2,67.2,55.078508560627874
17,4,5,8,90.4,95.65530221637096
19,15,107,9,39.25,40.623916989612745
4,25,17,2,58.95,58.67526601648486
17,15,5,8,62.55,94.50618191976984
4,25,17,2,69.6,53.44589000002467
19,6,107,9,54.0,63.89547385337531
4,46,17,2,70.9,46.21676615346654
19,6,107,9,59.2,67.65282893684413
4,46,17,2,51.75,44.060813237591226
17,15,5,8,120.0,136.59197787956887
4,46,17,2,60.95,45.14709875856686
19,3,107,9,60.75,68.46272516371303
17,7,5,8,55.65,67.61833681542463
4,46,17,2,79.1,63.560083468528546
19,3,107,9,41.6,71.61549376614268
4,46,17,2,81.85,51.77611215100729
17,7,5,8,102.7,120.31804344713792
19,22,107,9,74.7,79.66185113538216
4,46,17,2,72.7,62.06202330606137
17,4,5,8,53.85,61.88892852267044
4,46,17,2,64.45,51.5144077955509
19,22,107,9,72.55,94.78200750864279
4,46,17,2,66.05,58.815031197278486
17,4,5,8,80.8,93.16968108609267
4,46,17,2,57.25,47.734876359456834
19,17,107,9,53.55,41.16651040527201
17,9,5,8,45.75,54.781743981770155
4,46,17,2,79.5,71.39032810800369
17,9,5,8,45.95,44.98476350241736
19,17,107,9,73.55,87.67312196899043
4,36,17,2,59.95,39.88202998581533
17,0,5,8,57.75,64.18876356825275
4,36,17,2,56.15,40.65033825197523
19,7,107,9,49.6,51.47037983151086
4,36,17,2,54.7,71.9993421022574
17,0,5,8,80.15,92.25038867412057
19,7,107,9,67.95,82.19007175283912
4,36,17,2,79.05,48.87521705430333
4,36,17,2,82.65,74.8720136035664
19,8,107,9,62.95,74.5000706463812
17,16,5,8,117.15,121.2224032620686
4,36,17,2,63.25,46.978018375899126
19,8,107,9,39.25,38.27170866593921
17,16,5,8,55.55,61.91460587819833
19,9,107,9,20.2,17.89619189130823
4,36,17,2,75.8,50.79639440167506
17,19,5,8,70.35,61.0092960992529
19,9,107,9,49.2,69.55694372995863
4,36,17,2,74.35,60.66844753507205
17,19,5,8,94.8,90.4890804694717
4,36,17,2,83.55,74.86371828722825
19,17,107,9,67.85,71.34886492661107
17,5,5,8,60.05,78.96066642389276
4,36,17,2,71.55,52.918482494055745
19,17,107,9,42.5,78.46856561371365
4,32,17,2,75.1,58.94859491205251
17,5,5,8,54.2,103.32198013466142
19,13,107,9,41.85,39.6156202579368
4,32,17,2,56.65,43.544623210292166
17,23,5,8,61.8,63.935493807595265
17,23,5,8,26.95,26.998001875382517
4,32,17,2,83.9,72.62876043348987
19,13,107,9,89.9,121.52318383965388
17,18,5,8,53.2,55.006793838770975
4,32,17,2,100.7,62.48376631279183
17,18,5,8,96.6,89.3139937170218
4,32,17,2,85.05,71.18654145419994
19,15,107,9,93.85,113.10417880501981
17,15,5,8,54.2,62.35939974728834
4,32,17,2,69.85,55.682629815391216
19,15,107,9,64.35,72.67539582207128
4,32,17,2,80.95,60.46963135152615
17,15,5,8,92.6,103.11332549548018
19,14,107,9,56.05,65.1197075837221
4,32,17,2,75.5,49.47673562818239
17,17,5,8,61.7,74.41851778605702
4,32,17,2,56.1,62.867362463824534
19,14,107,9,57.5,74.22831067229778
4,32,17,2,84.65,63.90393695144875
17,17,5,8,96.3,111.71208293503531
19,3,107,9,54.05,87.15290555895666
4,25,17,2,56.0,55.306799810359294
17,16,5,8,70.45,104.04628271768493
19,3,107,9,63.8,74.82864635812594
4,25,17,2,84.8,70.80559002612273
17,16,5,8,48.4,64.67684853826835
4,25,17,2,62.75,35.18204536108544
17,1,5,8,71.1,98.19524053210468
4,25,17,2,65.75,54.57382734955418
17,1,5,8,76.85,81.71276715293317
4,25,17,2,92.45,68.30926191343232
4,25,17,2,79.1,47.81532456397107
17,11,5,8,67.05,78.97266349153591
4,25,17,2,69.9,51.2669997479655
17,11,5,8,65.15,82.83990584253462
4,25,17,2,59.5,42.10825647254817
4,25,17,2,53.3,44.32547087647296
18,31,5,9,81.1,79.33931128885274
4,25,17,2,82.9,65.69458841768035
18,31,5,9,75.25,82.1320342657576
4,43,17,2,58.15,58.155214274976416
18,40,5,9,62.35,61.40570434671187
4,43,17,2,71.05,54.54353644952858
18,40,5,9,75.55,78.4578163561058
4,43,17,2,71.7,54.69061306928948
4,43,17,2,74.6,59.45400699169418
18,30,5,9,115.25,84.73169729396308
4,43,17,2,88.8,64.5963987915898
18,30,5,9,73.9,74.39008139884184
4,43,17,2,76.5,66.33051215018065
4,43,17,2,76.15,57.6297392160095
18,30,5,9,89.5,108.92561440581463
4,43,17,2,65.05,58.40464563353627
4,43,17,2,70.95,43.988604983802944
18,30,5,9,84.7,93.88856776996194
18,45,5,9,60.35,59.249938929571016
4,43,17,2,81.6,66.00111641798988
18,45,5,9,52.75,53.206524134981
4,43,17,2,80.5,83.42251368469836
18,34,5,9,66.65,75.83033346678762
4,43,17,2,64.4,53.29698322656388
18,34,5,9,46.95,51.14321995502846
4,43,17,2,65.7,74.5005121847459
18,32,5,9,57.25,68.57026745570829
4,43,17,2,59.55,59.32557361046353
4,43,17,2,84.05,65.38587888752996
18,32,5,9,107.55,82.2521636253578
4,43,17,2,74.0,63.92347398503769
18,43,5,9,51.5,71.63393785512268
4,43,17,2,55.4,39.54531045455793
4,43,17,2,69.25,51.533203399668245
18,43,5,9,94.5,114.07776664234474
4,43,17,2,60.95,46.34478906721025
18,41,5,9,36.4,32.200686491537965
4,43,17,2,58.15,47.37118266803586
4,35,17,2,62.15,46.20466483626495
18,41,5,9,73.5,97.94063723017445
4,35,17,2,73.6,61.56588255468155
18,41,5,9,57.4,74.4470140081981
4,35,17,2,66.05,61.262571212600506
18,41,5,9,55.4,68.25910388481448
18,26,5,9,50.8,54.56295253625562
4,35,17,2,90.85,90.17776304260614
4,35,17,2,50.05,39.85694814946916
18,26,5,9,73.6,87.59920691782305
4,35,17,2,54.9,43.88489729424368
4,35,17,2,67.65,76.02027084237051
18,37,5,9,80.35,101.25230341759351
4,35,17,2,64.95,59.12473433789208
18,37,5,9,51.8,54.28928361831157
4,35,17,2,64.85,61.19191123016178
18,39,5,9,75.35,63.27323787810252
4,35,17,2,73.3,76.9443407857093
18,39,5,9,78.45,69.89802722914516
4,42,17,2,55.1,49.921939064904116
4,42,17,2,77.9,48.65550220413763
18,40,5,9,74.95,76.57296142276745
4,42,17,2,47.6,32.82393221897385
18,40,5,9,58.1,54.663468027944454
4,42,17,2,71.55,53.05853272318074
18,26,5,9,49.6,74.41519369477969
4,42,17,2,67.95,67.23914508364118
4,42,17,2,38.8,22.809508635885305
18,26,5,9,56.5,81.81397384181675
18,32,5,9,62.65,61.912735701996425
4,42,17,2,88.3,52.170873099843746
18,32,5,9,41.5,33.37269605688554
4,42,17,2,65.75,37.257108117286265
4,42,17,2,38.55,29.84781575363862
18,38,5,9,33.3,43.81432113866544
4,42,17,2,63.95,42.9607838309361
18,38,5,9,67.85,87.04159622665597
5,2,17,2,71.8,61.230883160637
5,2,17,2,67.1,59.683286913859774
18,33,5,9,110.6,89.96513944739637
5,2,17,2,100.0,74.64865070871394
18,33,5,9,69.2,84.43284469421775
5,2,17,2,78.9,63.473906781489845
18,43,5,9,67.1,59.11442962148654
5,2,17,2,51.2,38.10456527421409
18,43,5,9,86.6,74.51414560160266
5,2,17,2,87.35,74.26926473454901
18,47,5,9,44.35,43.54704050612516
5,2,17,2,45.4,31.69990868324885
18,47,5,9,67.15,57.48526126893653
19,19,5,9,83.5,62.18266808787088
5,2,17,2,126.8,115.8995027463108
5,2,17,2,58.9,56.515391475988295
19,19,5,9,63.9,69.57230241380469
19,11,5,9,69.95,61.068964466843795
5,2,17,2,99.6,62.07245342085498
19,11,5,9,68.55,70.41715924254169
5,15,17,2,87.1,58.917337275024124
19,12,5,9,74.8,74.40543273883053
5,15,17,2,75.75,72.77497762569944
5,15,17,2,56.15,34.481535867612884
19,12,5,9,58.8,59.726217464624185
5,15,17,2,81.5,77.63985682895772
19,21,5,9,83.05,91.31638176662153
5,15,17,2,61.4,55.30432551846764
5,15,17,2,88.0,80.03486082557038
19,21,5,9,92.3,115.99142436540639
5,15,17,2,68.5,48.457794984262776
19,10,5,9,74.8,76.35416095234656
5,15,17,2,65.25,45.33254320776864
5,15,17,2,42.75,23.242146381542575
19,10,5,9,78.4,100.85080173467297
5,15,17,2,84.85,70.43569295538494
19,10,5,9,37.7,29.940467246644108
5,8,17,2,68.15,51.062680779812695
19,10,5,9,71.35,61.878722641869984
5,8,17,2,69.5,56.77239877931788
5,8,17,2,53.85,44.01946339853244
19,13,5,9,84.95,88.32921374041545
5,8,17,2,53.45,35.403649826714634
19,13,5,9,72.5,110.30317073268661
5,8,17,2,84.9,84.2251993795581
19,16,5,9,62.9,92.21422427095906
5,8,17,2,69.25,64.61454537241758
19,16,5,9,47.35,54.096672725778625
5,8,17,2,57.35,38.28050898853165
5,8,17,2,88.2,67.7810717251544
19,22,5,9,73.35,104.96178502573912
5,8,17,2,67.15,59.69684378503387
19,22,5,9,53.55,63.269245043868295
19,18,5,9,43.9,40.024860695375445
5,8,17,2,81.45,74.95856750302305
5,4,17,2,71.75,68.45657478707905
19,18,5,9,83.5,107.45892728215547
5,4,17,2,48.3,47.73953453789362
19,12,5,9,37.9,48.969270708110514
19,12,5,9,43.2,54.10768989028415
5,4,17,2,80.8,63.9708815337926
19,19,5,9,48.75,59.60914359391518
5,4,17,2,95.5,88.99586034133686
19,19,5,9,69.95,90.15161206486958
5,4,17,2,100.5,71.17398992683536
19,9,5,9,77.05,102.871138093401
5,4,17,2,107.25,81.09440567375131
19,9,5,9,59.4,103.28723363310176
5,4,17,2,71.65,70.3968263339672
19,13,5,9,63.95,78.89865251334177
5,4,17,2,74.35,66.43498998823468
19,13,5,9,63.55,84.20868501276426
19,14,5,9,71.8,115.59393537178687
5,4,17,2,103.35,123.14615834767024
5,4,17,2,77.35,44.48686973644435
19,14,5,9,86.0,84.69511885518986
5,23,17,2,85.4,85.1020440103341
19,14,5,9,75.35,116.64578635203334
5,23,17,2,92.25,86.80824299933491
19,14,5,9,72.95,91.6178993084005
5,23,17,2,67.95,56.845566415091966
19,21,5,9,60.8,57.33979971694135
5,23,17,2,50.15,49.416889292714714
5,23,17,2,46.25,54.81728021825158
19,21,5,9,61.85,62.39034591311298
5,23,17,2,83.45,77.96657515952117
19,13,5,9,70.35,89.21840440296232
5,23,17,2,69.9,66.57951320749777
19,13,5,9,68.6,61.77667759548778
5,23,17,2,74.2,53.83952764319265
19,5,5,9,59.95,54.33470830248185
5,23,17,2,93.6,82.57462334793075
19,5,5,9,64.0,67.58230849159143
5,23,17,2,54.35,39.95955191782916
19,2,5,9,55.9,77.24799435311539
5,3,17,2,88.55,71.01925239346241
19,2,5,9,79.65,73.56863962886705
5,3,17,2,84.9,63.40089655683527
5,3,17,2,42.5,50.463639854537064
5,3,17,2,71.5,71.73232406516237
5,3,17,2,83.45,55.68470923067896
5,3,17,2,76.1,71.18981299093439
5,3,17,2,66.55,63.285880191231804
5,3,17,2,72.8,52.21977846714686
5,3,17,2,60.05,43.71615984483252
5,3,17,2,64.75,39.30297296910917
5,10,17,2,66.3,60.021136627901875
5,10,17,2,66.05,77.33350536883466
5,10,17,2,46.45,44.196302536464934
5,10,17,2,64.35,53.5008853837215
5,10,17,2,58.15,53.02955978061967
5,10,17,2,54.4,53.53542850545943
5,10,17,2,57.1,44.96068457991645
5,10,17,2,63.65,61.74248302851381
5,10,17,2,77.85,57.51180656818947
5,10,17,2,64.45,44.2332037703519
5,19,17,2,63.65,53.964193781861646
5,19,17,2,76.15,64.02982446526488
5,19,17,2,77.1,75.38455796081428
5,19,17,2,109.5,82.18432428325207
5,19,17,2,69.55,66.69449200014867
5,19,17,2,64.75,48.30699524368788
5,19,17,2,64.4,48.28577212257958
5,19,17,2,56.3,46.65224087809039
5,19,17,2,72.75,64.67642131166667
5,19,17,2,59.65,78.0420096048141
5,14,17,2,56.6,48.55534010416958
5,14,17,2,45.6,32.342574190425196
5,14,17,2,75.35,61.378270627830155
5,14,17,2,77.35,84.11663268781533
5,14,17,2,65.55,53.96243820327345
5,14,17,2,69.5,78.99400376977323
5,14,17,2,67.4,42.786372646095224
5,14,17,2,74.8,50.4418372719355
5,14,17,2,72.75,82.84854602796219
5,14,17,2,72.25,70.40774105167698
5,15,17,2,54.4,46.353788240126896
5,15,17,2,60.65,43.47204183210896
5,15,17,2,71.85,58.65804113225811
5,15,17,2,91.85,67.2828084713285
5,15,17,2,97.8,81.5472739871594
5,15,17,2,63.35,47.493240516276025
5,15,17,2,55.95,43.88198887206938
5,15,17,2,49.9,51.44634404687542
5,15,17,2,66.35,47.050113261231765
5,15,17,2,78.55,55.28916806448762
5,5,17,2,72.6,57.72657875482352
5,5,17,2,53.15,37.474587880884094
5,5,17,2,62.75,41.57918887338257
5,5,17,2,101.05,122.89296798005721
5,5,17,2,72.6,77.0757658684656
5,5,17,2,57.9,56.16320203797051
5,5,17,2,77.8,59.66538271675496
5,5,17,2,75.05,61.769925402339005
5,5,17,2,66.45,54.535816333469285
5,5,17,2,90.55,67.91517542222489
5,1,17,2,81.6,59.27225320501997
5,1,17,2,42.5,43.755901857559984
5,1,17,2,66.9,62.462536140094656
5,1,17,2,50.95,38.01589002952374
5,1,17,2,48.15,52.636064282561016
5,1,17,2,60.35,51.73746987893479
5,1,17,2,90.8,100.96096171032487
5,1,17,2,74.6,63.56877750660469
5,1,17,2,92.55,92.35883965900555
5,1,17,2,96.4,64.28014345118764
5,4,17,2,46.75,36.256215438111255
5,4,17,2,58.4,63.06754941706299
5,4,17,2,92.3,81.10298845814565
5,4,17,2,101.75,73.95153106845335
5,4,17,2,87.5,83.49944846965663
5,4,17,2,59.3,61.68775362556511
5,4,17,2,42.8,32.75523260729337
5,4,17,2,59.55,55.443166728119934
5,4,17,2,60.85,50.41644990529015
5,4,17,2,50.15,36.03401171115978
5,23,17,2,48.0,33.74673473483261
5,23,17,2,81.3,62.10949584149119
5,23,17,2,90.6,87.35914979343364
5,23,17,2,75.45,70.20082095786269
5,23,17,2,68.25,61.83839294568758
5,23,17,2,89.65,68.15406309083468
5,23,17,2,84.45,59.10603762908258
5,23,17,2,62.65,49.366806448740114
5,23,17,2,76.1,58.80646222992844
5,23,17,2,89.1,60.175095390561346
5,5,17,2,77.95,66.95283100024501
5,5,17,2,69.8,69.33108970728789
5,5,17,2,65.4,42.38594603229508
5,5,17,2,85.15,84.71268779636384
5,5,17,2,57.2,48.48939113488206
5,5,17,2,75.5,65.5314307874674
5,5,17,2,46.1,47.87142868361593
5,5,17,2,50.45,51.09585934403357
5,5,17,2,57.2,48.521942947170004
5,5,17,2,62.8,58.75067748769505
5,3,17,2,40.7,23.85063168092089
5,3,17,2,78.05,76.05363412196616
5,3,17,2,63.05,55.88755157503889
5,3,17,2,68.75,61.89624170207837
5,3,17,2,83.0,79.3592763124898
5,3,17,2,97.85,66.17701540883401
5,3,17,2,60.65,62.850930571346446
5,3,17,2,65.3,50.40164993122223
5,3,17,2,90.35,79.37670014756087
5,3,17,2,71.2,68.33092849854803
5,18,17,2,66.35,72.76369467775737
5,18,17,2,64.55,90.30618968119983
5,18,17,2,68.75,55.61131558462389
5,18,17,2,84.1,78.86757722183498
5,18,17,2,49.7,41.095652222333044
5,18,17,2,55.45,55.18912459610327
5,18,17,2,69.7,57.70533132352586
5,18,17,2,57.45,54.09686730885236
5,18,17,2,80.25,70.66516673350233
5,18,17,2,53.75,53.84175155514832
5,9,17,2,73.65,65.54570522684313
5,9,17,2,64.5,57.95324794494629
5,9,17,2,64.15,50.91300630022073
5,9,17,2,85.35,68.36456068676765
5,9,17,2,66.9,72.2269085299203
5,9,17,2,68.3,71.97155871007585
5,9,17,2,66.85,54.917426052306254
5,9,17,2,60.3,52.73478827810767
5,9,17,2,77.95,78.11629319903687
5,9,17,2,83.2,69.40847817165611
5,1,17,2,89.3,88.59078008342331
5,1,17,2,66.85,75.32824660671524
5,1,17,2,78.95,74.39402565147002
5,1,17,2,69.35,63.74478306827197
5,1,17,2,108.85,70.33324810837108
5,1,17,2,68.8,72.05451152827939
5,1,17,2,79.0,73.45317162010524
5,1,17,2,74.1,71.04624142804904
5,1,17,2,74.3,74.72623720164016
5,1,17,2,63.95,53.526653468892924
5,20,17,2,57.05,49.493726343531876
5,20,17,2,72.45,43.40806982941985
5,20,17,2,52.2,46.88575139859152
5,20,17,2,83.55,81.16161589530388
5,20,17,2,65.6,67.09961173313033
5,20,17,2,62.6,50.575009431016106
5,20,17,2,85.4,56.284428060568075
5,20,17,2,65.25,53.34187157531965
5,20,17,2,55.7,58.25000564716485
5,20,17,2,48.4,37.10213499318646
6,33,17,3,54.9,58.727649724003626
6,33,17,3,72.3,37.75000871383657
6,33,17,3,69.5,57.744901802761134
6,33,17,3,64.7,57.78827052721267
6,33,17,3,51.8,59.79139174091693
6,33,17,3,55.9,38.89107596189239
6,33,17,3,80.3,63.93755176979948
6,33,17,3,64.65,64.57005579417721
6,33,17,3,62.5,43.98743839827576
6,33,17,3,53.45,49.47245379209047
6,38,17,3,58.05,54.17464448672605
6,38,17,3,61.85,49.17345775282048
6,38,17,3,56.65,36.00771116244262
6,38,17,3,78.85,91.23207826890253
6,38,17,3,59.2,62.87799380755685
6,38,17,3,55.8,55.004880166265814
6,38,17,3,54.4,37.9603671436962
6,38,17,3,48.95,52.088462203609375
6,38,17,3,68.05,61.905254432202995
6,38,17,3,57.6,38.940440351090565
6,36,17,3,63.45,52.99004375203049
6,36,17,3,53.3,41.43873092956191
6,36,17,3,66.65,56.833343622986156
6,36,17,3,70.95,79.91210632214687
6,36,17,3,65.2,49.35649053462712
6,36,17,3,61.45,42.33509804306338
6,36,17,3,60.0,50.16079408420379
6,36,17,3,73.4,65.14792883568093
6,36,17,3,67.5,51.77837386399846
6,36,17,3,71.95,52.604257382238956
6,39,17,3,41.5,43.80879507947907
6,39,17,3,55.3,53.68141891606541
6,39,17,3,87.65,67.92509419244577
6,39,17,3,90.5,72.53420245867318
6,39,17,3,58.8,48.29906831399545
6,39,17,3,60.1,62.97108776841037
6,39,17,3,51.3,35.50107485400229
6,39,17,3,59.55,46.23222275699744
6,39,17,3,68.6,54.08414496728321
6,39,17,3,41.8,55.67726551059097
6,38,17,3,70.3,61.347242892621644
6,38,17,3,68.9,50.139699577123615
6,38,17,3,62.2,43.38639126924965
6,38,17,3,67.85,54.58289205660651
6,38,17,3,55.95,73.60954958070104
6,38,17,3,47.6,37.3086697981215
6,38,17,3,52.05,36.83601641414497
6,38,17,3,56.3,40.626799555284485
6,38,17,3,94.8,59.973327404772206
6,38,17,3,68.75,75.30979876134104
6,31,17,3,57.3,43.061889366230474
6,31,17,3,62.0,48.91991306959612
6,31,17,3,54.15,55.628726959709354
6,31,17,3,71.65,65.65882712131986
6,31,17,3,70.95,59.38852892959257
6,31,17,3,78.35,76.4896105776189
6,31,17,3,73.8,68.42406471102801
6,31,17,3,84.9,90.56192995897744
6,31,17,3,57.45,47.928098560019535
6,31,17,3,66.1,49.660849771223205
6,33,17,3,57.05,69.49401716013136
6,33,17,3,112.25,93.37579704443871
6,33,17,3,70.2,61.09922904156552
6,33,17,3,55.45,56.875186523696456
6,33,17,3,71.9,70.02097430131391
6,33,17,3,67.3,75.54510677664528
6,33,17,3,54.85,34.221069225659335
6,33,17,3,48.5,44.284368158052054
6,33,17,3,73.8,64.69084373509047
6,33,17,3,84.25,57.679582267266085
6,41,17,3,71.3,50.56533033194728
6,41,17,3,85.25,70.46901147985098
6,41,17,3,64.8,47.93262815770968
6,41,17,3,73.2,69.31210876212491
6,41,17,3,70.0,45.98397890341237
6,41,17,3,75.15,54.70040411666367
6,41,17,3,58.85,44.829824424090006
6,41,17,3,79.1,59.887526159240245
6,41,17,3,41.2,35.195095352081445
6,41,17,3,53.65,41.357586970228326
6,24,17,3,87.85,77.20735920745815
6,24,17,3,31.65,22.366033928352397
6,24,17,3,64.35,48.678618455507156
6,24,17,3,66.65,40.03850120755481
6,24,17,3,63.0,53.33607449096027
6,24,17,3,71.55,62.97491146229751
6,24,17,3,63.65,60.57555091306271
6,24,17,3,67.15,53.48022261103927
6,24,17,3,68.8,62.07516665937736
6,24,17,3,55.75,49.59188706994214
6,33,17,3,82.7,84.59569480149311
6,33,17,3,63.6,48.41965673045129
6,33,17,3,67.15,49.372136825712154
6,33,17,3,54.35,57.18876868020411
6,33,17,3,50.4,34.71902254263201
6,33,17,3,59.75,46.59893267356871
6,33,17,3,58.9,41.710657479455065
6,33,17,3,64.2,51.365153045312944
6,33,17,3,65.4,50.13707526162125
6,33,17,3,48.1,40.4330505768161
6,36,17,3,61.4,58.55397869532549
6,36,17,3,58.5,62.045399337480035
6,36,17,3,64.65,44.21630444697259
6,36,17,3,71.85,66.27873756063538
6,36,17,3,68.25,63.4365617638681
6,36,17,3,73.3,70.14878923815398
6,36,17,3,57.6,40.37899401786449
6,36,17,3,69.6,40.197407614762525
6,36,17,3,80.25,57.94723098602183
6,36,17,3,59.1,53.600765901833505
6,25,17,3,55.65,41.4491127452497
6,25,17,3,64.8,51.099078166574444
6,25,17,3,74.25,53.143178004528984
6,25,17,3,74.1,68.70141345362784
6,25,17,3,61.9,51.08084407661004
6,25,17,3,80.4,58.59261674342686
6,25,17,3,96.55,60.02584969476855
6,25,17,3,46.4,38.048998880252725
6,25,17,3,51.9,45.83942224307531
6,25,17,3,58.15,83.43561968115864
6,39,17,3,70.7,63.316331974750724
6,39,17,3,53.7,52.648886627904055
6,39,17,3,75.3,58.190341032457304
6,39,17,3,58.2,50.8988677363466
6,39,17,3,53.1,46.790574849395064
6,39,17,3,52.4,48.97518168473325
6,39,17,3,55.4,43.1635811401476
6,39,17,3,65.0,76.09204951898721
6,39,17,3,60.25,52.67264844999577
6,39,17,3,48.65,44.12216891171245
6,26,17,3,55.7,54.18982231106929
6,26,17,3,65.3,64.27826021947159
6,26,17,3,70.45,59.0240584311534
6,26,17,3,73.75,61.84945644997937
6,26,17,3,58.3,37.10170942295332
6,26,17,3,77.2,59.53115062500339
6,26,17,3,53.2,46.35287988554984
6,26,17,3,49.15,32.81090159014066
6,26,17,3,55.2,40.33099891751022
6,26,17,3,55.75,42.22979118060963
6,47,17,3,49.8,38.26857993872147
6,47,17,3,85.1,65.4875641067186
6,47,17,3,68.7,60.79915165613138
6,47,17,3,74.4,65.80305544017814
6,47,17,3,66.4,63.63332460275827
6,47,17,3,64.5,54.001461968513794
6,47,17,3,77.2,65.27883512892578
6,47,17,3,45.25,42.41880789411573
6,47,17,3,49.2,44.179776273527544
6,47,17,3,77.05,70.12881005692311
6,29,17,3,69.9,61.91666725697149
6,29,17,3,70.05,59.29540232464998
6,29,17,3,76.25,79.84516265873593
6,29,17,3,66.15,80.4057310081027
6,29,17,3,69.7,69.47631175254513
6,29,17,3,64.0,53.83307533477908
6,29,17,3,61.7,44.83666262992234
6,29,17,3,60.45,62.84523597068059
6,29,17,3,64.95,55.516213847848086
6,29,17,3,54.5,35.03006227739104
6,34,17,3,63.05,45.508212098708654
6,34,17,3,37.6,31.46995225189962
6,34,17,3,48.55,40.01378052095237
6,34,17,3,45.6,41.472121263630385
6,34,17,3,63.75,56.313852647461445
6,34,17,3,77.75,70.35763901966192
6,34,17,3,57.55,45.11561172202624
6,34,17,3,67.85,48.27800523503104
6,34,17,3,69.95,67.74835402933573
6,34,17,3,65.6,47.23780822938115
6,32,17,3,48.1,37.85832314800732
6,32,17,3,85.35,66.7613778988074
6,32,17,3,79.35,45.844445223982554
6,32,17,3,73.25,51.750286040399416
6,32,17,3,59.15,46.700924142777666
6,32,17,3,73.35,70.30555492015961
6,32,17,3,70.25,58.353618027009304
6,32,17,3,79.95,68.20130805968924
6,32,17,3,61.9,42.99559340945975
6,32,17,3,91.55,52.07431430682804
6,43,17,3,60.65,56.184166153070116
6,43,17,3,57.55,48.238961104288435
6,43,17,3,52.85,49.91389955133793
6,43,17,3,81.4,77.09420075124771
6,43,17,3,59.25,45.92542582102103
6,43,17,3,64.7,64.88540505748333
6,43,17,3,65.45,49.9014555214364
6,43,17,3,56.1,60.22929869301677
6,43,17,3,74.85,65.60830740081624
6,43,17,3,56.25,45.05070243041372
6,36,17,3,66.3,50.40582673085575
6,36,17,3,35.6,32.06145414832682
6,36,17,3,66.7,46.0435720412284
6,36,17,3,71.45,44.86057347640107
6,36,17,3,90.25,58.04342748050127
6,36,17,3,54.55,44.627670198750245
6,36,17,3,63.35,38.122068480909554
6,36,17,3,50.2,40.31925229047729
6,36,17,3,69.85,49.363607946276424
6,36,17,3,61.95,44.45278393981641
7,5,17,3,69.1,65.71221147429225
7,5,17,3,80.85,62.13336674571799
7,5,17,3,39.65,35.52208356857226
7,5,17,3,84.1,69.7807845666473
7,5,17,3,70.1,63.57747035579589
7,5,17,3,64.85,66.94952930143879
7,5,17,3,76.6,55.61086603401022
7,5,17,3,59.5,54.161065837292924
7,5,17,3,40.5,28.93459048121797
7,5,17,3,64.6,70.86562525022455
7,5,17,3,45.6,64.5114432933373
7,5,17,3,60.8,66.3829401039311
7,5,17,3,92.3,82.33187014823156
7,5,17,3,53.95,48.17454558275836
7,5,17,3,75.55,92.91845604444903
7,5,17,3,69.15,63.15500980253186
7,5,17,3,76.35,58.93285653137279
7,5,17,3,102.45,75.12759322085257
7,5,17,3,56.9,55.824819984625016
7,5,17,3,75.6,68.94498187914616
7,12,17,3,37.2,33.25119705007863
7,12,17,3,56.3,71.70414360778823
7,12,17,3,44.0,42.29470540461487
7,12,17,3,70.6,62.21558444126698
7,12,17,3,57.0,36.32311139003144
7,12,17,3,85.1,85.16108575115625
7,12,17,3,68.2,68.89855242540143
7,12,17,3,42.3,42.88675418133817
7,12,17,3,67.55,53.06150849919861
7,12,17,3,57.8,56.653703367592456
7,6,17,3,92.85,72.14114454901659
7,6,17,3,83.4,72.85342169473977
7,6,17,3,90.2,95.9142160584408
7,6,17,3,61.2,56.99270498101167
7,6,17,3,80.35,85.86971465386875
7,6,17,3,104.5,78.34908389616575
7,6,17,3,62.95,69.68234315354515
7,6,17,3,89.4,88.02834471739322
7,6,17,3,86.4,79.82375322513573
7,6,17,3,51.8,49.965883097211545
7,13,17,3,89.2,86.12390095548085
7,13,17,3,68.55,67.41659564544217
7,13,17,3,43.85,42.8525931168944
7,13,17,3,59.35,60.34311978397503
7,13,17,3,57.4,63.960020407488265
7,13,17,3,54.65,54.497971956472114
7,13,17,3,75.2,77.86871542606352
7,13,17,3,49.6,40.603862922270416
7,13,17,3,38.75,40.3261375341236
7,13,17,3,69.75,73.31609645909963
7,12,17,3,51.75,58.145801314680625
7,12,17,3,85.75,74.09018331167695
7,12,17,3,69.2,65.44310506080834
7,12,17,3,67.45,64.85325540666486
7,12,17,3,44.8,39.68242352531036
7,12,17,3,49.75,53.34088488204897
7,12,17,3,59.45,67.2164414410641
7,12,17,3,81.75,67.48167392551457
7,12,17,3,56.65,55.26326942344635
7,12,17,3,58.45,52.592249779241286
7,11,17,3,53.0,43.133818701680866
7,11,17,3,37.2,43.48938164413785
7,11,17,3,64.35,52.39854859380021
7,11,17,3,80.05,66.68423233497752
7,11,17,3,54.65,54.79365599083626
7,11,17,3,83.65,67.80100527123085
7,11,17,3,48.85,41.90876682559516
7,11,17,3,64.85,57.888527178944265
7,11,17,3,67.55,58.04578501402782
7,11,17,3,86.85,62.61685917252301
7,20,17,3,47.65,39.36104807119797
7,20,17,3,61.75,72.40520117985128
7,20,17,3,67.3,82.02509243806851
7,20,17,3,75.35,56.51387812787787
7,20,17,3,62.9,65.7890568407847
7,20,17,3,68.2,68.48249872470299
7,20,17,3,69.7,85.24892343817851
7,20,17,3,48.5,47.672677819966395
7,20,17,3,90.5,72.35039009824632
7,20,17,3,77.95,92.00256003303157
7,1,17,3,51.05,53.442024662244975
7,1,17,3,56.35,41.04589857066945
7,1,17,3,69.65,54.396473376400735
7,1,17,3,108.65,129.73790380690807
7,1,17,3,62.5,53.570907265634006
7,1,17,3,80.2,80.9727699519055
7,1,17,3,56.95,69.8347485515854
7,1,17,3,67.25,64.21581621868229
7,1,17,3,79.0,78.19072498502756
7,1,17,3,79.25,73.48388652587292
7,8,17,3,68.05,53.982916401005
7,8,17,3,70.8,61.30304362668086
7,8,17,3,89.05,65.72068087548122
7,8,17,3,74.65,80.72844343196125
7,8,17,3,60.8,61.291022782167786
7,8,17,3,54.6,49.585014714231214
7,8,17,3,79.85,73.05100957550141
7,8,17,3,60.0,57.67148342118487
7,8,17,3,63.45,55.81499044069378
7,8,17,3,41.9,40.16531627634653
7,5,17,3,58.05,63.52162913859382
7,5,17,3,88.65,75.74283012793668
7,5,17,3,54.1,48.451712261308494
7,5,17,3,52.3,50.02430987977114
7,5,17,3,76.4,77.56518481082117
7,5,17,3,84.1,87.81134083333069
7,5,17,3,78.3,89.02755339308104
7,5,17,3,89.9,59.046725476301255
7,5,17,3,58.8,49.62978732045589
7,5,17,3,67.95,55.3414996087689
7,3,17,3,46.05,37.85217090346686
7,3,17,3,57.65,63.465096084797906
7,3,17,3,39.35,33.568900080753004
7,3,17,3,61.0,47.933067368659195
7,3,17,3,48.55,56.97226933942697
7,3,17,3,70.75,63.40253606084987
7,3,17,3,58.75,50.38574882057948
7,3,17,3,74.75,62.41362452474451
7,3,17,3,53.1,80.42512045374878
7,3,17,3,71.5,67.76934565514348
7,23,17,3,67.7,60.497150868102004
7,23,17,3,50.45,37.32429010147343
7,23,17,3,48.25,41.271724741739284
7,23,17,3,70.85,68.77903214758038
7,23,17,3,83.9,74.46221224642456
7,23,17,3,77.5,53.948806142587856
7,23,17,3,80.75,68.82156562253464
7,23,17,3,49.4,43.58705747062274
7,23,17,3,80.25,66.58265539913529
7,23,17,3,72.75,67.0120766806449
7,15,17,3,75.2,89.37773183163927
7,15,17,3,77.25,82.38796220194716
7,15,17,3,92.45,84.5921951109215
7,15,17,3,69.4,57.16863328416159
7,15,17,3,77.95,84.52995420497244
7,15,17,3,61.3,61.20380105155148
7,15,17,3,62.8,62.826075712825514
7,15,17,3,63.55,48.51855315237667
7,15,17,3,85.3,83.14673142925353
7,15,17,3,64.35,74.88607136317492
7,11,17,3,87.15,78.67205415688062
7,11,17,3,67.45,58.50908611399375
7,11,17,3,55.35,37.56296468317528
7,11,17,3,53.3,47.538460883351014
7,11,17,3,78.95,57.94505110333773
7,11,17,3,77.75,87.82391174210024
7,11,17,3,50.25,55.808766525095606
7,11,17,3,74.75,67.78982612690335
7,11,17,3,60.05,75.27946179683441
7,11,17,3,77.5,65.77753575899843
7,15,17,3,53.7,52.445560747362244
7,15,17,3,81.15,66.41201143737399
7,15,17,3,80.15,93.7938809585314
7,15,17,3,58.15,34.823275640235074
7,15,17,3,60.5,53.02879059132829
7,15,17,3,68.95,73.69815751463962
7,15,17,3,50.2,45.281110270933304
7,15,17,3,56.7,36.17661355656514
7,15,17,3,61.5,48.947340124496634
7,15,17,3,87.45,80.8412837471965
7,20,17,3,67.5,80.46869283339818
7,20,17,3,94.2,69.45017145975577
7,20,17,3,59.55,46.21855972613052
7,20,17,3,77.25,70.9639456269687
7,20,17,3,60.1,81.6970655918301
7,20,17,3,51.7,64.0411874047517
7,20,17,3,68.15,64.90501156548537
7,20,17,3,62.95,69.60677144918408
7,20,17,3,101.6,89.20077884956174
7,20,17,3,53.55,36.78883554901719
7,9,17,3,79.95,95.30696942539214
7,9,17,3,57.75,47.9065702559076
7,9,17,3,63.3,66.82191572420408
7,9,17,3,83.5,77.59035479938687
7,9,17,3,67.65,71.56173264355306
7,9,17,3,45.55,41.69750087172334
7,9,17,3,56.7,56.45594463128331
7,9,17,3,55.65,47.79592032799453
7,9,17,3,51.0,38.605971722410764
7,9,17,3,66.55,77.14680127761889
7,7,17,3,68.6,58.588125256340405
7,7,17,3,61.85,55.30135146345169
7,7,17,3,61.45,50.93698377200473
7,7,17,3,76.0,83.05356546736633
7,7,17,3,57.1,44.534906474998266
7,7,17,3,60.0,61.65353108084599
7,7,17,3,70.65,71.39532271278811
7,7,17,3,53.35,72.58481427377146
7,7,17,3,91.5,76.42023705523916
7,7,17,3,50.15,36.965524478897905
7,3,17,3,80.85,73.38598389051513
7,3,17,3,76.55,58.157205282886395
7,3,17,3,52.45,66.23123368766035
7,3,17,3,79.2,45.93771526981426
7,3,17,3,37.65,28.466554706218055
7,3,17,3,68.7,70.90475449873806
7,3,17,3,51.3,52.511753070396686
7,3,17,3,43.55,49.32008771922024
7,3,17,3,73.25,84.19705895601167
7,3,17,3,67.9,58.908403475225846
8,27,17,4,40.9,55.2943320593959
8,27,17,4,67.5,63.832428650086776
8,27,17,4,70.15,74.80872099456123
8,27,17,4,57.95,41.83611509588085
8,27,17,4,67.05,64.639465702586
8,27,17,4,62.9,59.9849981245311
8,27,17,4,77.1,56.71897482556572
8,27,17,4,68.7,73.00836289516138
8,27,17,4,64.15,63.185837020648854
8,27,17,4,61.45,38.65021958131946
8,34,17,4,69.45,71.15252334912212
8,34,17,4,42.05,42.024397675635996
8,34,17,4,56.8,51.421478207580066
8,34,17,4,81.35,76.32566995930557
8,34,17,4,57.25,59.16246587508884
8,34,17,4,77.2,54.78628333903718
8,34,17,4,47.95,38.64068622034225
8,34,17,4,80.6,58.906169813571
8,34,17,4,58.0,75.19518461626171
8,34,17,4,69.6,56.52516905628947
8,24,17,4,81.85,72.16302814862294
8,24,17,4,57.35,31.749471607704287
8,24,17,4,47.55,36.19170448713643
8,24,17,4,38.3,46.81778789261507
8,24,17,4,61.3,62.59065005002114
8,24,17,4,51.2,46.039571080356055
8,24,17,4,56.25,53.60957789523495
8,24,17,4,54.5,54.01510509984562
8,24,17,4,64.8,58.871492520395186
8,24,17,4,74.7,52.874329658560264
8,34,17,4,109.75,78.36612788698955
8,34,17,4,65.95,53.71805047996829
8,34,17,4,57.0,54.49480902367046
8,34,17,4,57.05,65.2996937205681
8,34,17,4,80.3,82.25640272631478
8,34,17,4,60.9,81.23124884841845
8,34,17,4,67.4,40.76556854684316
8,34,17,4,63.45,69.9740365383739
8,34,17,4,70.8,74.96357009978422
8,34,17,4,36.6,27.64511948932302
8,45,17,4,53.85,56.16823882437101
8,45,17,4,71.05,56.451632767398884
8,45,17,4,62.4,62.62368813627534
8,45,17,4,49.35,53.56577363637305
8,45,17,4,69.65,47.71215777975254
8,45,17,4,63.7,46.64659969556082
8,45,17,4,53.75,53.62626516726178
8,45,17,4,68.0,42.09888109527003
8,45,17,4,60.2,65.06806153235969
8,45,17,4,58.4,63.57953990661494
8,38,17,4,67.2,56.6369788073221
8,38,17,4,44.95,57.46163479822177
8,38,17,4,42.0,39.00607240174953
8,38,17,4,39.1,36.021777039072234
8,38,17,4,63.8,69.3121087621249
8,38,17,4,74.3,62.90017153352897
8,38,17,4,72.65,61.730547756485926
8,38,17,4,64.8,71.92510724796716
8,38,17,4,59.75,63.49129654403118
8,38,17,4,55.9,45.35578649324751
8,39,17,4,57.25,54.85087438731156
8,39,17,4,50.7,50.351501310393175
8,39,17,4,70.75,57.31893689101177
8,39,17,4,56.55,43.20389236850627
8,39,17,4,49.9,51.785895255063615
8,39,17,4,68.7,64.7953052230435
8,39,17,4,52.65,41.16753319636342
8,39,17,4,70.55,55.561701122076414
8,39,17,4,56.7,55.90414728989725
8,39,17,4,66.35,105.81924757762519
8,26,17,4,66.2,66.80576716358992
8,26,17,4,80.8,57.90882125330621
8,26,17,4,57.6,50.66962133582399
8,26,17,4,75.85,54.9423381948365
8,26,17,4,54.15,42.28882520054329
8,26,17,4,78.5,59.70233178907363
8,26,17,4,61.35,55.02370302639438
8,26,17,4,49.6,47.51442994114081
8,26,17,4,89.9,84.45235343079553
8,26,17,4,64.65,77.1596260665955
8,42,17,4,58.15,72.76875775539362
8,42,17,4,57.75,58.3563237902782
8,42,17,4,62.65,46.67386849190883
8,42,17,4,44.1,46.875984200194054
8,42,17,4,54.45,44.30097420813084
8,42,17,4,69.05,55.169094132207945
8,42,17,4,71.95,79.94173865351796
8,42,17,4,48.15,39.81176102346483
8,42,17,4,40.9,37.061684001845244
8,42,17,4,58.3,53.55970598559291
8,47,17,4,67.0,55.86261342747373
8,47,17,4,55.75,43.090938111955985
8,47,17,4,58.15,46.09175631281585
8,47,17,4,77.8,76.4182397626447
8,47,17,4,68.05,62.7471743964367
8,47,17,4,42.5,54.08618852788283
8,47,17,4,82.8,57.511188842739664
8,47,17,4,92.8,79.53853749829966
8,47,17,4,57.95,54.746761499990505
8,47,17,4,43.75,36.96068323588131
8,32,17,4,64.3,51.15415299290032
8,32,17,4,49.95,40.60136762021175
8,32,17,4,56.85,54.78789243888413
8,32,17,4,56.15,46.12371806805098
8,32,17,4,34.6,32.308382487326234
8,32,17,4,78.55,65.97326013341754
8,32,17,4,57.0,53.05409354710778
8,32,17,4,68.35,45.17017530231763
8,32,17,4,62.5,52.72620441088991
8,32,17,4,63.95,60.36596723320186
8,35,17,4,64.65,46.81798462354533
8,35,17,4,82.8,81.62017294504433
8,35,17,4,61.75,53.976481233179605
8,35,17,4,59.15,57.70822708838152
8,35,17,4,45.2,36.583861843283046
8,35,17,4,40.45,29.93409427392117
8,35,17,4,61.6,57.51009064777928
8,35,17,4,41.75,38.64531700369127
8,35,17,4,51.25,48.58727903690972
8,35,17,4,66.95,43.086785127595434
8,34,17,4,47.15,44.15555636490992
8,34,17,4,58.3,50.0894988469324
8,34,17,4,52.25,52.10503056832724
8,34,17,4,57.25,51.33776182766136
8,34,17,4,64.5,52.83888121848391
8,34,17,4,50.65,57.28991368929016
8,34,17,4,57.85,51.26841132705401
8,34,17,4,87.35,80.72648753335973
8,34,17,4,65.8,56.11698307530159
8,34,17,4,59.05,55.121373254606816
8,29,17,4,52.7,41.214586074145615
8,29,17,4,60.0,55.0282224241152
8,29,17,4,56.9,55.59524780902922
8,29,17,4,55.3,61.133245326994754
8,29,17,4,75.95,71.17988701725703
8,29,17,4,86.3,66.52352176011446
8,29,17,4,80.25,66.02381946572089
8,29,17,4,57.35,46.61067756596009
8,29,17,4,53.2,46.27901650230969
8,29,17,4,49.75,48.03932051756638
8,46,17,4,43.9,40.81266573271741
8,46,17,4,60.9,47.98344012589958
8,46,17,4,41.55,34.606776032569414
8,46,17,4,50.3,42.34706228548241
8,46,17,4,48.8,45.291570030078155
8,46,17,4,69.9,50.88056189693043
8,46,17,4,54.0,59.9473453167554
8,46,17,4,49.1,53.20753804925725
8,46,17,4,60.3,68.42675684724199
8,46,17,4,68.3,61.69969717574754
8,29,17,4,58.7,83.38755429035149
8,29,17,4,49.1,50.40561789909408
8,29,17,4,66.25,48.028363330541744
8,29,17,4,53.95,50.86667298981359
8,29,17,4,53.8,54.53400677317633
8,29,17,4,61.5,60.76572787526309
8,29,17,4,60.95,50.330983446946895
8,29,17,4,64.75,64.33373102322312
8,29,17,4,118.5,86.86135352872476
8,29,17,4,68.8,54.541727145370075
8,40,17,4,97.85,73.1316584912732
8,40,17,4,35.35,25.9316409045012
8,40,17,4,56.4,44.53313373208761
8,40,17,4,65.85,49.78614793610558
8,40,17,4,56.25,69.57757881447306
8,40,17,4,49.65,42.55556738887961
8,40,17,4,62.05,60.30926872991283
8,40,17,4,51.1,53.167956317196996
8,40,17,4,57.1,59.50665597446355
8,40,17,4,43.45,41.26993935950043
8,33,17,4,54.5,49.74725594124977
8,33,17,4,50.55,45.08060033224701
8,33,17,4,41.35,41.91127847200435
8,33,17,4,43.95,42.07071115208424
8,33,17,4,74.85,62.7134460525769
8,33,17,4,63.65,48.33357229221026
8,33,17,4,81.05,65.53703252039222
8,33,17,4,95.8,57.20563093373164
8,33,17,4,50.65,47.35562546475228
8,33,17,4,51.55,53.04662794977741
8,33,17,4,60.75,61.40193293717269
8,33,17,4,57.3,59.10926545946832
8,33,17,4,65.7,73.83844384515214
8,33,17,4,64.65,54.63590009277204
8,33,17,4,46.8,54.41806975435157
8,33,17,4,66.55,72.74286002220786
8,33,17,4,63.65,50.12329535098531
8,33,17,4,61.65,48.25292464547724
8,33,17,4,82.15,59.51936880678334
8,33,17,4,98.05,90.64997750166644
8,27,17,4,62.7,54.61067950309237
8,27,17,4,62.3,52.59887931565803
8,27,17,4,53.05,64.53352861721939
8,27,17,4,68.15,54.95095899742645
8,27,17,4,67.0,57.69338190632851
8,27,17,4,73.4,71.446999126699
8,27,17,4,61.3,51.42506044824122
8,27,17,4,50.05,57.706585412758564
8,27,17,4,72.0,46.366957381761694
8,27,17,4,54.8,40.95388934682003
9,11,17,4,52.3,44.53514283538811
9,11,17,4,56.9,60.23366780167139
9,11,17,4,73.2,69.85970904153854
9,11,17,4,74.75,75.57211613314864
9,11,17,4,51.8,50.29764041760753
9,11,17,4,42.25,40.5370201174186
9,11,17,4,73.3,75.56670110431892
9,11,17,4,45.65,49.648527831039196
9,11,17,4,55.6,61.26852029343755
9,11,17,4,49.55,50.26610765662454
9,3,17,4,54.5,28.581370450734255
9,3,17,4,76.25,62.3874776571473
9,3,17,4,57.5,62.332301333046296
9,3,17,4,62.35,50.07602115520803
9,3,17,4,77.0,56.2513157740847
9,3,17,4,51.95,58.29730967883058
9,3,17,4,75.95,83.47043283639266
9,3,17,4,58.7,61.356679385892114
9,3,17,4,83.5,57.98865587790698
9,3,17,4,52.3,40.13280584837245
9,13,17,4,42.6,40.02814799086947
9,13,17,4,43.95,52.5391833727332
9,13,17,4,47.85,57.84304989411115
9,13,17,4,53.7,56.335554819688305
9,13,17,4,57.9,62.278576193034304
9,13,17,4,80.7,73.24659144216022
9,13,17,4,50.2,52.896721617645994
9,13,17,4,67.1,63.99991776310505
9,13,17,4,43.9,43.161752074090586
9,13,17,4,55.7,49.325023007970735
9,23,17,4,50.5,52.27709571927371
9,23,17,4,76.6,87.84579791046532
9,23,17,4,70.2,61.566908404810434
9,23,17,4,76.2,92.38170244896129
9,23,17,4,98.1,91.06671932391686
9,23,17,4,76.4,78.02523208619928
9,23,17,4,56.6,64.42898987910726
9,23,17,4,66.0,50.58603926402078
9,23,17,4,94.9,82.84157359556538
9,23,17,4,78.65,70.03102695835686
9,10,17,4,56.15,71.4660574568169
9,10,17,4,38.2,41.55224992324977
9,10,17,4,80.5,71.27079567248757
9,10,17,4,57.1,53.80950806218856
9,10,17,4,66.35,60.83305455355492
9,10,17,4,64.55,96.93865396001199
9,10,17,4,56.7,64.14629660721694
9,10,17,4,70.3,67.25059185808819
9,10,17,4,52.9,52.96562937166745
9,10,17,4,77.7,67.7154262141827
9,16,17,4,67.55,86.14032309643315
9,16,17,4,62.4,55.0429497373594
9,16,17,4,59.75,79.62139027594083
9,16,17,4,34.4,47.135191903602916
9,16,17,4,67.2,62.38640202716243
9,16,17,4,40.15,36.80714318544274
9,16,17,4,53.7,58.149625513569916
9,16,17,4,70.25,76.28055901873377
9,16,17,4,40.1,39.65628642008199
9,16,17,4,65.35,55.97111567115385
9,6,17,4,50.7,44.125538613083656
9,6,17,4,47.8,46.89136381040756
9,6,17,4,66.85,72.93131231363847
9,6,17,4,74.05,67.65506555119758
9,6,17,4,62.7,70.53263522355412
9,6,17,4,81.3,76.50325070492791
9,6,17,4,54.7,45.685538423582486
9,6,17,4,45.6,43.60275220671282
9,6,17,4,48.7,47.989143509098405
9,6,17,4,76.9,84.77890750590466
9,23,17,4,76.5,71.58763492171124
9,23,17,4,95.65,87.59552680239713
9,23,17,4,70.65,60.23923795561896
9,23,17,4,58.5,53.94783055001037
9,23,17,4,56.6,55.06398192342393
9,23,17,4,55.8,52.818059112590014
9,23,17,4,72.95,83.74678312753586
9,23,17,4,88.25,111.73034973824963
9,23,17,4,58.3,50.79380401501535
9,23,17,4,53.05,61.09050662746218
9,10,17,4,53.8,53.860052572921745
9,10,17,4,106.6,119.34752439387826
9,10,17,4,50.9,31.215549431586005
9,10,17,4,65.25,68.35424369839043
9,10,17,4,65.1,62.160996401957796
9,10,17,4,51.8,56.43123435231872
9,10,17,4,57.7,58.264460594954905
9,10,17,4,56.25,58.58136491914023
9,10,17,4,41.05,55.84044468982939
9,10,17,4,80.95,89.43711404344984
9,17,17,4,67.1,63.74034498610255
9,17,17,4,63.2,49.87415742593922
9,17,17,4,85.75,104.31373477715142
9,17,17,4,52.55,42.59907955516608
9,17,17,4,73.15,52.92027270487081
9,17,17,4,80.5,85.12931340026184
9,17,17,4,72.9,68.84681699633119
9,17,17,4,71.15,70.57603216240959
9,17,17,4,48.2,30.622661027759367
9,17,17,4,57.1,48.45605714133385
9,5,17,4,66.1,72.13065630470423
9,5,17,4,66.75,71.4038735496523
9,5,17,4,42.45,51.19876129258146
9,5,17,4,65.8,52.404901337666175
9,5,17,4,62.25,82.19929247998748
9,5,17,4,55.1,46.65201524388619
9,5,17,4,79.05,88.33338464083252
9,5,17,4,53.2,43.7042693325805
9,5,17,4,68.1,80.52060867288964
9,5,17,4,59.1,46.228152734704395
9,19,17,4,73.6,64.44205883868409
9,19,17,4,73.05,100.05444570464202
9,19,17,4,56.45,62.48913589787554
9,19,17,4,69.65,68.67258320618592
9,19,17,4,52.55,46.656048290712135
9,19,17,4,93.35,110.66225287118601
9,19,17,4,66.7,88.8512061938681
9,19,17,4,82.4,68.42621842847267
9,19,17,4,71.25,76.30470427658338
9,19,17,4,48.55,40.7152822724627
9,7,17,4,44.9,44.94546402966717
9,7,17,4,47.4,49.26768985002133
9,7,17,4,58.8,58.95725481004727
9,7,17,4,48.4,48.86221228591358
9,7,17,4,63.75,68.57103500826908
9,7,17,4,57.9,61.275821624760546
9,7,17,4,65.25,54.38737759908325
9,7,17,4,80.75,88.51992044613164
9,7,17,4,75.65,56.483136747547086
9,7,17,4,61.5,59.38234719085072
9,14,17,4,50.7,61.548525998853776
9,14,17,4,38.5,47.36809941411269
9,14,17,4,69.0,71.11147660724785
9,14,17,4,76.25,61.514119046811224
9,14,17,4,74.3,71.58660562747167
9,14,17,4,72.3,81.20675367298747
9,14,17,4,75.05,73.34308348260825
9,14,17,4,47.8,36.56947245708467
9,14,17,4,63.8,64.36458653638661
9,14,17,4,76.0,56.103288204600105
9,3,17,4,61.0,56.38962203884869
9,3,17,4,51.45,56.656374194278484
9,3,17,4,45.0,37.21205237695528
9,3,17,4,46.7,59.31903040695331
9,3,17,4,62.6,56.64887233513219
9,3,17,4,61.2,64.95715186911576
9,3,17,4,93.15,60.71700966910256
9,3,17,4,47.6,43.98971171583311
9,3,17,4,61.55,61.83124316701831
9,3,17,4,66.8,65.8192101217618
9,4,17,4,66.25,46.1939560867801
9,4,17,4,70.8,53.96060941484124
9,4,17,4,62.95,76.38784348035325
9,4,17,4,69.0,80.83446372875736
9,4,17,4,81.15,81.79452754825415
9,4,17,4,51.85,61.41598883198516
9,4,17,4,50.35,62.178245476422994
9,4,17,4,70.5,86.84074959069437
9,4,17,4,85.7,72.7454827680585
9,4,17,4,88.7,84.39013412029931
9,20,17,4,73.6,67.49222177406816
9,20,17,4,65.95,63.657368201299285
9,20,17,4,61.05,76.52139363740395
9,20,17,4,88.25,89.31780926910145
9,20,17,4,46.8,70.5665792373639
9,20,17,4,66.4,74.23958371026661
9,20,17,4,91.75,82.10703861103312
9,20,17,4,58.6,53.151620265445395
9,20,17,4,90.35,74.32239515147928
9,20,17,4,75.45,62.13099489237067
9,11,17,4,70.1,71.38030098298165
9,11,17,4,48.3,45.004210329350535
9,11,17,4,50.5,52.38671989209318
9,11,17,4,64.35,52.71799353261904
9,11,17,4,51.5,49.08370937812046
9,11,17,4,61.25,53.246077196748544
9,11,17,4,80.3,77.90486776224341
9,11,17,4,55.55,58.891045695911146
9,11,17,4,86.5,74.31618085479168
9,11,17,4,72.05,55.6497269109486
9,13,17,4,65.45,68.00501142524253
9,13,17,4,48.3,44.83196697846186
9,13,17,4,38.85,32.66299209551352
9,13,17,4,58.8,66.14545375633595
9,13,17,4,31.85,24.74347335529534
9,13,17,4,64.85,61.36369147614041
9,13,17,4,33.4,35.19629167069197
9,13,17,4,59.25,46.985860135061685
9,13,17,4,44.2,39.30126554812466
9,13,17,4,71.1,62.32419484564477
9,19,17,4,90.25,93.5436149330185
9,19,17,4,64.6,64.96833236682558
9,19,17,4,63.25,63.30450636657543
9,19,17,4,72.45,78.45714552678122
9,19,17,4,54.35,54.13751982342356
9,19,17,4,84.7,80.09474652592785
9,19,17,4,61.8,45.589241574832336
9,19,17,4,88.1,108.43717560242695
9,19,17,4,63.95,67.71183135363536
9,19,17,4,66.2,73.57316444408102
10,37,17,5,47.5,38.449556838182566
10,37,17,5,70.65,59.89752213484908
10,37,17,5,53.25,57.41710271522351
10,37,17,5,61.15,53.15149648831506
10,37,17,5,66.5,54.02484808425024
10,37,17,5,66.8,62.33998463434625
10,37,17,5,58.1,46.318008320056705
10,37,17,5,78.85,71.20191821780321
10,37,17,5,64.45,66.39314723674424
10,37,17,5,51.8,53.868846577395246
10,38,17,5,61.15,70.24564043412232
10,38,17,5,60.45,62.24609478344383
10,38,17,5,52.85,42.049187988905516
10,38,17,5,47.5,40.955045958632304
10,38,17,5,44.05,51.73360406422197
10,38,17,5,67.0,65.81713102864713
10,38,17,5,37.0,31.932494586648186
10,38,17,5,55.35,42.21533146294502
10,38,17,5,77.3,64.76686937332275
10,38,17,5,79.7,66.87466674781699
10,42,17,5,56.95,65.85508412615656
10,42,17,5,40.45,37.32146976290132
10,42,17,5,50.45,44.29028050677057
10,42,17,5,41.8,49.65523240569072
10,42,17,5,48.15,38.241992625907976
10,42,17,5,50.6,33.937093508276064
10,42,17,5,37.25,34.57086543380286
10,42,17,5,60.25,63.23130054348916
10,42,17,5,60.7,45.61290214517449
10,42,17,5,51.3,54.056598019794805
10,45,17,5,66.4,51.5929411736467
10,45,17,5,83.05,64.79723434643927
10,45,17,5,62.75,59.88662534102954
10,45,17,5,56.8,49.24653340725192
10,45,17,5,85.0,62.91263784010332
10,45,17,5,64.95,54.94444562704366
10,45,17,5,49.6,60.16940995835709
10,45,17,5,81.5,59.62028972898757
10,45,17,5,45.15,51.76086206879927
10,45,17,5,43.35,33.986491124377174
10,42,17,5,62.95,56.094351906314714
10,42,17,5,47.1,50.00936754354392
10,42,17,5,61.2,56.5365275496154
10,42,17,5,61.65,48.110918992633984
10,42,17,5,50.55,52.80099181684095
10,42,17,5,54.0,54.923870757143185
10,42,17,5,81.95,77.49938879215689
10,42,17,5,46.85,48.56604293450095
10,42,17,5,47.0,55.458851507458355
10,42,17,5,63.5,49.71550642352312
10,35,17,5,78.55,67.36661284579914
10,35,17,5,69.25,56.22312223351003
10,35,17,5,49.95,46.65492020084665
10,35,17,5,52.7,60.134148280936714
10,35,17,5,49.8,36.28338752826582
10,35,17,5,54.7,57.48601660632921
10,35,17,5,59.1,53.35373513289935
10,35,17,5,51.3,61.88537791756628
10,35,17,5,76.3,78.06279523563066
10,35,17,5,40.35,37.58537649559718
10,47,17,5,77.25,78.62427307002255
10,47,17,5,53.3,63.63969300928306
10,47,17,5,54.75,41.33925749848824
10,47,17,5,84.1,56.09099749514177
10,47,17,5,64.5,53.672986442755445
10,47,17,5,41.15,39.006443462317186
10,47,17,5,77.9,76.25918408883442
10,47,17,5,45.1,41.65383662117042
10,47,17,5,50.65,47.47883184835333
10,47,17,5,97.1,99.95414738242414
10,29,17,5,52.65,55.818573592440856
10,29,17,5,58.45,61.31409643020626
10,29,17,5,44.5,39.594656736803046
10,29,17,5,78.3,59.31459392621329
10,29,17,5,63.05,55.26536461759562
10,29,17,5,62.15,59.17616429824285
10,29,17,5,50.95,52.3957360659695
10,29,17,5,65.05,55.70927825964474
10,29,17,5,45.15,41.83208916860986
10,29,17,5,70.45,64.15644940300234
10,35,17,5,43.55,46.54875768594972
10,35,17,5,42.45,33.426234575475846
10,35,17,5,56.75,61.10032733136543
10,35,17,5,53.6,56.72500608893289
10,35,17,5,81.85,52.22247449236069
10,35,17,5,56.75,56.93937218887435
10,35,17,5,71.8,50.908173265824004
10,35,17,5,68.1,61.31360285235929
10,35,17,5,60.85,57.92851765663209
10,35,17,5,69.6,63.49919187218884
10,24,17,5,76.6,59.11131337080113
10,24,17,5,52.55,58.688719439715875
10,24,17,5,43.15,38.80487625354102
10,24,17,5,49.4,52.51405826813877
10,24,17,5,36.5,32.02383980395658
10,24,17,5,46.1,54.17894327814859
10,24,17,5,88.05,80.54973945529426
10,24,17,5,42.5,57.97050066515228
10,24,17,5,74.8,102.09675493580121
10,24,17,5,66.75,68.40965998269081
10,24,17,5,53.3,48.036280148720046
10,24,17,5,43.3,37.48417209829686
10,24,17,5,54.15,49.24404853167003
10,24,17,5,65.25,56.39883817392359
10,24,17,5,57.9,46.936575346558435
10,24,17,5,58.8,47.53015663211814
10,24,17,5,51.7,48.9049561582679
10,24,17,5,79.45,84.21430994789424
10,24,17,5,49.3,46.2511450782857
10,24,17,5,66.15,52.94612455376841
10,31,17,5,53.0,59.00579810939189
10,31,17,5,77.85,62.14014297071621
10,31,17,5,43.95,38.85800737096674
10,31,17,5,47.4,36.76583081870276
10,31,17,5,60.3,37.643899344976695
10,31,17,5,31.0,25.819209495012984
10,31,17,5,56.0,53.26794236884438
10,31,17,5,33.9,40.455173372902244
10,31,17,5,68.4,62.30012249713395
10,31,17,5,51.3,41.929891360146456
10,46,17,5,50.1,45.97814125956171
10,46,17,5,64.9,58.391509837069904
10,46,17,5,57.15,74.73692457371284
10,46,17,5,57.65,45.25399080976756
10,46,17,5,72.75,89.22760665552833
10,46,17,5,56.2,44.61602261166061
10,46,17,5,58.25,53.000372391939
10,46,17,5,53.75,32.85194058195041
10,46,17,5,39.95,44.45396791241356
10,46,17,5,46.8,43.397307702085314
10,28,17,5,65.85,51.39247845847934
10,28,17,5,97.6,77.67367636464752
10,28,17,5,47.7,40.900521165126335
10,28,17,5,42.9,47.56148375358054
10,28,17,5,60.9,45.300052282995274
10,28,17,5,58.05,48.80409279644701
10,28,17,5,52.65,52.96500830985641
10,28,17,5,68.15,64.73937628758299
10,28,17,5,59.25,45.472808532016955
10,28,17,5,53.9,47.62341308310661
10,24,17,5,73.55,79.8172089345729
10,24,17,5,77.3,78.00141699117766
10,24,17,5,37.65,38.17587416708428
10,24,17,5,56.8,43.506321379771926
10,24,17,5,50.05,47.76639977398779
10,24,17,5,79.6,74.29556903979784
10,24,17,5,54.2,49.20590465210023
10,24,17,5,64.25,60.2546132761022
10,24,17,5,67.35,63.860270986947086
10,24,17,5,70.75,63.38676185882482
10,38,17,5,55.2,55.966719434057644
10,38,17,5,51.9,53.35669444507655
10,38,17,5,43.05,54.580192088532016
10,38,17,5,72.5,76.58466247438706
10,38,17,5,43.05,34.79636248381809
10,38,17,5,60.65,60.30560330080186
10,38,17,5,91.15,72.34513405235097
10,38,17,5,54.75,64.08947281976806
10,38,17,5,46.95,48.053123015876366
10,38,17,5,56.6,47.901653635888515
10,29,17,5,82.15,75.94684775690513
10,29,17,5,59.0,49.146397844121104
10,29,17,5,63.25,55.48055610088239
10,29,17,5,100.1,70.73739426476227
10,29,17,5,63.0,71.45848997476566
10,29,17,5,76.65,69.51733975286879
10,29,17,5,63.5,60.789974935276774
10,29,17,5,75.9,74.73243500719927
10,29,17,5,95.65,67.1371534131516
10,29,17,5,35.3,33.82011235936392
10,39,17,5,57.75,53.38329622446963
10,39,17,5,58.75,72.23854853703001
10,39,17,5,51.05,38.18579923424276
10,39,17,5,85.4,68.26141701306514
10,39,17,5,62.55,60.50095693023114
10,39,17,5,51.35,35.23795053482448
10,39,17,5,56.55,68.39242417264158
10,39,17,5,46.8,47.018025658699294
10,39,17,5,55.4,49.257005913666205
10,39,17,5,62.15,46.36045842378134
10,33,17,5,55.9,55.22099143203463
10,33,17,5,50.4,45.30760363745164
10,33,17,5,51.85,44.15078827453886
10,33,17,5,85.55,77.63916198468534
10,33,17,5,64.65,56.173860750165176
10,33,17,5,66.75,49.09483304359989
10,33,17,5,75.35,59.65539195641651
10,33,17,5,33.75,31.570931000059634
10,33,17,5,82.2,79.53456712914866
10,33,17,5,73.25,52.455369500878405
10,44,17,5,49.45,52.85976979857077
10,44,17,5,66.0,74.9146883215554
10,44,17,5,66.9,91.51007997396846
10,44,17,5,64.85,69.7101329189591
10,44,17,5,61.85,50.27950822520464
10,44,17,5,58.05,42.78277444806127
0,39,17,0,68.15,52.343274840734146
0,46,17,0,79.55,53.179413310039436
0,39,17,0,67.0,39.09367966147065
0,46,17,0,78.35,60.418082863014654
10,44,17,5,79.55,74.4866466308948
0,39,17,0,71.1,75.0956582948498
0,46,17,0,97.9,56.97912821930131
10,44,17,5,72.6,58.66084500620585
0,39,17,0,70.65,55.87794499480189
0,46,17,0,63.45,34.691838870410514
0,39,17,0,73.3,45.578272755430525
10,44,17,5,74.8,78.34713577540998
0,46,17,0,74.95,40.35171032702071
0,39,17,0,77.65,42.989931501763486
10,44,17,5,60.05,42.05194156604049
0,39,17,0,58.65,36.92136024180668
0,46,17,0,86.0,66.00000000000001
0,39,17,0,62.1,60.059531869812744
0,46,17,0,73.65,46.661462742429734
11,17,17,5,69.85,61.53328153805959
0,46,17,0,79.55,61.248823834034816
0,39,17,0,97.8,64.28276350788387
11,17,17,5,60.7,81.40418972794434
0,39,17,0,69.2,57.78508275907965
0,46,17,0,85.1,52.082828769485815
11,17,17,5,48.6,40.03998001997503
0,47,17,0,64.9,48.08424624388018
0,46,17,0,83.2,69.43425515891767
11,17,17,5,56.9,56.74773355084672
0,47,17,0,61.55,44.57456792009495
0,38,17,0,70.55,60.57659353422348
11,17,17,5,50.25,46.98249954140259
0,47,17,0,63.35,46.41832102000017
0,38,17,0,58.3,32.68848179566104
11,17,17,5,46.4,41.18558766824807
0,38,17,0,66.55,35.106567086965065
0,47,17,0,81.45,104.68573270307155
11,17,17,5,49.45,48.14066559791759
0,47,17,0,59.8,48.6151373437057
0,38,17,0,84.05,62.7765251130003
11,17,17,5,64.45,75.83741265295603
0,47,17,0,71.9,44.443814323018536
0,38,17,0,76.75,82.08203534462208
0,47,17,0,58.2,47.90297210865006
11,17,17,5,70.4,50.98751137081975
0,47,17,0,65.95,54.21543283876591
0,38,17,0,81.15,53.847029923468824
0,47,17,0,70.45,58.544157872947764
0,38,17,0,77.1,53.68906582791029
11,17,17,5,75.25,74.84642170541797
0,47,17,0,84.95,58.96785475779869
0,38,17,0,86.35,62.743651387799254
0,31,17,0,67.6,37.090784782604345
11,18,17,5,75.05,109.38799847573003
0,38,17,0,61.8,41.12445808313562
0,38,17,0,53.7,34.083643244848474
0,31,17,0,78.05,60.46702015409549
11,18,17,5,49.8,57.47090797227668
0,28,17,0,81.0,57.22163742391233
0,31,17,0,74.15,68.20578382636198
11,18,17,5,59.05,42.63119070648427
0,28,17,0,73.1,46.462095473509095
0,31,17,0,73.8,42.99889839470186
11,18,17,5,68.5,70.97405011321872
0,31,17,0,61.85,49.438185752779354
0,28,17,0,76.5,87.92550674771289
11,18,17,5,50.1,43.82248881927851
0,31,17,0,77.1,49.4175549460119
0,28,17,0,77.8,53.261618450813145
11,18,17,5,58.75,76.21083981470849
0,31,17,0,85.1,55.32858783286401
0,28,17,0,68.9,45.88532617182465
0,28,17,0,65.6,55.81020468846555
11,18,17,5,72.65,92.81179314811465
0,31,17,0,99.65,70.25687829222431
0,28,17,0,73.45,69.60374687434125
11,18,17,5,48.45,44.59699659464926
0,31,17,0,85.2,62.5043998451309
0,28,17,0,61.7,45.859166563455304
11,18,17,5,39.2,65.87915571631696
0,31,17,0,65.45,35.12155583413876
0,28,17,0,67.55,37.36375248820707
11,18,17,5,41.95,38.3974711338349
0,28,17,0,62.6,34.437433732862026
0,26,17,0,91.05,69.3552828785082
0,34,17,0,85.75,47.26841050404538
11,2,17,5,86.55,90.38134122762985
0,26,17,0,84.6,59.71634705223653
0,34,17,0,64.65,51.3238171858477
11,2,17,5,50.55,45.41559551287942
0,26,17,0,91.7,76.12047238285818
0,34,17,0,94.5,70.4418386442244
11,2,17,5,50.7,51.50585045971911
0,26,17,0,68.25,48.877801440778924
0,34,17,0,93.5,83.27411931307603
0,26,17,0,67.9,60.68026645328863
11,2,17,5,69.5,66.08168788464934
0,26,17,0,63.55,40.34910160090308
0,34,17,0,66.1,49.2008771851628
11,2,17,5,50.4,53.54034386378772
0,26,17,0,63.45,36.00069443774662
0,34,17,0,65.8,40.45868588026426
0,34,17,0,59.65,36.0573738717383
11,2,17,5,78.45,58.020391152367154
0,26,17,0,99.65,61.514461286500925
11,2,17,5,52.55,50.73717105156524
0,34,17,0,87.2,71.91852114866188
0,26,17,0,86.9,65.7674531568377
0,34,17,0,72.9,54.24593120807844
11,2,17,5,63.7,69.39293153750185
0,26,17,0,90.25,53.96282833678441
0,34,17,0,87.0,69.7129452601316
0,29,17,0,66.2,46.83633317482442
11,2,17,5,63.8,77.15029760832185
0,31,17,0,79.85,55.682629815391216
11,2,17,5,57.1,66.4457832015182
0,29,17,0,85.85,71.56246811077203
0,31,17,0,56.05,45.865334920486745
11,16,17,5,45.9,51.246463292601966
0,29,17,0,79.9,48.799158750298574
0,31,17,0,99.05,67.15377090952094
11,16,17,5,60.95,63.09097441497935
0,29,17,0,92.45,51.58791678188543
0,31,17,0,66.85,56.47754560792047
11,16,17,5,58.95,62.27145582468998
0,29,17,0,74.55,56.61083679036429
0,31,17,0,88.15,55.45816346343288
0,29,17,0,82.35,50.7514842925282
11,16,17,5,66.1,75.2126109246665
0,31,17,0,80.65,55.55488040525428
0,29,17,0,71.7,33.49013994721746
0,31,17,0,68.75,59.53316192191586
11,16,17,5,56.1,57.38778523986478
11,16,17,5,39.1,35.370073582948024
0,31,17,0,66.95,54.39666688705341
0,29,17,0,96.45,65.5209689215678
0,29,17,0,63.25,32.71547999921363
11,16,17,5,58.4,59.047171151991954
0,31,17,0,90.6,73.46850381375396
0,29,17,0,85.9,69.17171615472233
11,16,17,5,59.5,53.175479113472676
0,31,17,0,75.85,48.69267209539309
0,28,17,0,65.85,44.915446879899264
0,41,17,0,91.55,78.90265488162247
11,16,17,5,71.2,76.26242780515739
0,28,17,0,73.8,48.888272191751035
0,41,17,0,64.65,45.23770551210572
11,16,17,5,59.9,53.539852348261896
0,41,17,0,65.15,49.696208687330845
0,28,17,0,70.65,58.36480103624101
0,41,17,0,73.65,40.0332427654292
11,9,17,5,51.2,54.66510481294742
0,28,17,0,71.8,41.3567279577147
0,41,17,0,65.75,60.63859722721339
0,28,17,0,68.1,53.49166191788064
11,9,17,5,51.9,48.897206894722146
0,41,17,0,70.25,45.747447441014906
11,9,17,5,53.4,52.609184709416226
0,28,17,0,84.9,57.5425700540135
0,41,17,0,63.5,38.841784337570225
0,41,17,0,44.6,34.66288778324281
0,28,17,0,82.25,61.67390901046874
11,9,17,5,60.0,83.84132883639568
0,41,17,0,61.4,45.7871505762778
0,28,17,0,70.55,46.14790295743048
0,41,17,0,56.05,41.86629721034884
11,9,17,5,50.2,73.08869881682695
0,28,17,0,62.55,35.04204241824533
0,26,17,0,86.8,74.1141367294924
11,9,17,5,64.05,82.78664715621971
0,28,17,0,80.6,56.41519019032486
11,9,17,5,43.0,50.505862088109716
0,39,17,0,68.75,52.981501240378336
0,26,17,0,89.75,50.790462221086145
0,39,17,0,65.95,34.414615928028084
0,26,17,0,66.65,32.985283800028476
0,39,17,0,51.65,32.6130019277104
11,9,17,5,72.55,100.75738186356372
0,26,17,0,60.6,45.4942448644823
0,39,17,0,60.25,51.27621280866987
11,9,17,5,50.05,54.15132306300266
0,39,17,0,85.35,59.3103124076643
0,26,17,0,104.8,108.00614017633198
11,9,17,5,58.8,65.89832678971607
0,39,17,0,77.15,50.92127566930618
0,26,17,0,72.65,45.384062818292676
11,19,17,5,45.85,51.952685964706085
0,39,17,0,60.2,64.1622942233209
0,26,17,0,90.15,55.94572087488485
11,19,17,5,67.2,75.88398347061401
0,39,17,0,68.1,61.512429210432124
0,26,17,0,68.7,55.95120054212655
0,39,17,0,72.3,54.95462242901673
11,19,17,5,62.7,64.56991315009279
0,26,17,0,66.1,44.38574925403542
0,39,17,0,87.6,81.94054327119723
0,26,17,0,84.05,52.38870408579958
11,19,17,5,63.2,96.13729217826152
0,25,17,0,68.25,55.26479320888709
0,28,17,0,73.0,61.26989472816156
11,19,17,5,51.2,42.49780180073714
0,25,17,0,70.65,47.95312952851928
0,28,17,0,74.55,43.649892988353784
0,25,17,0,76.4,53.27130164495109
11,19,17,5,81.05,78.79117970940656
0,28,17,0,70.55,37.98819068577691
11,19,17,5,42.75,36.55979240986786
0,28,17,0,70.7,61.401268630816446
0,25,17,0,83.5,67.25168751551303
0,28,17,0,65.35,43.82173817686953
11,19,17,5,56.3,70.22752496819103
0,25,17,0,99.25,89.49558942381344
0,28,17,0,87.0,77.59408550439368
11,19,17,5,63.5,69.88373803758113
0,25,17,0,76.6,41.60136637432148
0,28,17,0,75.35,40.774443750441215
11,19,17,5,50.8,78.32093220239805
0,28,17,0,55.6,31.736414416250614
0,25,17,0,94.2,64.2491859461024
0,28,17,0,55.6,45.94206878461751
11,0,17,5,73.25,75.23498276452881
0,25,17,0,59.1,38.67257970516877
0,28,17,0,65.6,45.92946537326212
11,0,17,5,43.5,51.21625975369438
0,25,17,0,66.15,60.95837665334049
0,47,17,0,62.65,39.45853919989276
0,25,17,0,75.35,47.599507958536044
0,47,17,0,58.55,51.380392532970255
11,0,17,5,62.85,58.1343951094087
0,47,17,0,68.45,47.8995385100283
0,40,17,0,81.55,54.244548598283856
11,0,17,5,80.6,97.51080911743499
0,47,17,0,82.4,70.65140517096303
0,40,17,0,82.4,46.91919144993645
11,0,17,5,64.8,66.35994352968633
0,47,17,0,82.9,66.22600856556521
0,40,17,0,80.6,75.60520728376487
11,0,17,5,45.25,40.45774273694
0,47,17,0,75.95,54.72560739967313
0,40,17,0,95.8,62.6280582822949
0,47,17,0,63.95,43.03545050304458
11,0,17,5,57.75,62.764283339793614
0,40,17,0,56.3,43.983370063073416
11,0,17,5,55.95,52.810958790965465
0,40,17,0,75.45,49.667817601170654
0,47,17,0,89.95,77.82333231513272
0,47,17,0,60.1,44.77181914411882
0,40,17,0,86.05,60.182594966004125
0,47,17,0,56.3,36.21005966651577
11,0,17,5,93.25,75.15308937166364
0,40,17,0,78.35,51.835036921290786
11,0,17,5,32.65,28.054974228242816
0,40,17,0,81.4,64.06854881584584
11,0,17,5,55.45,55.71400183077859
0,40,17,0,76.6,50.10767353777684
0,40,17,0,102.35,72.20604654663443
0,40,17,0,60.15,30.546384056830174
11,0,17,5,63.1,56.52004767756026
0,40,17,0,68.25,51.16215192379699
0,40,17,0,67.65,42.7406807324554
0,30,17,0,64.5,37.686378943787325
11,0,17,5,75.9,70.33895379555081
0,30,17,0,71.45,39.22603190417517
0,40,17,0,93.2,53.04972840845207
11,0,17,5,49.1,55.873824019180184
0,40,17,0,77.4,58.07834998381157
11,0,17,5,28.3,30.395809960550395
0,30,17,0,99.25,64.85195691565116
0,40,17,0,65.25,53.915992159342814
0,30,17,0,82.35,55.51128382211086
0,40,17,0,55.1,33.54007814697609
11,0,17,5,72.35,70.03703907294528
0,30,17,0,69.65,46.67386849190884
0,40,17,0,68.95,49.11584051478387
11,0,17,5,68.5,63.59534905205436
0,30,17,0,78.6,49.91719459053637
0,40,17,0,81.9,59.30465500500916
0,30,17,0,65.2,23.754445567314896
11,0,17,5,69.3,81.30520796422122
0,30,17,0,94.55,70.67976335110653
0,30,17,0,79.35,50.59360787584472
11,0,17,5,42.05,51.296326943502855
0,30,17,0,60.35,46.82922501803199
11,0,17,5,49.2,51.78152484998364
0,30,17,0,88.4,67.69389306203874
0,30,17,0,69.75,32.317300238987194
11,11,17,5,39.25,44.7764917174885
0,30,17,0,67.9,55.30480135242851
0,30,17,0,89.4,63.2966283295938
11,11,17,5,37.25,27.65744403458707
0,27,17,0,63.3,47.941960524652806
0,30,17,0,100.1,62.58627729193644
11,11,17,5,75.4,89.17009175254839
0,30,17,0,69.05,61.118069513464114
0,27,17,0,102.05,68.31850716352511
0,30,17,0,69.35,51.32176618366252
11,11,17,5,66.95,75.57740890532108
0,27,17,0,64.0,59.47754994423039
0,30,17,0,76.0,51.518009114851246
0,27,17,0,82.4,56.52516905628948
11,11,17,5,90.6,77.5970699392567
0,30,17,0,86.1,63.21966715974922
0,27,17,0,69.15,56.57158948484747
11,11,17,5,56.45,62.6951479697382
0,30,17,0,83.15,63.101651492275785
11,11,17,5,40.75,44.73886218349416
0,27,17,0,113.5,74.80395430020641
11,11,17,5,41.8,48.238006417739676
0,27,17,0,62.5,47.414743432152434
0,33,17,0,101.7,61.67068739855691
0,27,17,0,54.25,27.714474652483638
11,11,17,5,61.0,54.73380558379081
0,33,17,0,89.25,58.12407328067126
0,27,17,0,68.85,43.58690653226759
11,11,17,5,35.75,35.13414144015536
0,27,17,0,72.7,57.938351992259385
11,14,17,5,46.95,51.63278742080564
0,33,17,0,96.1,59.27713680137074
0,26,17,0,73.3,50.108408791129534
11,14,17,5,53.7,48.787509186589745
0,33,17,0,75.3,70.93518168017899
0,33,17,0,64.45,39.852986416525795
11,14,17,5,54.3,54.42725710330692
0,26,17,0,99.6,54.992248257559474
11,14,17,5,40.05,57.80500342576438
0,33,17,0,83.8,65.72958958770715
0,26,17,0,85.0,56.45398685282508
0,33,17,0,65.95,49.78741650362331
11,14,17,5,70.55,42.824580988517624
11,14,17,5,41.65,34.290208821945534
0,26,17,0,99.9,75.57561567205738
0,33,17,0,83.95,63.51085692516219
11,14,17,5,56.75,50.76662289339326
0,33,17,0,61.45,41.633077689437485
0,26,17,0,102.95,59.735799898165624
11,14,17,5,37.6,33.47174770962583
0,33,17,0,66.15,42.23278222822695
11,14,17,5,32.8,30.04663042672173
0,26,17,0,84.75,65.30565785112665
0,42,17,0,82.0,53.01241165494817
0,26,17,0,56.55,35.97583253123949
11,14,17,5,61.75,57.894527511583284
0,42,17,0,98.85,58.000249545742655
0,26,17,0,76.15,59.26414998702176
11,16,17,5,68.8,76.39619720488986
0,42,17,0,73.0,34.47806320119015
0,26,17,0,84.4,44.37092457193585
11,16,17,5,68.5,68.60297676524416
0,42,17,0,101.7,61.93043635699996
0,26,17,0,84.45,69.10364069927674
11,16,17,5,42.6,51.53271827326382
0,42,17,0,66.7,48.54851073654929
0,27,17,0,86.25,50.75521751764204
11,16,17,5,45.85,51.76187888072802
0,42,17,0,57.7,48.805845206448275
0,42,17,0,57.5,36.92025545900102
0,27,17,0,76.2,71.11118055552164
11,16,17,5,60.1,50.292722085176926
0,42,17,0,62.2,44.16905322913199
11,16,17,5,41.8,49.17594619537611
0,27,17,0,99.55,46.64927934232098
0,42,17,0,75.95,53.002954237426586
0,27,17,0,59.35,37.44789362356854
0,42,17,0,61.45,54.16881507210389
11,16,17,5,78.85,95.63542340851697
0,43,17,0,61.3,36.871184013078775
0,27,17,0,93.2,88.61127408370135
11,16,17,5,67.45,79.11848210453937
0,43,17,0,85.25,52.21299999445591
0,27,17,0,86.1,52.043402939024695
0,43,17,0,72.55,53.632742356060625
11,16,17,5,78.35,86.10964552610571
0,27,17,0,100.15,60.77246173443328
0,43,17,0,84.8,69.7254767302681
11,16,17,5,72.55,63.17517417133844
0,27,17,0,81.75,54.715412049892066
0,43,17,0,85.6,48.8966687058159
11,9,17,5,64.6,72.7630617682814
0,27,17,0,76.0,52.93193245748932
0,43,17,0,90.8,80.99811563760052
0,27,17,0,74.65,64.4942061861292
11,9,17,5,84.45,65.44220029115287
0,38,17,0,63.35,49.71738550097573
0,43,17,0,82.3,57.008863576778914
11,9,17,5,53.95,53.890214911038306
0,43,17,0,71.2,51.31389470186105
0,38,17,0,75.9,43.66366669753795
11,9,17,5,50.8,52.94744166574404
0,38,17,0,62.6,56.53354849346676
0,43,17,0,82.2,55.35493131648372
0,38,17,0,67.2,62.935723267138954
0,43,17,0,58.4,37.32982439650211
11,9,17,5,67.95,74.11333781516836
0,38,17,0,85.9,61.26035895215901
0,32,17,0,86.6,61.345784395978626
11,9,17,5,71.45,66.41771719876209
0,38,17,0,60.65,46.83034890909279
0,32,17,0,63.35,37.801803075904644
0,38,17,0,73.3,36.73819180147691
0,32,17,0,80.05,61.8474141058375
11,9,17,5,92.85,100.46747313381947
0,38,17,0,76.25,55.209529116477334
0,32,17,0,76.15,48.381461216809946
11,9,17,5,44.15,46.84270993104702
0,38,17,0,82.9,48.778662289333454
0,32,17,0,76.55,56.503819153641004
0,32,17,0,61.9,54.775042338257435
0,38,17,0,74.25,45.56646389153922
11,9,17,5,83.15,77.10435512308865
0,32,17,0,70.75,41.983549409889484
0,33,17,0,68.05,46.219698466301026
11,9,17,5,51.25,54.8892425468636
0,33,17,0,76.5,41.09744517606904
0,32,17,0,78.9,59.6435905587251
0,33,17,0,75.25,69.82977422576313
11,12,17,5,82.2,98.12108523870418
0,32,17,0,86.6,60.60606188197765
0,33,17,0,60.2,39.60276439048695
0,32,17,0,65.15,35.55762557936209
11,12,17,5,59.4,46.276514448191584
0,33,17,0,56.45,36.71149970412971
0,35,17,0,78.45,65.49043722881267
11,12,17,5,72.05,91.7573889180192
0,35,17,0,64.25,47.79658102725274
0,33,17,0,104.85,76.48754628592884
0,35,17,0,67.5,50.83771910904861
11,12,17,5,59.8,68.32168492930299
0,33,17,0,75.2,57.65377606659292
0,35,17,0,57.0,57.44379403977605
11,12,17,5,44.15,50.71517472481408
0,33,17,0,69.75,58.12678972909588
0,33,17,0,70.6,54.12791866446898
0,35,17,0,97.4,60.82018363045368
11,12,17,5,68.2,68.75019617196892
0,35,17,0,62.65,40.475171076651556
0,33,17,0,80.1,54.04861359534532
11,12,17,5,59.85,72.51009004197097
0,35,17,0,63.2,37.435699258159566
0,34,17,0,70.95,44.02687576326174
0,35,17,0,60.85,47.65255281171917
11,12,17,5,56.85,105.36017174185739
0,34,17,0,82.25,66.67586559341828
0,35,17,0,87.25,50.04616290039259
11,12,17,5,41.75,56.77367347635698
0,34,17,0,73.15,68.51298378678615
0,35,17,0,59.15,52.64006378975498
0,39,17,0,71.15,51.3248426562051
11,12,17,5,75.25,65.35077416687982
0,34,17,0,84.45,68.33699391136624
0,39,17,0,88.45,52.596252618163625
0,34,17,0,80.3,66.92501695731455
11,4,17,5,89.7,87.53050596040336
0,34,17,0,44.2,31.1492164301211
0,39,17,0,78.95,44.543857748941036
11,4,17,5,43.25,50.49426752247802
0,34,17,0,81.0,40.7353460897613
0,39,17,0,68.1,52.30467424015201
0,34,17,0,67.3,47.302052920843884
11,4,17,5,72.6,74.44842792868518
0,39,17,0,80.7,54.90575657673026
0,34,17,0,92.3,61.76449329168779
0,39,17,0,72.9,61.29900832030346
11,4,17,5,74.5,90.48785902859537
0,39,17,0,67.05,46.680859370613
0,34,17,0,69.3,55.300233177389806
0,35,17,0,62.55,37.26360578083492
11,4,17,5,58.2,72.3395502219622
0,39,17,0,66.55,46.64025254964575
0,35,17,0,58.1,47.04857512244799
0,39,17,0,73.5,51.77024140118377
11,4,17,5,67.1,73.22704418450877
0,39,17,0,54.65,30.69763405935554
0,35,17,0,76.4,61.85330693622912
11,4,17,5,64.4,74.8221751537393
0,40,17,0,83.3,49.488010243843284
0,35,17,0,73.45,78.01583847291253
0,40,17,0,62.45,31.7994951962581
0,35,17,0,71.7,49.95798234516682
11,4,17,5,60.35,67.57784984352259
0,40,17,0,68.95,60.15460344636538
0,35,17,0,55.65,48.59421126452256
11,4,17,5,46.6,51.99838054158387
0,40,17,0,81.1,54.317681525593386
0,35,17,0,88.7,49.510339164769675
11,4,17,5,73.75,88.60965552710144
0,40,17,0,79.3,55.7041999739413
0,35,17,0,84.6,67.87635818162315
0,40,17,0,82.4,54.7139932067801
11,7,17,5,77.05,85.21828009974088
0,35,17,0,88.55,37.97571938960333
0,40,17,0,93.3,70.19529149001677
0,35,17,0,84.0,51.5026826076999
11,7,17,5,76.5,75.50496672405067
0,47,17,0,74.45,52.08340982450523
0,40,17,0,109.45,52.70621155843119
0,47,17,0,70.35,34.08082498383728
11,7,17,5,93.7,93.92499807377105
0,40,17,0,89.5,43.989831360871285
0,47,17,0,87.9,50.1575412811316
11,7,17,5,59.35,59.05864614271586
0,40,17,0,89.5,72.96033529470509
0,47,17,0,106.15,69.74938218930312
11,7,17,5,70.45,67.81357960576457
0,41,17,0,85.05,57.22575331181987
0,47,17,0,62.35,31.55992628902072
11,7,17,5,65.15,75.44135052092487
0,41,17,0,76.45,62.05810095980091
0,47,17,0,81.4,47.2177486701101
0,41,17,0,56.0,30.570023156508626
11,7,17,5,56.95,79.35693847553928
0,47,17,0,70.3,56.85077419275651
0,41,17,0,83.6,70.93837206744278
11,7,17,5,67.1,62.61738450386812
0,47,17,0,82.5,30.92520688779028
0,41,17,0,79.25,55.97920196494032
0,47,17,0,61.85,49.85903813964452
11,7,17,5,46.15,51.50807294927047
0,41,17,0,66.25,39.51665205294705
0,47,17,0,71.5,46.97759824471772
0,24,17,0,59.5,48.243352419080274
11,7,17,5,89.65,94.78800445981382
0,41,17,0,98.9,57.41712563155242
0,24,17,0,77.95,39.88071028243578
11,19,17,5,54.05,58.96696220409313
0,41,17,0,78.1,68.38736417604767
0,24,17,0,87.85,71.02132741204166
11,19,17,5,61.65,55.08488664635796
0,24,17,0,61.25,41.77744921794406
0,41,17,0,113.45,84.31299768687724
11,19,17,5,77.3,74.15211960628815
0,24,17,0,75.0,58.397909119023126
0,41,17,0,82.6,49.64547999778556
0,24,17,0,82.85,49.64534747905174
11,19,17,5,77.9,70.40402201429599
0,29,17,0,70.5,36.6670653885817
0,24,17,0,82.85,60.87197523015869
0,29,17,0,72.15,61.1790082678003
11,19,17,5,53.15,59.873792702914514
0,29,17,0,54.8,39.87427610298201
0,24,17,0,67.35,50.26275695624052
11,19,17,5,61.45,78.81789470872583
0,29,17,0,82.95,69.44477169513536
0,24,17,0,91.3,49.02426896312092
0,29,17,0,55.55,41.95420435615356
11,19,17,5,79.55,83.92883890534887
0,24,17,0,73.1,45.086933572237626
0,29,17,0,86.9,54.394175384773256
0,31,17,0,68.9,67.06862157521951
0,29,17,0,69.6,46.12386070479995
11,19,17,5,88.6,114.12984295367964
0,31,17,0,78.4,39.49870084472466
0,29,17,0,83.9,56.53866864926675
11,19,17,5,67.85,71.96729886040713
0,31,17,0,93.7,50.51117645995212
0,29,17,0,53.3,36.93963781773264
11,19,17,5,45.35,49.23549746398746
0,31,17,0,80.9,48.65874725278618
0,29,17,0,100.6,96.36520446498801
0,31,17,0,63.5,55.65542485499032
11,8,17,5,67.25,83.07819715247355
1,14,17,0,88.6,54.11235874013489
0,31,17,0,91.15,56.47102191203443
11,8,17,5,83.9,68.14605058641561
1,14,17,0,75.4,49.52553833496836
0,31,17,0,72.45,50.40517412872778
11,8,17,5,51.0,59.595125198026224
0,31,17,0,63.1,33.01817681217423
1,14,17,0,89.4,63.750665631199894
11,8,17,5,50.25,64.07551055303094
0,31,17,0,73.85,54.2016459256786
1,14,17,0,75.15,36.63945960300179
0,31,17,0,65.1,50.18166996025541
1,14,17,0,72.9,48.26560287671367
11,8,17,5,78.4,74.62213584382812
1,20,17,0,91.9,51.90466970169548
1,14,17,0,68.5,53.176468875859584
11,8,17,5,74.55,82.49432197366518
1,14,17,0,68.85,61.888078096886446
1,14,17,0,67.7,39.60741557361516
1,20,17,0,115.2,90.57454039861892
11,8,17,5,60.4,54.42077776577232
1,14,17,0,61.5,40.444243621376614
11,8,17,5,51.5,57.66920185077355
1,20,17,0,93.45,65.75750907691075
11,8,17,5,31.45,28.490949624860097
1,14,17,0,77.95,54.946361404363685
1,21,17,0,69.6,41.80329878698192
1,20,17,0,104.55,47.70686257596599
11,8,17,5,54.65,76.44211776514994
1,20,17,0,73.55,56.45442968960848
1,21,17,0,95.0,71.81188876795437
11,19,17,5,63.45,61.322679757424
1,20,17,0,71.05,30.422420748693327
1,21,17,0,65.95,37.08805311971129
11,19,17,5,61.95,67.56320627460826
1,21,17,0,67.15,48.69807626158293
1,20,17,0,92.8,81.56792455242118
11,19,17,5,55.15,51.605053812077045
1,21,17,0,78.1,56.35218204340123
11,19,17,5,47.55,45.064252374862086
1,20,17,0,77.25,62.56607034083839
1,21,17,0,83.45,58.41726042694466
1,20,17,0,74.75,40.5227356586788
11,19,17,5,73.45,60.474853408146785
1,21,17,0,72.85,45.202788689008536
1,20,17,0,80.4,58.00127040350972
1,21,17,0,72.5,54.389917796359434
11,19,17,5,69.35,92.87301744005657
1,8,17,0,90.75,74.38794115630358
11,19,17,5,43.25,39.57521153981432
1,21,17,0,83.8,49.799175643145354
1,8,17,0,66.35,45.932759780494706
11,19,17,5,51.05,55.64972691094861
1,21,17,0,73.05,55.89037672557161
1,8,17,0,61.55,34.512354767227166
11,19,17,5,39.85,44.25081028101424
1,6,17,0,82.25,55.82385360738676
1,8,17,0,68.25,49.05300570221006
11,19,17,5,55.85,67.51395567233722
1,6,17,0,85.7,57.75000569605805
1,8,17,0,83.9,61.414810488744656
11,8,17,5,52.45,55.82347648002397
1,6,17,0,71.85,54.00806469992772
1,8,17,0,69.1,56.27086747434937
1,6,17,0,64.9,53.08176413996172
1,8,17,0,67.85,39.10212674253759
11,8,17,5,63.05,75.89013873946163
1,6,17,0,54.3,43.58790271575239
11,8,17,5,29.1,29.23390245300102
1,8,17,0,84.0,60.57357422784991
1,6,17,0,73.25,61.19500753630496
11,8,17,5,49.6,48.9590591584868
1,8,17,0,76.15,35.223011318111205
1,6,17,0,63.15,41.97025889339911
11,8,17,5,39.1,45.46126170476875
1,8,17,0,65.95,44.724272227905395
1,6,17,0,75.8,35.59213396243614
11,8,17,5,61.95,62.05555660263759
1,3,17,0,80.5,81.83069813886924
1,6,17,0,99.35,54.386796965904566
11,8,17,5,66.7,60.341222707985764
1,3,17,0,73.65,48.60720652656136
1,6,17,0,52.9,31.237460642126806
11,8,17,5,50.95,57.23954742547921
1,3,17,0,72.6,50.934839694818336
1,5,17,0,77.05,49.55536510334996
1,3,17,0,77.0,55.4161291360291
1,5,17,0,77.45,47.53112553618778
11,8,17,5,73.45,91.80039846261418
1,3,17,0,77.25,49.385566823985286
1,3,17,0,54.5,37.55347065045702
11,8,17,5,73.15,59.92475545039356
1,5,17,0,102.45,77.80574664204642
1,5,17,0,70.65,42.49368374117189
11,9,17,5,48.55,67.32050207774746
1,3,17,0,96.65,68.98228224086164
1,5,17,0,61.3,36.53563509204332
11,9,17,5,49.4,40.646615706858704
1,3,17,0,67.95,55.79046796532069
1,5,17,0,66.05,43.92035255346947
11,9,17,5,69.7,77.70395912151383
1,3,17,0,90.15,58.27094157106909
1,5,17,0,76.85,67.41800087591787
1,3,17,0,59.5,31.133836729090813
1,5,17,0,70.25,42.65390091372529
11,9,17,5,60.85,62.23577833740941
1,5,17,0,64.35,41.47703867011368
1,0,17,0,93.4,77.03136750017728
11,9,17,5,61.75,58.18923304276542
1,5,17,0,70.25,52.16862840322414
1,0,17,0,60.6,50.50315258528553
11,9,17,5,51.45,68.43319831469918
1,6,17,0,71.3,45.14199818350978
1,0,17,0,67.85,55.3888407913591
11,9,17,5,32.3,25.874392949909293
1,6,17,0,77.55,60.10295990609517
1,0,17,0,65.55,40.088684582796525
11,9,17,5,62.9,64.20108213549379
1,6,17,0,76.2,68.1936870052384
1,0,17,0,89.15,42.9801361708308
11,9,17,5,65.55,72.36128290154821
1,6,17,0,93.25,76.20807734506612
11,9,17,5,35.95,34.02394667537
1,0,17,0,97.45,70.2210607184273
1,6,17,0,76.7,54.38082092255068
12,47,17,6,61.35,55.84119871281606
1,0,17,0,83.45,62.06573340546212
1,6,17,0,71.1,58.18382846407446
12,47,17,6,40.65,40.81443887955134
1,0,17,0,71.35,50.6757234518504
12,47,17,6,65.55,59.57257846747241
1,6,17,0,94.95,75.66371236214262
1,0,17,0,87.2,65.51223268656737
1,6,17,0,46.7,29.783605522077693
12,47,17,6,51.95,45.82859943655043
1,0,17,0,76.8,54.2048745137615
1,6,17,0,67.6,52.069184744914146
12,47,17,6,55.25,53.66845098918868
1,16,17,0,79.75,53.65570063400828
1,6,17,0,83.75,52.020112507213575
12,47,17,6,61.1,55.68133014140189
1,16,17,0,86.3,67.70143433138117
1,20,17,0,81.55,56.796474130743455
1,16,17,0,73.0,44.017938926855955
12,47,17,6,68.5,41.72907606781732
1,20,17,0,82.8,75.42273843930761
1,16,17,0,58.75,58.11954558448791
1,20,17,0,74.6,42.818343339225414
12,47,17,6,70.65,72.96666506375576
1,16,17,0,67.85,51.37199216447974
1,20,17,0,70.15,58.20225624130862
12,47,17,6,48.7,47.11140212863884
1,16,17,0,71.7,48.2069005761405
1,20,17,0,58.4,43.135526937902654
1,16,17,0,71.8,50.67294513269435
12,47,17,6,55.45,46.9103007429016
1,20,17,0,71.7,46.89753668763874
12,25,17,6,39.05,52.294183031646725
1,20,17,0,68.3,45.77645913049977
1,16,17,0,95.9,71.99115442739806
12,25,17,6,52.45,50.791083966837284
1,20,17,0,78.6,73.04605612755199
12,25,17,6,46.0,56.50617106494698
1,16,17,0,101.4,83.27468813637508
1,20,17,0,80.85,42.686464019948005
1,16,17,0,71.55,42.57930681001104
12,25,17,6,68.1,55.76727959730697
1,20,17,0,75.7,46.548333680391316
1,0,17,0,102.25,85.887855277743
1,19,17,0,86.3,52.20415389804269
12,25,17,6,69.45,65.86946820876318
1,0,17,0,66.25,31.326590353211035
12,25,17,6,55.65,55.44392615398391
1,19,17,0,89.2,59.45949527995817
1,0,17,0,83.25,59.67797354397843
1,19,17,0,59.9,42.46596160146197
12,25,17,6,51.4,56.1730409210307
1,19,17,0,68.3,51.667051498283854
1,0,17,0,86.8,68.71726972089867
1,19,17,0,52.35,35.49540370541694
12,25,17,6,62.0,58.7617849322249
1,0,17,0,68.55,47.33472632000183
1,19,17,0,70.0,41.07246484472356
1,0,17,0,85.3,54.87890976360687
1,19,17,0,73.1,49.15485733882258
12,25,17,6,91.9,68.99038834656989
1,0,17,0,83.4,56.32742624484472
12,25,17,6,53.2,50.676060994267665
1,19,17,0,91.8,60.408782909702616
1,0,17,0,67.4,42.713735002862215
12,34,17,6,50.75,65.73621528503143
1,19,17,0,79.95,55.22344563107613
1,0,17,0,82.4,57.779435423814384
1,19,17,0,56.05,37.40176607144585
12,34,17,6,62.05,59.000869752732854
1,0,17,0,83.55,66.32890534458207
1,21,17,0,84.9,66.64193400870846
12,34,17,6,51.05,54.711179459912366
1,11,17,0,51.65,33.238017231382564
1,21,17,0,70.95,51.51134264463149
1,11,17,0,50.1,38.47063131382445
1,21,17,0,57.7,28.14455168365068
12,34,17,6,61.3,66.12993589179285
1,11,17,0,75.5,61.44873772845991
1,21,17,0,61.9,34.248165529050794
12,34,17,6,62.2,59.157772991071575
1,11,17,0,75.75,58.40590723548432
1,21,17,0,76.85,62.189248520776864
1,11,17,0,66.9,41.74219120165818
12,34,17,6,60.55,52.585244077943024
1,21,17,0,60.7,53.30458655095658
1,11,17,0,71.25,55.45303845312907
12,34,17,6,63.3,52.158765726436265
1,21,17,0,94.75,78.78810690373062
1,11,17,0,58.45,40.80824865017779
12,34,17,6,57.75,62.18044624105589
1,11,17,0,60.65,52.153896761109046
1,21,17,0,76.1,73.62558193854548
1,11,17,0,73.55,58.61872792169662
12,34,17,6,52.8,55.25310184195902
1,21,17,0,83.4,56.76396188094214
1,11,17,0,74.05,51.083497180699425
1,21,17,0,82.85,73.95323913762918
1,21,17,0,56.6,36.41052479420578
12,34,17,6,74.3,101.33430862873224
1,21,17,0,66.95,46.13535577657962
1,5,17,0,77.4,68.92513100611798
12,39,17,6,55.25,80.72687871687113
1,5,17,0,67.65,48.31941420871826
1,21,17,0,81.5,60.93007208440284
12,39,17,6,48.6,45.52084542735396
1,21,17,0,79.75,52.281500199955005
1,5,17,0,85.45,53.134858218449565
12,39,17,6,63.25,59.271787022512704
1,21,17,0,74.15,68.25360989103723
1,5,17,0,97.8,67.58589077299305
12,39,17,6,44.15,52.56602364745942
1,5,17,0,71.6,39.658277160870476
1,21,17,0,89.8,71.26570002462616
1,21,17,0,70.65,61.33194840160259
1,5,17,0,77.9,59.60386776570442
12,39,17,6,83.3,86.29087894716153
1,5,17,0,79.65,60.83997560468731
12,39,17,6,57.3,67.38584889707147
1,21,17,0,94.6,68.7569326648134
1,5,17,0,60.35,49.7163268745262
12,39,17,6,59.75,61.94214193397271
1,21,17,0,88.6,75.69008834506808
1,5,17,0,65.15,53.409318130433896
12,39,17,6,36.65,29.62444758534481
1,21,17,0,78.85,63.273237878102506
1,5,17,0,82.4,70.6595991169524
12,39,17,6,55.35,45.19929552315472
1,9,17,0,57.6,39.83439402536985
1,3,17,0,78.2,54.96084730826213
12,39,17,6,62.4,51.906190686458075
1,9,17,0,86.8,72.64158588577207
1,3,17,0,86.6,53.86376577215796
1,9,17,0,64.7,40.646227247724774
1,3,17,0,53.45,37.92440541809179
12,35,17,6,64.7,55.844803744512866
1,9,17,0,72.45,51.62055384192781
1,3,17,0,85.6,66.12699106543728
12,35,17,6,62.25,53.03114774902526
1,9,17,0,85.8,69.46078030082876
1,3,17,0,78.95,48.502278839571844
12,35,17,6,64.25,57.040036723986105
1,9,17,0,68.75,49.740246332956154
1,3,17,0,81.75,51.953293801664834
12,35,17,6,61.95,60.33631620037454
1,9,17,0,96.7,68.99282952826177
1,3,17,0,71.75,64.14282993116962
12,35,17,6,44.05,51.0670096411001
1,3,17,0,69.55,38.874257481485635
1,9,17,0,76.65,62.11049152836207
12,35,17,6,61.35,73.52641845300447
1,9,17,0,59.05,45.69979269790596
1,3,17,0,76.15,47.91799464216252
12,35,17,6,49.05,47.73443532492527
1,9,17,0,74.55,45.19137668090882
1,3,17,0,76.5,47.94239965010644
12,35,17,6,52.35,48.155750599377775
1,8,17,0,68.4,60.660747735166225
1,8,17,0,74.4,76.3319619887543
1,8,17,0,60.45,33.636563752152675
1,8,17,0,67.15,53.472348978356635
12,35,17,6,55.05,53.86286192486286
12,35,17,6,45.9,53.177854512252715
1,8,17,0,92.0,55.67386233564563
1,8,17,0,87.35,64.71010252210277
1,8,17,0,65.85,60.3640490776806
1,8,17,0,81.9,73.68060517495339
12,29,17,6,63.6,63.125939284309396
1,8,17,0,59.75,38.67118470277048
12,29,17,6,22.45,33.536272585774476
1,8,17,0,70.85,60.08088845793425
1,8,17,0,74.55,55.66296604991225
12,29,17,6,41.2,48.46116187759344
12,29,17,6,48.75,40.748102958749406
1,8,17,0,89.45,97.93686204575079
1,8,17,0,86.65,52.03063368925333
1,8,17,0,72.7,54.14318249351728
1,8,17,0,85.5,65.26827229535841
12,29,17,6,66.4,71.01326784852472
1,8,17,0,73.75,51.879288028227506
1,8,17,0,94.6,58.16256709023696
1,8,17,0,66.2,48.84195780377014
12,29,17,6,71.45,71.85253539093289
1,8,17,0,73.25,44.194397120473376
1,7,17,0,78.55,71.65228537876514
12,29,17,6,76.5,63.42380426439604
1,8,17,0,81.75,49.381303728179724
1,7,17,0,72.85,50.6912999905984
12,29,17,6,48.65,50.095986812686334
1,16,17,0,72.05,56.24427456241775
1,7,17,0,89.3,70.83940324869754
1,16,17,0,69.15,43.32286985682711
12,29,17,6,54.45,52.01768423992182
1,7,17,0,59.7,42.34457648737011
1,16,17,0,74.6,54.37336809408386
12,29,17,6,54.0,55.71071899128852
1,7,17,0,65.8,50.63138198889363
1,16,17,0,62.6,41.93654354152863
12,25,17,6,51.2,49.20483502130338
1,16,17,0,57.05,45.3947307398928
1,7,17,0,79.3,60.97031201632825
1,7,17,0,69.3,60.83376832336669
12,25,17,6,62.85,58.412575250269704
1,16,17,0,98.45,77.3858922271332
1,7,17,0,76.05,44.901617600682215
12,25,17,6,50.25,53.70766386554843
1,16,17,0,60.45,30.641346335681114
12,25,17,6,44.3,40.00539437310134
1,7,17,0,78.65,62.47548993089421
1,16,17,0,80.05,48.58034582009477
12,25,17,6,46.95,60.819383163766574
1,16,17,0,77.25,50.06088398403646
1,7,17,0,93.65,90.18418288206233
1,16,17,0,65.25,55.08068244809034
12,25,17,6,51.35,53.707075883909376
1,22,17,0,63.65,47.41560369418711
1,10,17,0,61.6,42.31510866171363
12,25,17,6,58.25,49.06373406091306
1,22,17,0,76.5,56.35554425627573
1,10,17,0,76.65,38.58861981138181
1,22,17,0,74.25,64.6137308203629
12,25,17,6,68.55,61.231635270460785
1,10,17,0,84.85,77.45849482821515
1,22,17,0,79.45,61.572785341714415
12,25,17,6,54.7,42.318466791448714
1,10,17,0,73.5,54.38895011614806
1,22,17,0,73.25,52.38508727129365
12,25,17,6,52.95,50.104601112388664
1,10,17,0,81.95,54.2222279143895
1,22,17,0,84.5,61.99448192761743
12,44,17,6,63.25,60.76345421732583
1,10,17,0,73.45,69.10135576398667
1,10,17,0,72.3,46.304597930158984
1,22,17,0,105.3,68.4529035176741
1,10,17,0,56.5,40.43643484727474
12,44,17,6,94.5,62.40824844268753
1,22,17,0,51.85,47.44778293306398
1,10,17,0,80.5,59.349544404760444
1,22,17,0,74.0,52.33696489802253
12,44,17,6,62.2,101.73370812282944
1,22,17,0,62.5,44.251077893502696
1,10,17,0,108.05,68.58530992014329
12,44,17,6,50.95,52.559214726169365
1,14,17,0,69.35,44.13051814310531
1,2,17,0,70.9,47.62893857177256
1,14,17,0,73.3,43.43428187624682
12,44,17,6,53.2,48.33501509475844
1,14,17,0,68.1,43.44857819731758
1,2,17,0,76.2,48.86350484014791
12,44,17,6,58.95,57.046126304209196
1,14,17,0,54.75,37.27264412407577
1,2,17,0,92.55,60.65387131307578
1,14,17,0,76.8,63.1761114079648
12,44,17,6,68.6,73.81014050999539
1,2,17,0,81.75,53.52606349886204
1,14,17,0,68.0,64.15359857814926
12,44,17,6,61.8,61.675381081748874
1,2,17,0,85.3,70.6116883123169
1,14,17,0,83.5,53.113086899558006
12,44,17,6,53.4,75.10371775786224
1,2,17,0,74.7,50.21857488178946
1,14,17,0,98.5,62.98830300769719
12,44,17,6,46.85,31.417854461235386
1,14,17,0,60.5,46.86655187028939
1,2,17,0,99.3,70.73010227916437
12,24,17,6,56.55,69.05106805835808
1,14,17,0,76.9,43.52119870640175
1,2,17,0,83.35,50.37363031963199
12,24,17,6,32.95,43.60646378933433
1,2,17,0,57.3,50.97791059293282
1,2,17,0,81.15,52.12664234444093
1,2,17,0,60.35,46.05520143205725
12,24,17,6,81.8,94.47951601997346
1,2,17,0,105.95,71.79757729382766
1,18,17,0,72.3,55.69569576112493
12,24,17,6,48.8,45.87121560469737
1,18,17,0,71.25,53.9599022666978
1,2,17,0,80.9,68.70754191345716
12,24,17,6,64.8,62.69861074596218
1,18,17,0,88.9,62.13050780413758
1,2,17,0,91.4,65.15277592341185
12,24,17,6,59.5,56.17688230280457
1,18,17,0,72.55,57.617134695560104
1,2,17,0,73.85,69.69276561413939
12,24,17,6,53.05,64.61584863434699
1,18,17,0,69.95,59.31048988607594
1,2,17,0,57.5,35.03907593109817
12,24,17,6,55.2,48.11127452938765
1,18,17,0,82.25,74.94129281258132
1,2,17,0,110.9,81.8444609578051
12,24,17,6,60.1,52.67766929264489
1,18,17,0,96.5,62.511051654466414
1,2,17,0,90.9,69.37229843009156
12,24,17,6,60.1,50.75316946286524
1,18,17,0,73.5,47.795066911268485
1,2,17,0,82.3,58.82364365313985
12,40,17,6,56.8,64.50018359826991
1,18,17,0,90.85,53.643339705287204
1,2,17,0,79.6,49.8359413739881
1,18,17,0,70.85,28.79194880152216
12,40,17,6,73.25,72.00502540941518
1,1,17,0,70.85,39.78928049242991
1,14,17,0,86.3,56.377580463756765
12,40,17,6,49.75,59.052942348370756
1,1,17,0,81.45,58.613340496942556
1,14,17,0,68.55,37.56324491335982
12,40,17,6,29.05,40.92158740554273
1,1,17,0,80.5,74.65041333124898
1,14,17,0,78.7,61.20380105155149
12,40,17,6,53.0,45.31991545493113
1,1,17,0,70.7,44.07660795048836
1,14,17,0,64.4,47.41019210875942
12,40,17,6,59.45,54.33664557765394
1,14,17,0,57.25,57.92179391667972
1,1,17,0,81.0,53.49766350038102
12,40,17,6,40.7,44.12792408680161
1,14,17,0,55.25,45.18368941856878
12,40,17,6,41.85,52.631064471169694
1,1,17,0,87.7,47.914507197716226
1,14,17,0,90.95,50.10460111238866
1,1,17,0,61.65,56.62366531481524
12,40,17,6,48.35,58.344056658484256
12,40,17,6,33.45,40.45071725341579
1,1,17,0,63.6,51.46322141000052
1,14,17,0,82.5,75.39893898457723
1,14,17,0,58.1,45.42304075663525
1,1,17,0,81.95,49.29126644110924
12,42,17,6,74.3,64.70101276356947
1,1,17,0,62.2,35.45137514963277
1,14,17,0,88.75,84.95192138714945
12,42,17,6,52.55,54.235815511620416
1,1,17,0,61.05,38.13200755271089
1,23,17,0,84.45,59.707598916897105
12,42,17,6,61.2,58.81961720736588
1,1,17,0,89.25,69.10166042639071
1,23,17,0,85.7,72.90592351935832
12,42,17,6,41.7,41.9436965968729
1,23,17,0,73.95,42.98283010936491
1,1,17,0,102.7,70.00909715323093
12,42,17,6,66.45,61.25226096793661
1,23,17,0,70.3,53.4337760321375
1,1,17,0,72.2,67.51420903078575
12,42,17,6,68.5,53.16261052558214
1,23,17,0,96.75,64.41467224165625
1,1,17,0,71.9,66.69640564764933
12,42,17,6,53.25,46.53450898328884
1,1,17,0,53.05,40.103123647863015
1,23,17,0,77.4,44.35668821579993
1,1,17,0,65.35,53.72471253382474
12,42,17,6,61.7,53.42392525333275
1,23,17,0,82.5,66.57366319783632
1,1,17,0,60.45,43.93473029751962
1,23,17,0,56.2,30.445118872454657
12,42,17,6,81.7,81.76995973943899
1,23,17,0,63.95,43.96706303107984
1,1,17,0,100.75,60.5769410706226
1,23,17,0,82.35,57.93851096318906
12,42,17,6,68.0,71.86537120858256
1,1,17,0,78.25,58.191041994632236
1,1,17,0,74.4,52.50002506265066
1,5,17,0,58.95,49.656159844739456
12,33,17,6,56.8,66.01642538832765
1,5,17,0,50.3,28.43663315625037
1,1,17,0,69.15,40.54922284932488
12,33,17,6,43.45,60.69030530401654
1,5,17,0,86.05,53.590528424732895
1,1,17,0,86.9,69.2409218826403
1,5,17,0,63.95,34.99545083217772
12,33,17,6,61.0,56.54993136018916
1,1,17,0,61.25,42.318186957482254
12,33,17,6,51.2,45.75748428859538
1,5,17,0,90.75,64.75530866268802
1,1,17,0,90.2,52.28122335781245
12,33,17,6,57.8,55.41384968437138
1,5,17,0,83.35,83.94689737534895
1,1,17,0,80.7,40.76259895644794
12,33,17,6,70.45,52.33241422815661
1,5,17,0,75.0,43.80098532897946
1,1,17,0,79.25,46.748909359639505
1,1,17,0,63.85,47.34228665013085
12,33,17,6,51.3,53.76567091017328
1,5,17,0,85.65,53.01169185834584
1,1,17,0,70.8,73.77747481090475
1,5,17,0,77.2,40.929464357985175
12,33,17,6,68.3,61.44325580737504
1,5,17,0,51.4,35.7982651740791
1,1,17,0,79.0,57.53076979916235
1,5,17,0,75.0,47.74824328540376
12,33,17,6,66.5,77.41854802918593
1,10,17,0,93.0,43.014073584302494
1,5,17,0,60.75,46.828775454055126
1,10,17,0,63.8,42.20700864723024
12,33,17,6,64.4,69.5931031065579
1,5,17,0,71.15,62.02314932854973
1,10,17,0,75.7,61.540829407885994
1,5,17,0,58.6,41.125481920068665
12,41,17,6,63.75,52.501503737863
1,10,17,0,64.15,52.45276070201794
12,41,17,6,44.55,55.017198268024856
1,5,17,0,88.05,63.87938881822112
1,5,17,0,58.75,33.497643279239185
1,10,17,0,87.6,58.956183551408486
12,41,17,6,49.75,53.26880690867483
1,10,17,0,59.15,40.775734528218976
1,5,17,0,94.85,55.38218885260192
12,41,17,6,59.6,53.294020598740225
1,5,17,0,66.25,50.95702523747469
1,10,17,0,90.65,75.13936175008759
12,41,17,6,63.5,72.58570252140787
1,5,17,0,64.0,48.931746233643494
1,10,17,0,81.05,48.89890215106008
1,10,17,0,68.5,42.83198509721936
1,5,17,0,84.5,58.791782454782975
12,41,17,6,80.25,68.39504060198641
1,3,17,0,54.65,33.06815131783068
1,10,17,0,75.4,41.61528059436063
12,41,17,6,68.55,64.53597527939867
1,3,17,0,83.7,57.36228359250848
1,8,17,0,78.8,63.479462074462774
1,3,17,0,67.8,43.035603375516146
12,41,17,6,66.05,52.39473155515582
1,8,17,0,70.5,51.19570294468082
1,8,17,0,55.25,29.20864147546245
12,41,17,6,45.9,40.895116167041145
1,3,17,0,88.85,67.48432566549299
1,8,17,0,55.85,29.854515659497107
12,41,17,6,64.25,50.099768882752976
1,3,17,0,97.0,65.74672295215456
1,8,17,0,97.3,76.46953297676278
12,30,17,6,62.25,58.9717818336158
1,3,17,0,76.5,55.58634819146837
1,8,17,0,75.5,49.10729391637737
1,3,17,0,69.6,29.58377933936095
12,30,17,6,70.75,62.02111270408353
1,8,17,0,66.6,47.37798733811437
1,3,17,0,57.45,46.569105412788076
12,30,17,6,46.7,49.87468506693868
1,3,17,0,68.3,45.13033756156774
1,8,17,0,85.0,75.42999542971162
12,30,17,6,51.35,57.05608966991212
1,3,17,0,68.65,42.57658733944848
1,8,17,0,71.3,52.92706003747541
2,25,17,1,56.15,41.09203405963125
12,30,17,6,57.85,53.59917026066335
1,8,17,0,85.05,47.237891793057734
2,25,17,1,83.35,55.47334589929796
12,30,17,6,54.6,55.07831744553911
1,18,17,0,72.0,61.536467579032056
2,25,17,1,62.85,39.81308301233865
12,30,17,6,44.05,59.50628007547651
1,18,17,0,74.7,61.560496561042335
2,25,17,1,73.3,71.88301900346585
12,30,17,6,64.0,59.7688530045013
1,18,17,0,70.0,49.87141360275285
2,25,17,1,79.1,48.73440371301529
1,18,17,0,79.2,53.512025210276455
12,30,17,6,58.65,57.811194508730885
2,25,17,1,74.2,92.60987784078009
1,18,17,0,72.95,46.223114518490355
12,30,17,6,63.15,64.1398759291794
2,25,17,1,46.55,34.221376821790024
1,18,17,0,80.55,57.94323447178826
12,40,17,6,49.15,55.596549495355134
2,25,17,1,73.75,50.24662858551334
12,40,17,6,45.5,39.96775015724026
1,18,17,0,92.55,43.48317884084906
2,25,17,1,68.8,51.62170086310601
1,18,17,0,88.75,54.45894155957747
12,40,17,6,67.5,75.06383248521502
2,25,17,1,90.4,56.39559519940131
2,36,17,1,57.45,45.95589991330934
12,40,17,6,52.55,42.657108989808734
1,18,17,0,84.3,66.73679644693773
1,18,17,0,57.45,52.15107103911018
2,36,17,1,75.8,51.53292253756969
12,40,17,6,74.8,74.8659152295482
2,36,17,1,75.5,44.26653720124801
2,30,17,1,91.3,62.32605267546841
12,40,17,6,52.05,50.92871695346659
2,30,17,1,43.2,41.341453644903254
2,36,17,1,70.85,53.32154200794706
12,40,17,6,45.6,40.02025802804848
2,36,17,1,53.15,36.37997569513959
2,30,17,1,59.65,58.778151150164454
2,30,17,1,63.85,42.723437423306166
2,36,17,1,77.25,51.91985220155753
12,40,17,6,55.5,59.500110570441265
2,30,17,1,60.15,46.430791734070525
2,36,17,1,63.65,47.618301435256456
12,40,17,6,56.7,55.39247526324739
2,30,17,1,51.35,27.04825123250747
2,36,17,1,69.9,52.1161657918357
12,40,17,6,53.55,65.6886395689624
2,30,17,1,86.7,38.64289953161546
2,36,17,1,82.8,63.72275475592852
12,30,17,6,42.55,44.02209373532914
2,30,17,1,61.45,46.93609877717845
2,36,17,1,49.2,44.273789323398
12,30,17,6,47.15,45.53110561964609
2,44,17,1,62.8,40.48859488534362
2,30,17,1,90.6,46.54980354981443
12,30,17,6,62.35,54.71579681456382
2,30,17,1,79.6,61.25305577769376
2,44,17,1,81.2,75.4115724750379
12,30,17,6,54.5,67.58581289932938
2,44,17,1,62.95,58.310850303849065
2,45,17,1,96.85,52.3694115219743
2,44,17,1,74.15,37.03948817425163
2,45,17,1,58.45,47.289116362179875
12,30,17,6,86.45,73.47715362793498
2,44,17,1,66.3,56.12495457740513
2,45,17,1,82.4,68.5553176562356
12,30,17,6,61.65,70.89523404662908
2,44,17,1,66.45,58.60076791305725
2,45,17,1,59.25,36.76794227241128
12,30,17,6,62.65,60.57294428164582
2,44,17,1,88.25,54.35543356367178
2,45,17,1,87.7,65.54154969820371
2,44,17,1,73.6,46.39691459796143
12,30,17,6,69.0,43.18625512334853
2,45,17,1,73.2,71.11784142127104
2,44,17,1,80.35,59.72681228111173
12,30,17,6,51.65,46.237686838882055
2,45,17,1,73.15,59.670388495114516
12,30,17,6,58.6,66.17393349109761
2,44,17,1,87.35,63.510691184530835
2,45,17,1,80.15,65.25196105139393
12,35,17,6,41.6,36.13483521187655
2,43,17,1,58.0,47.63346899419622
2,45,17,1,74.45,45.33672265451741
12,35,17,6,36.95,44.07347334430971
2,43,17,1,64.95,59.13185533863683
12,35,17,6,44.45,43.08678512759543
2,43,17,1,71.65,63.79182838280349
2,45,17,1,93.75,69.84786098521934
12,35,17,6,61.55,45.8205596234979
2,43,17,1,73.9,42.72790287634681
2,31,17,1,72.05,49.50435919136181
12,35,17,6,42.75,33.90835171148066
2,43,17,1,74.9,56.53122099661762
2,31,17,1,77.0,64.29455244174433
12,35,17,6,60.85,65.98267316420832
2,43,17,1,63.75,37.43889758835827
2,31,17,1,101.4,74.68276768755752
2,43,17,1,75.45,62.322146946330406
12,35,17,6,60.8,58.28839371697648
2,31,17,1,48.4,33.814353850336836
2,43,17,1,68.4,58.98474379023782
12,35,17,6,71.4,64.17033254508948
2,31,17,1,68.1,56.82929192813009
2,43,17,1,105.3,61.01604620701707
2,31,17,1,75.2,62.29775699265414
12,35,17,6,62.8,52.58336739232083
2,31,17,1,51.45,48.63340307583711
2,43,17,1,64.9,50.813280485363386
12,35,17,6,55.9,58.23536635702433
2,42,17,1,74.2,49.690198122705084
2,31,17,1,80.85,67.80411026199705
12,27,17,6,48.7,89.45807603800259
2,31,17,1,52.95,34.13976690328342
12,27,17,6,46.1,47.34409316794162
2,42,17,1,102.9,70.35915382035083
2,31,17,1,68.6,40.542894763317946
2,27,17,1,69.6,54.79377605838862
12,27,17,6,68.25,66.82882690323957
2,42,17,1,88.2,59.79403244295767
12,27,17,6,42.7,49.48162870144199
2,42,17,1,63.85,50.982220843204374
2,27,17,1,95.55,69.66194687277454
2,42,17,1,59.0,37.89597951178851
12,27,17,6,51.6,48.04208681211879
2,27,17,1,61.85,59.75500419476003
2,42,17,1,76.95,63.97406958250639
12,27,17,6,67.25,61.86051797560805
2,42,17,1,58.25,37.07016817362787
2,27,17,1,98.05,70.45900263721862
12,27,17,6,62.2,54.13005780428039
2,42,17,1,69.45,68.032093819562
12,27,17,6,37.5,29.493085719591257
2,27,17,1,93.35,72.55870581448985
12,27,17,6,39.35,52.771877478744095
2,27,17,1,52.3,37.35618035247067
2,42,17,1,85.7,51.75865043388247
2,42,17,1,61.2,42.672066544261654
2,27,17,1,68.9,55.95853728196298
12,27,17,6,70.0,66.88324469590745
2,45,17,1,64.0,60.38560302449234
2,27,17,1,74.0,48.26898317597032
12,33,17,6,60.95,59.00176179349938
2,45,17,1,51.5,39.724710591506486
2,27,17,1,61.95,49.31688618676056
2,45,17,1,57.45,39.20724288619186
12,33,17,6,68.6,68.26295905502023
2,27,17,1,79.6,64.61741658651937
2,45,17,1,70.4,50.290105754930615
2,43,17,1,52.05,38.635237529325074
2,45,17,1,55.3,46.8717174289234
12,33,17,6,60.1,72.84655827581409
2,43,17,1,57.75,56.3194600377824
2,45,17,1,70.0,57.20415884770691
12,33,17,6,56.75,58.196468512860996
2,43,17,1,64.4,54.45654955534443
12,33,17,6,41.6,43.68234618723052
2,43,17,1,54.55,47.823661837828226
2,45,17,1,89.05,58.495591376840665
12,33,17,6,52.4,56.56891465516338
2,43,17,1,64.9,43.17028705267694
2,45,17,1,63.9,46.667807003611344
2,43,17,1,66.3,51.68843910239606
12,33,17,6,64.45,65.37299861080584
2,45,17,1,84.9,68.71137192327735
12,33,17,6,64.15,77.73184336990994
2,45,17,1,75.15,55.9579494376193
2,43,17,1,87.8,90.27653422445363
12,33,17,6,54.5,52.802013518226246
2,40,17,1,64.0,64.53640343574357
2,43,17,1,77.65,68.11930323839353
12,33,17,6,44.75,34.94488141118961
2,40,17,1,79.65,43.04254321384587
2,43,17,1,84.45,43.698097031913484
12,42,17,6,41.9,57.082488788732654
2,40,17,1,78.0,53.6489564326818
2,43,17,1,56.55,46.83169754276308
12,42,17,6,64.25,41.437175020556246
2,47,17,1,53.9,42.98335050985011
2,40,17,1,61.8,45.57307607741543
2,40,17,1,55.65,39.1747434747924
2,47,17,1,67.25,42.00234955834081
12,42,17,6,70.15,48.11748232465158
2,40,17,1,57.85,36.94273662675363
2,47,17,1,65.3,36.11837263921595
12,42,17,6,58.2,54.82469670158744
2,47,17,1,74.75,45.28491674068228
2,40,17,1,91.2,63.613636406372066
12,42,17,6,59.4,47.87967374465637
2,40,17,1,44.6,33.837693090460675
2,47,17,1,62.1,50.31992385568668
12,42,17,6,50.9,54.55938338901452
2,40,17,1,69.2,55.18924380328967
2,47,17,1,77.1,56.18662511759594
2,40,17,1,56.25,46.36341002853096
12,42,17,6,66.5,55.16720994061218
2,47,17,1,86.75,63.49544119566048
12,42,17,6,59.25,51.271080388563355
2,24,17,1,80.7,63.365356631621914
2,47,17,1,61.15,48.49772105334869
2,24,17,1,74.85,49.014793685172236
12,42,17,6,78.15,54.19096351160209
2,47,17,1,67.2,60.215927251324814
2,24,17,1,79.7,61.760232478428016
2,47,17,1,77.25,53.38526802503911
12,42,17,6,76.55,64.64190835510253
2,24,17,1,58.95,41.91529679321331
2,37,17,1,67.1,45.005145904604476
2,24,17,1,66.0,59.93241807938426
13,5,17,6,77.15,108.38104077743488
2,37,17,1,66.4,50.69142977497852
2,24,17,1,64.3,56.23830872653492
2,37,17,1,70.3,44.844878836883225
2,24,17,1,59.45,56.69537714376441
13,5,17,6,83.75,73.03270716459491
2,37,17,1,46.1,30.929291175705576
2,24,17,1,59.8,54.91294545867457
2,37,17,1,55.35,45.356221647148516
13,5,17,6,53.1,52.627689329957526
2,24,17,1,61.35,44.72639041997465
2,37,17,1,60.35,38.67036809265012
13,5,17,6,43.15,40.9316181993951
2,37,17,1,48.5,37.88695095453814
2,24,17,1,92.55,68.92900619287096
13,5,17,6,67.35,67.76684098319845
2,37,17,1,80.4,76.0971678012291
2,44,17,1,72.65,48.228922311911774
2,37,17,1,47.75,34.82418246291686
13,5,17,6,54.4,62.07838847609911
2,44,17,1,77.45,46.19008209789766
2,37,17,1,62.1,55.01090800923032
13,5,17,6,65.7,77.78655004832811
2,44,17,1,58.65,39.134417481022346
2,24,17,1,87.65,54.425492285567024
13,5,17,6,47.15,52.8157422704533
2,44,17,1,72.05,45.938717760443474
2,24,17,1,59.3,47.10134649991721
13,5,17,6,41.45,40.50272895289377
2,44,17,1,66.5,51.24091703850907
2,24,17,1,60.9,48.87459785808446
2,44,17,1,57.75,40.93881827929652
13,5,17,6,76.65,105.08356323972791
2,24,17,1,94.05,72.11137219606904
13,5,17,6,33.3,47.209610975108156
2,44,17,1,79.2,67.94936195045311
13,5,17,6,39.8,33.407531454669574
2,24,17,1,82.1,52.838283569078165
2,44,17,1,79.0,69.25391875668767
2,24,17,1,67.3,46.68156403820069
13,5,17,6,66.7,93.42663882483018
2,44,17,1,79.25,62.83552046079469
2,24,17,1,69.95,64.55717580074598
2,44,17,1,81.95,68.02126215576389
2,24,17,1,59.1,45.35114459183444
13,5,17,6,80.65,85.77036354801054
2,27,17,1,73.85,46.739226172005615
2,24,17,1,77.75,61.308430775958755
2,27,17,1,46.85,39.26733609771009
13,5,17,6,84.7,79.77276939433722
2,27,17,1,60.25,40.82939472591053
2,24,17,1,86.05,73.1735320281431
13,5,17,6,54.05,78.1055123063128
2,27,17,1,67.65,45.22606956635799
2,26,17,1,75.35,58.51430324468135
13,5,17,6,63.25,64.05004211346657
2,27,17,1,69.3,39.5954542845514
2,26,17,1,71.15,76.21249724843102
13,5,17,6,53.8,51.710326770741275
2,27,17,1,80.95,58.68333844053451
13,5,17,6,26.0,29.367006191159135
2,26,17,1,75.25,64.66991084284138
13,5,17,6,43.15,46.04491514300266
2,27,17,1,85.35,69.75692759409937
2,26,17,1,82.55,58.04578501402782
13,5,17,6,43.35,48.970748519154945
2,27,17,1,59.0,36.90385802110811
2,26,17,1,69.1,39.89446604546339
13,5,17,6,56.6,58.02395149736375
2,27,17,1,71.45,47.92480403825626
2,26,17,1,76.0,52.05766033928148
13,5,17,6,44.6,65.39547706877465
2,27,17,1,90.05,63.5456528804292
13,5,17,6,32.65,39.287436052495806
2,26,17,1,95.95,78.2105626195283
13,5,17,6,34.45,40.40515209462122
2,40,17,1,72.0,54.10905167977176
2,40,17,1,64.85,43.04865668177421
13,5,17,6,66.95,67.7141631768188
2,26,17,1,96.4,60.95071347969776
2,40,17,1,56.2,39.909898521544754
2,26,17,1,76.25,50.939463555954546
2,40,17,1,56.3,46.734524598776915
13,5,17,6,80.25,83.02306274384499
2,40,17,1,68.95,67.1584732279985
2,26,17,1,79.3,56.64580627390744
13,5,17,6,40.5,42.909329129174104
2,40,17,1,70.1,59.4163720127533
13,5,17,6,53.6,59.14513816385124
2,32,17,1,92.2,60.41662371444329
13,5,17,6,61.85,64.3610498426036
2,40,17,1,84.8,60.06540295027535
2,32,17,1,72.0,48.19368816502186
13,8,17,6,54.95,55.92991384901192
2,40,17,1,87.65,66.28032573054668
2,32,17,1,83.2,62.95411863120298
2,32,17,1,52.65,39.60233246719321
13,8,17,6,55.0,65.8163313599612
2,40,17,1,75.15,42.05169124829708
2,32,17,1,60.9,43.234854360561314
13,8,17,6,52.1,44.52072255525628
2,40,17,1,77.35,46.48064113155067
2,32,17,1,64.25,48.364705486977854
2,24,17,1,56.8,40.633924121030745
13,8,17,6,56.05,52.046006975610176
2,32,17,1,70.65,64.72230153347047
2,24,17,1,57.5,37.96050579220461
13,8,17,6,60.8,58.58201628126969
2,24,17,1,55.2,43.575222317275674
2,32,17,1,68.05,51.09585934403358
13,8,17,6,54.6,50.16541060384766
2,24,17,1,58.9,54.54008665771974
2,32,17,1,57.5,51.334301654116125
13,8,17,6,53.45,43.616118459506275
2,24,17,1,59.0,56.29340430655311
2,32,17,1,71.0,44.83302354291979
13,8,17,6,37.3,32.25408990793995
2,24,17,1,67.55,43.84719279257765
2,41,17,1,74.65,47.034449860545955
13,8,17,6,39.75,46.24292264484202
2,24,17,1,73.75,53.4434034135276
2,41,17,1,57.25,43.46065976683304
13,8,17,6,50.95,57.177907953113646
2,41,17,1,70.1,41.7812599643731
2,24,17,1,75.8,53.60734435150703
13,6,17,6,51.65,69.39685644328947
2,41,17,1,55.25,41.519652924216125
2,24,17,1,68.65,65.09286887937394
13,6,17,6,63.1,48.036061015603025
2,41,17,1,88.8,92.55644081770919
2,24,17,1,89.95,56.472140313423104
13,6,17,6,55.25,68.76648127807923
2,36,17,1,53.45,35.1050678602632
2,41,17,1,64.3,55.512066018877476
13,6,17,6,40.1,38.552629782647706
2,36,17,1,60.2,50.01220903571026
2,41,17,1,75.0,58.00544439056878
2,36,17,1,53.2,32.46309645703791
13,6,17,6,64.4,73.61879050751564
2,41,17,1,65.05,53.74155992486536
2,36,17,1,76.45,51.80375418218665
13,6,17,6,54.15,49.88120097317541
2,41,17,1,77.35,63.92370040668962
2,36,17,1,66.6,44.58156333590921
13,6,17,6,38.1,43.30297181973833
2,41,17,1,52.75,47.80098545559826
2,36,17,1,69.85,61.77060704523504
13,6,17,6,70.25,84.18393083318405
2,35,17,1,73.35,51.96787975582407
2,35,17,1,67.4,45.35984776731161
13,6,17,6,63.8,81.11564194667422
2,36,17,1,118.6,88.42743084764923
2,35,17,1,57.6,40.39854088037287
13,6,17,6,52.5,58.47581596379462
2,36,17,1,67.4,55.09169390064264
2,35,17,1,74.3,45.03811251537267
13,22,17,6,38.65,38.947028803640194
2,36,17,1,81.25,63.76756723898872
2,35,17,1,84.95,47.392509956743154
13,22,17,6,48.9,46.94554516166913
2,36,17,1,53.05,30.15831036730218
2,35,17,1,67.25,61.591929580698185
13,22,17,6,53.25,54.50724239662295
2,37,17,1,71.15,40.415311064261935
13,22,17,6,52.5,56.180629739214716
2,35,17,1,68.4,73.51791761554674
2,37,17,1,75.25,58.08240516261086
13,22,17,6,50.3,48.105257399515956
2,35,17,1,76.25,58.06971762685916
2,37,17,1,67.1,42.967429525164754
13,22,17,6,25.65,21.789120897220343
2,35,17,1,66.0,54.6125106160619
2,37,17,1,69.45,51.625651518763824
13,22,17,6,45.45,53.305944173333295
2,37,17,1,65.5,46.84296273609022
2,35,17,1,77.7,68.50363033023179
13,22,17,6,56.6,62.61612370123546
2,37,17,1,67.4,63.023303960560995
2,37,17,1,80.8,66.20589892624055
2,37,17,1,64.1,36.53822799840132
13,22,17,6,72.45,88.85202068015882
2,37,17,1,63.0,39.51948220415104
13,22,17,6,40.55,64.40372251418553
2,37,17,1,94.9,50.96221510512521
2,37,17,1,81.4,54.60036629913759
2,37,17,1,60.25,50.820504564698346
13,19,17,6,70.9,98.75109592996131
2,37,17,1,99.35,65.03624495536883
2,37,17,1,65.6,40.3503081576963
13,19,17,6,54.25,51.87015671746844
2,37,17,1,55.65,28.722400940545928
13,19,17,6,35.05,39.744546133632234
2,35,17,1,74.25,61.74384691270011
2,37,17,1,78.95,75.07433158648763
2,35,17,1,65.3,44.95272370414336
13,19,17,6,59.7,49.17541105706773
2,35,17,1,59.3,46.80317128256656
2,37,17,1,62.1,58.28685867961012
13,19,17,6,55.35,78.73157261426822
2,35,17,1,67.3,37.45748467122074
2,37,17,1,73.25,44.37148800038625
13,19,17,6,56.55,36.78740488121902
2,35,17,1,68.35,53.96224313546024
2,37,17,1,82.35,61.69472808663809
2,35,17,1,66.45,56.86222962472309
13,19,17,6,77.65,78.61985486470556
2,37,17,1,68.15,44.27340296980023
13,19,17,6,45.1,51.18274791578239
2,39,17,1,47.9,34.152752836569256
2,35,17,1,78.0,58.934397069069405
13,19,17,6,42.9,65.1677188410594
2,35,17,1,60.45,50.685277629909976
2,39,17,1,84.05,66.095206450918
2,35,17,1,64.3,49.0671934563636
13,19,17,6,49.2,70.12064790885704
2,39,17,1,77.95,63.28089010618908
13,16,17,6,50.4,60.612140524381495
2,35,17,1,79.85,57.701842531923944
13,16,17,6,39.5,41.998120258687266
2,39,17,1,92.35,67.22802908561907
2,45,17,1,91.0,49.19884465909208
13,16,17,6,63.1,64.79839179290924
2,39,17,1,63.95,67.44079274679227
2,45,17,1,85.3,67.60263152772741
2,39,17,1,65.05,37.62064802598085
13,16,17,6,74.95,81.72899698007079
2,45,17,1,55.8,42.63875183321784
13,16,17,6,41.0,36.80531998159191
2,39,17,1,93.2,73.03467093028308
2,45,17,1,77.6,58.44511595460623
2,39,17,1,77.3,53.12755257025551
2,45,17,1,62.85,44.08636858187395
13,16,17,6,93.75,84.37315300122677
2,45,17,1,93.15,51.7344179439568
2,39,17,1,91.95,85.00308043953775
13,16,17,6,64.25,71.11508463861865
2,45,17,1,75.15,46.969502983599
2,39,17,1,73.65,49.76923061279402
13,16,17,6,63.95,65.05501720204134
2,45,17,1,62.9,36.93792801871525
2,28,17,1,64.6,49.28371141184799
13,16,17,6,50.6,77.86655251133185
2,45,17,1,76.8,49.78543435267197
2,28,17,1,80.7,48.48776297061699
13,16,17,6,39.75,35.19401115321514
2,45,17,1,66.45,35.5830755157265
2,28,17,1,51.5,46.46730599373919
13,13,17,6,78.7,67.50914168115543
2,28,17,1,61.35,57.18784835959472
2,36,17,1,91.05,62.4663909634613
13,13,17,6,52.55,47.47240195490872
2,28,17,1,78.85,60.99376585917786
2,36,17,1,83.5,49.81386406043582
13,13,17,6,60.25,91.07941878556203
2,28,17,1,77.85,50.22085433887317
2,36,17,1,70.55,59.24212139490297
13,13,17,6,35.75,31.42890891821531
2,28,17,1,84.25,64.35908720035701
2,36,17,1,73.35,47.639297135652065
13,13,17,6,51.0,70.17646929067652
2,28,17,1,65.45,45.06308443668019
2,36,17,1,65.45,49.22608957389204
13,13,17,6,49.8,43.16382500976581
2,36,17,1,63.4,51.84430131603056
2,28,17,1,82.8,58.52269015653582
13,13,17,6,35.35,69.76899854444477
2,36,17,1,58.45,42.691642224087296
2,28,17,1,67.6,53.56687900480846
13,13,17,6,51.05,54.71406535223297
2,36,17,1,75.4,70.42158759925823
2,42,17,1,67.0,56.61876200100384
13,13,17,6,69.15,78.38587077300413
2,36,17,1,53.55,39.074119850679466
2,42,17,1,79.9,58.13767688585614
13,13,17,6,41.7,45.148993111113434
2,36,17,1,80.0,69.45426363328679
13,18,17,6,42.8,53.94402557037101
2,42,17,1,78.9,50.01673404182371
2,30,17,1,71.05,55.35195998051207
13,18,17,6,53.85,55.283265765367105
2,42,17,1,82.5,50.0489234333977
13,18,17,6,40.1,42.61689805699143
2,30,17,1,96.85,70.178175494875
2,42,17,1,69.45,53.17743387644999
13,18,17,6,48.35,45.28421939611844
2,30,17,1,76.7,55.947437738235024
2,42,17,1,88.5,73.5187051028512
2,30,17,1,54.3,29.601031276487294
13,18,17,6,66.8,62.427726633536636
2,42,17,1,73.7,42.38060628959529
13,18,17,6,51.1,54.346742506360314
2,30,17,1,86.1,56.68463079549034
2,42,17,1,66.35,43.084097689103466
13,18,17,6,58.0,59.563323225658
2,30,17,1,71.3,54.361460806831076
2,42,17,1,78.35,70.87741456018864
13,18,17,6,47.05,52.11977602246175
2,30,17,1,85.1,77.17710323119088
13,18,17,6,35.1,30.320915136862904
2,42,17,1,78.0,76.28685476886773
2,30,17,1,56.65,37.89080571714907
13,18,17,6,36.35,27.34434416647686
2,27,17,1,70.95,64.34567420948889
13,21,17,6,48.1,57.42262528600414
2,30,17,1,78.25,62.84724588865828
2,27,17,1,73.85,58.48551327600618
2,30,17,1,57.75,42.68227168028283
13,21,17,6,81.35,84.50865729553828
2,39,17,1,84.75,61.079650328161875
2,27,17,1,83.65,65.39537646621429
13,21,17,6,39.1,38.25661277547493
13,21,17,6,31.15,48.18634333720007
2,39,17,1,75.55,57.23862792132416
2,27,17,1,85.3,58.837957673239266
13,21,17,6,66.65,66.66512936824026
2,27,17,1,78.15,70.84324801612136
2,39,17,1,98.35,69.00287942123178
13,21,17,6,52.85,62.978087250123835
2,39,17,1,61.5,44.66424450096638
13,21,17,6,35.65,41.84215326048224
2,27,17,1,89.15,75.1176445738003
2,39,17,1,83.55,63.64744589079009
2,27,17,1,60.15,47.27442281648269
13,21,17,6,50.8,57.29847981817392
2,27,17,1,63.65,29.675925028814003
2,39,17,1,70.15,45.62810191330039
2,27,17,1,53.8,47.10302258711329
13,21,17,6,77.6,109.49328265865637
2,39,17,1,84.55,68.47702265416443
2,27,17,1,76.45,60.645193327123714
2,39,17,1,75.9,46.65427153682264
13,21,17,6,74.35,93.4199770138227
2,42,17,1,74.65,50.8912928133146
13,17,17,6,44.55,36.697160366264974
2,39,17,1,78.05,42.31147038706867
2,42,17,1,78.0,67.90240674751716
2,39,17,1,68.1,57.879093580361214
13,17,17,6,67.55,49.34569250118041
2,42,17,1,61.7,33.79520364598628
13,17,17,6,39.5,47.24237616021402
2,34,17,1,62.3,61.32579091686422
2,42,17,1,82.5,61.53347398816868
13,17,17,6,46.75,36.04511062543712
2,34,17,1,69.55,46.59735140428839
2,42,17,1,71.55,48.465370165337205
13,17,17,6,55.4,56.3423744431732
2,34,17,1,73.15,64.68732487899001
2,42,17,1,77.1,51.46066458956783
2,34,17,1,60.1,41.67783709914848
13,17,17,6,55.35,70.0174978130467
2,34,17,1,56.95,38.12786658765889
2,42,17,1,57.2,56.34723175379417
2,34,17,1,58.0,49.10461442568037
13,17,17,6,71.75,83.31226926765537
2,42,17,1,71.6,59.69166388066348
2,42,17,1,54.9,31.178433842034227
13,17,17,6,48.35,65.19789712462882
2,34,17,1,80.45,49.91832803374138
13,17,17,6,38.75,31.607585698439713
2,42,17,1,70.9,55.149461990981706
2,34,17,1,83.1,57.70150048217756
2,46,17,1,56.4,40.67509259847772
2,34,17,1,75.0,56.88770101098998
13,17,17,6,99.4,85.5394030472753
2,46,17,1,74.4,58.42349923753193
2,34,17,1,66.25,41.017165854515625
13,9,17,6,42.3,44.659059315522626
2,46,17,1,69.55,55.33103725948508
13,9,17,6,24.8,33.24169860755899
3,22,17,1,73.4,57.74572210175081
13,9,17,6,38.9,39.50736107293637
2,46,17,1,85.7,68.2457633155811
3,22,17,1,84.4,67.43136861790816
13,9,17,6,47.0,54.314871473270514
2,46,17,1,83.95,67.93532140747435
3,22,17,1,66.5,51.74685345125115
13,9,17,6,67.5,54.163981040034926
2,46,17,1,87.85,54.34129475628524
3,22,17,1,80.15,79.95543166434398
13,9,17,6,54.05,47.47905355328589
2,46,17,1,64.25,53.377380385722425
3,22,17,1,87.75,46.943274839231
13,9,17,6,61.55,57.6801297538507
2,46,17,1,61.8,41.06810774413901
3,22,17,1,64.65,52.7918205386921
2,46,17,1,69.8,49.690198122705084
13,9,17,6,65.4,79.28190873479005
3,22,17,1,64.7,60.53541807987504
2,46,17,1,70.35,65.00791449791649
13,9,17,6,41.45,55.290119989208314
3,22,17,1,84.8,58.30825526097439
2,45,17,1,75.65,62.119812078205605
13,9,17,6,58.25,56.96155212994667
3,22,17,1,67.3,68.02019823861919
2,45,17,1,74.6,45.25646217305383
13,2,17,6,54.55,59.79832333505857
3,22,17,1,67.9,60.87251561989808
2,45,17,1,80.6,63.585334290558734
13,2,17,6,57.15,63.1575098672484
3,10,17,1,76.7,66.21027110652848
13,2,17,6,57.05,50.66034990632791
3,10,17,1,78.75,60.068272560654286
2,45,17,1,102.4,82.23995699364019
3,10,17,1,56.15,39.455871419519866
13,2,17,6,61.95,69.24515943561079
3,10,17,1,56.1,40.52406692324944
2,45,17,1,87.85,115.05160169520275
3,10,17,1,64.65,61.71434619531985
13,2,17,6,81.85,99.0524980423061
2,45,17,1,73.2,67.38077189415858
3,10,17,1,93.85,61.70837612683166
13,2,17,6,61.2,81.74710682149069
2,45,17,1,81.65,65.32451381574269
3,10,17,1,63.7,42.922328871922524
13,2,17,6,52.6,56.3694579490852
2,45,17,1,64.1,37.45017742913489
3,10,17,1,81.0,69.92477160642376
13,2,17,6,57.8,52.40992272461389
2,45,17,1,82.8,44.631355510860764
3,10,17,1,74.4,56.856606337439146
13,2,17,6,76.25,71.77807538004316
2,45,17,1,89.0,76.1770790226368
3,10,17,1,69.45,64.12444726344317
13,2,17,6,41.95,39.20053034012893
3,14,17,1,73.1,46.4190296730713
13,21,17,6,52.65,58.266425287548515
3,9,17,1,84.4,77.3109919331282
3,14,17,1,72.55,54.10173165824781
13,21,17,6,61.85,63.47255934239365
3,9,17,1,68.3,66.91872525290424
13,21,17,6,35.45,41.81094669052466
3,14,17,1,85.1,95.59943844803142
3,9,17,1,85.75,68.75806172829175
13,21,17,6,64.8,68.21375073600399
3,14,17,1,85.2,62.024273686322104
3,9,17,1,61.85,66.01536902395094
3,9,17,1,61.05,51.73156930886492
3,14,17,1,70.6,66.00749558712413
13,21,17,6,88.1,71.72381238583107
3,9,17,1,64.25,77.68280646998171
3,14,17,1,67.1,66.73900461380966
13,21,17,6,49.1,51.59447134804475
3,9,17,1,57.35,34.07464715807588
3,14,17,1,69.2,56.29303032488031
3,9,17,1,80.9,60.39074519546151
13,21,17,6,75.0,83.09664633171994
3,14,17,1,96.7,67.65477382308386
13,21,17,6,69.05,58.815031197278486
3,9,17,1,81.7,82.2596019031405
3,14,17,1,53.9,54.0154948529635
3,9,17,1,60.2,52.61938806181615
3,14,17,1,64.05,49.06866831824883
13,21,17,6,87.45,77.628314828791
3,5,17,1,54.45,47.46242280949602
13,21,17,6,30.6,27.57649647607065
3,17,17,1,96.7,52.73878029845231
3,5,17,1,70.45,64.14906571088115
3,17,17,1,68.1,50.23408362750072
13,14,17,6,52.85,38.08062775908921
3,5,17,1,61.95,51.31274080012734
3,17,17,1,71.45,51.52155910520934
13,14,17,6,49.8,63.442970661183494
3,5,17,1,53.45,42.59784402747954
3,17,17,1,73.7,63.93425899847601
3,5,17,1,64.75,48.20119566108184
13,14,17,6,60.85,74.20616728519197
3,5,17,1,53.55,49.52242979329244
3,17,17,1,71.45,52.916493299895585
3,5,17,1,44.1,40.80621727655055
13,14,17,6,77.2,75.27535418294902
3,5,17,1,69.15,52.01039875781927
3,17,17,1,94.75,62.24389633995407
13,14,17,6,61.6,66.95670242776298
3,5,17,1,55.75,29.45982992054381
3,17,17,1,56.05,44.75015436609659
3,5,17,1,59.45,53.49911460162584
3,17,17,1,69.95,42.208099746500395
13,14,17,6,75.5,64.11215501800444
3,17,17,1,60.9,43.97954069791998
3,8,17,1,75.5,48.88924109389347
13,14,17,6,42.55,47.33472632000183
3,8,17,1,42.15,33.64250913728986
3,17,17,1,77.8,57.528574135861064
13,14,17,6,52.7,57.94016877689205
3,8,17,1,86.8,66.59666500263872
3,6,17,1,60.35,43.38478389578782
13,14,17,6,41.95,32.3768517048182
3,6,17,1,59.85,42.818189691077
3,8,17,1,73.45,67.4111305817948
13,14,17,6,70.05,75.23050543076539
3,8,17,1,53.15,34.670289115731656
3,6,17,1,98.95,82.58231937699625
13,16,17,6,64.35,69.97990313015062
3,8,17,1,91.55,74.83629502207856
3,6,17,1,73.5,52.10970209693757
13,16,17,6,53.0,64.8958680056791
3,8,17,1,90.85,54.97681329433346
3,6,17,1,82.75,54.48889312221538
13,16,17,6,54.2,54.16504990839524
3,6,17,1,59.35,31.429578760343443
3,8,17,1,79.2,69.88230707486169
13,16,17,6,61.65,58.632912438771385
3,6,17,1,70.0,110.89729720022842
3,8,17,1,75.85,78.48719305519984
13,16,17,6,61.4,77.86722842863932
3,6,17,1,48.0,47.17827332241198
3,8,17,1,67.15,59.83070414005453
13,16,17,6,58.3,47.17950045473028
3,21,17,1,59.9,47.79440619107946
3,6,17,1,100.45,114.93727122125996
13,16,17,6,60.0,85.50838678472607
3,21,17,1,106.4,58.062942253712
3,6,17,1,84.2,56.92710019702484
13,16,17,6,51.9,46.68472081842984
3,21,17,1,61.2,49.41084475039228
3,19,17,1,65.9,52.555634682135704
13,16,17,6,72.7,77.9663220141944
3,21,17,1,65.2,54.93402741854135
3,19,17,1,74.75,51.876244436563695
13,16,17,6,49.6,44.92379512486732
3,19,17,1,55.4,42.01177779723456
3,21,17,1,95.95,65.76471218230223
13,2,17,6,71.0,70.61459518138994
3,21,17,1,67.25,47.90107679264357
3,19,17,1,101.25,77.9904683784803
13,2,17,6,60.35,62.553787381656385
3,21,17,1,103.45,84.11112636831923
13,2,17,6,58.85,54.427426329398536
3,19,17,1,99.0,112.39217054581694
13,2,17,6,50.85,59.03457951868014
3,19,17,1,65.05,56.31908622913027
3,21,17,1,87.8,60.05926897218851
13,2,17,6,42.3,45.3548581509714
3,19,17,1,67.25,56.85704603838055
3,21,17,1,67.3,64.04283106270613
3,19,17,1,62.05,32.38985383694943
13,2,17,6,61.75,69.04451272072318
3,21,17,1,82.75,63.88878082879243
3,19,17,1,78.95,62.9715683547157
13,2,17,6,59.15,57.03856036420496
3,10,17,1,70.45,58.4712930014649
3,19,17,1,50.6,37.57154578443079
3,10,17,1,53.15,42.13296621536708
13,2,17,6,52.3,69.88042418453487
3,7,17,1,74.45,54.17561599484636
3,10,17,1,84.5,66.821443138845
13,2,17,6,64.1,89.16802589552637
3,7,17,1,65.85,62.05962752402767
3,10,17,1,73.15,60.15705322430263
13,2,17,6,62.05,65.08656179516468
3,7,17,1,91.15,109.57490828796432
13,3,17,6,48.1,43.29810984084032
3,10,17,1,89.4,71.07401627510355
3,7,17,1,71.2,46.3403882045389
13,3,17,6,35.45,41.24442546064798
3,10,17,1,50.6,42.645910521532144
3,7,17,1,59.05,57.840502108907444
13,3,17,6,59.1,51.2567325487974
3,10,17,1,69.15,49.29639145542315
3,7,17,1,78.95,60.179971314120955
3,10,17,1,78.25,65.29840410720134
3,7,17,1,42.9,37.100007093204034
13,3,17,6,82.5,93.46065876529067
3,10,17,1,77.5,59.93461349451452
13,3,17,6,34.95,32.466136203743126
3,7,17,1,75.8,61.03200195928275
3,10,17,1,48.5,26.44855980558249
3,7,17,1,64.65,53.66099730324575
13,3,17,6,60.0,49.49853799010527
3,1,17,1,85.45,84.8369798961204
13,3,17,6,61.75,52.597653539818076
3,7,17,1,88.4,67.39155030589204
3,1,17,1,82.3,57.09373640638792
3,2,17,1,71.75,55.319050682572744
13,3,17,6,66.6,63.10342387908249
3,1,17,1,71.35,53.55299883489743
3,2,17,1,74.2,51.440921658273496
13,3,17,6,74.25,82.7811795289879
3,2,17,1,63.55,55.45170966943362
3,1,17,1,81.1,61.163198429327274
3,2,17,1,74.4,53.74442443542154
13,3,17,6,68.15,85.68011192188867
3,1,17,1,76.4,61.50601168734818
3,2,17,1,63.1,44.817642202949266
13,17,17,6,47.2,48.58373130347668
3,2,17,1,68.0,62.6972676312218
3,1,17,1,106.1,79.34793467281997
13,17,17,6,93.85,76.99027621446066
3,1,17,1,74.3,52.30990647850056
3,2,17,1,80.0,78.20620516503655
13,17,17,6,33.2,39.44696639660314
3,2,17,1,67.75,39.081392799616225
13,17,17,6,40.55,31.44832854733384
3,1,17,1,85.7,66.84632808873924
3,2,17,1,73.65,49.4594730429289
3,1,17,1,75.85,59.71182991316668
3,2,17,1,59.1,57.26567815661352
13,17,17,6,88.3,91.10497126652136
3,1,17,1,84.5,72.7920614526496
13,17,17,6,37.45,31.78128380037534
3,19,17,1,81.05,57.200915524509796
3,16,17,1,70.2,52.71432442894436
13,17,17,6,66.1,82.41608172144433
3,16,17,1,58.3,51.453709395206054
3,19,17,1,95.15,87.39340876025399
13,17,17,6,58.8,73.54025034668179
3,19,17,1,67.35,38.52856083478852
3,16,17,1,73.2,56.563518092029675
3,16,17,1,63.9,54.52850534112265
3,19,17,1,75.8,82.58686017572172
13,17,17,6,78.55,88.53811251896582
3,16,17,1,67.9,41.908295875135444
3,19,17,1,55.55,43.82558133039844
13,17,17,6,50.35,42.90169301039173
3,16,17,1,60.35,46.372944698390675
3,19,17,1,55.65,45.321396132162796
14,46,17,7,55.2,42.31660119671835
3,16,17,1,60.45,58.259379186169625
3,19,17,1,72.55,67.49150043952902
3,16,17,1,70.3,67.4982260975486
14,46,17,7,70.3,72.13955772995621
3,19,17,1,75.0,65.688258984548
14,46,17,7,45.1,40.810086472522165
3,16,17,1,76.35,49.40410701018372
3,19,17,1,67.4,47.075974428800215
14,46,17,7,53.45,54.94444562704367
3,19,17,1,71.1,46.61928672488289
3,16,17,1,89.1,66.20295747885716
14,46,17,7,41.65,50.88405292530523
3,4,17,1,70.7,53.25815974052585
3,2,17,1,72.6,59.34856890927487
14,46,17,7,49.75,45.67606190970219
3,2,17,1,69.0,48.29405542583563
3,4,17,1,87.8,57.22494855255098
14,46,17,7,48.45,46.37430663405626
3,2,17,1,77.95,83.63924727190296
14,46,17,7,64.7,57.58755347980563
3,2,17,1,51.8,37.648792529739495
3,4,17,1,121.15,71.35402839658776
14,46,17,7,20.25,18.549719816297976
3,2,17,1,71.1,71.4473674517786
3,4,17,1,74.6,70.86042619121056
14,46,17,7,58.85,52.04681597015881
3,4,17,1,56.85,45.91786144846034
3,2,17,1,66.9,51.85901941549648
14,26,17,7,39.0,48.81436371871663
3,2,17,1,50.8,30.694762111028513
3,4,17,1,78.6,61.13005979488582
14,26,17,7,65.0,62.21693795439512
14,26,17,7,38.55,39.678278559857965
3,2,17,1,106.8,86.41734718641183
3,4,17,1,85.65,93.7877082059601
14,26,17,7,37.95,34.83717766077529
3,4,17,1,57.3,38.0388997571807
3,2,17,1,71.9,55.161867072710365
3,4,17,1,67.35,56.38707858702158
3,2,17,1,66.65,39.90419447679786
14,26,17,7,68.2,69.29160350135847
3,4,17,1,73.55,58.62680813057237
14,26,17,7,39.85,51.250956345377496
3,20,17,1,72.85,60.344864169032206
3,20,17,1,69.1,48.81641225308511
14,26,17,7,50.65,53.698255386734374
3,22,17,1,90.05,74.38765814441618
14,26,17,7,31.9,39.9880245231389
3,20,17,1,75.3,61.37812056596819
3,22,17,1,74.85,54.29866238538575
3,20,17,1,63.2,64.92311242012192
14,26,17,7,77.8,66.54922989787335
3,22,17,1,74.6,66.27168959748396
3,20,17,1,47.2,37.06977773136267
14,26,17,7,60.5,57.48272051577531
3,22,17,1,86.65,59.932659578985195
3,20,17,1,82.65,69.61342505126738
14,34,17,7,35.65,43.00706796256683
3,22,17,1,77.6,68.01346615889656
14,34,17,7,40.9,41.79259566755311
3,20,17,1,85.15,68.18263013870599
3,22,17,1,59.75,37.45576338197255
3,20,17,1,75.75,69.04451272072318
14,34,17,7,71.35,82.03867829775237
3,22,17,1,87.55,69.60979589260785
3,22,17,1,41.35,33.30919740220331
14,34,17,7,52.45,64.59059325352341
3,20,17,1,89.5,105.72830124526982
3,22,17,1,82.85,58.79516181312523
3,20,17,1,71.4,54.10749534613092
14,34,17,7,71.3,68.40983308821835
14,34,17,7,46.55,44.117635810112084
3,1,17,1,69.65,58.02293103864876
3,22,17,1,94.15,71.34812725753841
3,1,17,1,63.3,48.35950894356928
14,34,17,7,48.0,52.81746122757432
3,12,17,1,66.75,59.39863103154022
14,34,17,7,41.95,58.555843791249934
3,12,17,1,53.45,42.03065923572308
3,1,17,1,71.9,51.426902646275266
14,34,17,7,67.05,65.72708726240651
3,1,17,1,91.6,79.64817373265609
3,12,17,1,93.35,88.94426107932634
3,12,17,1,59.95,47.376959756715856
14,34,17,7,69.65,67.93206746061601
3,1,17,1,74.55,73.56592102897989
3,12,17,1,62.7,53.884965191454015
14,28,17,7,48.4,41.77307115456332
3,12,17,1,58.35,36.46378881488925
3,1,17,1,88.0,71.6365093627838
14,28,17,7,60.2,59.01703589910111
3,12,17,1,62.65,41.379215479322596
3,1,17,1,80.05,72.48845643127927
3,12,17,1,85.0,55.056908357577946
14,28,17,7,71.65,81.61093515480695
3,1,17,1,74.7,64.94297093361382
3,12,17,1,56.6,44.819403692691196
14,28,17,7,43.85,45.76746143621896
3,1,17,1,67.55,57.41673605271697
3,12,17,1,74.05,63.69621570185188
14,28,17,7,65.15,65.14621207229489
3,22,17,1,70.5,48.53376469829508
3,1,17,1,104.05,75.6532776623236
14,28,17,7,38.25,31.355138922385677
3,22,17,1,74.7,52.10525784157337
3,21,17,1,72.8,41.73172464810511
14,28,17,7,66.2,66.2138481302101
3,21,17,1,52.9,44.479326954392974
3,22,17,1,80.75,59.65239219626353
14,28,17,7,35.65,35.3304326846447
3,21,17,1,74.4,60.85824772197663
3,22,17,1,60.5,37.20993076274694
14,28,17,7,38.95,45.72742468607928
3,21,17,1,74.8,52.2741759732682
14,28,17,7,69.3,62.89180349909216
3,22,17,1,93.45,106.77545302372195
3,21,17,1,62.75,48.279749486987974
3,21,17,1,72.85,50.37363031963199
14,39,17,7,70.75,59.50928720088903
3,22,17,1,91.3,102.3117526818992
3,21,17,1,75.3,48.371479200041016
14,39,17,7,57.4,59.001694890909704
3,21,17,1,69.7,65.621001131297
3,22,17,1,101.25,102.96134941658549
14,39,17,7,56.15,61.242636506895984
3,21,17,1,42.8,35.028710029285826
3,22,17,1,72.7,50.56741201499971
14,39,17,7,51.55,49.75251911104338
3,21,17,1,81.95,68.16657229865213
3,22,17,1,76.15,66.51891302083705
14,39,17,7,57.9,66.40458132578378
3,6,17,1,68.9,67.68417369238583
3,22,17,1,71.3,41.199259063342645
14,39,17,7,51.5,68.4262953456991
3,6,17,1,74.45,53.02181775358835
3,6,17,1,53.65,43.299781207664076
3,9,17,1,87.25,61.72679619436807
14,39,17,7,65.45,62.079299880751
3,9,17,1,55.2,42.19204215314342
3,6,17,1,88.3,73.13657015978288
14,39,17,7,63.25,66.41010940797302
3,9,17,1,82.25,62.85394515106138
3,6,17,1,76.6,77.6899370304126
3,9,17,1,55.6,51.11123061262409
14,39,17,7,64.4,61.55647813187497
3,9,17,1,61.25,42.37287488849192
3,6,17,1,65.6,61.36722938267022
14,39,17,7,66.05,59.0115733519594
3,9,17,1,63.6,64.10468412148828
3,6,17,1,69.6,59.46285881916012
14,28,17,7,49.7,38.76935849217442
3,9,17,1,71.8,53.14785731186259
3,6,17,1,86.9,97.07831889768178
3,6,17,1,64.1,43.960388868544875
3,9,17,1,98.5,88.04813276958534
14,28,17,7,89.05,90.72194361140848
14,28,17,7,52.7,46.73790302257225
3,9,17,1,80.5,70.37007438123858
3,6,17,1,97.4,80.2118248271741
3,9,17,1,51.9,39.12987820605953
14,28,17,7,47.7,47.67444421887839
3,23,17,1,72.7,52.62588916613491
14,28,17,7,35.3,37.20653592837519
3,22,17,1,70.7,60.48235932463022
3,23,17,1,86.3,56.992243239529394
14,28,17,7,45.35,45.17483579907828
3,22,17,1,74.25,69.47083825909294
3,23,17,1,58.7,45.339769924891606
14,28,17,7,39.85,48.50206181184467
3,22,17,1,86.4,55.241479457302546
3,23,17,1,67.85,43.54824910372402
14,28,17,7,58.85,52.59305037139813
3,23,17,1,66.65,55.1240467157101
3,22,17,1,87.9,70.09159421034286
3,23,17,1,67.25,62.576164118532176
14,28,17,7,72.95,82.5051673022905
3,22,17,1,58.35,50.992543314529925
3,23,17,1,69.95,64.13921946581678
14,28,17,7,60.45,67.91517542222488
3,22,17,1,83.9,73.73772868470351
3,23,17,1,75.8,56.60816381518054
14,34,17,7,41.6,53.2495614017025
3,22,17,1,61.65,63.69687673083476
3,23,17,1,77.05,67.7227125082397
14,34,17,7,51.95,61.82954071690293
3,22,17,1,76.2,59.12128479481374
3,22,17,1,58.55,49.02252436112243
3,23,17,1,69.35,64.67186405230639
14,34,17,7,63.15,63.14584205172224
3,22,17,1,82.4,66.49289633605906
3,16,17,1,96.95,58.50638741557243
14,34,17,7,69.8,72.79068766350758
3,14,17,1,52.8,45.67113565019976
3,16,17,1,75.75,61.65598532434453
14,34,17,7,62.5,75.47568447764101
3,14,17,1,101.65,74.72988199614592
3,16,17,1,91.15,76.06249162089648
14,34,17,7,51.55,61.014644488886944
3,16,17,1,56.4,48.56617839824877
3,14,17,1,86.55,83.66441424241441
14,34,17,7,50.05,53.778762194363445
3,16,17,1,68.3,50.185026074569926
14,34,17,7,64.55,49.94046455530825
3,14,17,1,92.55,86.53838515516196
3,16,17,1,113.6,67.78402233720367
3,14,17,1,68.0,69.45577919192826
14,34,17,7,79.05,81.55429253925846
3,14,17,1,60.2,50.21909890407077
3,16,17,1,75.4,69.90851164200251
14,34,17,7,59.65,66.60589115717998
3,14,17,1,60.4,38.36857266593393
3,16,17,1,59.2,42.65479549766202
14,35,17,7,41.9,53.58996371081358
3,16,17,1,73.1,70.61377530735695
14,35,17,7,50.25,49.994604972094635
3,14,17,1,117.5,83.94202259830732
3,16,17,1,75.7,62.18402231746469
3,14,17,1,61.3,31.752496793663
14,35,17,7,69.7,74.11449179976101
3,14,17,1,52.25,38.605801309347825
3,9,17,1,69.2,53.359357685710364
3,13,17,1,72.2,64.29340639026026
3,9,17,1,90.85,71.70353804674532
14,35,17,7,92.05,81.73672433651326
3,13,17,1,90.1,76.97497884651254
14,35,17,7,34.6,37.266324575525566
3,9,17,1,78.5,58.15813288829544
3,13,17,1,62.95,56.790913839599746
3,9,17,1,60.05,46.469542940001375
14,35,17,7,45.15,43.38842314670925
14,35,17,7,42.75,60.13745220654709
3,9,17,1,74.85,66.91886289026671
3,13,17,1,90.3,54.4987686968585
14,35,17,7,41.15,36.3350997478225
3,9,17,1,63.3,64.94540217103821
3,13,17,1,72.95,55.90355887362487
14,35,17,7,48.45,50.916314209019276
3,13,17,1,58.0,42.428887875076214
3,9,17,1,80.55,79.82907727731398
14,35,17,7,61.5,67.64185873134755
3,9,17,1,72.45,46.42081543082971
3,13,17,1,85.2,69.26957257129949
14,42,17,7,45.2,57.65560181849316
3,13,17,1,71.2,63.63762541469514
3,9,17,1,75.5,66.31860896261955
14,42,17,7,43.7,47.50966660641423
3,13,17,1,59.3,46.2443168627807
3,9,17,1,77.75,59.06898286615494
3,13,17,1,62.15,59.74531472491334
14,42,17,7,60.45,59.70054659011
3,12,17,1,70.85,46.10431535915963
14,42,17,7,36.7,38.849371735081206
3,12,17,1,51.15,55.0399615590441
3,6,17,1,85.7,78.80963072326149
14,42,17,7,41.5,35.54907652957054
14,42,17,7,24.15,24.577000373691273
3,6,17,1,64.85,58.19592588380809
3,12,17,1,80.25,63.306169151446674
14,42,17,7,45.0,48.43226414825469
3,12,17,1,63.8,44.37116180583961
3,6,17,1,73.8,45.70339155905172
3,6,17,1,64.1,44.0321652766176
14,42,17,7,59.75,55.31239035076851
3,12,17,1,90.85,106.00659115555528
3,6,17,1,76.95,56.3909987218005
14,42,17,7,49.9,47.653243110489015
3,12,17,1,60.0,34.118986842488376
3,6,17,1,78.75,61.380500075135295
14,42,17,7,58.55,74.10410529149267
3,6,17,1,55.0,45.18267017574909
3,12,17,1,93.2,94.42713704505881
3,12,17,1,58.85,34.279462932598115
3,6,17,1,82.55,53.49813080846843
14,28,17,7,84.45,84.34857188445676
3,12,17,1,76.0,60.7713575192857
3,6,17,1,59.85,62.31015377254251
14,28,17,7,51.15,58.77546480597065
3,6,17,1,68.4,46.291297351946355
14,28,17,7,53.95,50.90080652861168
3,12,17,1,90.3,73.6428793856577
3,16,17,1,85.1,68.30727787378382
14,28,17,7,53.7,45.195598295222936
3,13,17,1,64.95,51.10512900410599
3,13,17,1,55.95,67.09025735215917
14,28,17,7,41.35,47.121651074638706
3,16,17,1,76.4,58.35409154463807
3,13,17,1,78.4,67.21325057331761
3,16,17,1,69.25,60.34625964077292
14,28,17,7,70.0,59.0387918860847
14,28,17,7,48.85,49.18844001977443
3,16,17,1,81.35,63.62743119127159
3,13,17,1,74.65,87.81276432812808
3,13,17,1,65.7,47.5362465582013
14,28,17,7,51.45,56.394731930151806
3,16,17,1,89.9,63.745299104284825
3,16,17,1,63.25,52.51052526073125
3,13,17,1,93.6,66.52771484205108
14,28,17,7,82.75,59.86289158964579
3,16,17,1,59.5,48.29677988612099
3,13,17,1,77.2,53.30705492956029
14,28,17,7,43.15,47.34339836155672
3,16,17,1,79.3,51.805405123403865
3,13,17,1,74.9,53.05002604295209
14,28,17,7,49.9,63.766762502106054
3,16,17,1,70.55,48.38602995428373
14,28,17,7,46.5,47.45912368610099
3,13,17,1,73.4,62.756337486638294
3,16,17,1,71.15,67.40472808654489
3,13,17,1,60.2,50.82539771247815
14,28,17,7,55.3,53.2680411741066
3,20,17,1,56.65,40.81443887955134
3,12,17,1,66.55,48.43169362481991
14,28,17,7,54.6,61.34835819018777
3,20,17,1,93.4,54.60807728956548
3,12,17,1,80.75,50.54739828798522
14,28,17,7,72.1,71.79788884156179
3,20,17,1,68.65,59.374170354314494
3,12,17,1,74.85,39.58239241725649
14,28,17,7,62.6,58.35318960298662
3,20,17,1,88.35,75.9731773997279
3,12,17,1,81.45,80.56803270985858
3,20,17,1,66.6,57.127189581439104
14,28,17,7,71.45,66.23917985126643
3,12,17,1,73.4,59.341473914251495
3,20,17,1,71.2,57.49196740232041
14,28,17,7,61.65,62.919560175128204
3,12,17,1,95.55,65.84549299206758
3,20,17,1,85.85,83.28408895872136
14,28,17,7,73.95,57.96593827412785
3,20,17,1,58.7,38.74763150656335
3,12,17,1,87.35,110.83238886287992
3,20,17,1,42.2,40.112473450484075
14,28,17,7,53.65,54.52211043527011
3,12,17,1,73.9,58.13315024918861
14,31,17,7,38.45,36.67420576401148
3,20,17,1,78.0,55.31346081532434
14,31,17,7,50.3,43.159557092503306
3,12,17,1,88.95,71.1295889279042
4,40,17,2,60.65,61.43997926945922
14,31,17,7,46.05,52.9373761105864
3,12,17,1,76.45,54.500096571618926
4,40,17,2,70.75,68.10817633889874
14,31,17,7,46.15,38.68397601074636
4,40,17,2,69.35,57.62608601556837
3,3,17,1,79.6,54.61578719130866
3,3,17,1,56.25,36.483413679153024
14,31,17,7,64.6,51.33009787024004
4,40,17,2,70.8,67.54538435280698
4,40,17,2,44.4,33.63644639844984
3,3,17,1,78.8,57.47182376013301
14,31,17,7,65.75,40.17183485714181
3,3,17,1,42.3,29.78537260221251
4,40,17,2,70.3,43.388210865455875
14,31,17,7,39.1,48.43432884356215
3,3,17,1,47.65,41.833347312502035
14,31,17,7,54.15,58.235705271088214
4,40,17,2,85.55,67.59280170332684
3,3,17,1,95.6,83.6171727514592
4,40,17,2,55.65,47.20646142214009
14,31,17,7,52.25,55.28764495084346
3,3,17,1,76.7,47.5041272445159
4,40,17,2,69.75,49.58551889625161
14,31,17,7,47.15,47.38118102991391
4,40,17,2,70.65,41.84089538138243
14,40,17,7,56.2,66.05069823129885
3,3,17,1,98.2,69.73453422199
4,43,17,2,62.15,63.42361755023041
3,3,17,1,73.6,59.059648705890204
4,43,17,2,58.05,47.423595060065324
14,40,17,7,76.7,68.45367238620507
3,3,17,1,64.35,49.341212623504646
4,43,17,2,62.7,35.5203425777695
14,40,17,7,48.9,57.546228556288824
4,43,17,2,62.5,58.773875327841296
3,8,17,1,100.85,86.44272518171849
14,40,17,7,74.2,70.65155416028126
4,43,17,2,71.0,61.40032573203501
3,8,17,1,91.1,50.976671651173724
14,40,17,7,51.2,61.1052586245975
4,43,17,2,60.35,58.54128098143539
14,40,17,7,50.85,47.213150487415774
3,8,17,1,86.1,69.27435919664117
4,43,17,2,76.8,47.05159542012308
14,40,17,7,52.2,54.57259771215432
3,8,17,1,65.95,40.62858081384788
4,43,17,2,75.35,44.33517671935956
14,40,17,7,61.25,51.87522986632648
3,8,17,1,88.3,70.09174438961372
4,43,17,2,93.3,69.8653592351219
14,40,17,7,72.1,57.99355681089881
4,43,17,2,74.8,51.99554636798486
3,8,17,1,92.05,86.62348958203208
3,8,17,1,54.4,35.63912693124023
14,40,17,7,55.6,66.38198867955548
4,43,17,2,66.3,54.302369823250366
14,35,17,7,41.5,46.694415309034895
3,8,17,1,84.15,72.2053176347618
4,43,17,2,91.1,77.40590212774815
14,35,17,7,61.7,64.67660440912724
3,8,17,1,77.9,64.74882644740204
4,43,17,2,59.1,45.996452952488916
14,35,17,7,45.8,48.082823281675566
4,43,17,2,59.75,45.26631720920325
3,8,17,1,88.4,61.982510266585436
14,35,17,7,38.65,47.169654607485455
4,43,17,2,52.55,43.83878960103952
4,38,17,2,56.4,47.95436427095639
4,43,17,2,53.0,30.120809383128083
14,35,17,7,36.15,49.38919016609969
4,43,17,2,59.45,49.61798803702247
4,38,17,2,77.8,57.12737384218938
4,38,17,2,44.8,35.362186167236835
14,35,17,7,72.45,88.89939612606459
4,43,17,2,79.7,65.86117776689166
4,38,17,2,72.2,61.74276006992747
14,35,17,7,68.05,70.2697621575896
4,43,17,2,66.95,54.1114590451967
4,38,17,2,54.0,49.81756190023966
14,35,17,7,48.55,55.64878113764274
4,43,17,2,63.9,77.08156991818882
4,38,17,2,76.5,42.636159597965175
4,38,17,2,43.35,39.91078867463757
4,32,17,2,72.35,47.751853091625776
14,35,17,7,57.6,53.38085602042818
4,32,17,2,48.3,35.937225971495295
14,35,17,7,54.55,55.89790976225743
4,38,17,2,78.8,67.65127298759502
4,32,17,2,78.5,77.74824418393132
4,38,17,2,75.2,43.99832532698202
14,39,17,7,70.25,62.48273445731355
4,32,17,2,62.4,51.52148248929505
14,39,17,7,43.6,41.57732175369797
4,38,17,2,77.45,51.569549358634426
4,32,17,2,62.95,52.58224134879719
14,39,17,7,40.35,41.61765187235365
4,29,17,2,62.9,52.85820157444075
4,32,17,2,75.95,55.09367620602873
4,29,17,2,67.35,57.532851027638294
14,39,17,7,85.2,83.26090887906774
4,32,17,2,85.85,53.698255386734374
4,29,17,2,78.05,53.49714699721944
14,39,17,7,45.65,55.86004597959176
4,32,17,2,70.85,58.28629431747362
4,29,17,2,56.3,46.65336903274257
14,39,17,7,40.4,64.25721339806303
4,32,17,2,64.05,47.22451972395161
4,29,17,2,68.05,43.40685732874352
14,39,17,7,41.95,43.62094499326285
4,32,17,2,75.0,45.90149636363778
14,39,17,7,38.3,41.00333747648509
4,29,17,2,88.1,67.16585912187044
4,30,17,2,54.15,33.91362868414873
4,29,17,2,66.2,49.98378684502027
14,39,17,7,66.05,58.72278765073814
4,30,17,2,61.55,48.44147309681523
4,29,17,2,57.3,44.70617524753329
4,30,17,2,62.55,54.2144620441524
14,39,17,7,59.1,45.090435442797094
4,29,17,2,53.75,48.35055651995616
4,30,17,2,70.7,56.27479570446211
14,33,17,7,65.55,49.33289177137618
4,29,17,2,76.9,61.46363922977894
4,30,17,2,61.8,48.44704108068607
14,33,17,7,50.85,65.56657925947847
4,43,17,2,70.6,56.58193872141254
4,30,17,2,72.7,57.98193911174319
4,43,17,2,57.4,49.34027926445833
14,33,17,7,64.45,69.43567640553908
4,30,17,2,53.4,43.119662141045296
4,43,17,2,66.75,63.59483179928183
14,33,17,7,43.1,43.08363958627451
4,30,17,2,73.05,47.5964118506073
4,43,17,2,62.1,51.97053821258024
4,30,17,2,59.5,55.04878219409247
14,33,17,7,65.4,79.81650007492514
4,43,17,2,52.2,48.84088020242232
14,33,17,7,30.05,28.424368714926725
4,30,17,2,70.6,63.31159368343876
4,43,17,2,79.3,60.15077546859794
4,45,17,2,54.65,44.02902750638373
14,33,17,7,53.7,52.9847048436473
4,45,17,2,57.3,37.42796590223608
4,43,17,2,68.65,53.20593061521975
14,33,17,7,51.35,57.38721203598549
4,45,17,2,69.2,62.86292522959024
4,43,17,2,80.05,74.91572458084941
14,33,17,7,51.85,40.935475542550336
4,45,17,2,61.0,65.284801165033
4,43,17,2,68.95,62.96906090755162
14,33,17,7,44.7,44.155347771726426
4,45,17,2,55.8,43.497852336577914
4,43,17,2,60.45,49.19079396112971
14,30,17,7,61.7,80.77851460043463
4,45,17,2,87.2,68.84658765384779
4,40,17,2,78.65,45.33184659584776
4,45,17,2,61.75,53.295477244667225
14,30,17,7,75.45,63.685473019238934
4,40,17,2,81.3,47.455352978518555
14,30,17,7,52.45,56.47959575671646
4,45,17,2,88.2,65.86876905516077
4,40,17,2,82.8,72.06911887026817
14,30,17,7,41.9,51.332661194050296
4,45,17,2,65.0,57.00784802851362
4,40,17,2,64.2,36.220959329328124
14,30,17,7,38.35,55.99743885120762
4,45,17,2,46.4,44.75359438666704
4,35,17,2,40.0,34.054136467194645
4,40,17,2,86.7,75.37562079695473
4,35,17,2,45.6,28.985295727679794
14,30,17,7,63.05,66.83087452273601
4,40,17,2,72.85,52.14985996852573
14,30,17,7,45.7,51.439386916212264
4,35,17,2,78.5,56.59319282108238
4,40,17,2,69.05,50.43648950595402
4,35,17,2,67.4,60.24109455914799
14,30,17,7,65.6,71.57359113086628
4,35,17,2,64.25,55.81065263342135
4,40,17,2,83.15,74.05778327196874
14,30,17,7,79.1,83.41898054873047
4,35,17,2,65.35,51.62850599793633
4,40,17,2,69.15,50.76600084806034
4,35,17,2,49.6,34.48172666332431
4,40,17,2,48.1,34.78338986536988
14,30,17,7,75.55,77.9388930677847
4,35,17,2,59.45,48.90428352780993
4,45,17,2,73.05,51.05979466839783
4,35,17,2,62.6,56.62471099031625
14,35,17,7,53.25,54.125463411167985
4,45,17,2,69.4,64.65243106106114
4,35,17,2,42.35,30.387454128654028
14,35,17,7,58.6,66.73939892163438
4,45,17,2,67.15,33.58927617088839
4,31,17,2,75.8,56.20039333070824
14,35,17,7,34.0,33.466401061363015
4,45,17,2,61.4,45.98214756551549
4,31,17,2,64.4,57.44232805720516
4,45,17,2,54.4,62.927192682872544
14,35,17,7,70.45,69.79253089279005
4,31,17,2,78.1,59.20872979730714
14,35,17,7,51.75,43.87047322576577
4,45,17,2,87.05,80.01610035355056
4,31,17,2,67.5,67.42286040552683
14,35,17,7,56.25,58.169330859410614
4,45,17,2,84.4,46.02562215480462
4,31,17,2,86.4,71.93520476241468
14,35,17,7,41.6,65.87020730593093
4,45,17,2,52.8,52.757239463314164
14,35,17,7,39.5,33.51119216023208
4,31,17,2,76.45,51.532794872473396
4,45,17,2,62.3,45.650964133474666
4,31,17,2,49.15,46.932510334690065
14,35,17,7,45.7,41.728571557273874
4,45,17,2,62.3,40.263735805966036
14,35,17,7,48.7,51.60691508131955
4,31,17,2,67.7,41.07259298774357
4,31,17,2,88.3,65.79721638648952
4,31,17,2,52.6,42.36607381533384
14,32,17,7,60.65,51.42319259674671
4,31,17,2,68.45,53.34345024659097
4,31,17,2,61.95,55.059274279729905
4,31,17,2,58.4,42.010524997032775
14,32,17,7,51.55,40.930589513159184
4,31,17,2,64.2,76.41548479064616
4,36,17,2,64.8,50.05218329535265
14,32,17,7,52.8,59.06428255455415
4,36,17,2,65.75,56.393238676467696
4,31,17,2,82.25,65.61841445653403
14,32,17,7,75.85,71.9007173670384
4,36,17,2,57.0,56.10797860516715
4,31,17,2,80.65,67.30705366961334
4,36,17,2,52.75,54.34187587564686
14,32,17,7,47.85,58.998907215571194
4,36,17,2,44.1,26.435422806290962
4,31,17,2,78.95,69.86564173280628
14,32,17,7,49.35,36.80714318544274
4,36,17,2,57.05,28.625485516452493
4,31,17,2,70.9,73.27302943174428
14,32,17,7,58.8,54.19030793125474
4,36,17,2,83.35,67.72177990635073
14,32,17,7,61.2,61.526716490523555
4,36,17,2,75.25,49.50372128489566
4,31,17,2,99.15,71.87289585020723
14,32,17,7,35.8,39.34275831177763
4,31,17,2,42.45,41.572352908102154
4,36,17,2,66.55,40.54818446192006
4,36,17,2,41.9,34.47485735247768
14,32,17,7,49.45,57.93505892489952
4,25,17,2,68.9,42.84353418023112
14,33,17,7,39.5,48.08818653484997
4,25,17,2,64.0,41.879526463919156
4,24,17,2,71.6,46.18429899526689
4,25,17,2,62.95,53.38585955100845
4,24,17,2,72.25,46.07188319411994
14,33,17,7,65.7,77.98387147690423
14,33,17,7,48.1,50.087187141917575
4,25,17,2,92.05,80.79700033514793
4,24,17,2,77.0,95.99561393489205
14,33,17,7,46.2,42.093379902057606
4,24,17,2,67.6,49.02888514893408
4,25,17,2,73.7,71.0545379861206
14,33,17,7,58.3,70.81562420524828
4,24,17,2,94.4,70.63948500736159
4,25,17,2,85.15,71.3282073088532
4,24,17,2,65.8,51.076413343146946
4,25,17,2,60.2,57.92699579734187
14,33,17,7,81.1,83.03068551350219
4,25,17,2,59.85,42.29380320417737
4,24,17,2,62.35,63.07745864786948
14,33,17,7,49.2,52.6663779694508
4,24,17,2,66.05,50.20114802629413
4,25,17,2,78.3,68.51899467723493
14,33,17,7,57.3,64.37398951685213
4,25,17,2,42.05,31.337677003887826
4,24,17,2,67.5,62.36437917171696
14,33,17,7,59.25,52.042366344516296
4,28,17,2,68.55,52.35755110673853
4,24,17,2,62.9,58.76438233810466
14,33,17,7,27.1,35.62657198747794
4,28,17,2,77.85,51.288938994269465
15,22,17,7,51.4,56.25262566971289
4,39,17,2,90.9,73.33118816639164
4,28,17,2,65.0,61.37288960890931
4,39,17,2,70.45,71.53171913288023
15,22,17,7,65.75,65.40712579882377
4,28,17,2,49.9,55.15232494980081
4,39,17,2,59.45,40.066359429011484
4,28,17,2,51.5,50.22004213039798
15,22,17,7,54.7,67.17541843639876
4,39,17,2,61.4,40.22489409884329
4,28,17,2,64.5,57.17424889617795
15,22,17,7,31.85,30.217239763872676
4,28,17,2,60.35,55.29373715368724
4,39,17,2,84.35,55.96641380045903
15,22,17,7,55.45,51.7732658099871
4,28,17,2,71.05,63.85631485897398
4,39,17,2,69.9,65.23633149839452
15,22,17,7,72.45,87.7013322829849
4,28,17,2,69.25,64.77887488663991
4,39,17,2,66.05,55.013371580294724
15,22,17,7,49.15,52.68104123176722
4,28,17,2,67.7,49.58681913148844
4,39,17,2,67.35,51.31766393337627
15,22,17,7,43.9,52.039357575224784
4,42,17,2,51.3,53.32334336262517
4,39,17,2,75.0,76.48185199255131
15,22,17,7,40.85,53.26129729431761
4,42,17,2,64.65,54.81094301035342
4,39,17,2,84.75,63.649430476635054
4,42,17,2,68.35,63.62494959154244
15,22,17,7,70.25,71.79200585903111
4,30,17,2,87.4,61.74770398458895
15,17,17,7,51.25,73.22199482611622
4,42,17,2,102.3,76.78822552284542
4,30,17,2,63.35,57.199811372526675
4,42,17,2,60.6,41.80581676979262
15,17,17,7,73.35,79.97188650756557
4,42,17,2,47.45,39.350616928220816
4,30,17,2,84.6,51.649017925141415
4,42,17,2,76.6,64.60030959678134
15,17,17,7,61.7,99.17719389796065
4,30,17,2,72.05,61.71110537266197
4,30,17,2,50.9,41.449906355046274
15,17,17,7,40.2,53.35343919265384
4,42,17,2,62.2,58.737238255596736
4,30,17,2,69.65,39.823657343475205
4,42,17,2,54.85,67.17790598575976
15,17,17,7,43.5,46.92715519543926
4,30,17,2,71.2,59.46392094990745
4,42,17,2,76.9,56.944016829089065
15,17,17,7,60.7,52.61888794359923
4,30,17,2,44.95,42.0131245157861
4,41,17,2,68.85,44.36721762743298
4,30,17,2,69.75,58.82165283384396
15,17,17,7,85.55,102.9800568326856
4,41,17,2,72.65,67.0131762377645
4,30,17,2,57.85,52.496892138587846
4,41,17,2,65.1,48.94561966315807
4,35,17,2,55.0,49.8998997994986
15,17,17,7,72.6,106.90743659820863
4,41,17,2,76.35,55.63724140878075
4,35,17,2,83.0,72.67592086574625
15,17,17,7,51.85,45.16318365543706
4,41,17,2,72.35,61.731400352443686
4,35,17,2,68.3,54.22962872433249
15,17,17,7,41.15,50.19988991390739
4,35,17,2,59.0,48.20024022652519
4,41,17,2,70.05,76.52345701603012
15,13,17,7,63.1,68.39813786323349
4,35,17,2,60.7,55.89284861514744
4,41,17,2,61.1,41.26282894605723
15,13,17,7,51.3,45.18744585786958
4,41,17,2,58.65,50.3924336425723
4,35,17,2,64.0,62.4398658078736
4,41,17,2,64.15,51.2643048072284
15,13,17,7,60.6,67.28368849016903
4,35,17,2,90.35,59.59890055503055
4,41,17,2,47.35,45.08620398163594
15,13,17,7,53.2,86.95709770976296
4,35,17,2,65.8,68.56545086726682
4,37,17,2,69.0,51.552732328425776
4,35,17,2,74.2,58.5127966210901
4,37,17,2,74.55,72.89608682010449
15,13,17,7,76.75,87.23825512866897
4,37,17,2,45.95,42.73969558791181
4,35,17,2,71.65,44.388565383915086
15,13,17,7,60.4,79.43974876729236
4,47,17,2,50.55,37.6891370640345
4,37,17,2,76.65,59.27569396250745
4,37,17,2,55.45,40.15820686917393
15,13,17,7,57.05,71.7858474543335
4,47,17,2,97.3,81.76995973943899
4,37,17,2,78.4,52.334350196847915
4,47,17,2,63.55,63.403864235549555
15,13,17,7,70.95,83.48556446287112
4,47,17,2,59.5,42.97306377867787
4,37,17,2,85.15,73.66729975118932
15,13,17,7,63.4,62.78903692440852
4,47,17,2,49.7,33.362601185979734
15,13,17,7,35.1,48.52660691772471
4,47,17,2,47.1,50.03777520402382
4,37,17,2,88.9,53.989180202586596
15,5,17,7,32.85,28.477645896202052
4,37,17,2,56.35,61.88467627688405
15,5,17,7,19.85,26.41625297146875
4,47,17,2,76.95,65.2319545524802
4,37,17,2,69.4,44.1831118010157
4,47,17,2,83.45,60.04250687287255
15,5,17,7,57.6,82.54529856866152
4,46,17,2,62.7,66.0160267622468
15,5,17,7,43.55,46.86652379504563
4,47,17,2,67.6,68.22748327238966
4,46,17,2,49.15,28.307103441771606
4,47,17,2,41.9,33.27066037975897
15,5,17,7,56.45,66.31223987994025
4,46,17,2,73.3,61.27169862694831
4,42,17,2,68.25,59.089472746621155
15,5,17,7,42.3,48.743258643200036
4,46,17,2,83.1,63.565879626035056
4,42,17,2,73.05,60.186967464988456
15,5,17,7,59.45,87.57882164085105
4,46,17,2,62.4,54.37530399189071
4,42,17,2,88.1,73.52042322769195
15,5,17,7,51.15,48.288905776095525
4,46,17,2,69.15,61.6332745058689
4,42,17,2,45.15,36.15940585212853
15,5,17,7,50.4,58.776472199431346
4,46,17,2,73.5,56.636885879303634
4,42,17,2,64.8,57.88882266442879
15,5,17,7,39.1,51.00454056154939
4,46,17,2,56.85,48.964299561812865
4,42,17,2,65.2,48.20198729251076
15,16,17,7,58.05,68.3947327919644
4,46,17,2,71.2,79.36431652097878
4,42,17,2,79.35,59.15926318889234
4,46,17,2,70.05,43.40443222577742
15,16,17,7,66.1,103.61157220473417
4,42,17,2,103.75,95.16792637504673
4,31,17,2,84.85,69.94605063904609
15,16,17,7,36.0,27.87188736456787
4,42,17,2,65.25,41.00689929113983
4,31,17,2,57.3,44.15534777172642
15,16,17,7,56.25,45.641480440955306
4,42,17,2,57.4,54.40143186970067
4,31,17,2,68.35,51.95572507838816
15,16,17,7,60.7,73.35931756555681
4,42,17,2,73.75,68.41966091702002
4,31,17,2,79.7,55.554714613518385
4,42,17,2,54.65,58.231186254717315
15,16,17,7,70.2,78.4733276846008
4,31,17,2,93.2,66.332178425986
4,42,17,2,81.75,74.59778111558292
15,16,17,7,48.2,58.70497154594768
4,31,17,2,60.6,40.02683310506906
4,42,17,2,73.0,58.94600562334456
4,31,17,2,57.65,52.847621068801
15,16,17,7,67.1,88.49852808767052
4,31,17,2,53.2,41.36817999126229
4,42,17,2,72.35,73.81575569940122
15,16,17,7,39.05,59.21190758622795
4,31,17,2,45.95,43.368039408131686
4,42,17,2,63.0,42.26856490286095
15,16,17,7,64.55,76.88917177887993
4,31,17,2,79.55,58.81950535771544
15,6,17,7,26.55,31.951402242517585
4,45,17,2,51.25,36.60151708101153
4,42,17,2,102.2,75.54127488020252
15,6,17,7,32.0,39.57670766339317
4,45,17,2,73.1,55.63688666608455
4,42,17,2,57.8,54.71033771264421
15,6,17,7,50.85,80.34155705158871
4,45,17,2,66.85,50.25228457755088
4,42,17,2,79.45,65.59242173813743
15,6,17,7,40.4,37.13758204299251
4,45,17,2,48.4,44.846404538156676
4,42,17,2,48.5,38.13618257052784
4,45,17,2,61.6,40.79396240157424
15,6,17,7,46.75,62.08811650007042
4,46,17,2,73.45,63.405524414799935
4,45,17,2,59.95,39.768375428354204
15,6,17,7,60.9,103.97363026014663
4,46,17,2,83.1,54.42029420218741
4,45,17,2,67.1,56.35685172933372
15,6,17,7,44.25,49.492024875890756
4,45,17,2,66.75,53.9599022666978
4,46,17,2,80.55,61.33297816449414
15,6,17,7,52.35,44.333989574354206
4,46,17,2,57.45,29.173663321203723
4,45,17,2,78.5,56.30695946515427
4,46,17,2,61.5,56.61271941887264
15,6,17,7,58.85,55.23183197358109
4,45,17,2,87.85,63.33310018424306
4,46,17,2,64.55,51.85960297816241
15,6,17,7,56.5,60.41740773895167
4,42,17,2,65.8,56.2209925205879
15,10,17,7,40.8,36.65285226210054
4,46,17,2,71.45,64.6305085201946
4,42,17,2,60.1,42.028686944940226
15,10,17,7,47.05,45.26934015307421
4,46,17,2,73.35,51.88375163970438
4,42,17,2,55.2,47.2914813737772
4,46,17,2,66.55,46.47633806572974
4,42,17,2,60.35,39.869887067018915
15,10,17,7,63.1,74.37026853592276
4,46,17,2,65.6,44.70535114561378
15,10,17,7,41.25,42.12871879571488
4,42,17,2,76.25,56.76347509854517
4,34,17,2,51.1,54.31089839259268
15,10,17,7,59.95,54.06183107283149
4,42,17,2,78.05,59.11405122838037
4,34,17,2,74.45,89.70623108088336
4,42,17,2,60.55,37.53521153880923
15,10,17,7,57.1,57.49590374425313
4,34,17,2,82.0,61.594599900008326
4,42,17,2,75.45,63.157676534710795
15,10,17,7,54.0,45.93702783502422
4,42,17,2,54.95,42.657108989808734
4,34,17,2,74.75,44.43667878062706
15,10,17,7,46.55,48.04764630852871
4,42,17,2,49.85,39.49187124886389
4,34,17,2,68.5,66.53412262654562
15,10,17,7,59.95,76.15183931842321
4,26,17,2,79.2,70.06132651958718
4,34,17,2,62.05,55.8310185432699
15,10,17,7,64.9,55.17522327238826
4,34,17,2,82.4,49.188573769460774
4,26,17,2,88.5,67.55309802393654
15,18,17,7,49.7,62.45933413872287
4,26,17,2,62.65,43.989562159077785
4,34,17,2,66.1,53.01131954592339
15,18,17,7,42.8,48.20962996178908
4,26,17,2,75.25,52.96262336482408
4,34,17,2,82.7,69.36106901379794
4,34,17,2,48.8,40.17147456119893
15,18,17,7,66.95,79.07523066841574
4,26,17,2,88.0,70.91655585783084
4,37,17,2,68.05,63.1593431851452
15,18,17,7,52.3,66.20152645719854
4,26,17,2,76.15,68.45995756260504
4,37,17,2,68.45,43.65712698795129
4,26,17,2,56.8,30.747871128703668
15,18,17,7,69.0,91.46296345631124
4,37,17,2,72.1,45.621901480942704
4,26,17,2,65.55,51.29222265863664
15,18,17,7,60.1,50.606739721732296
4,37,17,2,73.55,64.25236018601717
4,26,17,2,73.35,44.27459173932844
15,18,17,7,53.0,41.49825614598636
4,26,17,2,43.1,40.98125373746802
4,37,17,2,60.65,60.30996688162875
15,18,17,7,34.95,31.600258160171315
4,25,17,2,54.25,36.94786511886858
4,37,17,2,62.7,46.41358693994227
15,18,17,7,41.2,43.868943576593175
4,25,17,2,72.3,51.804389165804324
4,37,17,2,66.65,57.801179190302626
15,18,17,7,39.35,34.91384132102158
4,25,17,2,63.3,56.01418993151834
4,37,17,2,64.6,57.42491665324015
15,3,17,7,46.8,46.002974732190154
4,25,17,2,66.1,56.65119499831263
4,37,17,2,69.2,56.232225261808175
15,3,17,7,55.2,62.10059750538891
4,25,17,2,69.25,60.95975808074666
4,37,17,2,72.75,47.623385454052546
4,27,17,2,42.25,31.24078811594329
15,3,17,7,41.3,57.68982396812876
4,25,17,2,85.25,58.65319572215185
4,27,17,2,69.1,53.76939062720585
15,3,17,7,69.4,77.06005860093119
4,25,17,2,88.4,66.12141941355432
4,27,17,2,85.7,54.28104253740313
15,3,17,7,56.2,46.36877352157093
4,27,17,2,35.6,31.576806945004833
4,25,17,2,97.0,70.38615294442359
15,3,17,7,59.8,65.80161572164431
4,27,17,2,93.4,65.30124525289658
4,25,17,2,63.45,61.393017775468145
4,27,17,2,72.8,59.10614893651305
4,25,17,2,67.65,53.72569217795151
15,3,17,7,73.0,70.5310681823788
4,27,17,2,46.25,28.65194950655742
15,3,17,7,52.2,53.6446396988651
4,27,17,2,62.1,70.75004184488255
4,44,17,2,90.9,81.76275049447061
4,44,17,2,66.65,42.430469439332214
15,3,17,7,67.0,75.73360513912183
4,27,17,2,86.3,52.10020709121383
4,44,17,2,58.8,32.883526510845414
4,44,17,2,49.9,28.40292794395454
4,27,17,2,79.9,68.2510073185737
15,3,17,7,79.65,75.63713582486763
4,44,17,2,53.0,45.493782108397134
15,4,17,7,23.55,34.34572677012995
5,22,17,2,66.85,69.54913068433974
4,44,17,2,72.3,47.570557015204706
5,22,17,2,51.5,37.073894915567294
15,4,17,7,38.15,36.58627151211086
4,44,17,2,59.5,59.25990923132825
5,22,17,2,91.45,64.34731008977356
4,44,17,2,56.7,45.46728146932172
15,4,17,7,80.2,94.30108555495056
4,44,17,2,62.0,48.8747055449469
5,22,17,2,76.2,77.09024103709815
4,44,17,2,56.45,39.12527114417564
15,4,17,7,73.9,75.9701464912023
5,22,17,2,74.9,98.41314631908206
15,4,17,7,45.15,52.39252156357312
4,39,17,2,87.55,58.706652541527006
5,22,17,2,73.15,59.24460890419081
15,4,17,7,38.1,34.41067765740898
4,39,17,2,62.65,43.7941055875163
15,4,17,7,29.95,53.19029887805522
4,39,17,2,78.05,48.98278430116786
5,22,17,2,98.0,92.47645504041611
15,4,17,7,37.1,42.05497655012518
4,39,17,2,61.7,63.09816912849707
5,22,17,2,79.25,49.04012857371314
15,4,17,7,69.35,76.2014470093304
5,22,17,2,58.8,49.02587930986311
4,39,17,2,91.0,52.18892804538445
15,4,17,7,48.8,52.93750038836762
5,22,17,2,71.5,57.58060711549917
4,39,17,2,78.65,65.63637871277113
15,10,17,7,24.35,22.625730578492405
15,10,17,7,42.55,43.02933515882539
5,14,17,2,80.1,90.04145244216542
4,39,17,2,103.05,75.75061229559729
5,14,17,2,56.45,52.1793213730053
15,10,17,7,64.5,65.32630646064013
5,14,17,2,47.3,41.87713859425099
4,39,17,2,79.75,68.05560806776826
15,10,17,7,32.1,39.605820943790306
5,14,17,2,57.7,31.26474389030423
4,39,17,2,74.4,54.812983479233615
5,14,17,2,49.35,42.141709554911586
15,10,17,7,51.6,68.7255411037265
4,39,17,2,61.25,51.29365919569602
15,10,17,7,38.2,35.85291590578608
4,46,17,2,44.5,32.15668875333633
5,14,17,2,103.85,86.32208658031239
15,10,17,7,52.75,53.964778962032746
4,46,17,2,51.55,37.08947219048043
5,14,17,2,62.05,52.60925974128809
15,10,17,7,48.25,54.14199168074531
4,46,17,2,83.65,65.86131761432303
15,10,17,7,27.1,40.63560792677952
5,14,17,2,81.15,64.32751314459794
5,14,17,2,50.1,36.42280951040953
4,46,17,2,93.95,62.236793145635566
15,10,17,7,56.3,70.87802717938828
4,46,17,2,49.15,39.41316237529098
5,14,17,2,85.3,70.47216695823589
15,4,17,7,51.7,62.91774078320961
4,46,17,2,80.3,62.10949584149118
5,18,17,2,55.05,32.13536337039568
15,4,17,7,58.8,60.37566606366823
4,46,17,2,59.05,32.545474258901834
5,18,17,2,72.6,50.61765866198329
15,4,17,7,34.0,68.47512033770482
4,46,17,2,75.05,54.753490636142146
5,18,17,2,64.2,45.7850814590356
15,4,17,7,69.3,70.99451424322571
5,18,17,2,79.0,69.12688562194505
4,46,17,2,85.0,70.51838132900639
15,4,17,7,39.2,66.7379794025624
5,18,17,2,85.8,67.4213772127443
4,46,17,2,85.6,69.22685818912225
15,4,17,7,42.2,36.003800968932794
5,18,17,2,69.35,60.930741528048834
5,23,17,2,69.5,65.27230411292777
15,4,17,7,54.3,72.07824695572532
5,23,17,2,58.3,48.1282278480049
5,18,17,2,76.25,59.00122657065788
5,23,17,2,57.25,50.182692550110815
15,4,17,7,55.05,58.37309672317061
5,18,17,2,95.1,63.52695242344407
5,23,17,2,63.35,53.49891784444164
5,23,17,2,45.95,39.72467746879765
15,4,17,7,87.8,94.20224603423603
5,18,17,2,70.7,63.8238529902913
5,18,17,2,48.95,31.855719142804844
5,23,17,2,95.4,73.71666954238405
5,1,17,2,50.8,45.629630262525
15,4,17,7,103.5,106.8203114925641
5,1,17,2,75.1,83.97299064517553
5,23,17,2,99.75,90.44618929449011
15,10,17,7,51.9,52.32781287231485
5,1,17,2,60.6,51.48673820049505
5,23,17,2,72.1,75.98192305791521
5,1,17,2,45.25,36.702036369719465
15,10,17,7,76.7,95.92107501263186
5,1,17,2,76.3,61.811342852773855
5,23,17,2,85.55,110.87758778799353
15,10,17,7,61.8,70.96819154048042
5,1,17,2,67.6,69.23522072958015
5,23,17,2,80.05,63.02754201641993
5,1,17,2,66.8,62.208985643047114
15,10,17,7,68.8,74.5467709068044
5,19,17,2,63.25,54.68365963959387
15,10,17,7,41.25,50.33662996059107
5,19,17,2,63.15,38.8753405806709
5,1,17,2,106.0,66.1338355951499
15,10,17,7,38.65,38.241992625907976
5,19,17,2,77.8,57.39392962583009
5,1,17,2,77.65,79.12367068809367
5,19,17,2,61.55,50.58237159119245
15,10,17,7,56.2,85.21156333688398
5,1,17,2,66.85,80.8365960636511
5,19,17,2,52.8,40.57948665079568
5,17,17,2,64.45,53.55909181259027
15,10,17,7,71.35,91.55399614722621
5,19,17,2,62.75,68.80703375917932
15,10,17,7,29.7,26.948488874732455
5,17,17,2,50.8,63.20609564208021
5,19,17,2,71.95,63.964196399647136
15,10,17,7,52.3,60.156025204638084
5,17,17,2,68.45,91.93846626384067
5,19,17,2,78.95,71.27594633756742
5,17,17,2,60.6,42.19553480991486
15,22,17,7,55.65,66.82992947537959
5,19,17,2,52.15,42.47386193140931
15,22,17,7,41.45,49.9762838491261
5,17,17,2,66.8,70.2241523903804
5,19,17,2,79.65,68.76219509064708
5,17,17,2,54.05,42.39348882478113
15,22,17,7,36.5,48.65398777403338
5,17,17,2,59.65,34.23644564680036
5,16,17,2,72.85,52.517941796364376
15,22,17,7,56.3,79.88023930596945
5,16,17,2,52.25,45.76355134360693
5,17,17,2,56.75,39.61907435354313
15,22,17,7,42.45,76.75694722543635
5,17,17,2,63.75,67.58921978820992
5,16,17,2,87.2,79.5980692704223
5,17,17,2,57.1,54.38933719029862
15,22,17,7,59.8,55.87636728575535
5,16,17,2,86.05,60.49486711588365
5,13,17,2,71.35,59.1005165174686
15,22,17,7,51.3,65.27601316515005
5,16,17,2,58.2,43.13333062176297
5,13,17,2,80.85,69.69578632585294
15,22,17,7,63.05,60.817652388967325
5,13,17,2,50.85,45.45011724841573
5,16,17,2,89.05,66.63449004200373
5,13,17,2,56.2,59.324797335914845
15,22,17,7,64.55,68.61139616864335
5,16,17,2,90.95,75.2465946073309
5,13,17,2,60.6,58.71823889514542
15,22,17,7,62.7,63.77435551264028
5,16,17,2,60.1,73.27302943174428
15,18,17,7,37.7,47.39320404312926
5,13,17,2,81.8,77.48113522522416
5,16,17,2,76.3,59.01569817920438
15,18,17,7,39.7,37.99875344215774
5,13,17,2,77.05,65.7503051824016
5,16,17,2,60.6,65.34717003496743
15,18,17,7,53.9,75.99231263060342
5,6,17,2,74.85,63.73982890998127
5,13,17,2,96.35,72.07618410952034
15,18,17,7,81.4,86.1641029175082
5,13,17,2,80.35,62.442626297645184
5,6,17,2,90.15,78.18013948904361
15,18,17,7,45.3,35.56476671621716
5,13,17,2,83.15,87.7312133135846
15,18,17,7,43.8,50.70824701948859
5,6,17,2,89.9,84.51216044545242
5,7,17,2,65.5,63.04259211876231
15,18,17,7,44.55,32.88012517584061
5,6,17,2,61.65,48.57037758703723
5,6,17,2,55.1,57.14331014858032
15,18,17,7,46.05,40.85980523950801
5,7,17,2,91.35,63.89240544606386
15,18,17,7,61.55,62.52450046097719
5,6,17,2,97.25,70.02396206412413
5,7,17,2,80.45,62.909688819516674
15,18,17,7,50.5,48.4632253417611
5,7,17,2,60.75,41.61461661230912
5,6,17,2,81.75,104.3404725431427
5,7,17,2,55.0,38.506322105665504
15,23,17,7,61.2,66.23133302058936
5,6,17,2,61.8,42.10088135094461
5,7,17,2,70.75,51.159065667777796
15,23,17,7,65.5,65.78793682415453
5,6,17,2,59.6,51.72945816558745
15,23,17,7,48.5,50.33832901895982
5,7,17,2,79.35,83.27397710664415
5,6,17,2,94.8,82.08121780157427
5,7,17,2,82.3,59.47055883730245
15,23,17,7,74.65,109.89194453500316
5,14,17,2,70.7,83.25743210068396
5,7,17,2,73.1,64.44981727955806
5,14,17,2,75.75,60.18207024477779
5,7,17,2,59.6,46.969643051880354
15,23,17,7,77.65,89.2997760355534
5,14,17,2,55.95,50.29123079361692
5,9,17,2,72.15,59.04438562373404
15,23,17,7,55.35,72.1046571238458
5,14,17,2,74.95,68.4816341110981
15,23,17,7,47.9,52.88607417936467
5,9,17,2,77.75,81.46996540540505
5,14,17,2,86.5,63.29837446985756
15,23,17,7,48.65,57.314712908549694
5,9,17,2,67.2,60.411396624356094
5,14,17,2,65.15,55.29659264271837
5,9,17,2,62.4,49.92457468917224
15,23,17,7,54.65,54.37615092550855
5,14,17,2,55.0,45.91869244424839
5,9,17,2,51.2,39.03655506802499
15,23,17,7,52.4,54.0559164686268
5,14,17,2,72.5,62.16150441856236
5,9,17,2,78.05,75.9435212579232
5,14,17,2,49.9,40.2111532053641
15,18,17,7,78.55,95.85761095994084
5,9,17,2,57.55,37.250891900307856
5,14,17,2,60.4,62.10381800281135
5,9,17,2,61.3,65.3791371841765
15,18,17,7,66.15,55.55582777711084
5,15,17,2,67.35,59.89840082216413
5,9,17,2,56.55,54.88310544382392
15,18,17,7,48.95,77.62221263747152
5,9,17,2,58.95,50.696698740232534
5,15,17,2,92.3,76.55551821012678
15,18,17,7,37.35,59.02298838499061
5,11,17,2,67.55,63.33409740998006
5,15,17,2,69.1,42.77099361409368
15,18,17,7,58.7,80.78568137850588
5,11,17,2,77.8,73.88298002139672
5,15,17,2,89.5,74.73215329991574
5,11,17,2,69.0,48.30713143386203
15,18,17,7,77.4,87.83681041088579
5,15,17,2,68.7,52.89821407790228
5,11,17,2,67.8,50.43661994601688
15,18,17,7,51.75,54.568040579001725
5,15,17,2,81.0,69.57086504534706
5,11,17,2,71.35,73.00560540843854
15,18,17,7,54.4,51.05147041544394
5,11,17,2,55.95,39.34526655139091
5,15,17,2,75.15,73.67372951773672
15,18,17,7,41.35,46.491963085881274
5,15,17,2,57.95,44.33541414454613
15,18,17,7,36.75,44.71061924961687
5,11,17,2,74.0,71.09519193158897
15,6,17,7,40.75,44.394019274767416
5,15,17,2,63.75,59.398631031540205
5,11,17,2,83.65,59.28989884679479
15,6,17,7,69.15,55.361277555991954
5,15,17,2,88.3,68.1508388950955
5,11,17,2,87.45,69.00837096438296
5,11,17,2,56.9,47.66539073252426
5,12,17,2,73.85,83.14557620285798
15,6,17,7,70.1,74.20306420116425
5,12,17,2,38.0,33.178940689285994
5,12,17,2,68.3,45.961196448171016
15,6,17,7,46.4,68.74391839129825
5,12,17,2,61.35,52.43971476095695
5,12,17,2,61.85,54.80422092849187
5,12,17,2,56.4,48.61059013923006
15,6,17,7,66.9,73.6691751577351
5,12,17,2,66.8,47.61092311644461
5,12,17,2,78.6,55.46207808280499
15,6,17,7,58.1,72.02404569235706
5,12,17,2,73.25,56.06187840704515
5,12,17,2,56.4,39.92150192301729
5,12,17,2,60.3,40.58143210359816
15,6,17,7,59.7,55.75331002682592
5,12,17,2,78.35,50.5998491780569
15,6,17,7,48.95,67.59358035540917
5,12,17,2,84.8,71.03564709281346
5,12,17,2,65.95,49.66675791820183
5,12,17,2,49.1,48.32989703453154
15,6,17,7,56.75,57.978103852366445
5,12,17,2,75.4,69.13632604461542
5,12,17,2,71.6,56.08677487420251
5,12,17,2,63.8,48.7232787765442
15,6,17,7,85.85,93.19152604349705
5,12,17,2,59.6,65.86701115045936
5,15,17,2,64.4,79.06186784644301
5,15,17,2,57.4,52.02974857561879
5,12,17,2,60.75,75.20979429499017
15,22,17,7,73.3,103.2723022937546
5,15,17,2,70.35,56.33665255455485
5,19,17,2,82.3,58.86568118226979
15,22,17,7,57.55,49.872970213280226
5,19,17,2,54.05,49.72924057756214
5,15,17,2,80.55,63.98887650044712
15,22,17,7,59.1,59.326837807273414
5,15,17,2,65.5,53.112095956025925
5,19,17,2,69.0,84.72866910568732
15,22,17,7,38.3,36.67223243244059
5,19,17,2,62.65,47.051231876037335
15,22,17,7,24.5,16.77247117969455
5,15,17,2,89.45,78.81188462341665
15,22,17,7,52.2,52.40992272461389
5,19,17,2,86.45,55.235834097269255
5,15,17,2,73.85,75.96347806676575
15,22,17,7,59.6,62.20543215406259
5,19,17,2,81.85,58.35488073214749
5,15,17,2,64.2,47.13541522487155
15,22,17,7,38.9,33.78710436028266
5,19,17,2,56.65,51.42626300165888
5,15,17,2,70.5,71.04372263835693
15,22,17,7,44.8,49.17915690294223
5,15,17,2,53.75,55.352340320417966
5,19,17,2,84.35,90.45165908693409
5,0,17,2,56.35,30.589428858589965
15,22,17,7,66.85,72.4621679876726
5,19,17,2,44.2,40.76324453798002
5,0,17,2,57.65,46.12143582007463
15,20,17,7,54.85,65.43158339260297
5,19,17,2,71.05,73.9241965942496
5,0,17,2,57.2,50.22433882617386
15,20,17,7,69.85,74.59382999742144
5,0,17,2,58.4,75.93653860123493
5,20,17,2,84.35,102.99068685540149
5,0,17,2,68.25,68.48962656759359
15,20,17,7,67.55,85.59726692636372
5,20,17,2,88.45,63.008332782259835
5,0,17,2,66.0,48.33000593507319
15,20,17,7,65.6,66.44459504373788
5,0,17,2,62.05,51.70612811080063
5,20,17,2,91.2,72.87090243061787
15,20,17,7,42.85,56.90460623294318
5,20,17,2,57.45,46.98765235340249
5,0,17,2,71.0,85.26552953166825
5,20,17,2,77.25,56.53864537688033
15,20,17,7,69.35,88.99513588127338
5,0,17,2,68.45,60.394732255475105
5,20,17,2,62.15,51.03793738614031
5,0,17,2,59.7,38.380504919747175
15,20,17,7,40.15,63.346395236616935
5,20,17,2,49.4,39.3076930999786
5,20,17,2,62.55,59.065953324273565
5,20,17,2,48.9,40.83329394913962
15,20,17,7,80.85,81.5199523526538
5,20,17,2,80.25,69.7551167713844
5,20,17,2,53.3,44.24108592937708
5,20,17,2,69.95,43.3158230478862
15,20,17,7,61.35,80.75973136734865
5,20,17,2,70.55,69.75330590165979
5,20,17,2,78.6,66.4936878682164
5,18,17,2,70.05,45.65600784816363
15,20,17,7,79.9,78.83353547691156
5,20,17,2,63.0,56.52479660802812
16,42,17,8,48.6,49.20141204648929
5,18,17,2,85.7,82.34401521728985
5,20,17,2,82.15,91.13568542505584
5,18,17,2,88.55,73.54445486986263
16,42,17,8,72.05,79.04127835637861
5,20,17,2,93.15,76.02996293013625
16,42,17,8,56.05,56.36952797576476
5,18,17,2,88.6,66.18109127315189
5,20,17,2,52.4,37.97561544492798
5,20,17,2,49.4,26.845366158995233
5,18,17,2,65.65,60.772461734433286
16,42,17,8,69.1,65.83384188122479
5,20,17,2,61.8,48.19543546851714
5,18,17,2,56.95,56.89554140333799
16,42,17,8,75.3,79.61162306042874
5,18,17,2,63.75,63.01451378348024
5,20,17,2,85.45,74.05010750196539
5,18,17,2,46.75,42.964948994561404
16,42,17,8,33.5,26.087908068076693
5,20,17,2,67.85,47.24323956092053
16,42,17,8,36.9,57.0188334537024
5,18,17,2,70.15,53.68845313472907
5,20,17,2,58.55,52.474028663811644
5,18,17,2,46.1,47.04298146656054
16,42,17,8,42.55,54.89269436579736
5,20,17,2,81.4,46.47625313278985
5,10,17,2,70.2,63.10859479375298
16,42,17,8,37.3,35.31080049473457
5,10,17,2,63.45,42.95465785661605
5,20,17,2,79.55,69.6423003640747
16,42,17,8,60.0,68.16543343799314
5,20,17,2,61.3,45.07782743562282
5,10,17,2,81.4,81.38692511053215
16,33,17,8,64.75,74.05607761405506
5,10,17,2,60.3,65.9578015017736
5,20,17,2,77.9,89.25593006983671
16,33,17,8,51.6,72.12299436233548
5,10,17,2,74.05,60.002171013354086
5,20,17,2,80.9,75.33566989079434
16,33,17,8,31.25,36.83373025109629
5,10,17,2,53.6,42.3101331647757
5,20,17,2,49.9,44.05725939346611
16,33,17,8,74.75,102.7331110463572
5,10,17,2,86.8,72.81599014675713
5,20,17,2,78.95,77.76311871047191
5,10,17,2,61.7,61.24678294451581
16,33,17,8,42.95,51.39063502644283
5,16,17,2,53.55,50.71019309971641
5,16,17,2,54.4,41.70371686073077
16,33,17,8,42.65,38.97809776352815
5,10,17,2,67.6,56.23297403144398
5,10,17,2,80.95,74.8433275864357
5,16,17,2,108.15,84.70274649123188
16,33,17,8,89.9,82.8295014821982
5,21,17,2,63.9,54.57867329779434
5,16,17,2,56.4,47.47564472553546
16,33,17,8,65.3,72.67744166050282
5,21,17,2,62.4,70.53360527921573
5,16,17,2,75.7,45.47191151515521
16,33,17,8,51.2,47.216856936346026
5,21,17,2,85.95,69.3636299359739
16,33,17,8,32.9,34.021510223603194
5,16,17,2,104.1,69.50645558810385
5,21,17,2,70.2,44.65257698698864
16,28,17,8,50.6,64.04143395613418
5,16,17,2,68.15,47.08254230045022
5,21,17,2,83.25,69.30320490804385
5,16,17,2,67.7,66.13709843555041
16,28,17,8,71.05,61.9893666603182
5,21,17,2,71.35,92.80839061432461
5,16,17,2,77.4,50.40405163330257
16,28,17,8,70.15,63.495772756103506
5,16,17,2,80.05,68.07308379118803
5,21,17,2,83.2,93.657045144843
16,28,17,8,57.8,65.70316022200069
5,21,17,2,59.7,62.41212770135726
5,5,17,2,92.55,78.62735227842657
16,28,17,8,52.15,53.00374862612127
5,21,17,2,53.1,35.68856517444385
5,5,17,2,62.05,44.96838070420031
5,21,17,2,49.4,44.34956832401321
16,28,17,8,59.1,65.303260174923
5,5,17,2,46.3,36.71956312089611
5,6,17,2,84.25,89.60138333048683
16,28,17,8,49.6,65.00801570009008
5,5,17,2,73.55,59.52927187969223
5,6,17,2,66.75,67.40831980510542
16,28,17,8,43.75,38.90186709089803
5,5,17,2,69.25,57.05848799811978
5,5,17,2,60.4,59.37605400726528
5,6,17,2,78.0,63.25387443927009
16,28,17,8,85.4,65.13015309444054
5,5,17,2,69.15,52.647062196239744
5,6,17,2,64.6,68.7814234406814
5,6,17,2,80.35,55.95888998560508
16,28,17,8,79.0,101.47387530010398
5,5,17,2,86.5,75.9428455450129
5,6,17,2,72.55,75.22350906325411
16,40,17,8,62.85,75.40925184059245
5,5,17,2,100.4,83.57247091439167
5,6,17,2,53.3,46.243178728839226
16,40,17,8,45.55,43.88798540782995
5,5,17,2,63.55,53.96926513254899
5,6,17,2,75.2,64.03748902010446
16,40,17,8,63.35,56.99794548467238
5,7,17,2,81.95,59.210129823233885
5,6,17,2,70.9,58.535549252704456
16,40,17,8,31.55,31.811078838073147
5,7,17,2,40.75,32.10488567508886
5,6,17,2,62.35,44.157940217026955
16,40,17,8,29.5,41.849982707661646
5,7,17,2,54.95,47.4790535532859
5,23,17,2,49.2,48.66166761154864
5,7,17,2,44.45,37.30172142210908
16,40,17,8,62.5,61.99702879128457
5,7,17,2,63.0,76.70380488744041
5,23,17,2,99.2,87.8093628864617
16,40,17,8,46.4,53.62579897576794
5,7,17,2,55.4,45.96268509402635
16,40,17,8,32.3,48.029705720303426
5,7,17,2,55.45,40.581918452226454
5,23,17,2,74.85,70.96275895069707
16,40,17,8,35.9,37.90972656747939
5,23,17,2,62.15,49.503083370209325
5,7,17,2,69.5,73.73387424058441
16,40,17,8,28.3,30.19602622862816
5,23,17,2,52.35,46.61632309553563
5,7,17,2,66.45,59.559324693071666
5,23,17,2,54.5,53.46469568051918
16,32,17,8,43.65,59.077357849909944
5,7,17,2,65.1,63.4017266907489
16,32,17,8,34.9,43.34184801636502
5,23,17,2,74.7,71.58513518145627
5,22,17,2,71.9,69.066634491627
16,32,17,8,67.25,66.95000098266577
5,23,17,2,79.75,66.61031609688034
5,22,17,2,69.3,58.7170736399738
5,23,17,2,49.95,47.20556947515499
16,32,17,8,57.05,67.43064663239674
5,22,17,2,66.1,48.288497050212904
5,23,17,2,79.55,69.42278937215448
16,32,17,8,43.85,54.72733849683692
5,22,17,2,68.6,48.02674693389749
16,32,17,8,25.1,26.1370879866341
5,0,17,2,61.95,43.40564479419699
5,22,17,2,79.8,76.75703293681404
5,0,17,2,54.5,60.72153870874729
16,32,17,8,58.45,71.96305704281447
5,22,17,2,67.6,60.67983277220825
5,0,17,2,83.05,70.00035714194607
16,32,17,8,44.7,45.250298050777644
5,22,17,2,75.7,60.8207893820249
16,32,17,8,59.6,64.41019860402953
5,0,17,2,83.9,90.70014216898277
16,32,17,8,30.8,49.73889720065013
5,22,17,2,93.75,93.57061785793546
5,0,17,2,75.9,53.52117141350406
16,46,17,8,41.4,33.817466679684614
5,22,17,2,69.6,44.418346138551925
5,0,17,2,64.9,62.413645606507686
16,46,17,8,55.85,52.5329721022401
5,22,17,2,65.3,60.695183195686084
5,0,17,2,60.8,49.746303750551206
16,46,17,8,49.7,51.14797932933112
5,3,17,2,59.95,67.8267723884277
5,0,17,2,78.45,58.81771573438165
16,46,17,8,36.0,32.19676348559538
5,3,17,2,63.55,70.5567893708025
5,0,17,2,57.5,51.29840461251669
5,0,17,2,52.75,36.080137413672276
5,3,17,2,59.45,60.04951903922383
16,46,17,8,71.35,83.13481441863603
5,3,17,2,48.55,42.48030503409167
5,2,17,2,68.5,63.838200080153285
16,46,17,8,50.55,50.806625137817775
5,3,17,2,58.5,52.74217327817714
5,2,17,2,88.1,74.31717234437245
5,3,17,2,63.8,55.37299360746745
16,46,17,8,67.3,59.71696400080704
5,2,17,2,73.15,60.190290351779986
5,3,17,2,78.65,46.75723979967391
16,46,17,8,51.8,83.88814607935726
5,2,17,2,56.25,61.22166369238228
5,3,17,2,78.05,65.89503215841005
16,46,17,8,66.9,63.39840608987613
5,2,17,2,81.7,94.54216547462607
5,3,17,2,66.15,60.32741804868706
16,46,17,8,38.0,42.436330016427654
5,2,17,2,60.5,47.94349744614405
5,3,17,2,64.8,62.37290234844312
16,31,17,8,49.0,48.02302079540384
5,2,17,2,90.2,86.24176543452226
5,0,17,2,90.2,66.9607897834326
5,0,17,2,38.55,28.724599763598924
16,31,17,8,69.85,77.75350728254541
5,2,17,2,72.3,80.87618867588188
5,0,17,2,61.75,64.4383630423597
16,31,17,8,69.45,61.641130321956474
5,0,17,2,62.65,54.315137949988824
5,2,17,2,93.35,81.39460411444587
16,31,17,8,28.5,27.5098068638115
5,0,17,2,63.2,44.09272526225423
5,2,17,2,55.1,51.98876396825922
16,31,17,8,66.85,59.73033699800075
5,10,17,2,58.3,54.33434505569732
5,0,17,2,82.65,66.9518876743434
5,10,17,2,48.35,43.05110182586564
16,31,17,8,47.95,65.6702087387384
5,0,17,2,60.65,53.76094747755298
5,10,17,2,67.45,48.75014170019892
16,31,17,8,39.7,46.30687115093691
5,0,17,2,57.2,47.98749837197184
5,10,17,2,64.05,45.10511115862125
16,31,17,8,45.55,47.09170784085475
5,0,17,2,71.95,75.24939237383634
5,10,17,2,54.45,51.720376723502824
16,31,17,8,36.85,43.171963368054406
5,0,17,2,73.75,64.28216991064514
5,10,17,2,62.2,53.539557436780484
16,31,17,8,40.15,39.19489091302858
5,5,17,2,53.9,59.55704916517573
16,28,17,8,45.2,44.585340994310535
5,10,17,2,91.6,83.42875939828448
5,5,17,2,65.8,57.8032962090535
16,28,17,8,66.45,59.340653500738746
5,10,17,2,83.5,66.68819827730903
5,5,17,2,92.65,71.59114543896582
16,28,17,8,44.0,51.697500703103316
5,10,17,2,73.95,87.98772342596557
5,5,17,2,68.7,60.499760765077234
16,28,17,8,45.35,48.66023449442709
5,5,17,2,55.45,51.39063502644283
5,10,17,2,94.35,71.91974694060039
16,28,17,8,64.2,77.40773795129813
5,5,17,2,69.35,76.03342409064166
6,32,17,3,60.55,62.724523031057686
16,28,17,8,34.5,42.629986974824234
5,5,17,2,62.5,43.56906193498704
6,32,17,3,48.45,51.71019954363071
5,5,17,2,66.8,61.161219222985615
16,28,17,8,52.3,68.51669024482474
6,32,17,3,61.75,62.51052542951215
5,5,17,2,47.95,46.931613181196674
6,32,17,3,49.4,38.98906729355105
16,28,17,8,48.0,53.70386637066176
5,5,17,2,53.45,55.65823814750347
6,32,17,3,68.7,59.531592674106996
16,28,17,8,61.35,42.34106504888232
5,22,17,2,65.2,47.44148750663395
6,32,17,3,65.6,58.49372435974379
16,28,17,8,43.25,51.0076103712914
5,22,17,2,68.1,71.14544036135082
6,32,17,3,49.35,39.838192465865816
16,30,17,8,32.75,28.57101033528474
6,32,17,3,46.4,37.31149110423024
5,22,17,2,68.65,55.16985733074481
16,30,17,8,47.3,54.20827281979442
5,22,17,2,56.2,43.981575089671594
6,32,17,3,76.7,60.058830806924114
16,30,17,8,43.85,52.68703525736218
5,22,17,2,67.9,88.20902209494994
6,32,17,3,78.5,60.38168073531121
5,22,17,2,50.7,46.977150100649446
16,30,17,8,51.45,52.58624494955631
6,34,17,3,48.1,41.41560855014625
16,30,17,8,31.4,33.59573907820048
6,34,17,3,50.75,48.35599892028855
5,22,17,2,90.35,87.46023156419812
16,30,17,8,53.75,66.14885526319847
6,34,17,3,80.95,61.195523572097635
5,22,17,2,80.05,81.2108853217156
16,30,17,8,69.0,65.64177103996477
6,34,17,3,77.35,55.63251132017567
5,22,17,2,62.65,53.016655774140304
6,34,17,3,67.0,54.10321519777583
16,30,17,8,57.65,55.50559478675622
5,22,17,2,64.1,59.2931166680461
6,34,17,3,49.9,38.58810834004639
5,9,17,2,67.9,46.64298898068853
16,30,17,8,49.4,64.02828322414695
6,34,17,3,72.75,57.09537265792534
5,9,17,2,65.2,42.82596359563597
16,30,17,8,51.85,46.4874346350427
5,9,17,2,50.6,47.50224371432087
6,34,17,3,65.35,40.261350148616145
16,47,17,8,55.35,46.38202351410683
5,9,17,2,50.1,49.53138292776452
6,34,17,3,69.4,60.046823834667386
16,47,17,8,47.0,49.07781147267438
5,9,17,2,82.55,65.11243312431522
6,34,17,3,95.3,67.2177138307424
16,47,17,8,53.1,57.13594131082189
5,9,17,2,62.55,68.27689367953346
6,32,17,3,59.7,49.2598908048451
16,47,17,8,35.55,44.85705366113444
5,9,17,2,58.5,61.80487120982583
5,9,17,2,52.75,50.85984353309128
6,32,17,3,77.15,63.454314274129544
16,47,17,8,64.25,67.74633414048088
6,32,17,3,51.5,32.4321153374731
5,9,17,2,62.9,51.99585003683113
16,47,17,8,59.25,60.87941057187518
6,32,17,3,61.0,61.73372361666633
5,9,17,2,78.7,76.90807910472702
16,47,17,8,37.9,60.45520307589222
6,32,17,3,68.0,43.22767144951678
6,25,17,3,58.45,44.31047755387693
16,47,17,8,30.45,27.147695453224987
6,32,17,3,75.7,55.13629046567959
6,25,17,3,64.1,67.26060863301946
16,47,17,8,55.2,43.11380289420083
6,25,17,3,70.85,58.59070790348568
6,32,17,3,84.65,80.24323221175399
16,47,17,8,59.45,67.27123026266601
6,32,17,3,55.5,48.49253876411787
6,25,17,3,72.2,53.81703897661526
16,30,17,8,36.7,39.746697976058336
6,32,17,3,58.05,69.19345496885032
6,25,17,3,76.95,49.85080372049128
16,30,17,8,54.25,57.87179569394841
6,32,17,3,37.7,40.845150456198276
6,25,17,3,61.7,46.89529209902239
6,43,17,3,47.25,42.26093754408748
16,30,17,8,59.05,53.07142654752625
6,43,17,3,40.2,20.656590639360246
6,25,17,3,65.0,67.1933580677514
6,43,17,3,57.7,52.43853544865646
16,30,17,8,57.85,48.31069947962382
6,25,17,3,67.9,57.07511209846751
6,43,17,3,50.9,46.229291238575705
16,30,17,8,31.85,37.843549126982204
6,25,17,3,60.5,46.07145479978271
6,43,17,3,67.3,55.433316981567565
16,30,17,8,58.15,75.14846708525168
6,25,17,3,64.3,69.28286793626317
6,43,17,3,65.6,43.059811523287614
6,26,17,3,67.7,49.200021394946134
6,43,17,3,64.45,44.09496331185325
16,30,17,8,76.15,68.53756173384821
16,30,17,8,40.15,38.38622971299666
6,26,17,3,69.45,51.530752187918154
6,43,17,3,63.6,65.64209175922349
6,43,17,3,47.4,33.12242045566878
16,30,17,8,35.15,36.52003775867074
6,26,17,3,65.45,63.43291109925758
16,30,17,8,38.2,36.19624871520019
6,26,17,3,61.15,63.15500980253185
6,43,17,3,84.4,61.89753842567485
16,44,17,8,39.65,61.07827161239825
6,25,17,3,59.65,37.339516248663564
6,26,17,3,75.85,57.67629723862217
16,44,17,8,48.6,53.3650782717253
6,25,17,3,66.2,36.87760695512715
6,26,17,3,74.8,54.245640135260736
16,44,17,8,46.9,42.24477544775897
6,25,17,3,74.7,59.8032739818429
6,26,17,3,78.6,63.16261385878268
16,44,17,8,53.55,54.1406307197916
6,25,17,3,59.25,55.12080035321465
6,26,17,3,58.2,50.04061508309761
6,26,17,3,42.85,34.69153544568109
6,25,17,3,80.45,51.5011241573782
16,44,17,8,76.95,80.40127977509863
6,26,17,3,49.9,46.44963316381123
6,25,17,3,58.6,53.41830949659194
16,44,17,8,40.3,35.629821926671426
6,36,17,3,61.25,36.757920736109455
6,25,17,3,87.85,61.35597169923963
16,44,17,8,71.95,77.96319982091416
6,36,17,3,79.15,66.15156043033619
6,25,17,3,59.1,48.85951935476798
6,36,17,3,56.55,47.153137976731
16,44,17,8,63.9,60.66118155269004
6,36,17,3,57.25,40.34831895017763
6,25,17,3,81.4,94.7086390768523
6,36,17,3,46.1,35.785766061823786
16,44,17,8,64.05,54.76694642804756
6,25,17,3,54.9,45.49482330296954
6,36,17,3,50.2,59.26532668743522
6,29,17,3,52.65,31.810747935415264
16,44,17,8,45.15,49.57532811686411
6,29,17,3,44.4,49.553161246016224
6,36,17,3,78.95,59.29185175224776
16,42,17,8,35.15,37.40851999773651
6,29,17,3,73.95,61.3218214787663
6,36,17,3,59.0,46.14964218370723
16,42,17,8,74.55,71.37335121148435
6,29,17,3,69.55,68.37318264687667
6,36,17,3,76.65,65.76135083130436
16,42,17,8,44.45,39.30109814991782
6,29,17,3,61.65,48.93419319001688
6,36,17,3,59.95,60.56355947962525
16,42,17,8,54.4,43.333954111612854
6,29,17,3,56.9,57.56086024008803
6,24,17,3,97.1,68.45813165339588
6,29,17,3,60.8,44.40317674742605
16,42,17,8,64.75,69.51097982182004
6,29,17,3,38.35,31.918110681456135
6,24,17,3,55.25,55.636863016491056
16,42,17,8,30.5,38.99460151570242
6,24,17,3,50.9,34.25431206048141
6,29,17,3,78.0,67.66558637111902
16,42,17,8,38.85,44.95409939740289
6,24,17,3,71.6,56.05392140843634
6,29,17,3,56.3,51.84501194095624
6,44,17,3,47.0,32.44590639981048
16,42,17,8,61.0,72.52730883133462
6,24,17,3,68.45,47.86216503779643
6,24,17,3,41.55,30.70997609212595
6,44,17,3,63.55,58.76131469992105
16,42,17,8,48.25,57.512355651908216
6,24,17,3,73.75,61.68500201575916
6,44,17,3,66.05,65.2690585193321
16,42,17,8,62.8,70.29232195848839
6,44,17,3,52.35,34.59430284705394
16,24,17,8,39.2,49.129902996251204
6,24,17,3,71.6,94.1686057865862
6,44,17,3,67.55,71.35491352535246
16,24,17,8,41.9,54.19157052337082
6,24,17,3,59.9,62.159302983289805
6,44,17,3,75.45,51.02989319996663
6,24,17,3,53.85,47.44112695031379
16,24,17,8,38.4,38.69910919687401
6,44,17,3,57.7,38.45448437336084
16,24,17,8,29.0,27.548999408709065
6,34,17,3,57.55,64.04149559383148
6,34,17,3,57.65,51.52441935115508
16,24,17,8,51.4,77.95234711702163
6,44,17,3,91.75,61.39164609722007
6,34,17,3,53.65,39.17877379129512
6,44,17,3,52.85,42.323658930474785
16,24,17,8,57.6,68.3569578332047
6,44,17,3,43.95,26.332839213663068
6,34,17,3,68.3,58.605819721791775
16,24,17,8,47.2,47.5722165709533
6,34,17,3,63.95,44.46343855822503
6,25,17,3,81.4,64.21542690531287
6,34,17,3,64.3,44.57530588494981
16,24,17,8,66.95,73.42986270477499
6,25,17,3,68.8,52.08555714550718
16,24,17,8,38.55,39.753814778882344
6,34,17,3,85.05,73.45709453035904
6,25,17,3,74.15,68.18726150520305
16,24,17,8,52.85,50.6476736100017
6,34,17,3,51.7,40.918532669066636
6,25,17,3,43.25,40.12857624659698
6,34,17,3,51.15,36.20886050329903
6,25,17,3,51.95,46.41628003870602
16,34,17,8,60.6,77.03683329557705
6,34,17,3,73.15,74.63333176621767
6,25,17,3,91.95,60.277843533529236
16,34,17,8,75.2,79.00006662222374
6,40,17,3,57.0,49.089606574958516
6,25,17,3,46.7,40.28203203989538
6,40,17,3,60.55,57.49826084326377
16,34,17,8,47.9,55.47868248729701
6,25,17,3,78.2,64.94985920328322
6,40,17,3,49.5,45.44574555966361
6,25,17,3,74.2,54.145612642402085
16,34,17,8,70.35,79.4171365572152
6,40,17,3,66.65,65.82294832591283
6,25,17,3,60.7,42.12400240892796
16,34,17,8,51.6,40.02025802804848
6,40,17,3,83.05,67.26731825532484
6,38,17,3,73.65,54.699441929222836
16,34,17,8,44.65,49.040557865806065
6,40,17,3,66.95,58.881214053559155
6,38,17,3,66.9,60.051644440431446
16,34,17,8,66.75,67.20814095424984
6,40,17,3,70.7,65.0441955013747
16,34,17,8,49.5,55.593922424365026
6,40,17,3,54.2,32.96345664041031
6,38,17,3,100.2,69.38269160775504
6,40,17,3,65.35,53.41621575199013
16,34,17,8,58.75,77.5084884994778
6,38,17,3,80.7,53.94353773305839
6,40,17,3,51.4,55.741319834052234
16,34,17,8,42.75,57.044650102031106
6,38,17,3,67.85,53.78639526673519
6,45,17,3,59.0,35.24202037341219
16,31,17,8,55.6,53.96236505292613
6,38,17,3,97.65,82.18738217922314
6,45,17,3,97.55,56.051174925476055
16,31,17,8,39.5,48.66588559815419
6,38,17,3,61.3,66.39998414711287
6,45,17,3,52.05,50.253541378221605
16,31,17,8,58.4,69.51289164797532
6,45,17,3,61.05,53.21601955090314
6,38,17,3,79.15,81.51026735455189
6,45,17,3,52.15,47.75185309162578
16,31,17,8,54.85,57.83030984563462
6,38,17,3,68.15,63.806677591480636
6,45,17,3,59.15,55.42683655528534
16,31,17,8,42.35,58.32691443380509
6,38,17,3,65.25,49.418593347251935
6,45,17,3,61.1,56.69484335596929
16,31,17,8,52.35,63.647280505843085
6,45,17,3,40.35,45.60618032910152
6,27,17,3,73.25,73.07881469957442
16,31,17,8,56.25,55.77763652972493
6,45,17,3,74.8,58.13468934520213
6,27,17,3,60.55,44.88989453740059
6,45,17,3,72.35,66.03928256806901
6,27,17,3,80.0,49.47726750741192
16,31,17,8,79.2,84.96228265344693
6,31,17,3,53.6,49.92668308841001
6,27,17,3,65.75,51.795016017089196
16,31,17,8,52.35,56.43745956459472
6,31,17,3,48.85,45.796201865036345
6,27,17,3,66.1,51.43304282984668
16,31,17,8,59.05,62.341567614486394
6,31,17,3,74.15,59.197506170801695
6,27,17,3,62.65,43.39933906845757
16,42,17,8,29.55,43.15147737911184
6,31,17,3,48.0,48.41596083067953
6,27,17,3,48.2,44.20716779223169
16,42,17,8,38.65,44.249620872595294
6,31,17,3,56.65,45.750208512610826
6,27,17,3,84.5,59.408044821166136
16,42,17,8,52.55,60.92054791197086
6,31,17,3,62.2,58.647564673268946
6,31,17,3,57.9,43.851303767451014
16,42,17,8,46.65,40.79122067566165
6,27,17,3,78.5,87.96979146574303
6,31,17,3,58.55,49.910947011441756
6,27,17,3,57.1,48.451712261308494
16,42,17,8,73.1,81.3232018423693
6,26,17,3,42.95,29.997324442093344
6,31,17,3,72.75,64.27643834497825
16,42,17,8,63.15,62.98393696641608
6,31,17,3,63.75,49.35571742063186
6,26,17,3,85.4,62.916318693123934
6,26,17,3,58.15,65.67405559996557
16,42,17,8,57.45,49.309415135982206
6,29,17,3,79.2,105.09774898686109
6,26,17,3,45.3,38.469536820163235
6,29,17,3,55.25,49.97775821092293
16,42,17,8,63.35,68.40689023467554
6,26,17,3,85.0,59.94997914928745
16,42,17,8,51.0,50.33571505925307
6,29,17,3,85.8,59.83626782619736
6,26,17,3,56.4,40.39593517852221
16,42,17,8,43.65,51.70388868608586
6,29,17,3,73.6,52.19033990066906
6,26,17,3,64.05,65.62210394612313
16,41,17,8,61.65,62.540323834012554
6,29,17,3,53.9,49.65873008529528
6,26,17,3,76.8,64.24427068454801
16,41,17,8,33.55,40.19357764880512
6,29,17,3,53.95,42.526122003206204
6,26,17,3,59.15,42.52092364199561
16,41,17,8,38.8,60.09606344932474
6,29,17,3,61.2,47.522404688403775
6,26,17,3,46.45,39.76308126364137
16,41,17,8,48.55,49.235711258779375
6,34,17,3,69.95,46.060000914139444
6,29,17,3,96.8,83.00957459043029
16,41,17,8,51.7,46.125800520795416
6,34,17,3,76.55,67.9616571465504
6,29,17,3,65.35,45.62925538915161
16,41,17,8,28.5,32.46293432921858
6,29,17,3,40.95,28.206895386915967
6,34,17,3,79.4,72.12591329349704
16,41,17,8,71.2,81.08514043892383
6,27,17,3,79.25,59.09481676442573
6,34,17,3,73.0,65.47639188850316
16,41,17,8,70.25,60.787702184258485
6,27,17,3,69.95,56.444173630606954
6,34,17,3,63.05,50.249351920408415
16,41,17,8,26.8,29.842745746398915
6,27,17,3,69.5,51.44388869642852
6,34,17,3,66.65,52.24464213274838
6,27,17,3,45.95,32.14518872078272
16,41,17,8,82.7,81.71523081634427
6,34,17,3,72.1,70.14413731738384
16,31,17,8,35.0,39.75848138580324
6,27,17,3,77.8,58.69241859047896
6,34,17,3,38.7,36.92538707347989
16,31,17,8,30.8,32.64739854228737
6,34,17,3,62.45,64.00532461403012
6,27,17,3,97.4,71.61255403025953
16,31,17,8,49.75,65.69456838879051
6,34,17,3,68.1,52.43331604599262
16,31,17,8,38.25,39.93267360261058
6,27,17,3,94.4,55.783793156680986
16,31,17,8,44.7,51.60283549940785
6,28,17,3,75.4,53.62874327506806
6,27,17,3,83.15,66.04804869821747
6,28,17,3,65.8,43.65486649184777
16,31,17,8,67.05,60.72758412520796
6,27,17,3,52.8,38.003600937418106
6,28,17,3,66.45,56.52989428053462
16,31,17,8,47.1,59.476576548207085
6,27,17,3,58.05,40.38691163705078
16,31,17,8,31.85,32.16941175451579
6,28,17,3,65.15,52.03670263431986
6,45,17,3,63.9,47.49504129241726
16,31,17,8,54.35,54.80230018222919
6,28,17,3,67.6,49.743976096556025
6,45,17,3,70.65,44.6227166598501
6,28,17,3,51.3,40.95196158787436
16,31,17,8,36.5,39.04450901484774
6,45,17,3,69.1,56.294245756233
16,36,17,8,41.0,47.04309334619639
6,28,17,3,95.3,66.89512609104524
16,36,17,8,26.45,31.39472801870437
6,45,17,3,89.1,77.07269295930952
16,36,17,8,41.4,53.41338290807099
6,28,17,3,83.45,98.50379367527454
6,45,17,3,81.75,76.37433779538917
16,36,17,8,68.4,64.55303816895147
6,28,17,3,47.8,38.64630437836538
6,28,17,3,39.95,31.698372862108602
16,36,17,8,35.85,41.4986049226515
6,45,17,3,73.8,56.32948185733461
6,43,17,3,74.45,59.38409764096428
16,36,17,8,55.25,55.45208932516714
6,45,17,3,82.65,61.063620834942995
6,43,17,3,59.95,47.96761517172975
16,36,17,8,38.15,49.34334594931401
6,45,17,3,71.95,54.17075828001283
6,43,17,3,63.35,58.72171211472134
16,36,17,8,43.95,50.67281530097095
6,45,17,3,64.35,53.48415899271386
6,43,17,3,50.15,64.19073141817283
16,36,17,8,62.9,79.01558806903064
6,43,17,3,46.2,29.200937259651532
6,45,17,3,72.2,57.50386714684593
16,36,17,8,40.9,34.13579692315601
6,43,17,3,60.65,56.74066118383665
6,47,17,3,82.95,65.31017088518932
6,43,17,3,51.25,43.39278984493064
17,15,17,8,58.4,81.2438823607823
17,15,17,8,19.95,21.502692609849685
6,47,17,3,68.5,82.1112852042564
6,43,17,3,90.05,86.12443567915341
17,15,17,8,68.25,61.53636066758032
6,47,17,3,74.35,69.2229616605114
6,43,17,3,59.3,58.121560452844726
6,43,17,3,42.6,26.66833328125325
17,15,17,8,53.2,65.56362919854429
6,47,17,3,67.4,56.70923066049532
6,37,17,3,66.45,45.42254830738631
17,15,17,8,50.2,61.389695689440465
6,47,17,3,89.9,73.28380305001703
6,37,17,3,61.85,57.22372989554154
17,15,17,8,61.75,82.77545720676797
6,47,17,3,51.2,58.915282621029576
6,37,17,3,51.05,49.121198125281495
17,15,17,8,44.55,53.26050674700128
6,47,17,3,71.3,60.08861876647821
6,37,17,3,70.2,67.17894406966954
17,15,17,8,33.25,26.114877792271272
6,47,17,3,56.4,71.45510183987824
17,15,17,8,33.75,24.63603479714858
6,37,17,3,68.45,63.22847043606393
6,47,17,3,57.75,51.119956963988145
17,15,17,8,53.15,72.36186477478458
6,47,17,3,43.15,41.80691833958384
6,37,17,3,83.95,61.522332273907274
6,37,17,3,68.55,66.59577590524081
6,44,17,3,72.25,71.46208048586622
17,13,17,8,72.7,86.1040374381939
6,44,17,3,65.3,61.41583886228286
6,37,17,3,76.1,85.62888101077752
17,13,17,8,80.5,87.14567356474235
6,44,17,3,60.65,46.6862709448596
6,37,17,3,75.4,51.03909750068286
6,44,17,3,53.5,50.56990992155003
17,13,17,8,66.2,71.07120225150047
6,37,17,3,70.7,47.87934396947569
6,44,17,3,58.1,55.435025978736206
17,13,17,8,54.2,63.333370267763925
6,29,17,3,55.2,49.51618555158452
17,13,17,8,24.4,21.087287265329465
6,44,17,3,76.4,77.60859963201311
6,29,17,3,52.0,45.164028536925386
6,29,17,3,44.95,43.53519447406588
17,13,17,8,52.25,68.34654343856754
6,44,17,3,66.8,57.03516920563828
17,13,17,8,48.7,48.974859286222184
6,29,17,3,75.75,59.26823503539249
6,44,17,3,70.9,58.831516795175794
6,44,17,3,46.95,40.65836484143143
6,29,17,3,59.05,61.6317373812517
17,13,17,8,74.2,93.26227871749083
6,44,17,3,63.7,58.8835603900658
6,29,17,3,71.1,45.149925686247634
17,13,17,8,57.35,63.45846134117557
6,29,17,3,73.0,51.2948135266797
6,36,17,3,81.6,73.07991300084124
17,13,17,8,66.25,62.723180471186666
6,29,17,3,63.05,49.45436492895562
6,36,17,3,64.0,58.05442092962158
17,7,17,8,40.8,38.59042695580834
17,7,17,8,32.35,37.88108123838962
6,36,17,3,71.8,62.97501593154978
6,29,17,3,83.75,60.01567777628916
6,36,17,3,46.4,52.91542407713613
6,29,17,3,74.25,70.387554970583
17,7,17,8,73.4,99.53703357359802
6,36,17,3,52.1,38.90595949479368
6,36,17,3,50.7,38.82497839495112
6,44,17,3,77.85,76.97523525202936
17,7,17,8,44.3,62.77201857348125
6,36,17,3,53.8,40.12821556225154
17,7,17,8,42.2,45.96634924766045
6,44,17,3,63.8,50.52211605352963
6,36,17,3,61.25,50.141772689256335
6,44,17,3,48.5,45.89633628309046
17,7,17,8,44.45,60.65473904338434
6,36,17,3,57.7,50.377626612990554
17,7,17,8,50.9,57.11475060649486
6,44,17,3,77.0,74.24355368082736
6,36,17,3,51.65,39.737659454821554
6,44,17,3,40.95,32.74860382721039
17,7,17,8,31.65,37.145907191137916
6,36,17,3,57.45,40.45722237259082
6,44,17,3,54.35,44.498698975659
17,7,17,8,59.7,59.960601099476364
6,44,17,3,53.3,49.176481327861126
6,36,17,3,88.5,68.79450712467032
17,7,17,8,59.0,60.59268672216579
6,36,17,3,65.95,44.245100829000506
6,44,17,3,93.6,58.36040474589996
6,36,17,3,53.45,60.33282688553554
6,44,17,3,65.4,48.662532869376605
17,23,17,8,94.0,107.19141756689292
6,36,17,3,80.6,67.36733551756996
6,44,17,3,63.45,54.64090910085978
17,23,17,8,48.75,58.91820824802715
6,27,17,3,68.45,53.85602150764182
6,36,17,3,72.85,73.5393020592963
17,23,17,8,45.7,62.388511088095974
6,27,17,3,70.4,67.26804199383398
6,36,17,3,71.05,53.024795590067306
17,23,17,8,71.55,63.91398413822324
6,27,17,3,52.65,31.63987324480565
17,23,17,8,25.4,25.071266841797833
6,36,17,3,85.2,66.88607753801274
17,23,17,8,43.2,55.64795357281439
6,27,17,3,93.85,74.86498373387711
6,36,17,3,62.65,51.15741958843671
17,23,17,8,53.85,90.55633605662278
6,36,17,3,66.5,60.19311028943254
6,27,17,3,72.9,63.20551275090855
17,23,17,8,36.25,36.256215438111255
6,31,17,3,60.3,36.06879391852245
6,27,17,3,57.55,43.589562970968174
17,23,17,8,35.5,52.015685893270394
6,27,17,3,62.6,54.09387551674452
6,31,17,3,77.5,59.46029192485918
6,27,17,3,59.45,49.1479774172908
17,23,17,8,75.45,83.33033503378051
6,31,17,3,66.9,65.48917146328367
17,1,17,8,27.0,27.249336061443287
6,27,17,3,82.2,58.967073774045154
6,31,17,3,60.25,53.09264494606029
17,1,17,8,26.45,25.081918419031414
6,31,17,3,57.95,48.138478973631244
6,27,17,3,66.35,62.5125461091822
17,1,17,8,47.75,52.338850418765354
6,31,17,3,51.65,48.744527358139614
6,31,17,3,66.75,60.4717202282887
17,1,17,8,48.0,57.23911066284734
6,31,17,3,48.3,51.813532067049415
6,31,17,3,52.4,43.69680224359431
6,31,17,3,61.0,43.5128535153997
17,1,17,8,77.1,109.03784953665836
6,31,17,3,68.2,55.56939710611266
6,31,17,3,82.9,71.67756751041797
17,1,17,8,52.2,62.479133358771534
6,31,17,3,81.5,65.7383169528204
6,31,17,3,49.6,40.4623281584241
6,31,17,3,86.0,52.887168874680256
17,1,17,8,68.15,56.63388886895418
6,31,17,3,49.9,48.617627299267966
6,32,17,3,59.85,40.66716637599221
17,1,17,8,40.9,49.214781690485076
6,32,17,3,44.7,49.359156352084
6,31,17,3,61.55,48.21713497568222
17,1,17,8,55.25,62.16774845020866
6,31,17,3,68.75,50.55780953782667
6,32,17,3,81.25,69.6388238662435
17,1,17,8,36.35,46.060915044502124
6,32,17,3,60.5,60.37557889010912
6,31,17,3,78.85,59.31741112993634
17,21,17,8,69.15,73.80363348636348
6,32,17,3,54.7,42.396747640901836
6,31,17,3,67.6,45.006900055786765
17,21,17,8,51.85,49.055580722278684
6,32,17,3,63.35,53.282044966287415
6,46,17,3,75.35,57.4458784193298
17,21,17,8,44.6,51.973069949734544
6,32,17,3,64.35,61.52729390064901
6,46,17,3,58.6,51.25211163814053
6,32,17,3,61.65,50.49155739746054
6,46,17,3,58.2,63.76899097936485
17,21,17,8,76.45,86.3039152615551
6,32,17,3,59.5,34.43452979358457
17,21,17,8,56.15,78.17004070075629
6,46,17,3,85.55,55.28821612337717
6,32,17,3,59.6,30.411909024694843
6,27,17,3,56.55,51.44386311924465
6,46,17,3,67.7,49.143292094595544
17,21,17,8,62.85,55.72892568401742
6,46,17,3,32.2,25.539649257782035
6,27,17,3,52.55,39.99536157316772
6,46,17,3,41.5,29.227780584483945
17,21,17,8,47.55,72.3641922209422
6,46,17,3,67.1,49.4782248756168
17,21,17,8,52.35,51.65398542732511
6,27,17,3,94.6,63.94109130985127
6,27,17,3,45.5,40.50276143932073
6,46,17,3,66.45,40.27990879621724
17,21,17,8,48.35,51.4508196446399
6,27,17,3,76.35,57.664433077116634
6,46,17,3,72.15,54.52500633461195
17,21,17,8,55.5,69.11051409080052
6,27,17,3,44.2,45.26832283873105
7,17,17,3,60.35,86.14814351788986
6,27,17,3,50.25,42.036168637070276
17,0,17,8,68.6,81.37981128148755
7,17,17,3,63.55,59.394732178252276
6,27,17,3,63.1,68.57796178150282
7,17,17,3,54.7,43.47304064771516
17,0,17,8,69.85,82.22323592705281
6,27,17,3,68.15,57.356938735018204
17,0,17,8,37.9,36.92225117160311
7,17,17,3,58.05,80.88294010482063
6,27,17,3,88.15,60.59726848108272
17,0,17,8,67.0,71.7422286273646
7,17,17,3,88.85,72.36113743250803
6,24,17,3,65.9,47.04410025094595
7,17,17,3,69.3,57.54824063340251
17,0,17,8,55.6,89.52941298519546
6,24,17,3,54.05,46.12736942994165
17,0,17,8,32.1,38.52941460071363
7,17,17,3,59.15,51.37301667320368
6,24,17,3,73.1,44.33473154370771
7,17,17,3,59.15,63.19250038780834
17,0,17,8,69.5,88.64506398227176
6,24,17,3,75.4,57.90682170521881
6,24,17,3,59.5,48.076145742703666
17,0,17,8,53.55,48.380590932184454
7,17,17,3,95.95,76.13801526452507
17,0,17,8,40.95,44.15341078796208
6,24,17,3,59.5,61.765686266729034
7,17,17,3,68.3,91.4060345813926
6,24,17,3,52.05,36.351319385307484
17,0,17,8,41.8,46.812728813297866
7,9,17,3,61.65,40.70468096707772
17,10,17,8,31.95,37.22686494568419
6,24,17,3,66.2,44.48370488167549
7,9,17,3,52.8,45.60886340452513
17,10,17,8,54.5,88.04753500838414
6,24,17,3,74.85,90.41557562604727
7,9,17,3,62.85,56.62831261368895
17,10,17,8,52.3,62.8047098468528
7,9,17,3,63.45,64.32849495486346
6,24,17,3,76.9,44.280089383259764
17,10,17,8,50.3,73.71288539790183
7,9,17,3,72.95,59.60349247979916
6,41,17,3,72.65,59.6606852828649
17,10,17,8,29.05,57.47811940666045
7,9,17,3,61.9,56.49489963005977
6,41,17,3,77.1,78.21757777944937
7,9,17,3,64.55,61.037930398797286
17,10,17,8,62.55,78.85194320603914
6,41,17,3,79.95,76.73088652797139
7,9,17,3,49.1,44.170602274172786
17,10,17,8,51.95,66.39552537237493
7,9,17,3,46.25,50.33662996059106
6,41,17,3,83.7,46.93119263459286
7,9,17,3,52.85,40.864699732293715
17,10,17,8,58.35,66.78738850380283
6,41,17,3,59.55,52.98110388073329
17,10,17,8,38.15,58.15611928702186
7,7,17,3,61.0,60.64738463576062
6,41,17,3,60.1,47.82302902643409
7,7,17,3,44.65,51.40169462698984
17,10,17,8,49.3,44.137464692409374
6,41,17,3,65.45,52.93339906752735
7,7,17,3,92.7,74.51464003098565
17,23,17,8,74.45,75.52376760784787
6,41,17,3,76.9,55.13037179937065
17,23,17,8,37.0,44.56101671333718
7,7,17,3,71.55,77.86795503320113
6,41,17,3,59.35,44.29598413543056
17,23,17,8,44.65,49.56364860619014
7,7,17,3,55.5,40.68945292022699
6,41,17,3,71.85,65.39296195833471
7,7,17,3,56.5,57.19725793942813
17,23,17,8,59.15,53.87439094783346
7,7,17,3,86.4,60.34846180397031
7,7,17,3,78.3,60.327265372867856
17,23,17,8,55.5,71.01778872782138
7,7,17,3,62.25,50.46298800006532
7,7,17,3,52.7,41.655352849935525
17,23,17,8,43.25,55.03671023675207
7,7,17,3,69.05,58.81771573438164
7,7,17,3,58.8,87.78778238936273
17,23,17,8,59.7,76.77520158845151
7,7,17,3,69.4,48.16244442126644
7,7,17,3,61.9,53.43357903435865
17,23,17,8,62.1,79.48511942826981
7,21,17,3,53.95,55.758383839751424
7,7,17,3,80.9,78.74335393843523
17,23,17,8,40.55,49.912001510026045
7,21,17,3,87.5,80.62682066487749
7,7,17,3,75.3,74.14502148173077
17,23,17,8,51.95,57.362627664983926
7,21,17,3,52.5,40.238107102072966
17,7,17,8,58.9,67.80770023033014
7,7,17,3,84.15,71.39458552373046
7,21,17,3,54.45,44.2795842228376
7,21,17,3,48.05,44.90044543208898
17,7,17,8,44.05,51.985296504219136
7,7,17,3,59.7,60.650074847005484
7,21,17,3,60.6,45.41898513316117
17,7,17,8,56.8,66.87427323756597
7,21,17,3,34.6,34.84914859641103
7,7,17,3,75.85,83.0714815844257
17,7,17,8,41.3,49.85040780068642
7,21,17,3,68.15,73.12374155462348
7,7,17,3,78.35,61.653765838797426
17,7,17,8,63.65,66.45400071121615
7,21,17,3,60.3,54.81557596542294
7,11,17,3,57.25,51.614843846156866
17,7,17,8,56.75,73.12993123273988
7,11,17,3,65.95,66.26301262473103
7,21,17,3,93.35,85.79429192152466
17,7,17,8,75.5,80.64052788047772
7,11,17,3,95.75,78.56132368377818
7,4,17,3,84.35,87.13768596760802
17,7,17,8,53.45,71.0148057209125
7,11,17,3,66.6,66.35819863676069
7,4,17,3,54.55,45.43529233397408
17,7,17,8,52.45,77.93821777198708
7,11,17,3,81.15,47.10377680689398
7,4,17,3,84.85,91.32375894239364
17,7,17,8,43.2,56.8567914750921
7,11,17,3,52.2,43.692225009900675
7,4,17,3,54.25,50.07980473309838
17,18,17,8,27.15,45.43274381463567
7,11,17,3,63.1,72.1372230361581
7,4,17,3,71.6,53.761069851510086
17,18,17,8,71.65,82.66691249256036
7,4,17,3,64.3,52.53079297446705
7,11,17,3,87.8,105.26387894489883
7,4,17,3,47.6,43.89389119468137
17,18,17,8,58.45,80.31810112559343
7,11,17,3,65.8,64.5042634249861
7,11,17,3,51.05,37.50014035061455
7,4,17,3,89.9,85.51817289171257
17,18,17,8,66.05,92.88956374443568
7,7,17,3,57.85,37.94493933389052
7,4,17,3,65.1,61.67222355238002
17,18,17,8,61.45,70.46348438431744
7,7,17,3,72.4,70.2899259084154
7,4,17,3,60.55,52.007565239157884
17,18,17,8,50.5,77.81590961669525
7,7,17,3,57.5,75.69432989958605
7,12,17,3,90.4,101.51349404726551
17,18,17,8,59.35,63.62991269421705
7,7,17,3,85.6,68.73626178525078
7,12,17,3,47.0,50.8019891860856
7,7,17,3,57.75,51.56077150212881
7,12,17,3,88.9,71.57248809865129
17,18,17,8,92.2,105.59136727074454
7,7,17,3,64.0,57.06044809534977
7,12,17,3,59.15,63.58109202552198
17,18,17,8,52.65,69.00440489372285
7,7,17,3,68.15,79.49860971972039
7,12,17,3,45.85,48.389075539618936
7,7,17,3,59.2,60.001403492357014
17,18,17,8,62.9,84.71307610491958
7,12,17,3,57.9,49.73286533809249
7,7,17,3,33.2,24.156507241430063
7,12,17,3,57.45,50.50531498867483
17,1,17,8,49.15,64.29150308105304
7,7,17,3,71.65,71.62789444872644
7,12,17,3,64.35,54.48155168205299
17,1,17,8,42.3,49.513528188609335
7,12,17,3,48.75,47.4384642957257
7,13,17,3,84.0,74.59857484175588
17,1,17,8,73.45,80.34103297162271
7,12,17,3,54.7,52.49671668931205
7,13,17,3,63.0,70.62875514003895
7,15,17,3,66.6,67.36733551756996
17,1,17,8,71.05,63.11099245314601
7,13,17,3,64.3,58.45385044271204
7,15,17,3,64.7,56.03391829954425
7,13,17,3,74.35,63.523120531860386
17,1,17,8,86.0,109.40701411172003
7,15,17,3,77.4,66.66285954041624
7,13,17,3,58.55,43.71254787935911
17,1,17,8,41.0,51.388100199416435
7,15,17,3,54.4,62.75382143951999
7,13,17,3,50.6,37.23382729101109
17,1,17,8,46.25,71.336028396375
7,15,17,3,66.2,54.48572966238138
7,13,17,3,74.7,78.11604053889114
7,15,17,3,44.7,40.9056681183736
17,1,17,8,58.7,64.536484989011
7,13,17,3,77.75,65.18142696391843
7,15,17,3,91.8,91.60705557749877
17,1,17,8,61.8,77.31044730926018
7,13,17,3,80.7,79.22260442974328
7,15,17,3,47.0,50.170236511092384
7,13,17,3,45.55,45.1261098420159
17,1,17,8,71.6,91.73095672155956
7,15,17,3,71.2,73.50732151146221
7,1,17,3,91.7,71.01304550277327
17,18,17,8,65.5,63.80438856379708
7,15,17,3,88.1,70.73144167981636
7,1,17,3,67.15,42.88205979930976
17,18,17,8,57.5,89.08038947755945
7,5,17,3,67.3,51.77390116753095
7,1,17,3,75.75,60.99342069781832
17,18,17,8,46.5,55.179611032375085
7,5,17,3,69.0,76.55819939586381
7,1,17,3,62.0,54.42619338439709
17,18,17,8,30.15,36.630839753582386
7,5,17,3,55.25,44.35369206729019
7,1,17,3,73.4,65.52572817322657
7,5,17,3,53.5,51.047449547094494
17,18,17,8,64.0,64.97853896722971
7,1,17,3,50.6,52.57916337345652
17,18,17,8,55.45,56.701875027012534
7,5,17,3,89.3,63.259781852295376
7,1,17,3,58.6,51.369046588080856
17,18,17,8,41.5,45.33442981130114
7,5,17,3,77.7,85.3797091634898
7,1,17,3,75.75,80.69557804359216
17,18,17,8,57.4,72.69865704978399
7,5,17,3,47.45,47.66050444771358
7,1,17,3,46.35,42.91886470269713
7,5,17,3,39.9,37.175119013719524
17,18,17,8,56.3,71.78044008605247
7,1,17,3,52.1,107.31159745045463
7,5,17,3,72.8,63.0952496335167
17,18,17,8,51.45,47.131925709147836
7,5,17,3,57.9,48.30375380422258
7,12,17,3,84.95,82.30078019710768
17,4,17,8,63.1,79.76142056487156
7,8,17,3,60.0,41.546422988723045
7,12,17,3,57.9,59.5322999458454
17,4,17,8,45.55,56.0060851956943
7,12,17,3,41.5,44.268915077120006
7,8,17,3,75.7,58.1523407683827
17,4,17,8,35.15,31.79254298532415
7,12,17,3,73.5,93.59290346467176
7,8,17,3,66.1,69.7385342396493
17,4,17,8,57.4,58.349581696962716
7,12,17,3,50.7,63.13152519687932
7,8,17,3,53.0,39.058660337605296
7,12,17,3,43.2,40.7593708954085
17,4,17,8,57.9,52.66767709446009
7,8,17,3,41.25,49.5430434863941
17,4,17,8,42.45,57.76766077641492
7,12,17,3,67.5,67.62396025078685
7,8,17,3,74.85,78.1787930593107
7,12,17,3,61.4,51.88692158510608
17,4,17,8,62.45,82.79936117221145
7,8,17,3,66.2,55.490729429622554
17,4,17,8,49.3,66.92108471137755
7,12,17,3,83.55,64.64679338325175
7,8,17,3,80.65,90.97731064738933
7,12,17,3,44.55,49.95100230805131
7,8,17,3,60.4,69.95743066510632
17,4,17,8,68.7,96.02965550725517
7,8,17,3,76.05,51.16585518529037
7,8,17,3,38.8,34.113741636194824
7,8,17,3,71.2,53.73678540127943
17,4,17,8,58.15,62.81742550732576
7,10,17,3,80.0,64.89181279962096
17,18,17,8,66.2,70.58000313194428
7,8,17,3,89.55,91.62881355602183
7,10,17,3,53.25,54.155599409187786
7,8,17,3,75.95,75.63449157487258
17,18,17,8,70.6,81.02722089715152
7,10,17,3,77.7,70.74572704225213
17,18,17,8,43.35,46.70768560672688
7,10,17,3,50.6,52.695151080231476
7,8,17,3,83.1,81.2390235500675
7,8,17,3,67.15,49.38919016609969
7,10,17,3,79.5,77.62019541873175
7,8,17,3,69.6,72.40921720915166
7,10,17,3,92.4,61.076655890256816
7,8,17,3,74.1,74.45797118968667
7,10,17,3,67.3,56.82021508323656
7,8,17,3,54.95,50.81284027528972
7,10,17,3,59.75,68.20547516222771
7,8,17,3,40.75,42.07246255287606
7,10,17,3,45.15,40.3957723165758
7,0,17,3,47.95,48.307648953022145
7,0,17,3,84.0,74.69094216908275
7,10,17,3,88.3,116.0322550437003
7,0,17,3,63.1,63.81296683936663
7,23,17,3,56.05,49.64661964429465
7,0,17,3,63.3,51.07486764802389
7,23,17,3,82.4,96.8065895973703
7,0,17,3,52.6,43.61723464291079
7,23,17,3,68.45,58.82845265775111
7,0,17,3,58.55,53.2496355312459
7,23,17,3,57.95,52.569227540553854
7,0,17,3,75.45,86.53108659532955
7,23,17,3,59.9,47.06311551634956
7,0,17,3,46.7,54.67232533828004
7,23,17,3,54.8,48.290349913174595
7,0,17,3,87.15,86.22691910852066
7,23,17,3,77.45,88.32265907038327
7,0,17,3,61.5,66.67399082574538
7,23,17,3,75.55,70.05296868122458
7,5,17,3,58.05,62.074212799977104
7,23,17,3,47.7,43.204653745437625
7,5,17,3,49.9,38.87077105107723
7,5,17,3,64.4,63.80678069890295
7,23,17,3,83.6,91.91723966356052
7,5,17,3,55.8,73.68681950268348
7,17,17,3,68.2,47.03481353434418
7,5,17,3,50.7,44.07063707993769
7,17,17,3,48.95,47.13974186562645
7,5,17,3,59.25,49.60249887593207
7,17,17,3,75.7,79.12554980269614
7,5,17,3,53.4,37.730903151549114
7,17,17,3,63.6,51.9669935733503
7,5,17,3,53.25,35.84744724083168
7,17,17,3,50.8,45.774734469895876
7,5,17,3,75.1,53.71552750124346
7,17,17,3,83.6,77.43955197782536
7,5,17,3,70.55,57.40481824633484
7,17,17,3,57.15,70.59690987720727
7,16,17,3,89.45,90.25722015148528
7,17,17,3,60.05,89.81763688016315
7,16,17,3,56.45,58.24492297729974
7,17,17,3,81.05,67.2759243712043
7,16,17,3,60.0,59.47931971436972
7,16,17,3,48.35,39.27269709151773
7,17,17,3,74.95,86.95520625435168
7,16,17,3,56.7,48.734619706064564
7,12,17,3,77.55,73.98042059612088
7,16,17,3,68.15,61.588853229340636
7,12,17,3,38.6,37.163082983548406
7,12,17,3,56.0,49.53680184309545
7,16,17,3,77.7,83.98314367212406
7,16,17,3,55.8,53.795519281226774
7,12,17,3,82.95,106.17536387852336
7,16,17,3,63.65,60.03005826031524
7,12,17,3,71.35,61.567485437996375
7,16,17,3,65.95,62.36857761472688
7,12,17,3,47.0,39.363354585331344
7,18,17,3,68.05,67.03375033675593
7,12,17,3,66.3,59.373128779378234
7,12,17,3,61.1,61.16750083087207
7,18,17,3,82.5,65.44463308782471
7,12,17,3,86.0,95.89248365253991
7,18,17,3,92.2,77.78553511858236
7,12,17,3,57.9,45.54338590838411
7,18,17,3,68.15,46.04720118359101
7,9,17,3,70.7,70.7293581567312
7,18,17,3,75.6,78.82118336696311
7,9,17,3,82.0,62.60738143802467
7,18,17,3,77.55,65.62851995572464
7,9,17,3,36.0,47.18831255835774
7,18,17,3,57.9,58.7240648241731
7,9,17,3,77.05,77.26882329006686
7,18,17,3,105.95,77.00203346597243
7,9,17,3,99.85,68.85016148740762
7,18,17,3,64.5,56.29948116055216
7,9,17,3,51.05,48.223683851511446
7,18,17,3,62.8,55.3796466507136
7,9,17,3,59.6,51.14828803020735
7,13,17,3,67.5,46.74285760244131
7,9,17,3,71.3,71.1537253527807
7,9,17,3,46.25,28.692333470807146
7,13,17,3,82.0,64.59509513724299
7,13,17,3,50.6,50.523991174594734
7,9,17,3,78.45,77.37364912518582
7,13,17,3,53.35,57.747431020554366
7,13,17,3,80.9,66.11624531638833
7,13,17,3,52.55,53.607221626627094
7,13,17,3,46.5,51.11339303321998
7,13,17,3,61.2,59.3398774234627
7,13,17,3,64.35,45.044159619083516
7,13,17,3,65.0,73.1084270468402
7,13,17,3,80.75,75.89110966586132
7,13,17,3,67.65,56.512015489954365
7,13,17,3,52.95,54.749645516756786
7,13,17,3,53.7,48.86942860962852
7,13,17,3,60.6,63.37225027772927
7,13,17,3,43.75,53.561450198518905
7,13,17,3,50.05,46.05657276368751
7,21,17,3,48.7,56.25702295339621
7,13,17,3,62.45,50.25877770939227
7,21,17,3,60.9,56.958803210372096
7,13,17,3,56.75,58.45184702858098
7,13,17,3,51.35,38.79131074704339
7,21,17,3,68.9,78.14823970135893
7,10,17,3,49.0,42.03256882591478
7,10,17,3,54.85,48.645089545010656
7,21,17,3,78.0,107.2444330539009
7,21,17,3,42.5,41.20232492162752
7,10,17,3,68.35,71.2890890005358
7,21,17,3,58.9,42.63541893037315
7,10,17,3,58.05,53.69551093654704
7,21,17,3,60.0,57.94825277780168
7,10,17,3,77.55,60.07142678336743
7,21,17,3,57.2,59.096353080104876
7,21,17,3,51.85,46.59486644414134
7,10,17,3,69.4,70.2644628303818
7,10,17,3,57.7,49.921095635749865
7,21,17,3,98.25,78.72395141452054
7,10,17,3,72.4,92.04655572617932
7,11,17,3,55.05,54.5242341098264
7,10,17,3,53.7,52.4806731343223
7,11,17,3,40.0,37.44047907925606
7,11,17,3,47.5,50.24937810560445
7,10,17,3,77.5,57.518418102835824
7,11,17,3,69.55,47.61299579338663
7,14,17,3,75.35,62.718481285318454
7,11,17,3,62.15,59.118324703846895
7,14,17,3,54.15,57.147339579831986
7,11,17,3,78.4,67.400921436775
7,14,17,3,78.65,76.15792110718635
7,11,17,3,68.1,70.96618913257214
7,14,17,3,70.4,55.69408926400869
7,11,17,3,43.5,50.649985712057
7,14,17,3,69.3,50.74300574048553
7,11,17,3,68.2,69.44941362338186
7,14,17,3,48.25,56.47996850304772
7,11,17,3,67.45,46.85079901582312
7,14,17,3,61.15,54.28799906153535
7,14,17,3,36.3,28.20059723145108
7,17,17,3,77.8,62.16074239209859
7,14,17,3,48.45,44.731332478064616
7,14,17,3,50.75,44.57976293294857
7,17,17,3,81.9,97.9725525472904
7,2,17,3,58.7,63.85023595554638
7,17,17,3,41.55,45.725122658176254
7,2,17,3,67.2,54.76994950172086
7,17,17,3,63.2,76.55311193784627
7,17,17,3,64.5,58.49111493479834
7,2,17,3,73.25,91.12101554352986
7,17,17,3,77.05,58.22232796517338
7,2,17,3,65.6,55.049642668183935
7,2,17,3,53.1,49.60995231222313
7,17,17,3,57.6,68.31228601834835
7,17,17,3,62.95,53.90876796178795
7,2,17,3,73.45,72.86792305621394
7,17,17,3,45.75,37.62680315665249
7,2,17,3,66.05,74.31545493438941
7,17,17,3,47.25,51.03236846922694
7,19,17,3,50.5,47.857793733650446
7,2,17,3,74.75,50.50885800374134
7,19,17,3,68.75,59.36051762435684
7,2,17,3,74.9,82.55518090790451
7,19,17,3,55.9,52.66567842732614
7,19,17,3,53.2,43.38517816271505
7,2,17,3,96.9,83.16306113198398
7,19,17,3,67.6,67.51093478681416
7,9,17,3,50.95,61.83805249878189
7,19,17,3,55.15,57.026563524101824
7,9,17,3,103.1,92.1833984368575
7,19,17,3,85.5,84.61087400565013
7,9,17,3,70.1,83.16622543215232
7,19,17,3,73.6,55.896897569496076
7,9,17,3,66.85,75.84976494429803
7,19,17,3,67.7,90.71070267034297
7,9,17,3,71.4,61.29514448014708
7,19,17,3,61.4,62.70012171565455
7,9,17,3,31.6,27.1940395946186
7,9,17,3,44.2,32.68123556254777
7,18,17,3,64.75,48.38646504963966
7,9,17,3,60.8,48.33392619116134
7,18,17,3,56.6,35.674552333708775
7,18,17,3,54.75,59.56321277256184
7,9,17,3,74.25,80.07225355560865
7,18,17,3,65.85,61.34310324551142
7,9,17,3,71.4,75.78876461656611
7,18,17,3,36.15,35.83481841067868
7,5,17,3,48.6,44.58392440992015
7,18,17,3,70.25,60.57172781526308
7,5,17,3,74.75,58.681903424085384
7,18,17,3,45.95,56.959334524498125
7,5,17,3,85.6,54.043257527748324
7,18,17,3,77.6,100.75629796170246
7,5,17,3,69.35,60.07738430776725
7,18,17,3,59.55,66.96776522288442
7,5,17,3,65.7,51.55487623065247
7,18,17,3,91.1,79.82935748075062
7,5,17,3,69.25,79.58039629006764
7,5,17,3,41.7,35.053492956067196
7,15,17,3,71.25,71.93116226826282
7,5,17,3,52.4,48.70577616237059
7,15,17,3,58.7,44.45470787927392
7,5,17,3,76.7,57.894732057416064
7,15,17,3,89.2,50.651128734760334
7,5,17,3,58.25,53.0490091181829
7,15,17,3,46.7,41.464125267639815
8,41,17,4,55.6,54.592654219563656
7,15,17,3,73.15,62.50833628615593
8,41,17,4,82.75,70.41521590948186
7,15,17,3,78.75,56.329738803621396
8,41,17,4,60.85,66.12052392571105
7,15,17,3,77.25,55.99142321538372
7,15,17,3,54.75,58.32023662503437
8,41,17,4,74.15,62.88609167626646
7,15,17,3,49.9,41.66141721317851
8,41,17,4,67.45,64.95056824839544
7,15,17,3,74.5,100.007105010752
8,41,17,4,78.1,57.63122326254096
7,5,17,3,63.3,57.114934907375
8,41,17,4,63.3,54.61067950309238
8,41,17,4,59.55,68.42858359363855
7,5,17,3,82.0,103.8789781681701
8,41,17,4,64.6,71.50149059911085
7,5,17,3,59.6,61.311456815525965
8,41,17,4,49.3,55.28119505144394
7,5,17,3,67.2,68.465588744312
8,26,17,4,72.55,55.92709069569246
7,5,17,3,64.65,53.66099730324575
8,26,17,4,56.15,50.666375230002075
7,5,17,3,64.4,51.3434257565762
8,26,17,4,50.45,45.44108389181708
7,5,17,3,56.7,36.073171252476904
8,26,17,4,66.25,51.67598953805182
7,5,17,3,67.5,66.98507296405671
8,26,17,4,55.6,39.72987739591876
7,5,17,3,49.4,48.26178612525649
8,26,17,4,64.25,53.6517768381881
7,5,17,3,79.8,65.66069079585955
8,26,17,4,71.95,56.022058625434134
7,3,17,3,59.6,57.189804023186916
8,26,17,4,57.65,48.84160758593995
7,3,17,3,76.15,87.31146605837722
8,26,17,4,84.55,78.64341575812475
7,3,17,3,83.45,87.11243490908444
8,26,17,4,75.7,61.917687295311666
7,3,17,3,61.25,68.14525893845787
7,3,17,3,59.35,55.571930627648804
8,36,17,4,84.05,74.91221177941691
7,3,17,3,72.8,69.11211334148534
8,36,17,4,71.3,73.89188403550007
7,3,17,3,50.55,40.12280490798482
8,36,17,4,53.35,39.612963056369104
7,3,17,3,53.05,41.819757355383565
8,36,17,4,48.8,54.947438999753025
7,3,17,3,76.8,62.01578746365188
8,36,17,4,80.1,69.43599855072902
7,3,17,3,70.4,73.50288214900507
8,36,17,4,61.5,59.74639385726446
8,44,17,4,58.9,50.744872699250685
8,36,17,4,60.25,49.36211524086697
8,44,17,4,76.3,68.04108665860805
8,36,17,4,80.6,67.41887913009155
8,44,17,4,54.5,48.68534849310146
8,36,17,4,78.7,56.314997535012125
8,44,17,4,51.85,49.5487797927191
8,36,17,4,48.8,60.48279442165873
8,44,17,4,71.0,49.72344570352681
8,32,17,4,57.4,65.69739240199
8,44,17,4,94.7,78.17800202102889
8,32,17,4,72.45,55.52569343627279
8,44,17,4,81.45,80.55104625410883
8,32,17,4,100.9,84.86267544810572
8,44,17,4,43.0,39.880083408031865
8,32,17,4,51.45,53.033728096273535
8,44,17,4,72.75,74.29307185946607
8,32,17,4,68.35,83.19936424352241
8,44,17,4,79.6,64.20395134585607
8,32,17,4,77.75,51.69126465956567
8,44,17,4,65.85,61.345677152209824
8,32,17,4,77.6,87.99545442805554
8,44,17,4,62.55,71.77191578003782
8,32,17,4,79.85,63.31647744299641
8,44,17,4,58.85,52.55000125194049
8,44,17,4,65.05,55.62134671622322
8,32,17,4,83.95,58.47669351297598
8,44,17,4,62.1,59.657707844528844
8,32,17,4,70.7,78.79827676448662
8,44,17,4,72.2,58.15369834824736
8,33,17,4,71.9,55.2047862150795
8,33,17,4,61.1,49.29065247136247
8,44,17,4,87.1,66.89968924481363
8,44,17,4,60.65,64.14315814521534
8,33,17,4,72.8,60.969017153235946
8,44,17,4,58.25,49.86072708317798
8,33,17,4,72.55,56.44790332221104
8,44,17,4,56.9,53.71552750124346
8,33,17,4,40.2,39.40825454540951
8,39,17,4,50.0,28.123786523529375
8,33,17,4,47.65,38.26950826908931
8,39,17,4,50.4,53.69347701242871
8,33,17,4,65.85,51.13992672328694
8,39,17,4,60.75,53.62822803435951
8,33,17,4,80.85,71.32820730885318
8,39,17,4,41.2,52.38882966515105
8,39,17,4,52.85,48.926663702449936
8,33,17,4,68.25,52.99342064425496
8,39,17,4,58.85,53.93785410324699
8,33,17,4,61.5,55.8847498263873
8,39,17,4,44.2,44.65139828069277
8,30,17,4,64.7,60.2320949590656
8,39,17,4,49.4,46.89001689283686
8,30,17,4,67.8,68.63296737375062
8,39,17,4,61.35,75.94130351098386
8,30,17,4,80.7,59.46878880644252
8,39,17,4,68.25,52.67964252766058
8,42,17,4,52.75,50.17220345968472
8,30,17,4,61.5,56.094375363029236
8,42,17,4,50.9,53.719446640564165
8,30,17,4,54.0,51.273261729882684
8,30,17,4,43.6,55.36044569336866
8,42,17,4,52.5,48.42085240233201
8,42,17,4,52.4,44.75124226443916
8,30,17,4,81.65,67.10186678711547
8,30,17,4,54.85,49.95605963981589
8,42,17,4,92.45,88.596943632682
