trial_id,stim_id,param_id,index,sample_n_mean,sample_n_std
0,25,17,0,60.15,38.10825991414736
0,26,107,0,73.9,43.387968257037386
0,43,5,0,89.25,53.208502486370584
0,25,17,0,83.4,43.70523273500614
0,26,107,0,86.0,49.102470727845734
0,43,5,0,79.75,43.259163921161196
0,25,17,0,69.15,47.49213231240462
0,43,107,0,75.15,80.05805459329596
0,33,5,0,93.0,58.904918926047344
0,25,17,0,70.85,40.61666108747415
0,43,107,0,82.6,35.59775273805918
0,33,5,0,69.15,41.118922523257886
0,25,17,0,82.05,37.393321948120494
0,26,107,0,75.85,35.695016606331976
0,35,5,0,78.6,35.61105682819667
0,25,17,0,76.9,50.27178763062785
0,26,107,0,72.0,29.927983736401554
0,25,17,0,56.7,42.00012531309626
0,35,5,0,79.2,47.945802736005994
0,32,107,0,72.05,45.890573507443825
0,25,17,0,83.65,53.55496438731256
0,36,5,0,87.55,55.36336904108119
0,32,107,0,81.75,65.28308800100811
0,25,17,0,78.25,36.532429717343355
0,36,5,0,89.5,34.267523369726284
0,25,17,0,70.2,28.936591295269622
0,29,107,0,86.55,29.40367860981809
0,42,5,0,97.8,45.854001719416054
0,33,17,0,71.25,46.560515234986056
0,29,107,0,82.3,54.65980915482696
0,26,107,0,65.95,40.47673145739024
0,33,17,0,81.2,46.24260965136398
0,42,5,0,92.45,43.0684583571685
0,33,17,0,58.0,27.6576819061369
0,26,107,0,63.35,31.784264561008968
0,24,5,0,68.5,31.543620591175014
0,33,17,0,63.65,40.02009363728229
0,29,107,0,64.25,46.358869020308354
0,33,17,0,61.6,30.697848373083776
0,24,5,0,98.9,63.17302888850089
0,29,107,0,84.5,43.40567510797347
0,33,17,0,53.7,34.660913827659265
0,30,5,0,86.15,31.253252462322767
0,33,17,0,71.55,43.20754685541819
0,35,107,0,90.2,39.49896734159808
0,33,17,0,76.55,36.80742917000946
0,35,107,0,70.2,50.43035844242611
0,30,5,0,102.8,44.29637029207508
0,33,17,0,58.1,38.82199593556535
0,26,5,0,64.85,38.99294808039013
0,28,107,0,85.65,49.78403358507625
0,33,17,0,78.9,43.15931319876943
0,26,5,0,68.5,36.484315303399825
0,28,107,0,85.4,43.4939802247331
0,41,5,0,86.95,39.532098883126146
0,27,17,0,85.5,63.89094326724992
0,43,107,0,67.35,32.74828239770751
0,41,5,0,68.2,41.78466099822806
0,43,107,0,60.55,19.6775988051602
0,27,17,0,80.3,37.50101753005475
0,41,107,0,62.0,26.383806835972226
0,30,5,0,68.45,40.05716310211538
0,27,17,0,66.5,37.19436856073214
0,27,17,0,69.15,31.212809448753735
0,41,107,0,87.95,36.631127114575804
0,30,5,0,89.9,47.71284721617108
0,27,17,0,65.9,37.54281766056907
0,43,107,0,74.85,40.711145506127096
0,24,5,0,84.45,44.95784575284765
0,43,107,0,71.45,40.82372246365431
0,27,17,0,86.0,41.04169894913683
0,24,5,0,86.5,60.76226321969045
0,27,17,0,78.5,41.93039344839066
0,36,107,0,83.95,45.985667103428746
0,31,5,0,79.3,42.16271737971955
0,27,17,0,64.1,35.111701453324194
0,36,107,0,67.6,37.73229804543414
0,27,17,0,66.9,33.45208671014647
0,31,5,0,92.25,48.628424652774086
0,30,107,0,80.0,40.22175373705391
0,27,17,0,81.9,45.763580095507116
0,30,5,0,88.3,55.95966592579261
0,30,107,0,80.1,56.169761484834154
0,32,17,0,74.8,33.42485680794428
0,34,107,0,65.8,35.139721114431175
0,30,5,0,73.0,30.94987458524033
0,32,17,0,85.4,34.74478378116634
0,34,107,0,71.45,45.28561407450785
0,28,5,0,84.8,39.12005812071885
0,32,17,0,69.65,31.708001646604163
0,34,107,0,75.5,46.08972941876246
0,28,5,0,66.75,34.955422740218275
0,32,17,0,59.0,30.485544460491948
0,45,5,0,72.1,47.841734698350656
0,34,107,0,80.95,39.47080866719233
0,32,17,0,80.15,40.425727868329226
0,45,5,0,65.2,39.92835689344762
0,44,107,0,74.4,35.1184461950966
0,32,17,0,71.7,38.23624623725229
0,44,107,0,64.5,44.85004253943884
0,24,5,0,92.15,40.664577887110084
0,32,17,0,76.5,43.35957370153617
0,43,107,0,64.85,31.987291884516626
0,24,5,0,81.45,35.76454433624099
0,43,107,0,77.9,43.25554421416008
0,32,17,0,85.5,62.108987399485706
0,43,5,0,79.75,33.41899081911992
0,32,17,0,63.05,36.600941891820504
0,40,107,0,87.95,45.173903738191235
0,43,5,0,86.35,44.91193136514359
0,32,17,0,69.55,35.396215973789594
0,40,107,0,83.55,33.155891752367886
0,44,5,0,65.35,32.49983805627669
0,37,17,0,72.45,42.987727746905925
0,31,107,0,76.45,39.96376648389072
0,44,5,0,74.4,59.19672821684445
0,37,17,0,77.65,52.93518877388005
0,31,107,0,87.9,77.0282928198259
0,37,17,0,75.85,35.86124575873544
0,42,5,0,85.5,50.02999100539596
0,37,17,0,64.2,37.77439957375755
1,17,107,0,73.65,40.6140693796983
0,42,5,0,80.6,52.77000743045737
0,37,17,0,56.8,38.881195563164624
1,17,107,0,62.35,34.505949143818505
0,38,5,0,85.95,28.27771114090426
0,37,17,0,76.7,38.64017543819822
1,6,107,0,73.7,42.490989756962776
0,38,5,0,81.2,40.48339490652797
0,37,17,0,72.5,41.3464184154985
1,6,107,0,81.8,41.70018301108396
1,18,5,0,81.4,42.29271431594958
0,37,17,0,76.9,35.05018957828452
1,10,107,0,82.25,41.423200974180745
1,18,5,0,80.35,33.35341062020494
0,37,17,0,86.45,41.90022610163842
1,10,107,0,81.2,39.763246716958164
1,21,5,0,72.4,28.05896047892535
0,37,17,0,80.2,46.486670415461994
1,11,107,0,70.2,38.39490097724738
1,21,5,0,69.0,36.07594328926863
1,11,107,0,65.8,41.922987037009456
0,44,17,0,75.15,41.75401020765614
1,2,5,0,87.5,43.99342056071088
0,44,17,0,67.5,34.1598409955624
1,15,107,0,73.5,33.21778217508777
1,2,5,0,66.0,34.18833288218597
0,44,17,0,82.9,39.98407577760768
1,15,107,0,87.2,60.424463501744754
1,2,5,0,92.95,53.229863996187625
0,44,17,0,83.05,26.535924011759885
1,23,107,0,72.85,37.74606985467075
0,44,17,0,68.25,35.95739437899131
1,2,5,0,89.1,50.39935254387803
1,23,107,0,75.8,42.83702284608245
0,44,17,0,93.75,40.14824502948253
1,4,5,0,81.9,44.048896276273425
1,6,107,0,84.85,46.5440086030641
1,4,5,0,61.2,37.814784076295375
1,6,107,0,67.9,34.87104061659489
0,44,17,0,78.4,46.42299793035888
0,44,17,0,69.6,39.32911068621334
1,14,5,0,94.75,31.309784917481426
1,2,107,0,83.55,38.80650379565396
0,44,17,0,76.8,31.705221220353895
1,14,5,0,83.5,40.973033493801886
1,2,107,0,79.3,48.91464101128779
0,44,17,0,84.25,39.90102887474404
1,5,107,0,69.0,34.94205730092395
1,2,5,0,76.15,33.40229270416534
0,26,17,0,60.3,42.34333353358994
1,5,107,0,77.45,35.427427673752256
1,2,5,0,93.45,42.70396875430223
0,26,17,0,79.3,30.544359458611048
1,7,107,0,84.65,39.79986114760228
1,7,5,0,83.5,40.86885315120473
0,26,17,0,70.25,32.1540289691256
1,7,5,0,67.0,33.0947602785507
1,7,107,0,83.75,43.928021269248845
0,26,17,0,66.7,41.93114656948435
1,18,107,0,63.75,30.35210042155238
1,16,5,0,86.05,50.33934842645463
0,26,17,0,75.7,38.461327124925454
1,18,107,0,64.85,39.18549006429482
0,26,17,0,70.55,48.569510687478136
1,16,5,0,77.15,40.16318686244119
1,19,107,0,62.2,27.899443495676056
0,26,17,0,60.45,39.18038580181348
1,23,5,0,71.5,27.563324220878425
1,19,107,0,86.3,47.88044321124506
0,26,17,0,76.8,32.22225448677553
1,23,5,0,73.4,31.3828649190337
0,26,17,0,64.05,50.92354951038706
1,5,107,0,83.35,51.48558817255255
1,11,5,0,107.55,62.066581397043194
1,5,107,0,84.45,49.57554044613448
0,26,17,0,91.45,35.926057102712626
1,11,5,0,70.15,31.790887472918865
0,27,17,0,67.5,38.874291328791955
1,12,107,0,80.5,44.884061172853116
1,4,5,0,88.05,29.101410709159065
0,27,17,0,66.85,36.94131191925632
1,12,107,0,80.8,38.76189121452043
0,27,17,0,87.8,44.407917738785464
1,4,5,0,87.9,61.50216085206832
1,11,107,0,69.8,39.26375052466535
0,27,17,0,82.5,41.652067617851884
1,14,5,0,82.85,45.01026198780147
1,11,107,0,79.25,49.490961428910374
0,27,17,0,67.55,35.87327842925926
1,14,5,0,62.05,35.93338134293574
1,15,107,0,81.15,34.23644564680036
0,27,17,0,78.05,40.26684021689102
1,8,5,0,94.7,45.98867137390296
1,15,107,0,78.95,45.652549360992914
0,27,17,0,66.4,43.75818720386416
1,14,107,0,76.9,29.141939392891256
1,8,5,0,87.2,61.608782695839366
0,27,17,0,71.6,55.99755633766061
1,14,107,0,67.8,35.891063247731054
1,13,5,0,87.6,49.17680240455699
0,27,17,0,90.9,45.72791385207899
1,8,107,0,85.25,42.69213535362961
1,13,5,0,84.5,44.55688262742002
0,27,17,0,82.9,42.96865442573103
1,8,107,0,80.7,43.47667251103262
1,9,5,0,66.5,43.602872913556844
0,29,17,0,82.05,32.71000973466845
1,10,107,0,83.1,32.191695562021806
1,9,5,0,86.35,40.58943990225718
0,29,17,0,83.6,47.897258464561965
1,12,5,0,66.05,41.294162962056056
1,10,107,0,99.3,51.87342895528449
0,29,17,0,64.15,41.0074126803538
1,12,5,0,87.75,57.73977467004325
0,29,17,0,72.65,35.96676097088591
1,10,107,0,77.35,56.64968527807779
0,29,17,0,68.05,35.8233605053286
1,15,5,0,70.25,33.90990384750992
1,10,107,0,78.9,39.001889292969544
0,29,17,0,74.6,31.545122235333075
2,31,107,1,58.9,38.17122090349165
1,15,5,0,97.2,51.121732941552054
0,29,17,0,70.7,51.498696968697026
1,9,5,0,56.55,37.65420924258284
2,31,107,1,74.65,46.88538656856964
0,29,17,0,73.0,39.424811850834296
2,28,107,1,64.0,30.931162960762776
1,9,5,0,101.55,59.94073827759512
2,28,107,1,76.55,41.7693856663869
0,29,17,0,89.7,39.594125029379114
1,16,5,0,78.85,44.639226318517096
0,29,17,0,68.9,39.55129913363017
2,29,107,1,67.95,50.742357474848006
0,42,17,0,69.4,34.51224039152059
1,16,5,0,85.45,35.798375440940426
2,29,107,1,82.8,39.76192307114672
0,42,17,0,79.55,41.42015146481747
2,26,107,1,57.4,37.02261044565234
2,37,5,1,94.95,65.01131480466749
0,42,17,0,65.1,38.25661277547493
2,26,107,1,66.5,20.374132206253467
2,37,5,1,88.5,48.539186556626056
0,42,17,0,78.35,31.15035692961005
2,32,107,1,72.45,43.22094399709474
2,32,107,1,71.6,59.05430150561252
0,42,17,0,92.15,44.92482024097827
2,44,5,1,99.2,80.42361528019516
2,30,107,1,68.0,35.26889191400979
0,42,17,0,77.15,37.36769643478315
2,44,5,1,83.2,58.8777502430605
2,30,107,1,71.8,33.6664755943857
0,42,17,0,71.1,39.809943217082946
2,29,5,1,67.8,40.82259436300338
2,30,107,1,70.45,47.94347000154946
0,42,17,0,79.3,47.02977780087846
2,29,5,1,91.05,42.84792570057628
2,30,107,1,70.95,42.4555185179922
0,42,17,0,71.9,44.76594100076765
2,24,5,1,73.7,51.18501014123075
0,42,17,0,93.9,39.26683346701534
2,41,107,1,91.45,50.456312525631624
2,41,107,1,63.4,37.31149110423024
2,24,5,1,93.4,46.730357539713665
0,29,17,0,78.85,35.930158861177794
2,30,5,1,65.65,36.46956193003175
2,33,107,1,66.85,46.406981099149746
0,29,17,0,89.15,32.9629377203837
2,33,107,1,73.25,44.76120853455238
0,29,17,0,66.25,36.706338187810225
2,30,5,1,94.65,40.00957122331711
2,31,107,1,83.85,49.952898867464725
0,29,17,0,84.25,42.00360260238337
2,33,5,1,72.3,48.89742216862605
0,29,17,0,72.9,36.26205788569181
2,31,107,1,72.7,35.67558504665414
2,33,5,1,72.9,41.11460234899262
2,43,107,1,65.1,44.02379739234344
2,45,5,1,75.25,41.631054957112305
0,29,17,0,87.2,55.73678743598532
2,43,107,1,62.6,49.06322451694344
0,29,17,0,68.3,32.01825137406213
2,45,5,1,86.3,52.33807107842747
2,25,107,1,76.0,49.40274869829985
0,29,17,0,89.95,53.44793334589625
2,32,5,1,87.3,59.83494842173409
2,25,107,1,67.05,36.12329034380946
0,29,17,0,85.55,49.387271959270514
2,36,107,1,62.7,34.785205566674314
2,32,5,1,77.1,65.80265552152291
0,29,17,0,58.4,34.40838331141501
2,36,107,1,53.2,36.88046123698335
0,30,17,0,72.95,34.90057306119772
2,28,5,1,97.6,51.616398862948074
2,24,107,1,74.75,57.32077330803885
0,30,17,0,65.6,35.32465964375833
2,24,107,1,68.35,35.26333267827854
2,28,5,1,81.65,60.246227224091314
0,30,17,0,82.15,40.36970594263397
2,24,107,1,64.65,43.57120608842495
2,32,5,1,71.75,53.41483629893577
0,30,17,0,73.85,40.35666644206121
2,24,107,1,72.95,41.90273825997784
2,32,5,1,60.9,38.85316487820048
0,30,17,0,61.8,42.185804546827804
2,47,107,1,79.9,47.16254088954384
0,30,17,0,63.65,31.499832915179265
2,38,5,1,81.05,76.6938376718893
0,30,17,0,61.9,35.991080766446046
2,47,107,1,71.05,32.6762025107924
2,38,5,1,87.75,54.00864940476031
0,30,17,0,84.35,46.35364631089758
2,42,107,1,80.5,54.083269131959845
2,42,107,1,52.25,41.97853461497974
0,30,17,0,69.8,37.67674139446329
2,38,5,1,94.7,53.74706846350833
2,25,107,1,62.5,40.68039745186992
0,30,17,0,90.9,41.344381658658804
2,38,5,1,88.3,44.806132099124675
2,25,107,1,72.6,46.22986047999712
2,39,5,1,60.95,42.093223607656974
0,32,17,0,74.7,36.19842974204093
2,45,107,1,50.3,34.35434546941011
0,32,17,0,80.7,29.57612835414826
2,45,107,1,75.7,44.60835418571161
2,39,5,1,93.8,64.90365329106149
0,32,17,0,94.35,45.06285084541134
2,45,107,1,83.05,47.69031127465708
2,29,5,1,91.2,34.550649319818184
0,32,17,0,71.45,40.16213849412221
2,45,107,1,71.1,37.08723712943223
2,29,5,1,75.5,35.96855351699958
0,32,17,0,62.55,24.467970470543086
0,32,17,0,47.1,28.271056428420696
3,6,107,1,86.0,42.17382575659183
2,35,5,1,101.0,49.16995231364695
0,32,17,0,85.15,45.31907347963583
3,6,107,1,71.8,37.636208769299756
2,35,5,1,85.3,49.401789867425485
0,32,17,0,71.2,34.84945064884547
3,10,107,1,85.55,57.959582105936
2,28,5,1,68.5,35.212886397184946
0,32,17,0,71.85,36.28001479718842
3,10,107,1,76.95,43.25989390940102
2,28,5,1,58.7,32.372990691559366
0,32,17,0,91.05,37.516978612496594
2,46,5,1,58.15,36.20013812128346
3,12,107,1,106.95,54.900364297516276
0,36,17,0,79.85,44.5152546295856
2,46,5,1,95.25,65.70658462557533
0,36,17,0,57.5,46.05774407712219
3,12,107,1,94.9,48.6024690730831
0,36,17,0,57.5,28.680637150670506
2,34,5,1,79.95,43.48802012896014
0,36,17,0,69.3,34.64572579394858
3,15,107,1,87.35,53.014670263596805
2,34,5,1,81.4,40.04260888498388
0,36,17,0,60.9,33.37332688493045
2,34,5,1,69.65,47.54308295474857
3,15,107,1,89.15,66.70853728997827
0,36,17,0,81.6,37.75600335673368
0,36,17,0,54.8,32.004276030095205
3,8,107,1,87.45,62.96571748933992
2,34,5,1,107.75,65.86179708897619
0,36,17,0,77.1,32.02614063871147
2,35,5,1,86.7,48.894192960546526
0,36,17,0,80.3,36.43754570277896
3,8,107,1,93.1,75.55611368902899
0,36,17,0,60.55,28.837977518689154
2,35,5,1,78.75,53.78991785788387
3,18,107,1,90.8,52.08050448458061
0,24,17,0,72.75,41.457492497864926
3,20,5,1,90.65,50.799165969117
0,24,17,0,66.65,47.37007160867004
3,18,107,1,85.85,35.97407692389501
0,24,17,0,67.55,38.50150373003221
3,20,5,1,108.9,50.15754128113161
3,18,107,1,106.7,53.58917801198298
0,24,17,0,81.0,34.9706643977642
3,11,5,1,79.8,36.90899191539274
0,24,17,0,74.65,22.91925184780598
3,18,107,1,91.15,47.56521838486606
3,11,5,1,64.55,39.93741814916248
0,24,17,0,86.7,50.10315674475485
3,18,107,1,77.8,52.406909950180385
3,16,5,1,75.85,54.31416893747359
0,24,17,0,100.35,69.15982633687976
3,18,107,1,96.7,52.85143029484184
3,16,5,1,96.25,41.07230466538633
0,24,17,0,59.0,32.7542685044737
3,21,107,1,91.75,45.966664122234455
3,17,5,1,86.85,48.876078531645504
0,24,17,0,75.15,48.23765181506641
0,24,17,0,59.5,31.312516414535036
3,21,107,1,73.6,53.135774449195615
3,17,5,1,69.6,47.17090985811176
0,44,17,0,62.6,25.674890457409937
3,5,5,1,79.8,43.89892697405808
3,3,107,1,99.0,47.51066362296718
0,44,17,0,80.0,36.46627858287997
3,5,5,1,92.5,58.23681237661856
0,44,17,0,76.95,48.1920227074106
3,3,107,1,106.35,65.92761181781121
0,44,17,0,66.65,51.66213619072941
3,23,5,1,85.95,61.839754714567675
0,44,17,0,81.95,41.0153693914341
3,3,107,1,107.2,66.21861719454654
3,23,5,1,93.75,42.23726840250518
0,44,17,0,78.9,36.21994216624753
3,3,107,1,80.75,45.7301869665979
0,44,17,0,68.3,34.75796008792352
3,2,5,1,96.65,70.31828017177176
3,11,107,1,87.15,48.11201294348101
0,44,17,0,67.2,37.41601120826273
3,2,5,1,88.85,56.16074204787915
3,11,107,1,86.15,50.94194321919186
0,44,17,0,88.1,40.10893062385824
3,8,5,1,76.1,36.05390700778926
0,44,17,0,84.95,46.094268395836025
3,14,107,1,91.4,47.65048185540868
3,8,5,1,83.25,61.07103284398897
0,34,17,0,78.7,37.415307872018026
3,14,107,1,76.9,46.74893750551703
3,13,5,1,68.65,39.9411079623883
0,34,17,0,52.0,26.834777121449967
3,13,5,1,77.45,35.42891325932595
0,34,17,0,84.1,39.2949708848614
3,12,107,1,107.1,53.75666421355049
0,34,17,0,77.55,47.33583820898674
3,19,5,1,88.75,53.26979493701453
3,12,107,1,96.1,62.23207837560441
0,34,17,0,62.85,37.27744485257596
3,19,5,1,82.35,43.55429158865374
0,34,17,0,71.65,44.71109011137357
3,16,107,1,87.25,67.10155304501254
0,34,17,0,69.55,27.425449187896536
3,13,5,1,100.85,68.85321916565474
3,16,107,1,81.35,37.6287613961784
0,34,17,0,73.8,47.05606957886013
3,13,5,1,102.75,55.119845504328595
0,34,17,0,83.35,42.032913169011785
3,1,107,1,95.45,62.446166289136805
0,34,17,0,73.4,40.32421239482748
3,1,107,1,76.05,63.23596162078397
3,14,5,1,113.55,84.00217729007794
0,40,17,0,59.15,31.099627684351194
3,17,107,1,87.3,40.14985088784003
0,40,17,0,62.4,37.0794310976627
3,14,5,1,68.75,53.69982358100983
0,40,17,0,67.9,49.16877485816209
3,9,5,1,62.85,40.05295836369906
3,17,107,1,78.7,47.183962485038
0,40,17,0,62.65,34.8293206788098
3,9,5,1,84.75,52.03629806000302
0,40,17,0,59.4,31.873764165929057
3,7,107,1,94.85,49.9739669069912
0,40,17,0,69.15,47.738624988466874
3,13,5,1,73.45,51.86772142976583
3,7,107,1,86.35,55.860988176007055
0,40,17,0,81.45,42.87125770072654
3,13,5,1,90.4,66.65259500614084
3,0,107,1,73.0,28.05070596728642
0,40,17,0,75.8,23.598840292647747
3,0,107,1,70.35,47.99152885776054
3,0,5,1,85.1,50.28120921378085
0,40,17,0,59.55,27.244458635028693
3,9,107,1,76.0,36.77813996040812
3,0,5,1,79.65,50.26903933625023
0,40,17,0,87.55,43.57990241770674
0,34,17,0,70.8,40.662409900882274
3,9,107,1,103.3,51.285680775744595
3,20,5,1,109.8,45.122756541403106
0,34,17,0,71.75,42.80663377020952
4,39,107,2,68.65,32.93418476774231
3,20,5,1,92.45,38.35358351472588
0,34,17,0,81.25,45.83824535082146
4,39,107,2,57.9,38.44325962410466
0,34,17,0,70.95,39.42678090627713
4,24,107,2,56.75,45.21396500616759
3,8,5,1,94.4,50.87073401227241
0,34,17,0,60.65,28.388795046823077
4,24,107,2,63.1,46.97132383867731
0,34,17,0,60.25,43.33331646423424
3,8,5,1,90.3,47.58714996829778
4,27,107,2,72.2,41.81362155289137
0,34,17,0,72.9,34.687932074122656
3,0,5,1,88.0,74.95612751891322
4,27,107,2,67.75,43.73951002059929
0,34,17,0,76.75,39.731831332731595
4,43,107,2,58.45,34.0084741761443
3,0,5,1,94.85,65.4967054213617
0,34,17,0,90.75,42.36542160026761
4,43,107,2,88.35,56.568798355351525
0,34,17,0,77.65,41.496068298219846
3,7,5,1,87.75,63.53355930447102
4,36,107,2,58.5,38.72643595924188
0,35,17,0,76.3,45.47075404789556
3,7,5,1,70.45,39.84374084107222
4,36,107,2,73.05,42.56941699339908
0,35,17,0,79.9,48.31464853600711
3,22,5,1,91.5,50.4031118504654
4,29,107,2,85.55,42.402178444534016
0,35,17,0,72.55,28.489102256273732
3,22,5,1,86.15,63.68778698091429
0,35,17,0,64.0,24.935706801376423
4,29,107,2,67.45,54.47015116943456
0,35,17,0,64.5,34.44369929395842
4,35,107,2,74.8,40.73741329668911
4,41,5,2,84.45,57.828671635771606
0,35,17,0,68.15,33.78924618713381
4,41,5,2,61.9,26.649577857819814
4,35,107,2,71.15,38.07648120628574
0,35,17,0,72.4,43.04514154380627
4,37,5,2,58.6,42.32381437391832
4,42,107,2,53.45,34.43907664267438
0,35,17,0,64.75,28.662968957762978
4,37,5,2,59.55,53.55516093858644
4,42,107,2,60.75,33.26429253561147
0,35,17,0,77.95,34.426848457807495
4,41,5,2,69.35,51.33202037509797
4,24,107,2,81.2,47.795177030411985
0,35,17,0,66.15,41.203314889638875
4,41,5,2,72.5,28.446625921465436
4,24,107,2,66.0,31.531104108733484
1,7,17,0,67.2,33.160851998450795
4,26,5,2,68.85,47.045638536033906
1,7,17,0,68.4,44.9519041221896
4,42,107,2,84.95,45.87680872671254
4,26,5,2,70.7,36.18679607987305
1,7,17,0,74.8,40.818726352651325
4,42,107,2,90.5,40.806991145094116
1,7,17,0,67.9,37.43612103162849
4,34,5,2,77.8,45.79082877607698
4,24,107,2,60.85,40.64904349233946
1,7,17,0,73.2,40.40661748825438
4,34,5,2,75.55,55.45076051872745
4,24,107,2,82.15,31.883463788583178
1,7,17,0,96.2,34.44079588297331
4,26,5,2,68.4,36.25407418121227
4,39,107,2,70.2,39.37084146795363
1,7,17,0,68.05,30.839951873810495
4,26,5,2,75.35,48.075899422300544
1,7,17,0,79.05,42.7249156939207
4,39,107,2,80.55,52.94532930048544
4,45,5,2,93.95,58.42446765741757
1,7,17,0,61.8,32.8627128328877
4,29,107,2,64.55,44.2890921583467
1,7,17,0,75.1,46.87598420019405
4,45,5,2,78.4,45.98214756551549
4,29,107,2,77.75,39.76361071183181
1,20,17,0,66.5,48.797648778560934
4,42,107,2,57.2,30.355091483099972
4,24,5,2,83.25,37.49087608303764
1,20,17,0,66.3,33.936628247987535
4,42,107,2,63.4,47.03682767677617
4,24,5,2,86.7,64.59110253212737
1,20,17,0,77.85,42.78990904161253
4,36,107,2,68.25,53.66845098918868
1,20,17,0,58.6,27.344584761694108
4,25,5,2,56.55,45.162251354072474
4,36,107,2,81.8,50.12468663768698
4,25,5,2,83.5,54.287247702917256
1,20,17,0,95.85,60.07212769925658
4,28,107,2,61.7,32.89392841111851
1,20,17,0,71.45,39.060647850826996
4,36,5,2,79.85,38.1096409959751
4,28,107,2,85.75,56.52095559217512
1,20,17,0,80.55,36.01531107152828
4,36,5,2,72.9,49.50268466935591
1,20,17,0,60.4,32.28230735900166
4,27,107,2,72.2,36.734610096574706
4,24,5,2,60.55,57.6025173061039
1,20,17,0,75.2,41.231822151036894
4,27,107,2,73.4,59.475249164319564
4,24,5,2,76.6,38.501401204850225
1,20,17,0,63.6,32.54858716312875
4,28,107,2,67.45,37.18442656472423
4,27,5,2,76.15,44.29836043063113
1,23,17,0,81.45,49.052576519056515
4,27,5,2,56.75,51.92086589984294
4,28,107,2,72.8,43.7415856570092
1,23,17,0,81.55,58.35686492787739
4,33,5,2,64.1,42.6156630459049
1,23,17,0,59.2,33.07980780189821
4,37,107,2,92.0,50.88893996269047
4,33,5,2,84.8,58.55595614452897
1,23,17,0,76.65,35.81425032463739
4,37,107,2,81.0,37.99307416109581
4,30,5,2,64.85,31.69305917705011
1,23,17,0,77.75,46.72413441511897
4,37,107,2,80.9,53.71650731288044
4,30,5,2,72.95,39.24749405342568
1,23,17,0,85.6,50.927605997450726
4,37,107,2,68.35,45.74100429247494
4,40,5,2,76.75,51.526053706123434
1,23,17,0,88.6,44.30920066033571
5,8,107,2,74.8,43.83413714158599
4,40,5,2,80.35,49.23656642866367
1,23,17,0,80.85,32.01031905988738
5,8,107,2,77.55,41.83359893673983
4,25,5,2,80.45,43.3886657525842
1,23,17,0,73.55,41.57615080535322
5,8,107,2,68.4,43.7124575763983
1,23,17,0,84.65,41.488457494382196
4,25,5,2,83.4,50.43119335448939
5,8,107,2,68.05,62.24524923744444
1,8,17,0,65.9,31.866332670935588
4,29,5,2,100.15,62.434196938604266
5,10,107,2,81.35,53.47628593960819
1,8,17,0,77.65,33.7362447602918
4,29,5,2,64.45,52.61826278914356
1,8,17,0,73.2,48.65301418693074
5,10,107,2,82.95,53.18733030772608
4,32,5,2,79.35,50.664297613127715
1,8,17,0,72.05,53.343450246590976
5,13,107,2,93.35,71.35919149294165
1,8,17,0,62.15,32.95335619038714
4,32,5,2,70.15,39.550467426873865
1,8,17,0,73.8,45.41921689282957
4,38,5,2,68.35,43.680990686663925
5,13,107,2,84.2,50.80675462760314
1,8,17,0,70.2,35.35027730107867
4,38,5,2,68.05,31.546915772177194
5,23,107,2,69.8,42.73246023685902
1,8,17,0,75.95,28.612612235644765
4,41,5,2,71.45,45.935280558629444
5,23,107,2,83.7,57.26218555676025
1,8,17,0,75.65,39.88176604863298
4,41,5,2,64.9,50.766648811783384
1,8,17,0,71.0,41.310123647714654
5,10,5,2,71.85,45.74445609205441
5,16,107,2,95.9,61.20706873521958
1,20,17,0,74.1,27.71072374598534
5,10,5,2,75.9,43.7539772628248
5,16,107,2,90.75,64.09275761696767
1,20,17,0,80.8,36.86761522843021
1,20,17,0,89.25,30.89008527701166
5,7,107,2,85.6,62.67409437130431
5,8,5,2,112.5,92.52567211320326
1,20,17,0,62.15,31.479776298275592
5,7,107,2,66.75,45.11257847698472
1,20,17,0,67.75,30.16947743036085
5,8,5,2,84.1,47.85823363138039
1,20,17,0,70.9,37.104262771135524
5,3,107,2,104.5,51.7986994350041
5,9,5,2,95.65,64.31605758407379
1,20,17,0,76.85,43.996740309876785
5,9,5,2,72.4,55.785680109353855
1,20,17,0,64.8,33.2084326640087
5,3,107,2,126.8,92.95194004373839
1,20,17,0,73.7,30.480537362302798
5,12,5,2,83.35,38.69077817503124
1,20,17,0,75.0,37.42219999721527
5,12,5,2,83.95,50.53031919446717
5,15,107,2,110.95,78.24151206697321
1,21,17,0,80.0,46.21346352012924
1,21,17,0,74.2,29.84627279912854
5,11,5,2,100.4,55.866758782321575
5,15,107,2,77.5,50.14137906696267
1,21,17,0,78.25,46.245198897319405
5,14,107,2,90.15,49.205557024641664
5,11,5,2,107.75,47.84830745507922
1,21,17,0,82.15,48.1480993776931
5,14,107,2,72.55,47.8533670376715
1,21,17,0,72.95,40.290360607653255
5,23,5,2,99.75,60.25548675606668
5,23,107,2,79.15,48.920208933581456
1,21,17,0,76.0,44.8893376157295
5,23,5,2,98.1,69.15116926362356
1,21,17,0,69.75,36.66329729335664
5,23,107,2,84.3,55.54239727214556
1,21,17,0,82.1,33.38278787512795
5,16,5,2,97.6,49.67939316520641
5,5,107,2,89.05,48.67883469608143
1,21,17,0,66.95,40.39342703173897
5,16,5,2,87.3,83.1347036283189
5,5,107,2,87.2,65.43345353949509
1,21,17,0,76.6,39.325095777311674
5,23,107,2,81.85,46.90446617720343
1,0,17,0,97.65,50.816776135859946
5,0,5,2,124.0,65.12498105869004
1,0,17,0,90.2,47.44037809381593
5,23,107,2,102.65,74.85935936281132
5,0,5,2,88.3,57.52262712688762
1,0,17,0,73.85,35.62712597534578
5,4,107,2,81.65,37.60497587456101
5,23,5,2,79.7,56.06678348653787
1,0,17,0,95.9,52.05149272342574
5,4,107,2,99.2,54.24758059121162
1,0,17,0,67.45,39.67297237215918
5,23,5,2,107.05,70.19782197850812
1,0,17,0,83.65,31.31886097276813
5,5,5,2,58.6,29.898776598805227
5,14,107,2,114.2,84.89225369161844
1,0,17,0,77.55,37.290431960349736
5,5,5,2,80.6,51.0401286914728
1,0,17,0,76.85,40.58554967109924
5,14,107,2,100.55,36.06642264080627
5,5,5,2,93.05,50.7713916544181
1,0,17,0,68.8,41.518036663853124
5,14,107,2,65.25,49.07660499560597
1,0,17,0,73.55,50.237829109986535
5,5,5,2,86.95,70.20307010830494
5,14,107,2,93.45,49.647679757095986
1,14,17,0,61.4,28.597754788573322
5,0,5,2,91.3,40.99820278474347
1,14,17,0,70.25,35.525935670481054
5,7,107,2,87.9,60.55436878498007
1,14,17,0,83.95,49.08582708942197
5,0,5,2,83.85,50.37049575004462
5,7,107,2,87.6,53.131812256728175
1,14,17,0,79.1,45.498293779460624
5,6,5,2,88.8,47.2324598465705
1,14,17,0,74.5,39.38674636820975
5,5,107,2,97.25,48.18590643484222
5,6,5,2,95.15,61.33280653854621
1,14,17,0,78.15,33.05860028240123
5,5,107,2,84.65,70.01298751697881
1,14,17,0,80.95,34.04095830180554
5,6,5,2,92.05,52.651260793621034
5,14,107,2,87.25,54.58925573870066
1,14,17,0,67.45,38.181664103129535
5,6,5,2,94.6,81.16545804064293
1,14,17,0,88.9,48.8207246760506
5,14,107,2,94.95,65.04773550813927
1,14,17,0,72.15,41.754010207656144
5,23,5,2,123.8,75.767372508502
5,4,107,2,96.45,48.90643591271205
1,4,17,0,72.4,35.338066548248236
5,23,5,2,56.4,41.66204886691813
5,4,107,2,73.2,59.14887550650655
1,4,17,0,85.1,45.53876312954076
6,31,107,3,63.1,27.644167558456164
1,4,17,0,80.55,47.25126007787907
5,8,5,2,114.45,77.52858556008466
6,31,107,3,63.35,41.301554705030554
1,4,17,0,86.6,52.511051468388914
5,8,5,2,77.6,52.22461609543711
6,37,107,3,87.3,55.908854397134625
1,4,17,0,76.2,39.965248061679524
5,12,5,2,92.8,56.04377987928629
1,4,17,0,66.1,28.48803996509117
6,37,107,3,81.6,69.54998202731615
1,4,17,0,64.05,36.861725978381195
5,12,5,2,77.1,63.85171967349946
1,4,17,0,75.6,45.9535234317182
6,29,107,3,84.2,55.44233609417037
5,13,5,2,93.0,47.338645612449156
1,4,17,0,62.95,29.357102610513365
6,29,107,3,79.55,48.00929186379609
1,4,17,0,73.7,38.88863993236937
5,13,5,2,86.05,75.72698538691127
6,25,107,3,71.05,38.249148597335505
1,13,17,0,76.65,41.13939717594316
5,13,5,2,80.95,45.8986010565395
6,25,107,3,68.6,37.24937300779282
1,13,17,0,63.15,41.43514272488486
6,40,107,3,48.8,43.0783863256396
5,13,5,2,71.95,54.939655891475006
1,13,17,0,74.8,33.396501550154525
6,40,107,3,70.3,37.47715093367241
1,13,17,0,69.35,30.924823958142515
5,21,5,2,86.35,63.86274344247981
1,13,17,0,70.35,28.801087333275238
6,47,107,3,70.35,49.3700047439845
1,13,17,0,67.45,30.100664444493578
5,21,5,2,92.45,64.71433177312508
6,47,107,3,61.0,39.248198081333356
1,13,17,0,61.3,34.15460206334226
6,47,107,3,64.8,27.590234733172874
6,31,5,3,82.25,47.612332546582046
1,13,17,0,79.4,32.35721671720562
6,31,5,3,64.8,49.809743286989445
6,47,107,3,90.6,61.77156559283141
1,13,17,0,73.1,45.82104779522869
6,44,5,3,58.25,47.61233254658205
6,46,107,3,61.1,44.47104321027928
1,13,17,0,73.25,42.01613098748973
6,44,5,3,74.15,63.112493550051276
6,46,107,3,71.25,59.54376983627917
1,14,17,0,85.65,61.81404626611554
6,26,5,3,70.05,46.42308296073138
6,31,107,3,56.9,43.30297181973833
1,14,17,0,63.5,33.63347330139707
6,31,107,3,55.6,53.23967653822417
6,26,5,3,76.1,36.02469912946423
1,14,17,0,82.25,45.89332596817377
6,41,107,3,64.3,27.730090060020398
6,44,5,3,62.75,31.727250448985195
1,14,17,0,81.05,33.7115863262407
6,41,107,3,61.95,51.16996960594841
6,44,5,3,71.55,56.12061728287142
1,14,17,0,82.45,43.031781400800924
6,47,107,3,70.15,51.030718303060524
1,14,17,0,74.35,41.381759266614075
6,42,5,3,93.45,57.66370289513974
1,14,17,0,61.55,32.69552520485109
6,47,107,3,68.45,48.195298962712776
6,42,5,3,77.65,46.004891044322655
6,27,107,3,52.5,37.992381507765195
1,14,17,0,90.9,42.391533414859595
6,27,107,3,56.55,40.9112968570579
6,35,5,3,64.45,54.65439261009995
1,14,17,0,59.75,24.64030715803083
6,30,107,3,69.7,33.57646418800557
6,35,5,3,91.15,60.57989504951727
1,14,17,0,90.3,48.899574855540735
6,30,107,3,57.7,47.75717085863706
1,23,17,0,73.1,37.433309118737384
6,26,5,3,63.55,53.8755632526424
6,25,107,3,50.3,34.9557615159203
1,23,17,0,66.15,30.448014367892174
6,25,107,3,64.35,37.758617001881
6,26,5,3,86.95,45.819410963614885
1,23,17,0,78.1,29.129294352484482
6,41,5,3,68.2,48.100333733386485
6,36,107,3,81.4,44.81940369269119
1,23,17,0,70.55,38.23263279616401
6,41,5,3,70.7,47.7086552888853
6,36,107,3,56.55,50.47404231254339
1,23,17,0,70.1,34.09722939817221
6,32,107,3,60.55,34.66148324946051
1,23,17,0,76.25,30.298297676689085
6,24,5,3,70.5,44.367484537784264
6,24,5,3,65.0,34.322004603461025
1,23,17,0,76.7,33.387832640365446
6,32,107,3,73.1,68.06568035438465
1,23,17,0,60.65,36.57476121445958
6,47,5,3,88.1,73.3304704385349
6,27,107,3,82.95,43.56057488383878
1,23,17,0,71.55,41.85246644307144
6,47,5,3,67.05,49.755692612689266
6,27,107,3,66.6,37.74345534066312
1,23,17,0,71.5,33.64129667693062
1,21,17,0,73.45,30.62244618782627
6,24,107,3,65.75,45.20465160042481
6,32,5,3,82.05,52.7471376125358
6,24,107,3,57.35,34.90630315573392
1,21,17,0,80.25,56.28206688308079
6,32,5,3,82.65,61.06965393367599
6,38,107,3,57.4,31.613454830432396
1,21,17,0,58.85,34.29174367410509
6,40,5,3,68.8,46.798110623130256
6,38,107,3,62.7,40.60736256809647
1,21,17,0,81.35,34.8519802352146
1,21,17,0,74.75,31.71065734849538
6,40,5,3,83.15,58.01023049519165
6,36,107,3,97.6,58.61776271117108
6,27,5,3,62.8,46.21642451268642
1,21,17,0,86.2,46.043000496675305
6,36,107,3,59.5,45.07128856191687
6,27,5,3,61.4,36.51733546514155
1,21,17,0,77.7,48.5138070417506
7,21,107,3,62.65,58.92481829014254
6,24,5,3,67.5,42.33388589223581
1,21,17,0,77.65,32.58394018369689
7,21,107,3,76.05,50.15184836809948
6,24,5,3,77.05,45.508212098708654
1,21,17,0,82.65,36.805713229277174
6,45,5,3,68.25,37.65476834276595
7,4,107,3,74.9,52.62768932995754
1,21,17,0,78.85,27.82515900555126
1,19,17,0,71.9,34.18971836832329
6,45,5,3,74.95,61.11462483253131
1,19,17,0,70.8,25.621947828498822
6,26,5,3,64.75,44.559687941834646
7,4,107,3,120.2,77.68194262842759
1,19,17,0,70.25,36.585696083233636
6,26,5,3,62.8,38.31805950476259
7,23,107,3,74.6,54.65239437139343
1,19,17,0,62.1,35.15065320947296
6,29,5,3,76.25,38.969454975052344
1,19,17,0,67.45,32.92651307317394
7,23,107,3,80.5,54.51750081154529
1,19,17,0,58.1,30.79285631441162
6,29,5,3,68.9,32.54616154908206
7,4,107,3,71.1,52.9288499581725
1,19,17,0,74.05,32.069784106407376
6,28,5,3,64.55,33.11618303710995
1,19,17,0,66.15,32.39765261152176
6,28,5,3,70.25,34.53887969414056
7,4,107,3,99.2,51.14643579700194
1,19,17,0,72.6,32.47573993322594
6,40,5,3,50.8,44.133290931235265
7,0,107,3,62.25,41.34944154144616
1,19,17,0,85.0,33.35771038463616
6,40,5,3,66.45,40.10049875001556
1,21,17,0,64.25,31.45067148475697
6,34,5,3,68.15,30.439370281888138
7,0,107,3,91.35,69.87603685324312
1,21,17,0,74.3,42.082750560495
7,4,107,3,73.6,38.90393025741338
6,34,5,3,76.3,52.48769279304285
1,21,17,0,83.35,36.6035301720016
7,6,5,3,80.7,56.18025500682227
1,21,17,0,83.15,27.253729826827087
7,4,107,3,110.7,82.58654153132497
7,6,5,3,83.3,60.13852430234016
1,21,17,0,73.05,39.99009745845641
7,9,107,3,73.75,61.353055086287696
1,21,17,0,76.15,47.825642758494716
7,12,5,3,95.25,58.802859758599105
7,9,107,3,77.15,68.21581465042438
1,21,17,0,73.1,49.385593467176875
1,21,17,0,61.35,28.06435274038655
7,12,5,3,91.8,76.72342673868468
7,10,107,3,84.7,68.77583725025588
1,21,17,0,67.45,44.19987497005417
1,21,17,0,72.9,39.31104036701193
7,2,5,3,99.85,82.55860757189723
7,10,107,3,92.85,67.21471878281298
1,20,17,0,68.45,40.60136762021175
7,23,107,3,98.85,61.938233239592044
1,20,17,0,80.55,35.57715855048455
7,2,5,3,111.75,52.90793891279455
1,20,17,0,69.55,28.148992690213344
7,12,5,3,89.8,69.2855267031024
7,23,107,3,97.4,61.042176963318184
1,20,17,0,91.95,34.4513004872553
1,20,17,0,71.25,37.685506078876706
7,12,5,3,95.8,65.51303606715875
7,6,107,3,90.45,63.43291109925758
1,20,17,0,89.55,39.96376648389072
7,6,107,3,68.75,48.53091798019073
7,7,5,3,80.85,60.88840093499789
1,20,17,0,81.1,54.90556486032703
7,7,5,3,65.05,45.806773803835924
7,21,107,3,95.4,45.01157745806247
1,20,17,0,73.15,31.339020573820044
7,6,5,3,101.2,49.88154389203116
1,20,17,0,90.5,40.366087903481294
7,21,107,3,102.05,77.55573547625707
1,20,17,0,71.7,31.33872667281943
7,6,5,3,91.75,88.61084346143744
1,7,17,0,68.3,40.2323514756863
7,4,107,3,102.15,84.60451337966862
7,19,5,3,79.75,54.473436307597616
1,7,17,0,69.3,43.51176489422747
7,4,107,3,83.95,53.502065872558404
7,19,5,3,77.5,60.685123469647124
1,7,17,0,80.8,28.48009461841172
7,11,107,3,64.8,51.04239723787935
1,7,17,0,69.3,39.81681739376492
7,5,5,3,72.85,47.767281248724395
1,7,17,0,63.65,32.68554323920753
7,11,107,3,88.9,55.42743003243069
1,7,17,0,74.3,36.08338296662038
7,5,5,3,105.05,93.30452406248217
7,18,107,3,94.3,64.22993235654477
1,7,17,0,90.6,42.39215418968591
7,19,5,3,87.9,52.731594444237885
7,18,107,3,74.4,60.10464558628253
1,7,17,0,80.85,33.329732261624585
1,7,17,0,64.65,41.46053926071722
7,14,107,3,70.05,35.898211361394715
7,19,5,3,110.75,84.135776857223
1,7,17,0,68.65,28.39806331424733
7,14,107,3,87.3,53.96597368517938
1,19,17,0,73.25,29.518727329576638
7,17,5,3,79.6,56.81864038092466
1,19,17,0,63.85,38.37800219698231
7,7,107,3,77.8,53.97231259002888
7,17,5,3,79.75,56.08534380275906
1,19,17,0,82.65,32.25600719245951
1,19,17,0,74.05,38.59162030667716
7,19,5,3,104.3,81.85552098538909
7,7,107,3,108.65,89.98787930078491
1,19,17,0,70.2,27.494688482265847
7,19,5,3,57.6,41.63551115902967
1,19,17,0,67.35,29.140810594512697
1,19,17,0,65.2,31.230214789358612
7,18,107,3,119.0,98.97846655765719
7,16,5,3,107.25,59.01282197874235
1,19,17,0,83.25,40.93753264361897
7,18,107,3,72.3,45.648658249722956
7,16,5,3,99.9,63.9596089649348
1,19,17,0,80.05,47.88745028435782
7,0,107,3,92.7,53.491858701754055
1,19,17,0,79.0,31.884660558760356
7,14,5,3,92.15,67.51083733664349
1,12,17,0,69.25,36.82086793911129
7,0,107,3,80.8,55.614840881870634
7,14,5,3,78.05,56.55316548448715
1,12,17,0,67.6,43.21963491406728
1,12,17,0,70.8,44.71618098748218
7,1,107,3,116.05,58.764001690974396
7,23,5,3,111.25,77.76948055158371
1,12,17,0,77.8,28.5465455555991
7,1,107,3,96.0,57.3475094673279
1,12,17,0,71.25,31.912503736573882
7,23,5,3,87.95,71.6449395869733
1,12,17,0,59.8,33.364967445384664
7,5,107,3,98.9,69.50494113446369
7,1,5,3,74.15,50.20932498838711
1,12,17,0,80.85,44.31142777635299
7,1,5,3,76.35,58.15792926886329
7,5,107,3,81.2,51.41943110086732
1,12,17,0,86.55,29.62124948500032
8,26,107,4,62.7,51.58243275012388
1,12,17,0,71.85,33.67534628431341
7,4,5,3,111.5,62.715313331879244
8,26,107,4,69.8,52.91761223081146
1,12,17,0,80.15,34.33622454186648
1,3,17,0,61.95,35.68941314348438
8,42,107,4,70.15,35.03272905817013
7,4,5,3,84.85,60.46684607025746
1,3,17,0,81.4,38.53556115699122
8,42,107,4,60.1,44.034555808627815
7,18,5,3,94.25,71.89896053710227
8,26,107,4,50.45,31.096581297966704
1,3,17,0,84.45,46.5566717475651
8,26,107,4,41.05,27.04280233065236
7,18,5,3,85.5,64.07027391856539
1,3,17,0,72.0,52.73369041953311
8,41,107,4,55.7,25.817374810488825
8,41,107,4,49.45,38.181664103129535
1,3,17,0,79.55,33.508011610736666
8,33,107,4,45.35,36.21903396078686
7,9,5,3,109.95,77.48852207024973
1,3,17,0,73.05,53.06745955063135
1,3,17,0,60.1,27.686021553731486
8,33,107,4,66.0,38.943954331158615
7,9,5,3,98.75,87.0673514252646
8,41,107,4,59.35,42.47510106552209
1,3,17,0,76.9,29.91901349344682
1,3,17,0,75.4,32.11885820871563
8,41,107,4,68.4,35.330618896064465
7,2,5,3,99.35,43.34473196910652
8,32,107,4,48.5,34.90815015678174
1,3,17,0,68.5,34.98646354776297
2,31,17,1,72.9,40.05640759571038
8,32,107,4,72.5,39.91504135430389
7,2,5,3,90.95,78.74240147133999
2,31,17,1,72.9,45.00631534632259
8,38,107,4,68.6,35.57556819829557
7,11,5,3,81.7,76.3972305918563
2,31,17,1,82.05,45.53249273581276
8,38,107,4,72.6,58.73526690964611
2,31,17,1,69.8,39.80293562302316
7,11,5,3,85.45,86.17758592458642
8,46,107,4,77.8,47.960071111838765
8,24,5,4,62.2,38.88254919085099
2,31,17,1,76.2,43.35241145481262
8,46,107,4,71.45,57.118966340345075
8,24,5,4,56.85,41.68841186961343
2,31,17,1,63.3,36.32035821757037
8,30,107,4,64.8,43.67174203797667
2,31,17,1,68.8,46.18452691449583
8,47,5,4,61.05,46.314116297529125
8,30,107,4,54.75,31.37024235263664
2,31,17,1,70.9,37.83050843460939
8,47,5,4,63.85,38.018381980576876
8,47,107,4,64.6,46.805757630535375
2,31,17,1,76.4,33.68648018669243
8,31,5,4,68.7,47.20626631017718
8,47,107,4,54.75,31.988279103446626
2,31,17,1,64.25,29.664572171283087
8,31,5,4,53.5,41.78453503894776
8,34,107,4,53.75,37.54278261285103
2,34,17,1,64.2,38.7034610175478
8,34,107,4,63.15,36.43490951791904
8,30,5,4,69.35,37.60217658873654
2,34,17,1,83.65,39.59036964238971
8,34,107,4,61.75,36.83801669042744
8,30,5,4,82.2,80.80489823610553
8,34,107,4,65.5,39.057986581357135
2,34,17,1,73.65,40.39056038755903
8,29,5,4,69.15,43.98238283676773
8,39,107,4,59.7,34.88944946843568
2,34,17,1,74.55,43.105104106126454
8,39,107,4,59.75,36.76794227241128
8,29,5,4,84.8,57.627296163865736
2,34,17,1,79.35,65.55132581259875
8,24,107,4,66.25,56.483695831070065
8,30,5,4,61.65,44.02783210652098
2,34,17,1,80.6,38.52463326783336
8,24,107,4,61.25,39.22120130208848
8,30,5,4,69.0,37.42219999721527
2,34,17,1,66.4,46.58710008936853
8,47,107,4,48.05,39.05660534471258
2,34,17,1,55.1,35.11020244586285
8,41,5,4,59.35,37.690254219862915
8,47,107,4,59.45,37.64861778409178
2,34,17,1,73.25,39.80329925494804
8,41,5,4,75.6,62.92886543759675
8,43,107,4,83.2,40.0376138938847
2,34,17,1,65.4,44.96595203156787
8,43,107,4,62.35,52.87052208237742
8,33,5,4,66.2,63.08857599480775
2,37,17,1,90.9,45.801516867549495
8,33,5,4,58.65,49.22373732041762
8,25,107,4,77.65,53.58640342082073
2,37,17,1,69.35,32.95655034323702
8,32,5,4,69.15,51.80659884812481
8,25,107,4,67.2,47.42817284006804
2,37,17,1,81.5,60.68772528279504
8,47,107,4,59.15,43.57120608842495
2,37,17,1,65.1,36.507965965626845
8,32,5,4,106.15,68.83945854400352
8,47,107,4,57.4,48.293401532496624
2,37,17,1,76.15,51.96281565240972
8,42,107,4,47.8,37.11943738230615
8,41,5,4,58.35,60.25408918204552
8,42,107,4,67.9,40.267395717810416
2,37,17,1,94.55,38.8837335764212
8,41,5,4,74.35,54.34904250354952
2,37,17,1,82.45,38.16098172631032
8,33,5,4,81.65,56.181355776112284
9,19,107,4,114.1,93.20994977384177
2,37,17,1,72.4,20.82104198818311
8,33,5,4,61.9,37.26844297935269
2,37,17,1,74.75,42.2572011925965
8,36,5,4,61.8,39.8373006906315
9,19,107,4,94.75,72.46914043777167
2,37,17,1,69.2,36.97879904685073
8,36,5,4,72.6,60.45041465183632
2,36,17,1,53.4,33.09857684967262
9,15,107,4,90.35,76.39321752754316
2,36,17,1,66.95,52.0308359988271
8,41,5,4,82.5,46.711319489188625
2,36,17,1,80.7,37.442025361322194
8,41,5,4,75.45,57.882344367463936
9,15,107,4,117.25,111.19299249029754
2,36,17,1,68.9,30.760364107077795
8,39,5,4,86.35,76.19108595464019
2,36,17,1,74.4,37.219689186744894
9,2,107,4,107.35,58.00115697575623
2,36,17,1,70.05,46.035998500029706
8,39,5,4,90.15,69.89712365138384
2,36,17,1,60.85,34.10243856074626
9,2,107,4,89.0,53.99512648573504
8,38,5,4,70.05,44.08063783089972
2,36,17,1,66.45,41.7731656499846
2,36,17,1,52.95,23.00451900685694
8,38,5,4,65.6,57.183361584513925
9,11,107,4,91.85,67.22568040015034
2,36,17,1,64.7,33.50585180626152
8,36,5,4,51.95,25.6319599020647
9,11,107,4,73.15,68.75147845300262
2,44,17,1,74.5,35.0600987778955
8,36,5,4,61.4,48.34459638884164
2,44,17,1,60.05,30.391264326586036
8,37,5,4,60.35,43.217047075138495
9,16,107,4,100.6,69.9024884731355
2,44,17,1,69.4,32.53564846522398
2,44,17,1,70.05,42.033163598583236
8,37,5,4,97.4,47.452358379636664
9,16,107,4,99.5,104.83445596698985
2,44,17,1,64.1,37.762275801177694
8,42,5,4,55.25,46.57181777133373
2,44,17,1,79.5,46.95182301264272
8,42,5,4,64.6,45.31573445806307
9,2,107,4,97.25,50.97354835185547
2,44,17,1,70.85,58.22214716972083
8,25,5,4,69.85,52.03265674959383
9,2,107,4,77.75,58.095089927499124
2,44,17,1,72.55,41.63181349325107
8,25,5,4,77.15,49.231221373176766
9,1,107,4,76.65,50.280554994215365
2,44,17,1,75.95,47.374737882902146
8,38,5,4,69.2,45.2159729578643
2,44,17,1,76.15,43.70989891498143
9,1,107,4,87.85,61.674250363459926
8,38,5,4,72.65,62.609293912409896
2,31,17,1,70.6,40.17252268587782
2,31,17,1,57.05,30.01135749924299
9,7,107,4,87.35,92.08707263980337
9,15,5,4,80.15,70.8967188016632
2,31,17,1,75.0,49.02630872672774
9,7,107,4,99.75,72.30045133439967
9,15,5,4,106.7,70.82082655324076
2,31,17,1,80.2,43.17601673443987
2,31,17,1,72.45,39.22603190417517
9,1,5,4,73.3,44.64373593120021
9,7,107,4,108.35,58.689436868997134
2,31,17,1,73.6,38.77519554397739
9,1,5,4,96.3,69.38231232207453
2,31,17,1,58.6,35.837939320458176
9,7,107,4,89.9,79.59430024555117
2,31,17,1,87.0,59.00133807581691
9,21,107,4,86.1,71.87408580654306
9,14,5,4,105.55,89.79712514446399
2,31,17,1,71.7,42.96399961779507
9,21,107,4,85.65,49.57108134046662
2,31,17,1,69.35,57.291751036620504
9,14,5,4,103.45,68.64360667128516
2,47,17,1,63.3,28.152030869996985
9,14,107,4,68.9,76.06084821758792
9,5,5,4,67.85,39.47187539715362
2,47,17,1,69.1,37.32911943636947
9,14,107,4,72.8,48.41770011277411
9,5,5,4,53.35,55.2546973473511
2,47,17,1,72.7,38.30363456713516
9,5,107,4,64.85,54.25405636059803
2,47,17,1,60.9,39.621764354030425
9,5,107,4,72.2,50.43035844242612
9,12,5,4,112.05,73.06700241631144
2,47,17,1,69.35,41.13683840165905
2,47,17,1,70.65,33.78768850834342
9,11,107,4,94.8,78.45991266077755
2,47,17,1,69.75,39.24937143311644
9,12,5,4,137.1,95.0965714142042
2,47,17,1,56.8,57.48098083622736
9,11,107,4,82.4,67.9127923768494
2,47,17,1,61.75,53.84370656671126
9,7,5,4,86.55,62.22241515216539
9,4,107,4,89.3,56.81095150168069
2,47,17,1,73.35,42.55556738887961
9,7,5,4,74.15,66.21676922287729
2,27,17,1,60.0,39.012818406262326
9,4,107,4,101.55,66.40979239777661
2,27,17,1,62.2,44.89941975946729
9,0,5,4,103.75,69.59421860440632
9,5,107,4,78.15,42.14670493457473
2,27,17,1,79.3,51.41994288518599
9,0,5,4,87.1,69.49585371956032
2,27,17,1,78.4,34.446602460222856
9,5,107,4,75.05,49.065450380615395
2,27,17,1,60.25,36.1209590710231
9,23,5,4,72.3,42.05147221904929
9,2,107,4,94.95,66.45257509564324
2,27,17,1,73.6,50.75679887048579
9,23,5,4,79.2,72.62274545825666
9,2,107,4,73.85,57.55388779222477
2,27,17,1,75.75,32.858348294331215
2,27,17,1,52.9,33.19147005196555
9,14,5,4,102.4,60.14841293789361
9,3,107,4,99.2,79.41072445139093
2,27,17,1,93.65,49.94657672269231
9,14,5,4,82.35,70.54395792695502
2,27,17,1,72.9,37.40236412454784
9,3,107,4,100.15,53.184163650074396
2,37,17,1,70.8,32.629660385025545
9,4,107,4,82.9,59.9147640182987
9,21,5,4,109.8,92.89416728616213
2,37,17,1,74.0,39.56872768394652
9,4,107,4,79.2,62.615451262784205
2,37,17,1,85.1,49.20622553680527
9,21,5,4,88.95,54.69578546257857
2,37,17,1,61.55,37.79651195268518
9,21,107,4,83.3,61.690313152407526
9,9,5,4,99.55,69.13409928689696
2,37,17,1,71.75,39.89839068117119
9,21,107,4,58.4,48.68199710473332
2,37,17,1,69.15,42.12422106104752
9,15,107,4,74.45,47.31248305290666
9,9,5,4,96.1,51.23721920224543
2,37,17,1,81.45,41.24187320264633
9,15,5,4,75.45,54.434388318221664
2,37,17,1,65.9,39.69740810841831
9,15,107,4,96.15,67.12539326553426
9,15,5,4,66.35,46.360458423781346
2,37,17,1,67.25,41.586783072459326
10,26,107,5,60.3,58.95502299925008
2,37,17,1,50.4,31.883670131473753
9,3,5,4,57.7,49.88312656389406
10,26,107,5,60.95,34.04095830180554
2,43,17,1,62.3,32.50765092129932
10,32,107,5,63.7,37.40123836959075
9,3,5,4,83.4,65.80385527019715
2,43,17,1,65.5,46.11712776923786
10,32,107,5,61.5,50.28079051423954
2,43,17,1,85.6,40.277197414653216
9,19,5,4,99.5,81.11103500757464
10,32,107,5,60.5,42.69537137491727
2,43,17,1,62.1,44.008252814551426
2,43,17,1,74.35,36.97691313864853
10,32,107,5,64.95,39.882029985815336
9,19,5,4,94.3,74.29039748106572
2,43,17,1,63.25,34.28805991349728
10,45,107,5,55.35,38.388971826486014
9,14,5,4,65.65,52.78384421891149
2,43,17,1,59.8,30.904947653631194
10,45,107,5,61.65,49.71738550097573
2,43,17,1,74.9,39.61645059687625
9,14,5,4,91.25,64.0705819677347
10,41,107,5,63.45,33.67565886512096
2,43,17,1,88.75,29.436595555443176
10,41,107,5,46.15,38.930809068613534
9,23,5,4,84.35,53.698255386734374
2,43,17,1,73.8,35.56106682432644
10,47,107,5,63.15,40.176289158237545
2,38,17,1,58.5,42.52739055442294
9,23,5,4,88.9,72.22690852992031
10,47,107,5,61.5,43.62218170658255
2,38,17,1,72.0,30.357518794664703
9,0,5,4,62.25,49.196571339667024
10,26,107,5,60.3,44.075413841087844
2,38,17,1,50.95,30.472550201607245
10,26,107,5,62.95,38.66655701738839
2,38,17,1,58.35,38.33683813115965
9,0,5,4,88.9,45.551474642488394
10,38,107,5,45.45,32.26122815556257
2,38,17,1,73.75,42.805404233331885
10,38,107,5,41.65,36.673918740563764
9,18,5,4,91.4,70.31014001887412
2,38,17,1,61.75,28.2877600460173
10,38,107,5,57.9,43.457056843206544
2,38,17,1,58.65,32.95175899785369
10,38,107,5,62.2,36.67725524942643
9,18,5,4,98.8,69.30983069939607
2,38,17,1,69.7,48.01984238997349
10,45,107,5,59.65,35.10476800723949
2,38,17,1,69.9,45.389426081412395
9,20,5,4,73.25,38.966753710526646
10,45,107,5,59.55,37.72403254662666
2,38,17,1,66.0,40.682338079060145
10,36,107,5,45.8,39.00013495253304
2,34,17,1,79.9,44.50889916930274
9,20,5,4,115.0,81.76667703706816
10,36,107,5,41.5,32.487244460427526
2,34,17,1,65.0,47.00391920949392
10,24,107,5,48.55,39.2823450366567
2,34,17,1,74.85,54.82630467403878
10,24,107,5,64.6,45.95466873939326
9,7,5,4,117.0,91.45433142745128
2,34,17,1,65.5,47.10514554528099
9,7,5,4,77.55,59.29185175224777
10,46,107,5,75.75,62.63585235310524
2,34,17,1,68.4,38.10567025080595
10,46,107,5,64.95,39.27966528960192
10,45,5,5,69.6,58.33785446138634
2,34,17,1,70.75,43.720253044965204
2,34,17,1,70.8,32.57961907308568
10,31,107,5,83.0,50.16499093779918
10,45,5,5,85.8,64.30404751114654
2,34,17,1,65.35,39.869887067018915
10,29,5,5,43.9,42.49321927332085
10,31,107,5,64.4,46.837232153378515
2,34,17,1,73.9,35.21647341799005
10,29,5,5,61.9,39.78613881875525
10,27,107,5,67.1,54.489883174962415
2,34,17,1,66.95,34.67666438156328
10,44,5,5,45.25,40.87062386038219
10,27,107,5,51.75,38.285458281042864
2,28,17,1,69.5,34.58855910633791
10,47,107,5,54.8,44.75265355261071
10,44,5,5,69.95,68.28228945071758
2,28,17,1,76.1,41.46514071767805
10,47,107,5,40.8,33.70865889071421
2,28,17,1,62.05,34.093486027006456
10,45,5,5,79.25,62.9693952396091
10,30,107,5,78.4,43.58947241322333
2,28,17,1,63.9,33.034113149575354
10,45,5,5,65.95,43.96945710256992
10,30,107,5,63.7,37.77091612951899
2,28,17,1,63.45,47.44467692398224
10,27,5,5,64.25,44.78824446331049
2,28,17,1,56.6,31.9792696009544
10,41,107,5,55.85,35.81131106228869
2,28,17,1,65.2,32.43065476398916
10,41,107,5,52.15,38.14415179014305
10,27,5,5,83.45,56.27982250374136
2,28,17,1,73.15,38.53539043255529
10,43,107,5,57.65,39.64351012129025
10,28,5,5,74.55,60.50008699428282
2,28,17,1,62.5,34.10587231424802
10,43,107,5,60.8,44.78792130403958
10,28,5,5,47.55,34.56873397191532
2,28,17,1,61.7,38.412032106181464
10,44,107,5,49.15,36.465232179361436
2,30,17,1,69.35,32.39115376310735
10,34,5,5,70.7,60.829442317282336
10,44,107,5,72.35,40.20902621891861
2,30,17,1,76.5,44.30219193816843
10,34,5,5,64.75,64.29608730012474
2,30,17,1,61.15,39.90551340353862
11,23,107,5,80.8,59.03665230845558
10,40,5,5,72.65,46.44665870935344
2,30,17,1,72.65,43.985972644397485
2,30,17,1,71.4,36.87732151479094
11,23,107,5,96.1,97.03113987407939
10,40,5,5,85.0,52.121315974823275
10,24,5,5,66.25,48.22521179457462
2,30,17,1,92.9,42.99192090565267
11,13,107,5,81.8,112.5094615904299
10,24,5,5,52.85,44.57787390741356
2,30,17,1,70.5,38.12790109755929
10,36,5,5,55.6,50.258699168455045
11,13,107,5,71.85,53.43690327459991
2,30,17,1,67.35,47.2543788001649
2,30,17,1,64.65,35.21255009525051
11,12,107,5,62.3,58.938058475335836
10,36,5,5,71.9,71.33235775689667
2,30,17,1,62.4,33.223960915992066
10,28,5,5,55.85,50.365271033876
11,12,107,5,77.6,62.30012249713394
2,25,17,1,72.3,31.527932477658435
10,28,5,5,70.5,59.423103782602055
2,25,17,1,70.25,42.11622390230959
11,20,107,5,96.95,47.790634405101855
2,25,17,1,61.85,39.37174380855279
10,30,5,5,70.1,53.72924323817868
11,20,107,5,81.1,55.796528848835635
2,25,17,1,73.55,37.47908188506448
10,30,5,5,66.0,56.46890154859808
2,25,17,1,74.45,48.89352018201873
11,4,107,5,83.85,63.20332686113753
10,43,5,5,81.65,61.17642734875824
2,25,17,1,69.8,43.59212869556299
10,43,5,5,64.3,38.23899910603805
2,25,17,1,74.75,42.20859852534415
10,40,5,5,59.9,39.51002537664533
2,25,17,1,87.9,42.56994244769424
11,4,107,5,129.85,108.74125494179194
10,40,5,5,67.5,32.464555570976984
2,25,17,1,60.1,39.15676993291132
11,12,107,5,77.15,64.30378150458552
10,24,5,5,78.8,46.62572138569914
2,25,17,1,77.2,43.594543357240426
2,36,17,1,64.3,37.75558515671973
10,24,5,5,66.4,43.6606531281765
11,12,107,5,94.85,79.52971970143912
2,36,17,1,78.5,42.38110303822734
10,34,5,5,80.8,53.11814042401393
11,15,107,5,63.35,55.04378639821784
2,36,17,1,67.7,52.79264302812217
10,34,5,5,68.2,59.46038044030043
11,15,107,5,80.2,62.826075712825514
2,36,17,1,91.85,54.245324804612366
10,29,5,5,73.45,56.19746669697749
2,36,17,1,68.6,36.187232409700584
11,11,107,5,67.6,48.11433750644615
10,29,5,5,67.7,56.16526366096097
2,36,17,1,66.95,41.444287270604875
11,11,107,5,68.65,63.192500387808344
10,26,5,5,71.4,47.282354558879355
2,36,17,1,79.8,44.773817537061824
10,26,5,5,56.6,40.97804290104641
2,36,17,1,68.8,35.933564429813785
11,21,107,5,82.8,86.47153471397088
2,36,17,1,72.1,43.02863183851814
10,43,5,5,76.15,59.80078770824273
2,36,17,1,71.65,45.75596020997529
11,21,107,5,104.45,77.15225889519748
10,43,5,5,70.1,41.41815010227686
2,31,17,1,70.7,35.04147918050685
10,26,5,5,60.1,41.38636948256477
2,31,17,1,72.95,46.99549250502088
10,26,5,5,57.1,49.36853888438412
11,5,107,5,104.55,89.15892079817218
2,31,17,1,56.2,27.310302663627645
2,31,17,1,79.45,42.33509804306338
11,5,107,5,74.0,52.0536160835001
11,14,5,5,83.55,70.50530028601433
2,31,17,1,72.65,39.64749278593196
11,3,107,5,94.05,63.982296071072
11,14,5,5,99.25,77.860790078055
2,31,17,1,78.2,34.5186448474627
2,31,17,1,72.25,37.34036196368411
11,9,5,5,87.0,74.89852784724283
11,3,107,5,100.15,71.32746942613934
2,31,17,1,74.0,49.10890154062007
11,9,5,5,68.7,48.19598148786834
11,14,107,5,72.15,72.6138126631131
2,31,17,1,73.6,48.87621313610861
2,31,17,1,66.05,49.76626948996045
11,14,5,5,83.9,65.00518197967394
2,39,17,1,69.75,46.06845592787919
11,14,107,5,110.55,77.80236432613627
11,14,5,5,103.3,66.88883157503714
2,39,17,1,75.05,42.6854776241288
2,39,17,1,63.45,22.80922020402691
11,21,107,5,88.5,79.16837486615074
11,21,5,5,67.45,59.0240584311534
2,39,17,1,68.05,30.11639700264712
11,21,107,5,69.7,57.13151955195827
11,21,5,5,86.95,56.537342107951794
2,39,17,1,72.15,34.71580104369282
11,22,107,5,69.45,61.40844704453169
2,39,17,1,75.45,41.55589134242169
11,22,5,5,86.55,83.81839705106825
2,39,17,1,61.45,32.801596559346095
11,22,107,5,89.05,78.96399912551755
2,39,17,1,76.8,39.409590069850815
11,22,5,5,88.35,68.16564576938956
2,39,17,1,72.15,34.783957282208796
11,11,107,5,74.85,55.682629815391216
11,13,5,5,84.8,68.8679896613804
2,39,17,1,61.9,42.007392833066646
11,11,107,5,75.4,65.02582482934639
2,45,17,1,67.6,55.05059873473341
2,45,17,1,67.1,35.465179364672906
11,13,5,5,108.1,90.61770478804148
11,19,107,5,94.5,78.00910877988275
2,45,17,1,69.15,26.545442665659003
11,5,5,5,77.25,68.37118121732746
2,45,17,1,59.7,38.74491477668562
11,19,107,5,65.8,42.24066387038119
2,45,17,1,57.45,37.59265745776484
11,5,5,5,74.05,49.09762026605234
2,45,17,1,86.2,46.592974396982804
11,0,107,5,122.7,69.1421875938501
11,19,5,5,91.7,87.6855026125816
2,45,17,1,72.3,36.199883686931486
11,0,107,5,67.7,41.68440324251038
2,45,17,1,72.15,34.68698375623432
11,19,5,5,112.8,72.61259858787737
2,45,17,1,84.95,52.94334111501703
11,1,107,5,99.85,66.49517196561598
11,8,5,5,67.35,66.55846262774119
2,45,17,1,70.9,40.00907791726115
11,1,107,5,73.7,58.12880434635519
11,8,5,5,67.1,60.28607240744573
2,26,17,1,74.05,37.014186469514634
2,26,17,1,71.6,55.723376933223506
11,10,5,5,62.85,68.10848544398623
2,26,17,1,71.25,35.939825439637005
11,3,107,5,110.8,88.97285215756901
2,26,17,1,84.65,32.223357007644395
11,10,5,5,114.7,67.74340131003633
11,3,107,5,76.4,69.32866043632126
2,26,17,1,85.95,36.02553918658555
11,0,5,5,100.8,77.47298340644134
2,26,17,1,58.45,44.82653701829566
11,19,107,5,85.9,60.42907978953946
2,26,17,1,72.0,38.07333643599443
11,19,107,5,77.2,68.78081127756491
2,26,17,1,82.05,47.18214983611805
11,0,5,5,121.65,87.84332643974726
12,32,107,6,60.75,38.75954890835222
2,26,17,1,67.2,35.199581337223165
12,32,107,6,43.35,31.479776298275592
2,26,17,1,72.75,41.29722177478516
11,11,5,5,113.1,99.21741146009659
12,47,107,6,59.5,37.86610760644878
12,47,107,6,42.1,31.753822811716624
3,0,17,1,98.8,80.77167299180287
11,11,5,5,93.85,76.94035625764045
12,46,107,6,52.4,48.90205032834297
3,0,17,1,71.8,45.217136947005066
11,5,5,5,59.85,38.379373572134725
12,46,107,6,55.35,46.831472773181744
3,0,17,1,90.55,47.186611615896666
11,5,5,5,77.35,65.76695298752375
12,46,107,6,56.05,33.91083509502686
3,0,17,1,91.0,38.85465494025543
11,15,5,5,93.8,43.2880194924525
12,46,107,6,58.1,44.40827329273348
3,0,17,1,77.2,43.07472088066699
12,28,107,6,56.5,54.466310205194006
11,15,5,5,82.25,56.86815314484252
3,0,17,1,85.75,36.55403354516506
12,28,107,6,44.0,32.032877846954285
11,21,5,5,84.55,52.09654499100684
3,0,17,1,87.45,49.05901387212408
12,38,107,6,53.25,42.17990916114098
12,38,107,6,54.0,39.68693275599599
3,0,17,1,101.9,58.29408203239845
11,21,5,5,82.8,92.25856114888828
12,46,107,6,47.3,44.82609672242745
3,0,17,1,71.0,44.08962164548597
11,1,5,5,73.9,53.20259194319093
12,46,107,6,62.15,41.525230123891006
3,0,17,1,82.65,58.1343951094087
11,1,5,5,83.3,52.45559525621848
12,28,107,6,50.3,33.10604969361023
3,19,17,1,65.35,46.84046271514
11,13,5,5,77.6,64.59134698443096
12,28,107,6,60.75,40.056374747282575
3,19,17,1,88.15,39.539820035263844
12,32,107,6,43.7,27.77560459335342
11,13,5,5,84.35,64.33487635637044
3,19,17,1,95.3,46.16001915533671
12,32,107,6,57.5,45.72054703361096
11,10,5,5,65.7,48.82525231023281
3,19,17,1,73.45,42.55705149066307
12,35,107,6,47.15,35.93308840199049
3,19,17,1,84.95,52.54920000392614
11,10,5,5,76.9,70.82513678066566
12,35,107,6,70.95,50.96900502937261
3,19,17,1,87.15,50.0066048269205
11,15,5,5,102.4,71.10437102560832
12,27,107,6,73.7,62.933632544635124
3,19,17,1,81.2,42.852992280217975
12,27,107,6,59.55,44.36270956557996
11,15,5,5,105.9,83.76590186817948
3,19,17,1,101.6,49.38932337214081
12,43,107,6,63.65,67.14734387504605
3,19,17,1,67.75,35.54222840509581
11,16,5,5,83.2,74.53194299302676
3,19,17,1,70.65,44.925991773605894
12,43,107,6,58.15,28.088722217101186
11,16,5,5,64.45,62.801671952265735
3,20,17,1,76.65,56.44025718916372
12,37,107,6,64.4,44.96712249258515
12,37,5,6,67.7,46.22154885924279
3,20,17,1,71.85,39.32492848054527
12,37,107,6,43.8,33.879973901686334
12,37,5,6,63.05,38.456366251417435
12,40,107,6,47.55,36.335389447696706
3,20,17,1,76.85,56.6115805523179
12,39,5,6,38.7,36.16788339775614
12,40,107,6,38.45,33.132072234110495
3,20,17,1,80.95,53.65727007199441
12,44,107,6,40.55,32.35245862291409
12,39,5,6,62.55,73.17425129532641
12,44,107,6,40.1,33.3465061690758
12,24,5,6,54.15,50.177867840838275
3,20,17,1,106.3,62.63099955503791
12,24,107,6,56.1,38.98299224290673
12,24,5,6,65.9,41.8165165052229
3,20,17,1,83.35,41.5442376775712
12,24,107,6,54.7,51.33389154401438
12,35,5,6,68.15,47.819039370482855
3,20,17,1,95.8,76.19959939112819
12,42,107,6,55.55,42.31022646072573
12,35,5,6,63.5,41.454477251685695
3,20,17,1,78.75,46.0250217987884
12,42,107,6,43.85,41.52015997332532
12,39,5,6,55.2,40.97829977721841
12,39,5,6,43.9,41.830359158969955
3,20,17,1,87.15,40.3670983794841
12,34,107,6,59.7,41.47174053687516
3,20,17,1,66.55,42.313958130049464
12,32,5,6,58.85,39.39980630462674
12,34,107,6,57.6,37.02403202473255
3,20,17,1,80.85,37.54194145780227
12,32,5,6,51.25,65.76183103482317
12,31,107,6,64.2,45.6469287604671
12,43,5,6,46.45,26.95703208714506
3,20,17,1,79.3,42.896570835833536
12,31,107,6,48.5,34.74342042974317
12,43,5,6,72.75,39.21046450012789
12,28,107,6,44.65,26.697673858853022
3,20,17,1,84.4,48.33044153478601
12,28,107,6,40.65,52.25370800239922
12,34,5,6,68.5,50.45112277713632
3,20,17,1,82.85,51.99825401927098
12,34,5,6,56.05,43.19414555847026
3,20,17,1,69.25,45.05654342338256
13,3,107,6,65.7,36.40864558980752
12,29,5,6,58.2,40.08228378827996
3,20,17,1,83.85,40.48557247893832
13,3,107,6,89.7,78.97174711316234
12,29,5,6,65.15,59.60243283625258
3,20,17,1,83.1,46.805195393134234
12,24,5,6,59.5,44.12124443537734
13,22,107,6,64.9,53.1461737990016
3,20,17,1,98.55,40.90872381547151
12,24,5,6,58.5,47.80717849642953
13,22,107,6,77.85,57.865793004157474
12,38,5,6,45.3,37.161241835235295
3,20,17,1,92.5,65.62292603239078
12,38,5,6,46.3,33.5042809519211
13,13,107,6,90.95,71.65522348462517
3,20,17,1,96.45,85.4236963303324
12,31,5,6,63.5,47.39253772039378
12,31,5,6,55.1,46.89618994736084
3,22,17,1,77.8,39.69568450626658
13,13,107,6,89.2,63.80942019218759
3,22,17,1,58.1,38.344559759604685
12,47,5,6,49.9,47.021719505598234
12,47,5,6,66.75,47.361848959284785
3,22,17,1,89.45,56.74362936651312
13,6,107,6,90.95,89.30166203439477
12,27,5,6,53.2,38.545393608329555
3,22,17,1,74.7,48.930778173166004
3,22,17,1,71.55,33.34583537478264
12,27,5,6,63.95,58.845448779878154
13,6,107,6,92.5,84.00219295383086
12,25,5,6,57.0,55.013873848234624
3,22,17,1,83.0,54.22759056926066
13,11,107,6,94.85,77.80222903044142
12,25,5,6,57.85,56.17948211336872
3,22,17,1,97.8,48.244552460410105
13,11,107,6,64.75,60.896698553672366
12,45,5,6,69.85,43.95125888862271
3,22,17,1,73.25,40.8384171557796
12,45,5,6,57.05,47.4291438275089
13,4,107,6,76.1,66.66325429863299
3,22,17,1,86.95,42.12946837147554
12,28,5,6,70.95,43.20754685541819
3,22,17,1,80.15,57.70001824317873
13,4,107,6,61.75,75.38523867791568
12,28,5,6,69.1,47.8725281071349
3,23,17,1,74.0,38.74613732870332
13,1,107,6,61.0,55.02917886281595
12,36,5,6,39.65,36.252440934152425
3,23,17,1,85.9,34.53586998744166
13,1,107,6,65.55,45.638712791479534
12,36,5,6,68.95,50.71123097863452
3,23,17,1,80.05,38.86071619460834
12,27,5,6,56.15,57.4504592075459
3,23,17,1,91.35,45.633869000995304
13,5,107,6,104.45,78.57847234318999
12,27,5,6,66.4,50.68935318502091
3,23,17,1,85.85,38.92134443504719
12,36,5,6,67.35,43.36051441722429
12,36,5,6,53.3,49.299407490834696
13,5,107,6,108.05,93.9134399887807
3,23,17,1,98.25,55.158980754676186
3,23,17,1,87.15,43.76164506674045
13,22,5,6,88.05,80.56607291697391
13,16,107,6,94.8,55.878251112292524
3,23,17,1,89.15,99.03443048280043
13,22,5,6,89.1,60.85176120791627
13,16,107,6,67.9,79.29684403356927
3,23,17,1,100.65,38.82250432552314
13,17,5,6,84.45,61.0655170159154
13,15,107,6,75.85,71.70427205947318
3,23,17,1,76.25,48.14547582177648
13,17,5,6,85.45,64.13511641756594
3,0,17,1,77.55,59.94161633140245
13,15,107,6,92.75,81.13268859032551
13,1,5,6,72.1,53.490677987654514
3,0,17,1,84.25,55.2076224714248
13,8,107,6,65.35,59.55207804938464
13,1,5,6,72.3,59.24534181111448
3,0,17,1,98.6,45.74690095917341
13,8,107,6,88.9,57.51878411715419
3,0,17,1,86.4,55.94866067725793
13,17,5,6,124.25,111.51109220257204
13,2,107,6,90.25,52.321752545893226
3,0,17,1,81.05,37.00423162146103
13,2,107,6,56.9,56.346577909445955
3,0,17,1,77.4,42.08062436999268
13,17,5,6,88.65,103.83959036088206
3,0,17,1,88.85,68.10693990451996
13,21,107,6,91.4,60.90752265352346
13,10,5,6,105.35,67.851443765425
3,0,17,1,101.2,62.16074239209858
13,21,107,6,86.35,76.99232702713064
13,10,5,6,77.8,60.80131577523631
3,0,17,1,61.85,43.253566935358975
13,15,107,6,74.2,53.12408513144138
13,13,5,6,83.7,45.33396542386989
3,0,17,1,94.4,34.06866132108108
13,15,107,6,62.4,44.28900303092952
13,13,5,6,64.9,50.7873792859687
3,2,17,1,76.45,52.2690156785069
13,1,5,6,66.0,43.94374394130463
3,2,17,1,84.05,56.06995161121695
13,5,107,6,83.5,67.56789957244179
13,1,5,6,79.35,57.08652251303786
3,2,17,1,94.6,44.62640238103094
13,5,107,6,85.4,58.88382853685632
3,2,17,1,80.5,45.95936420246408
13,3,5,6,91.35,60.61897826849105
3,2,17,1,62.6,40.41677608956068
13,20,107,6,100.5,73.9768811681624
3,2,17,1,77.4,37.820072643198905
13,3,5,6,87.15,63.022364451459865
3,2,17,1,85.8,42.77923746275448
13,20,107,6,109.5,75.25360631330497
13,6,5,6,110.85,81.83248293408855
3,2,17,1,92.5,46.25387608224395
13,16,107,6,72.85,59.34491065839287
13,6,5,6,61.45,61.16885602468319
3,2,17,1,95.9,59.58797123404583
13,16,107,6,82.35,64.01009377639716
13,13,5,6,89.9,51.224891153463766
3,2,17,1,76.85,62.291568239082004
3,18,17,1,81.75,46.18370070193937
13,13,5,6,85.3,68.44213845131868
13,5,107,6,81.95,102.85067100566621
3,18,17,1,80.65,53.1683275327669
13,11,5,6,101.8,69.97262622663689
3,18,17,1,69.55,45.69288208992962
13,5,107,6,98.75,87.83230133552654
3,18,17,1,82.3,44.72383092526376
13,11,5,6,92.7,74.78819214428523
13,5,107,6,80.6,56.450630503215166
3,18,17,1,91.45,71.64861257701034
13,21,5,6,77.6,67.64878339435855
13,5,107,6,62.35,55.91372583580981
3,18,17,1,76.4,32.20068649153797
13,14,107,6,76.35,71.19896140578989
3,18,17,1,93.15,55.53687726945138
13,21,5,6,134.15,114.2860101030006
3,18,17,1,74.15,46.54287779762023
13,14,107,6,91.6,72.2126975275853
3,18,17,1,96.45,51.972133221361496
13,16,5,6,89.4,96.55017784605715
14,39,107,7,57.95,41.52928579866705
13,16,5,6,58.4,45.10268984859936
14,39,107,7,55.4,59.815857781237774
3,18,17,1,93.05,66.82142344771583
13,10,5,6,51.5,50.05943835503004
3,7,17,1,74.2,37.44835039582413
14,44,107,7,80.0,53.235326616824665
3,7,17,1,65.3,35.81399314881207
13,10,5,6,75.25,57.95722106592249
14,44,107,7,64.5,51.91643082371595
3,7,17,1,93.45,72.42308079320395
13,22,5,6,93.4,59.293560491755535
14,45,107,7,53.9,44.06800964060223
3,7,17,1,102.15,56.21881591743013
13,22,5,6,78.1,59.75819697132068
14,45,107,7,51.05,35.19789915979585
3,7,17,1,65.55,45.15292728168643
14,43,107,7,59.95,41.207402247654485
13,12,5,6,86.95,68.79907817619896
3,7,17,1,74.75,38.31569006638348
14,43,107,7,57.5,44.34968699824279
13,12,5,6,62.1,35.72541480735941
3,7,17,1,73.05,37.5478291474249
14,41,107,7,63.85,45.46748404368949
3,7,17,1,80.75,53.64490950490525
14,41,107,7,50.45,31.55525646427732
3,7,17,1,93.1,91.59631111855059
13,4,5,6,132.75,138.29026490834795
14,28,107,7,45.1,31.81012748365394
14,28,107,7,51.4,38.35896930726618
3,7,17,1,89.0,78.87965517166008
13,4,5,6,94.45,94.56296983046744
14,35,107,7,57.2,50.09422700219426
3,22,17,1,77.55,44.592275705906495
13,1,5,6,85.8,71.46261444390272
3,22,17,1,82.2,38.22867482593882
14,35,107,7,70.7,40.2663500626568
14,39,107,7,54.1,41.93968099670362
3,22,17,1,97.6,59.28468338627209
13,1,5,6,125.5,66.07531587832975
14,39,107,7,53.2,39.752656316408924
3,22,17,1,102.25,71.30946272188713
14,33,107,7,41.4,32.03353505970036
13,13,5,6,84.35,58.193212662646495
3,22,17,1,85.6,40.97804290104641
14,33,107,7,51.95,39.926873946727845
13,13,5,6,88.1,57.07511209846751
14,46,107,7,45.6,40.831360496559505
3,22,17,1,93.2,50.515865147287606
14,46,107,7,46.0,33.38294553558117
13,5,5,6,80.85,64.76132292787433
3,22,17,1,89.55,43.69207443485663
14,43,107,7,43.5,38.49060035631393
3,22,17,1,82.6,56.944478961621265
14,43,107,7,52.1,43.58162336050416
13,5,5,6,100.45,80.89530270664669
3,22,17,1,66.6,36.83019356309082
14,34,107,7,50.4,53.19022466581618
14,33,5,7,55.4,47.49227083930273
3,22,17,1,63.05,39.4561382056742
14,33,5,7,45.5,48.56520305083076
14,34,107,7,61.95,42.644768914715364
3,5,17,1,78.3,44.94335616259533
14,26,5,7,45.65,36.78139546879073
14,24,107,7,56.3,42.25374477331472
3,5,17,1,90.1,47.1234660507011
14,26,5,7,61.1,49.36853888438412
14,24,107,7,56.3,42.07649675231254
3,5,17,1,97.3,41.488235491649036
14,28,5,7,70.15,63.9047605507808
14,34,107,7,68.85,39.70055680373155
3,5,17,1,79.55,67.77398584925292
14,28,5,7,70.35,52.14885072155423
14,34,107,7,39.45,37.03550927648249
3,5,17,1,72.5,42.8209245456864
14,31,5,7,59.35,43.3908491444185
14,43,107,7,59.6,52.37858139997383
3,5,17,1,75.2,46.35855680965149
14,31,5,7,49.75,37.502105204066105
14,43,107,7,59.9,35.65167745370697
3,5,17,1,78.8,34.12299733857536
14,47,5,7,64.65,55.00074162179423
14,26,107,7,56.65,47.82344173046696
3,5,17,1,90.95,59.298952684458804
14,47,5,7,58.7,59.58373144266461
14,26,107,7,41.8,29.10887005346435
3,5,17,1,72.65,44.96697618662413
14,33,5,7,68.1,48.48754587791753
14,32,107,7,56.6,36.65687269516419
3,5,17,1,82.15,53.50580391538453
14,33,5,7,63.5,53.73374907331224
14,32,107,7,56.85,44.62625495802832
3,5,17,1,85.25,45.18252456775506
14,34,107,7,62.6,45.781402797481675
14,30,5,7,89.65,55.86004597959176
14,34,107,7,43.25,30.301771704325358
3,5,17,1,96.3,72.65281535458463
14,30,5,7,47.8,47.147696265649024
14,33,107,7,35.65,32.355386763745834
14,42,5,7,58.35,45.22723329564774
3,5,17,1,83.05,66.38680512524188
14,33,107,7,49.55,30.36700945364714
3,5,17,1,64.05,36.3715837607212
14,42,5,7,69.95,37.11642422659301
14,46,107,7,46.05,34.37636121706769
3,5,17,1,74.45,32.57133870848967
14,47,5,7,51.8,36.07827747084328
14,46,107,7,37.6,29.37130715869701
3,5,17,1,76.85,61.6520584878516
14,47,5,7,65.8,51.333378901779724
15,9,107,7,80.7,54.620316251083906
3,5,17,1,58.9,47.512768366984645
14,46,5,7,62.5,33.689761055846034
3,5,17,1,80.25,41.60702749346684
14,46,5,7,49.45,48.790071250527795
15,9,107,7,92.5,71.28261026586912
3,5,17,1,64.9,31.815090758946457
14,41,5,7,66.8,49.82770313791315
3,5,17,1,76.75,45.979257337011845
14,41,5,7,59.9,55.472041321922276
3,12,17,1,72.6,43.89029385566748
15,23,107,7,112.35,58.65175996820914
14,39,5,7,48.95,34.57330122934078
3,12,17,1,75.65,43.88534703304198
14,39,5,7,44.4,36.06339447490532
15,23,107,7,84.45,58.08838546831707
3,12,17,1,74.6,58.91689061720755
14,45,5,7,39.3,43.16931171195819
14,45,5,7,33.45,30.111153729928194
3,12,17,1,80.15,49.120983832081166
15,4,107,7,84.9,69.22495747085804
14,32,5,7,59.2,42.73246023685902
3,12,17,1,87.7,53.87715070807896
15,4,107,7,68.25,74.28457019072704
14,32,5,7,66.75,48.60135908864234
3,12,17,1,89.05,62.71277465766571
15,17,107,7,56.3,41.95373391575158
14,46,5,7,61.4,50.736055901311964
3,12,17,1,74.95,57.66917903461359
15,17,107,7,61.6,42.49507711426546
14,46,5,7,56.8,46.58732603797326
3,12,17,1,92.05,53.78756948941779
14,26,5,7,45.85,29.392578726789637
15,3,107,7,87.8,73.68467669025473
3,12,17,1,84.75,37.95686610101691
14,26,5,7,60.7,55.50542884780684
14,30,5,7,61.75,43.577970050063264
15,3,107,7,70.65,64.3070553549224
3,12,17,1,90.1,50.0461891919013
14,30,5,7,61.25,33.61371117486684
15,12,107,7,58.55,37.09940416601976
3,19,17,1,88.25,53.57324057085924
14,45,5,7,54.65,39.666073266975296
3,19,17,1,75.35,44.35535332314525
15,12,107,7,70.4,55.23671547840353
14,45,5,7,66.8,54.5204934912214
3,19,17,1,75.15,49.795661404753346
15,5,107,7,65.65,57.39546561954359
14,34,5,7,76.25,57.07969958981177
3,19,17,1,82.25,32.03595841517696
14,34,5,7,66.1,67.46531272478201
15,5,107,7,105.6,83.67065762481147
3,19,17,1,106.05,54.1134043127559
14,34,5,7,61.05,54.817856291732646
3,19,17,1,86.75,49.16767765835386
15,17,107,7,82.95,73.53157216640453
3,19,17,1,79.35,46.88314139825126
14,34,5,7,86.75,55.3770568110353
15,17,107,7,50.75,36.611581429062056
3,19,17,1,67.9,43.538126062712344
15,23,5,7,81.05,55.74705562203546
3,19,17,1,78.0,44.568102825604825
15,4,107,7,93.25,79.08681106360609
15,23,5,7,80.55,57.38922968824835
3,19,17,1,83.65,45.03130490062031
15,4,107,7,68.45,59.415995542579175
3,1,17,1,59.9,38.334950385420235
15,7,5,7,81.45,84.04477190290022
3,1,17,1,85.6,58.23401068104446
15,4,107,7,73.2,64.12537062578849
15,7,5,7,75.9,67.11804212689289
3,1,17,1,71.7,51.885602911344144
15,4,107,7,74.05,58.374899977374014
15,12,5,7,64.9,58.68192584648728
3,1,17,1,94.2,46.094411123715474
3,1,17,1,44.65,27.07742310681102
15,2,107,7,98.05,81.10128495315368
15,12,5,7,106.9,97.88172239467065
3,1,17,1,86.55,43.821978383839365
15,2,107,7,73.1,67.41380461471951
3,1,17,1,74.4,45.34011817132234
15,23,5,7,70.3,79.80047486997609
15,17,107,7,57.85,39.4118269719022
3,1,17,1,85.0,48.697779048027705
15,23,5,7,93.75,81.7241026097468
3,1,17,1,94.3,41.96376883380283
15,17,107,7,68.0,55.16959498243862
3,1,17,1,74.95,34.5656887983628
15,15,5,7,95.2,70.75651355547639
15,1,107,7,93.3,64.46631107142623
3,21,17,1,73.6,42.72482330350577
15,15,5,7,72.25,39.34981441807371
3,21,17,1,87.55,38.01865885394476
15,1,107,7,104.4,74.82428539057707
3,21,17,1,87.85,48.5237597796986
15,17,5,7,110.45,104.09634959978185
15,14,107,7,77.8,46.64942037209714
3,21,17,1,79.0,57.31813344006093
15,17,5,7,75.75,57.0990598134413
3,21,17,1,84.75,71.97505050180126
15,14,107,7,83.35,52.68603630045282
15,6,5,7,87.7,73.41740794575686
3,21,17,1,73.5,67.72117759413847
15,9,107,7,88.6,86.68114588900853
3,21,17,1,84.75,42.26342826157211
15,9,107,7,42.65,32.975708762982684
15,6,5,7,111.45,91.53053847587816
3,21,17,1,110.85,90.67192160984045
15,3,5,7,80.15,72.36768324982754
15,11,107,7,112.0,65.48684078339306
3,21,17,1,97.3,48.67194155503601
15,3,5,7,68.65,51.49376559096103
15,11,107,7,73.2,43.40458379868239
3,21,17,1,97.0,52.687759489277965
15,12,5,7,63.4,53.783581920605904
3,18,17,1,81.15,41.68336156764408
15,12,5,7,65.3,57.45121500249718
15,13,107,7,103.15,75.07349031028477
3,18,17,1,84.45,69.24819967258885
15,5,5,7,69.05,64.0373862841486
15,13,107,7,58.3,59.616405371958514
3,18,17,1,96.35,74.47237212904068
15,5,5,7,88.5,63.061790917196525
3,18,17,1,78.8,39.45230298127494
15,5,107,7,97.9,95.4721783668167
3,18,17,1,70.2,34.94446722263317
15,3,5,7,99.3,66.6570958042175
3,18,17,1,66.7,29.419113013928815
15,5,107,7,81.25,84.4473520198111
15,3,5,7,83.7,87.30955213913792
3,18,17,1,78.65,47.54861777834955
15,16,107,7,60.35,55.62588852040218
15,20,5,7,81.2,55.49736835866041
3,18,17,1,98.95,38.80921621416613
15,16,107,7,59.35,50.2093249883871
3,18,17,1,83.4,31.503383276955134
15,20,5,7,106.95,84.51812325113907
15,5,107,7,88.45,70.552313550786
3,18,17,1,90.75,61.895391376775464
3,4,17,1,80.9,60.60215386132394
15,11,5,7,103.2,71.04379672168133
15,5,107,7,92.0,73.72280943899891
3,4,17,1,76.0,51.18182243109776
16,29,107,8,61.6,50.59165731100025
3,4,17,1,102.6,42.003007411124116
16,29,107,8,46.65,35.193113859928545
15,11,5,7,123.1,98.0289430944276
16,32,107,8,37.1,36.135563471024234
3,4,17,1,76.55,48.87414018627201
15,15,5,7,96.5,58.85441449256935
3,4,17,1,79.7,37.37026681875931
16,32,107,8,55.5,55.326304774492215
3,4,17,1,81.3,43.595147001762285
16,32,107,8,54.1,38.110504146701984
15,15,5,7,94.2,79.796847319335
16,32,107,8,30.7,25.896758586030764
3,4,17,1,74.55,40.22106675022824
15,15,5,7,71.85,54.93371603937546
16,31,107,8,56.35,43.51318614421441
3,4,17,1,101.9,75.70781785397415
15,15,5,7,60.1,66.57318885019862
16,31,107,8,65.9,47.14244930331675
3,4,17,1,66.25,35.410190326336405
15,19,5,7,64.55,62.437737408009745
16,39,107,8,42.55,27.59190384686669
3,4,17,1,70.75,48.073271926135945
16,39,107,8,50.7,37.432184294436134
15,19,5,7,97.25,49.161254534118854
3,18,17,1,103.6,42.997429543734604
16,24,107,8,45.5,39.57604272656296
15,10,5,7,73.55,59.66086171899155
3,18,17,1,75.3,41.19670400714882
16,24,107,8,51.25,51.47188808619609
15,10,5,7,87.45,45.983378003704544
3,18,17,1,106.85,59.015854248088104
16,45,107,8,45.7,32.19202254890913
16,45,107,8,33.6,29.05964827548222
3,18,17,1,82.45,40.45722237259081
15,0,5,7,81.05,66.27730817517687
16,44,107,8,55.25,50.099768882752976
3,18,17,1,84.7,41.02771848653696
16,44,107,8,36.1,33.71693311894438
15,0,5,7,79.6,95.55786342922227
3,18,17,1,66.05,39.246153012948795
16,33,107,8,49.35,48.0977896417398
3,18,17,1,91.1,60.17247141168023
15,13,5,7,94.35,61.25982198369241
16,33,107,8,44.1,37.17653476108424
3,18,17,1,77.75,55.732325496637564
16,47,107,8,54.0,45.66122390410766
15,13,5,7,79.85,107.44853113051505
3,18,17,1,79.75,42.83121709565042
16,47,107,8,44.5,39.32790625657964
3,18,17,1,80.3,49.37621417561081
15,10,5,7,88.75,48.09516334146404
16,37,107,8,34.9,31.26777389278819
4,45,17,2,58.9,37.696712128024615
16,37,107,8,46.65,36.96125282679574
15,10,5,7,83.7,64.58213864203435
4,45,17,2,68.0,44.654227123532216
16,44,107,8,69.55,54.24745931474821
16,25,5,8,43.95,50.29646320096788
4,45,17,2,87.85,56.41040870731496
16,44,107,8,37.25,34.0987343491005
16,25,5,8,52.55,51.19876129258146
4,45,17,2,65.85,40.11729512842376
16,35,107,8,49.9,36.99772396982507
16,36,5,8,64.9,72.7561898252976
4,45,17,2,72.35,51.54586613676672
16,35,107,8,50.6,31.992433315921502
16,36,5,8,49.25,32.885567142985224
4,45,17,2,82.35,46.572269815733414
4,45,17,2,53.2,37.90375623658037
16,40,107,8,69.8,59.247562685823006
16,26,5,8,86.0,65.11528238439882
16,40,107,8,39.75,37.184992728391464
4,45,17,2,73.4,47.482295869646315
16,26,5,8,42.7,35.6401606706757
4,45,17,2,55.0,34.71538412198318
16,47,107,8,67.8,44.23335250333406
16,29,5,8,56.75,45.88300338905464
4,45,17,2,67.35,48.218008210516885
16,29,5,8,44.2,45.01414982214511
16,47,107,8,57.15,37.694443259339685
4,29,17,2,64.6,42.68661814223577
16,31,5,8,52.35,38.60770989268717
4,29,17,2,62.2,42.66713267289374
16,24,107,8,52.15,46.58469931776222
16,31,5,8,44.9,50.46927152655418
4,29,17,2,74.25,32.44732573523466
16,24,107,8,44.5,32.96489360708321
16,36,5,8,49.4,34.27965485301895
4,29,17,2,52.3,39.17853870088626
16,39,107,8,43.4,37.48038083275597
16,36,5,8,51.55,34.990938676658615
4,29,17,2,68.45,41.19079483267309
16,39,107,8,64.4,42.169332832983585
4,29,17,2,60.65,29.636881361609316
16,39,5,8,59.9,50.31992385568668
16,33,107,8,32.85,31.747813849311367
4,29,17,2,79.85,40.390560387559034
16,39,5,8,56.85,47.90371373363118
16,33,107,8,41.05,31.741513577813617
4,29,17,2,56.45,36.57504901604803
16,27,5,8,53.75,26.98318189656583
4,29,17,2,52.05,42.74215840669675
16,31,107,8,55.55,41.25590866772904
4,29,17,2,51.05,26.37677407353514
16,27,5,8,58.7,70.82751472489532
16,31,107,8,54.25,38.46922898821041
4,33,17,2,62.8,60.72422563481043
16,47,5,8,52.2,53.01300734129711
16,36,107,8,53.05,43.275707297573575
4,33,17,2,65.5,47.298047138945336
16,47,5,8,53.25,48.612187122594115
4,33,17,2,59.0,36.27816510186113
16,36,107,8,41.05,32.796782576472665
16,32,5,8,54.1,65.33790710807286
4,33,17,2,70.3,39.195998721674044
17,20,107,8,54.3,44.543414658888516
16,32,5,8,55.05,39.81202542475141
4,33,17,2,75.25,43.7226606307482
16,41,5,8,47.1,41.83916573587103
4,33,17,2,67.8,25.268245101833166
17,20,107,8,89.4,72.90541817999538
4,33,17,2,58.2,35.73675684045328
16,41,5,8,68.3,57.49059419637817
4,33,17,2,49.95,33.853360246805636
17,22,107,8,72.2,69.87778805284191
4,33,17,2,62.95,32.01886779286304
16,34,5,8,60.3,64.37317192090113
4,33,17,2,57.25,33.98742027342036
17,22,107,8,80.75,58.11773440724938
16,34,5,8,57.4,47.83458339340954
4,28,17,2,75.7,42.94807145967398
16,31,5,8,60.3,41.57947368087946
17,6,107,8,65.0,60.422198778786246
4,28,17,2,79.45,51.84945312608112
16,31,5,8,47.05,45.416754385880196
4,28,17,2,66.85,36.49697175613918
17,6,107,8,73.35,61.370552684834976
16,41,5,8,44.0,51.46281232726772
4,28,17,2,74.5,55.339621287198256
16,41,5,8,55.2,49.70608349932738
17,5,107,8,79.4,74.20696520011127
4,28,17,2,55.05,32.156647835245515
16,27,5,8,57.55,42.218074203754064
4,28,17,2,63.2,34.59023287759589
17,5,107,8,63.3,57.269538150748176
16,27,5,8,57.2,49.55868398065809
4,28,17,2,56.15,32.8926083521895
4,28,17,2,60.55,34.49710132750286
16,44,5,8,53.85,45.60156391593327
17,13,107,8,66.35,47.11159763348031
4,28,17,2,53.05,32.98241158078364
16,44,5,8,49.75,49.91980410724048
17,13,107,8,64.1,37.90139561379876
4,28,17,2,54.5,42.72741015960794
16,26,5,8,49.75,36.92934220629273
4,47,17,2,66.75,48.02836333054173
4,47,17,2,70.95,40.11362152160969
16,26,5,8,70.1,56.13508144129705
17,7,107,8,91.05,90.73992622063518
4,47,17,2,66.3,50.86525026194726
16,30,5,8,84.0,59.30563122281763
17,7,107,8,79.85,62.39625073081842
4,47,17,2,65.65,48.54653220852838
16,30,5,8,52.95,49.823345827771185
4,47,17,2,63.1,32.95435439641035
4,47,17,2,56.2,31.750010360545346
17,14,107,8,90.3,72.87704136348249
16,40,5,8,53.35,43.9476662454453
4,47,17,2,44.7,27.983265676020316
16,40,5,8,54.15,44.21630444697259
4,47,17,2,58.0,39.29778351858644
17,14,107,8,74.2,45.27646071345288
16,39,5,8,54.6,46.53397174447706
4,47,17,2,56.85,39.0023953380464
4,47,17,2,43.55,24.799140477465194
16,39,5,8,57.4,45.95924968468205
17,23,107,8,91.75,72.13209738863976
4,37,17,2,72.15,39.29279430392456
17,18,5,8,68.2,69.89285032330409
4,37,17,2,61.85,38.77095358777319
17,23,107,8,80.2,79.67803633175338
17,18,5,8,44.2,38.50304157500178
4,37,17,2,70.3,40.16426796360954
17,23,107,8,75.1,55.40368598796142
4,37,17,2,77.6,50.917270361367876
17,4,5,8,79.05,74.94663013385626
4,37,17,2,78.8,36.258719459491466
17,23,107,8,58.65,52.172058462461756
17,4,5,8,81.4,74.4759940129068
17,8,107,8,49.15,38.18965828598103
4,37,17,2,74.25,57.279439684116284
4,37,17,2,62.85,35.72449402978593
17,3,5,8,82.15,60.49034285691698
17,8,107,8,69.65,68.35147170478868
4,37,17,2,52.75,35.45326798091138
4,37,17,2,60.75,33.14064923291255
17,0,107,8,66.5,51.021667223992104
4,37,17,2,62.85,34.960541667488656
17,3,5,8,111.0,100.24023774491904
4,31,17,2,58.3,44.672021150651005
17,0,107,8,73.4,67.13960318462921
17,3,5,8,75.85,64.3168759060621
4,31,17,2,72.15,41.22885422920012
4,31,17,2,56.15,25.348673794853546
17,3,5,8,71.4,53.94285475340889
17,0,107,8,94.95,75.17801680362628
4,31,17,2,59.9,32.1245929730512
4,31,17,2,70.1,60.58043804467091
17,12,5,8,82.4,63.4502706227898
17,0,107,8,79.0,54.721303462468605
4,31,17,2,71.35,48.14591309102385
17,12,5,8,82.4,73.28559849908044
17,17,107,8,77.1,50.169082532026266
4,31,17,2,71.95,49.6741752242604
4,31,17,2,49.0,42.43757024643438
17,3,5,8,60.25,50.282229779306206
4,31,17,2,55.4,36.14066087416018
17,17,107,8,83.75,88.17439358572605
4,31,17,2,71.6,48.93540317817486
17,3,5,8,103.3,83.93048502057803
17,14,107,8,67.45,39.477475256550775
4,42,17,2,57.55,41.610316281574114
17,5,5,8,71.0,66.55666363095592
4,42,17,2,75.65,40.15925534012906
17,14,107,8,85.45,82.92766346895982
4,42,17,2,67.8,32.755232607293365
17,5,5,8,72.7,44.69440092096783
17,15,107,8,51.85,49.90968158373156
4,42,17,2,75.2,44.44701162176444
17,8,5,8,58.65,60.42940640031752
4,42,17,2,59.25,30.487055061382847
17,15,107,8,83.25,76.31504990567237
4,42,17,2,83.2,40.90631144199479
17,8,5,8,109.2,87.2157639058686
4,42,17,2,62.85,50.260662655065694
17,12,107,8,80.5,54.87353882480968
4,42,17,2,53.25,48.560190539815196
4,42,17,2,54.1,35.159635948058394
17,1,5,8,108.95,81.71933675697571
17,12,107,8,66.4,51.80672583849768
4,42,17,2,67.4,39.55462578577418
17,1,5,8,70.5,69.31355149646159
4,42,17,2,77.2,40.84321756488624
17,12,107,8,94.5,75.9130388911168
4,42,17,2,58.25,46.40085638955611
17,9,5,8,74.45,60.61481059244428
4,42,17,2,56.35,30.283354816588083
17,9,5,8,46.15,43.487778077354825
17,12,107,8,77.05,63.80106829661611
4,42,17,2,61.65,36.37418836135548
17,4,5,8,62.55,54.40440674875713
17,17,107,8,56.35,43.013186472596004
4,42,17,2,79.9,51.23824640575478
17,4,5,8,51.1,53.71258795909166
17,17,107,8,68.5,52.395761178493096
4,42,17,2,79.45,35.62003427995632
17,13,5,8,94.4,58.856113575933286
4,42,17,2,76.35,43.3799310863057
17,10,107,8,79.3,61.01863390973717
4,42,17,2,66.3,38.58428913976584
4,42,17,2,51.75,39.491338157546444
17,13,5,8,92.7,69.10487834101379
17,10,107,8,62.3,45.856871149032266
4,42,17,2,59.85,38.0972094571381
17,7,5,8,74.45,66.87260079316569
17,23,107,8,78.65,66.93852246258267
4,25,17,2,65.8,38.41134700771855
4,25,17,2,59.15,46.464785760718556
17,7,5,8,66.55,62.11998152980374
4,25,17,2,79.95,48.98170979801381
17,6,5,8,66.3,44.77205425380058
17,23,107,8,103.6,92.1277145568785
4,25,17,2,79.1,37.14962633516124
18,28,107,9,76.25,54.905540895729565
4,25,17,2,56.05,42.74954601174762
17,6,5,8,90.25,91.29816681159538
18,28,107,9,43.4,48.1919407981743
4,25,17,2,87.5,40.34000234845908
17,0,5,8,68.85,58.23660903228267
4,25,17,2,63.9,38.226334268131794
18,35,107,9,48.95,42.606491968885884
4,25,17,2,75.3,31.863359587628647
17,0,5,8,88.15,90.09134253633921
18,35,107,9,46.75,37.90136089766088
4,25,17,2,50.4,45.45373587795791
18,44,107,9,44.2,36.04032828870867
17,9,5,8,60.1,44.175368225909985
4,25,17,2,73.85,30.783240484667008
18,44,107,9,44.75,38.96810436619591
17,9,5,8,86.65,67.9072703649694
4,33,17,2,76.5,54.45374666922185
18,41,107,9,35.15,30.55327530034951
4,33,17,2,77.3,35.343576800497026
17,18,5,8,66.4,67.46414252264523
18,41,107,9,53.1,38.09530983702518
4,33,17,2,67.45,35.75718551269764
18,43,107,9,44.2,36.50465002823901
17,18,5,8,100.25,90.79872187832183
18,43,107,9,30.85,25.774885777479312
4,33,17,2,98.25,50.07770278067349
4,33,17,2,66.15,28.27547756588644
18,36,107,9,37.15,36.90995444107328
17,0,5,8,66.05,61.46241898402975
4,33,17,2,80.15,38.4574611199111
18,36,107,9,50.5,47.23791964758375
17,0,5,8,79.45,79.35295902021019
4,33,17,2,57.75,33.23263297929976
18,38,107,9,43.95,49.42242725513867
4,33,17,2,65.5,42.897061609588626
17,22,5,8,82.8,50.29973317916048
18,38,107,9,39.1,35.31944447318979
4,33,17,2,62.2,32.404678024858335
18,42,107,9,54.2,32.326622562769984
4,33,17,2,77.9,46.51983165105077
17,22,5,8,100.4,100.90454061036833
4,33,17,2,48.55,34.72519940452769
18,42,107,9,51.4,47.78504500694532
4,33,17,2,71.25,41.09664475995961
18,28,107,9,29.85,26.555354302009665
17,10,5,8,90.55,51.09791941381814
4,33,17,2,64.6,47.182066173717445
18,28,107,9,48.15,41.328306853395546
17,10,5,8,58.0,48.72587122172152
4,33,17,2,65.4,35.40353833045208
18,47,107,9,63.3,37.56832372316365
18,24,5,9,64.0,48.87685923237143
4,33,17,2,83.25,36.40542903411378
18,47,107,9,40.9,40.20591734401398
4,33,17,2,65.65,29.22377366748554
18,24,5,9,56.05,41.52928579866705
18,37,107,9,32.85,29.185928476795652
4,33,17,2,69.4,44.53431556853539
18,46,5,9,42.7,39.649915377888064
18,37,107,9,48.75,48.753812266594245
4,33,17,2,59.5,39.94930998679518
18,46,5,9,55.3,44.64373593120021
18,30,107,9,37.4,35.2142315728053
4,33,17,2,68.35,44.9107594657391
18,39,5,9,61.7,39.38754812587884
18,30,107,9,50.2,47.37598769974422
4,33,17,2,74.9,46.73992995963493
18,39,5,9,35.2,36.87047028378359
4,27,17,2,61.45,44.76191402708804
18,38,5,9,45.35,32.35863994279377
18,31,107,9,59.35,39.50386390162227
4,27,17,2,58.0,37.76659621244261
18,38,5,9,42.1,41.11204203150216
18,31,107,9,53.35,39.09404989051538
4,27,17,2,59.0,39.46350746009067
18,24,5,9,61.45,41.83611509588085
4,27,17,2,63.3,43.4657760106791
18,38,107,9,41.6,34.39002303300372
4,27,17,2,69.65,38.200681999974265
18,24,5,9,58.75,51.70755314875748
18,38,107,9,49.3,29.93343492343953
4,27,17,2,69.7,36.114000784066825
18,33,107,9,41.05,52.86474797960705
18,47,5,9,57.85,49.87064847129389
4,27,17,2,61.3,38.25826364123319
18,47,5,9,38.7,29.780071047244792
18,33,107,9,44.55,29.20972260629741
4,27,17,2,63.95,40.28513504089515
18,39,5,9,43.45,50.27553030419889
18,24,107,9,36.35,31.792542985324157
4,27,17,2,73.1,37.970764376931115
18,39,5,9,60.75,46.708361699288695
18,24,107,9,64.5,51.04744954709449
4,27,17,2,73.8,39.365493839950204
18,26,5,9,57.9,46.659911791826744
4,44,17,2,76.4,36.56630603222186
18,47,107,9,60.7,48.566936988254184
18,26,5,9,54.45,42.74462108358135
4,44,17,2,56.25,31.64586112457345
18,47,107,9,45.65,54.54430840103639
4,44,17,2,64.0,38.95071109411023
18,24,107,9,47.2,27.999248110205425
18,34,5,9,76.6,93.43920060941402
4,44,17,2,68.75,33.27378452839571
18,24,107,9,48.7,36.01914695503519
4,44,17,2,73.65,37.56436581319281
18,34,5,9,62.35,54.3199827532722
4,44,17,2,51.35,31.084392766856656
18,45,107,9,50.5,43.36078752440783
4,44,17,2,55.6,36.153765182095555
18,28,5,9,85.9,62.73830358594426
18,45,107,9,48.8,57.030555060654244
4,44,17,2,66.9,54.36901207199015
18,28,5,9,65.05,59.359276311378046
18,28,107,9,53.35,31.69970114419975
4,44,17,2,66.3,32.26387910243965
18,28,107,9,46.2,27.580695002883907
18,33,5,9,68.35,61.99344192820128
4,44,17,2,71.55,43.27084225519171
18,33,5,9,40.5,35.37840554557778
4,27,17,2,66.6,33.38357616994825
4,27,17,2,53.85,28.268031041219842
19,9,107,9,82.85,79.35216310519634
18,43,5,9,55.65,48.31287830926984
4,27,17,2,65.4,41.526655992202606
18,43,5,9,50.5,36.96726859491273
19,9,107,9,49.55,62.078452062904375
4,27,17,2,70.6,49.66455900390772
18,35,5,9,49.3,51.24769571199737
4,27,17,2,68.15,38.46430334191623
19,2,107,9,99.1,48.019623181844274
18,35,5,9,64.35,43.29735010731938
4,27,17,2,67.45,59.293627065025426
18,34,5,9,39.05,48.21931803311768
4,27,17,2,50.2,39.265090964125534
18,34,5,9,49.85,41.82328110162166
19,2,107,9,110.05,67.67062256174931
4,27,17,2,80.9,41.53489338400969
18,47,5,9,50.05,41.046155022185246
4,27,17,2,78.15,35.24840421919835
19,1,107,9,75.6,91.90120553587622
18,47,5,9,44.4,38.299924419329024
4,27,17,2,66.35,35.28869656509231
18,37,5,9,43.1,39.82976934801142
4,41,17,2,72.2,36.19770274769556
18,37,5,9,45.65,39.989834234530946
19,1,107,9,78.75,100.93295064703
4,41,17,2,70.55,35.73951815420483
18,24,5,9,54.75,42.96984867016455
19,6,107,9,56.25,50.657648666524715
4,41,17,2,71.55,53.53746843394623
18,24,5,9,49.3,49.146504935431786
4,41,17,2,65.3,40.71609018557651
19,6,107,9,74.85,77.12551287895664
4,41,17,2,52.3,31.894728157025046
18,25,5,9,66.2,45.14141522394986
4,41,17,2,76.65,45.103710898795285
19,7,107,9,64.9,50.19844828803292
18,25,5,9,46.15,55.796882576566574
4,41,17,2,73.4,36.791589427905656
18,47,5,9,48.05,38.783440579168506
19,7,107,9,64.7,53.501696972594885
4,41,17,2,60.05,31.9332774786165
18,47,5,9,54.15,46.34683319676135
4,41,17,2,64.3,44.188710156137816
19,12,107,9,46.25,60.774713405113516
18,39,5,9,43.0,39.29778351858644
4,41,17,2,60.0,39.42748173278981
19,12,107,9,64.1,69.07120658383903
18,39,5,9,65.55,43.37168006405732
4,45,17,2,78.55,46.56458446411596
4,45,17,2,77.45,39.11719907096998
19,9,107,9,99.1,66.8776573500566
19,8,5,9,83.45,113.64278058437046
4,45,17,2,77.0,46.01372792868165
4,45,17,2,60.55,45.21582745711482
19,8,5,9,93.15,72.95656602606643
19,9,107,9,81.9,86.93246017212988
4,45,17,2,69.45,38.757647802180855
4,45,17,2,54.55,34.99394684498269
19,1,107,9,71.65,64.3577787389413
19,22,5,9,79.65,72.179801081816
4,45,17,2,83.7,40.41768763405708
19,1,107,9,47.1,37.02616429101539
19,22,5,9,65.25,55.02427693874386
4,45,17,2,71.05,48.27931342990658
19,10,5,9,63.05,70.33489438693324
19,15,107,9,66.25,103.41631501134778
4,45,17,2,79.8,54.25146129489581
4,45,17,2,65.95,39.268944472700056
19,10,5,9,69.7,41.76765305957785
4,47,17,2,64.4,26.008905357487404
19,15,107,9,84.6,80.23544301485146
19,6,5,9,70.7,57.53817954422227
4,47,17,2,59.5,44.498965097368746
19,15,107,9,59.8,55.235953203649785
4,47,17,2,64.7,48.24946140959285
19,6,5,9,82.0,76.25787276009433
4,47,17,2,59.55,38.107155012646835
19,15,107,9,67.45,52.14804330991365
4,47,17,2,60.35,40.74861960852171
19,17,5,9,84.25,96.48772760795731
4,47,17,2,55.55,38.485096226707654
19,23,107,9,77.55,74.96699273680385
4,47,17,2,61.3,40.545101592644876
4,47,17,2,68.2,39.7062901022522
19,23,107,9,65.85,51.01627707228145
19,17,5,9,104.35,88.5243201790214
4,47,17,2,54.95,36.33249234500711
19,6,107,9,73.3,64.3052752194766
4,47,17,2,63.25,44.99809937506718
4,34,17,2,64.75,35.03363045928719
19,17,5,9,121.75,123.33944389793815
19,6,107,9,70.4,57.273489779992865
4,34,17,2,90.3,50.11155975473754
19,7,107,9,60.6,53.07531887501205
19,17,5,9,77.6,62.47728008096855
4,34,17,2,52.8,42.88614056582358
4,34,17,2,55.35,32.769168757425504
19,7,107,9,63.2,74.36439442296788
19,19,5,9,72.45,58.86422825809451
4,34,17,2,65.55,40.89585617922162
4,34,17,2,67.05,30.482911520011374
19,6,107,9,88.2,70.69995905604412
19,19,5,9,93.65,107.34071430435156
4,34,17,2,66.15,43.382357558901994
4,34,17,2,63.35,42.87715009186129
19,6,107,9,76.9,69.36471118583813
4,34,17,2,52.35,28.433255177696413
19,3,5,9,98.55,81.10388075600459
4,34,17,2,59.0,36.587314453883714
19,3,5,9,64.65,56.31422649085361
19,2,107,9,93.6,69.53938679474729
4,26,17,2,67.15,37.14732405181464
4,26,17,2,59.1,38.06905083632829
4,26,17,2,62.3,40.036956611821054
19,2,107,9,83.85,97.69839464284699
19,14,5,9,100.1,109.8016872653412
4,26,17,2,65.15,28.485037623655206
19,12,107,9,75.55,53.31186793911741
19,14,5,9,75.75,84.04690106688865
4,26,17,2,93.3,59.293294197928525
4,26,17,2,69.0,34.716900176927325
19,12,107,9,69.2,78.42972046763636
19,18,5,9,83.7,76.23723361634839
4,26,17,2,78.15,50.005552323296
4,26,17,2,73.3,37.39279412709859
19,19,107,9,95.25,85.25063666994858
19,18,5,9,103.8,87.64077397626001
4,26,17,2,53.15,27.417387875119267
19,19,107,9,50.9,42.57365135237621
4,26,17,2,81.8,40.02841096284646
19,20,5,9,85.9,48.79160842431391
19,20,5,9,72.0,60.23375518061194
19,21,107,9,100.85,74.14159639358647
5,7,17,2,95.45,90.0517249023845
19,13,5,9,64.15,55.52739959032079
5,7,17,2,91.1,67.49027220352029
19,21,107,9,92.45,62.71193540391863
5,7,17,2,90.1,58.40142391919458
19,13,5,9,92.1,81.75309425980544
19,9,107,9,94.2,69.24905471518993
5,7,17,2,71.65,43.3799310863057
19,6,5,9,88.2,40.78260723190192
19,9,107,9,60.2,49.30100885057232
5,7,17,2,81.55,61.13873352337375
5,7,17,2,80.85,67.74198340607893
19,6,5,9,129.3,95.47945494078543
19,19,107,9,114.85,90.53366631724413
5,7,17,2,86.0,60.899399357508145
19,22,5,9,53.4,49.999368417063664
19,19,107,9,61.95,66.68502159603128
5,7,17,2,82.1,49.994631290716974
19,22,5,9,61.85,48.65374437908416
5,7,17,2,104.5,62.036916004653406
19,18,5,9,89.2,61.07424299894954
5,7,17,2,87.3,51.37181287335242
19,18,5,9,63.75,61.22080399754044
5,1,17,2,119.5,56.01362616176061
19,16,5,9,73.7,62.71413842105093
5,1,17,2,85.2,63.891849410176185
19,16,5,9,92.1,82.8917493195985
5,1,17,2,70.85,37.466160170142025
5,1,17,2,70.2,44.50972690854983
19,23,5,9,113.0,91.56533474146092
5,1,17,2,84.3,54.74255536984963
5,1,17,2,64.4,34.60209911490767
5,1,17,2,66.2,41.94055944209364
19,23,5,9,111.15,81.05766303590367
5,1,17,2,81.75,64.66909698815314
19,19,5,9,100.4,91.63336556195306
5,1,17,2,71.9,59.09483903015559
5,1,17,2,80.55,68.86865836694626
19,19,5,9,80.3,79.53886835344949
5,4,17,2,93.25,81.44735141569417
19,10,5,9,99.6,77.1337867126435
5,4,17,2,71.9,42.88896312450019
19,10,5,9,78.6,63.62339854255872
5,4,17,2,88.85,60.94369705331566
19,12,5,9,60.7,51.647693177201205
5,4,17,2,80.5,58.96698451810042
5,4,17,2,71.95,48.05093240784364
19,12,5,9,68.8,65.55881248723807
5,4,17,2,110.6,50.24927336473842
5,4,17,2,73.15,43.14025473901803
5,4,17,2,85.8,71.57888544888962
5,4,17,2,86.45,64.54413015017015
5,4,17,2,90.75,56.54516127095133
5,10,17,2,98.1,73.48032318067771
5,10,17,2,92.05,49.8032708712358
5,10,17,2,98.2,66.08654612663132
5,10,17,2,73.9,57.27303030222864
5,10,17,2,80.8,67.80591497253877
5,10,17,2,75.5,50.007894113671796
5,10,17,2,65.75,43.95437227518172
5,10,17,2,87.35,49.9254971247948
5,10,17,2,82.05,52.62226364932382
5,10,17,2,109.5,55.61947784535084
5,21,17,2,85.9,61.43366126841298
5,21,17,2,67.1,53.7723270641576
5,21,17,2,76.25,63.011172777030914
5,21,17,2,99.9,43.45221210527843
5,21,17,2,67.1,39.08815946711121
5,21,17,2,96.65,58.223955098983275
5,21,17,2,81.95,37.072439756154225
5,21,17,2,61.45,46.58379546580548
5,21,17,2,88.6,50.11922627201324
5,21,17,2,87.75,69.75964374003671
5,22,17,2,85.1,46.985888138998995
5,22,17,2,67.1,40.10236900732923
5,22,17,2,65.8,43.65486649184777
5,22,17,2,73.0,59.58452642652859
5,22,17,2,92.55,56.347114996431294
5,22,17,2,63.55,38.62161243874239
5,22,17,2,79.2,48.03354091290355
5,22,17,2,79.8,52.58436829965426
5,22,17,2,98.6,50.00778886701972
5,22,17,2,68.9,42.989472395484285
5,9,17,2,82.85,66.20166558566174
5,9,17,2,86.05,45.85500604020643
5,9,17,2,72.7,31.74420792588949
5,9,17,2,82.8,46.78123780455489
5,9,17,2,84.6,60.63210891581248
5,9,17,2,91.9,52.6286893943638
5,9,17,2,83.45,52.2921700891403
5,9,17,2,94.2,70.06658487317242
5,9,17,2,79.6,60.69110747313637
5,9,17,2,77.35,49.97607322246158
5,14,17,2,85.0,56.653145961794756
5,14,17,2,69.2,44.3806501221327
5,14,17,2,95.8,50.60434763930862
5,14,17,2,95.4,54.12402910275426
5,14,17,2,82.15,44.87793385806014
5,14,17,2,76.9,41.8139991667359
5,14,17,2,81.0,66.41417096722022
5,14,17,2,81.35,41.64546478119923
5,14,17,2,52.0,32.301213925371776
5,14,17,2,70.5,59.16391147526194
5,2,17,2,86.6,64.94078274210972
5,2,17,2,78.75,43.70580474514858
5,2,17,2,87.65,35.63894233175721
5,2,17,2,92.05,64.3064005981888
5,2,17,2,99.1,32.341760522337225
5,2,17,2,67.45,36.41207867843046
5,2,17,2,80.3,48.38018298087717
5,2,17,2,80.2,60.02157506833864
5,2,17,2,68.85,49.671844190277035
5,2,17,2,96.65,61.108423917527205
5,8,17,2,92.6,70.5127088209151
5,8,17,2,67.3,38.11078035080584
5,8,17,2,74.15,40.27180677661025
5,8,17,2,79.2,50.55856427008813
5,8,17,2,73.9,50.37114880146121
5,8,17,2,96.5,56.80668974689513
5,8,17,2,63.95,57.91597816074412
5,8,17,2,75.45,55.072655360179
5,8,17,2,84.5,37.942477237884304
5,8,17,2,64.1,44.19561778704929
5,2,17,2,83.9,56.06659574019754
5,2,17,2,76.45,50.30692638300678
5,2,17,2,48.6,46.38897328143039
5,2,17,2,79.8,101.58512116498785
5,2,17,2,75.8,53.90889000019043
5,2,17,2,80.2,41.7745830556534
5,2,17,2,66.45,46.26977528866071
5,2,17,2,85.55,46.083990826818756
5,2,17,2,98.15,75.20447565068675
5,2,17,2,109.0,81.33167959204555
5,20,17,2,86.4,42.52850437307343
5,20,17,2,86.25,83.65585832193074
5,20,17,2,77.4,53.0693687049021
5,20,17,2,104.75,57.661329739856164
5,20,17,2,79.55,66.22408132521296
5,20,17,2,85.5,74.27225875825127
5,20,17,2,73.35,65.24550801234882
5,20,17,2,75.25,39.09889620194573
5,20,17,2,74.15,35.966760970885915
5,20,17,2,84.7,61.651055397121524
5,1,17,2,84.85,54.571319824321826
5,1,17,2,74.3,56.56770512543261
5,1,17,2,87.8,39.64925166878609
5,1,17,2,85.4,45.22505127866518
5,1,17,2,105.4,73.44987549701031
5,1,17,2,79.1,44.18608973778727
5,1,17,2,67.2,60.500195736960436
5,1,17,2,85.75,59.216707279724965
5,1,17,2,93.85,56.203834856987996
5,1,17,2,89.25,62.10422055324675
5,9,17,2,63.4,44.98233571432001
5,9,17,2,95.7,56.163389461369526
5,9,17,2,93.35,48.39125084036097
5,9,17,2,101.45,67.62705391374544
5,9,17,2,97.35,61.11789728402845
5,9,17,2,93.7,65.14203105926553
5,9,17,2,78.3,56.70338335770209
5,9,17,2,60.8,41.993232537485945
5,9,17,2,71.35,45.5311056196461
5,9,17,2,76.35,76.00988509121
5,23,17,2,80.95,47.769705220381105
5,23,17,2,90.25,62.49621041142794
5,23,17,2,80.1,52.91393210229528
5,23,17,2,74.35,44.093530973196174
5,23,17,2,95.9,59.78989529132301
5,23,17,2,94.6,72.33503919081568
5,23,17,2,83.45,43.866394042772534
5,23,17,2,85.85,68.4322753953825
5,23,17,2,67.5,38.210635058566446
5,23,17,2,88.85,47.08142442955384
5,23,17,2,75.7,59.589031134756226
5,23,17,2,84.15,41.70734505550488
5,23,17,2,103.45,64.09899826789315
5,23,17,2,82.3,60.054448978450075
5,23,17,2,81.1,46.287317803840004
5,23,17,2,81.45,57.31397827112647
5,23,17,2,84.85,44.998567228652725
5,23,17,2,62.9,52.55263026118122
5,23,17,2,84.4,47.01668236969333
5,23,17,2,69.85,49.33161151570909
5,2,17,2,83.5,60.92575291632474
5,2,17,2,87.7,60.22073432054165
5,2,17,2,85.5,46.59173181675274
5,2,17,2,70.7,63.367848397482426
5,2,17,2,103.05,76.89670104483643
5,2,17,2,81.5,59.16835925426786
5,2,17,2,68.35,49.11884084865796
5,2,17,2,95.65,43.76765809061346
5,2,17,2,87.3,51.92717572665943
5,2,17,2,74.65,62.070651595369
5,6,17,2,93.0,68.09436177293358
5,6,17,2,80.2,45.08658337022223
5,6,17,2,55.65,35.35425977460886
5,6,17,2,94.1,55.127507700449854
5,6,17,2,66.55,45.9971108932541
5,6,17,2,86.0,63.18560795490994
5,6,17,2,78.6,57.49910754456153
5,6,17,2,76.85,45.80884194126719
5,6,17,2,71.45,40.04007860552776
5,6,17,2,96.85,40.53104722892913
5,21,17,2,70.7,38.48595095684439
5,21,17,2,70.45,42.033163598583236
5,21,17,2,90.05,50.21477555670767
5,21,17,2,69.15,39.73633495668006
5,21,17,2,67.3,48.10525739951595
5,21,17,2,75.85,55.84308372573993
5,21,17,2,102.5,74.18078911473111
5,21,17,2,84.6,69.54014365060924
5,21,17,2,91.95,64.56043680149631
5,21,17,2,78.5,49.94786755892798
5,3,17,2,98.8,50.516907018708515
5,3,17,2,68.85,45.57270073883682
5,3,17,2,74.85,58.83721969172772
5,3,17,2,85.2,61.47365717375036
5,3,17,2,69.3,45.642893030684704
5,3,17,2,94.8,39.86239488936646
5,3,17,2,97.2,50.002736767206315
5,3,17,2,79.2,78.55376971757693
5,3,17,2,67.65,42.852593116894404
5,3,17,2,80.15,41.00484567000652
6,36,17,3,54.05,26.660585929518938
6,36,17,3,43.55,36.245471586479816
6,36,17,3,61.55,42.30525038959486
6,36,17,3,67.35,34.54253670628814
6,36,17,3,53.95,34.28744591491791
6,36,17,3,47.75,29.60418711494781
6,36,17,3,64.55,47.8995385100283
6,36,17,3,69.05,54.91953444046931
6,36,17,3,66.7,48.6449002033047
6,36,17,3,65.45,43.971851043713485
6,27,17,3,80.1,44.01542791722968
6,27,17,3,77.95,39.727327198237106
6,27,17,3,61.75,34.722774264617435
6,27,17,3,51.85,32.45121845088977
6,27,17,3,63.85,43.64482847522234
6,27,17,3,69.35,41.31174804236429
6,27,17,3,50.3,34.48889981611933
6,27,17,3,67.05,41.49124828455425
6,27,17,3,71.25,41.08127374645994
6,27,17,3,67.75,41.52725801079018
6,31,17,3,55.25,34.19737601506568
6,31,17,3,65.1,33.80112112746683
6,31,17,3,67.65,63.20749039556359
6,31,17,3,63.85,51.613212302767266
6,31,17,3,54.55,37.450985511591995
6,31,17,3,63.15,42.12671986181443
6,31,17,3,45.3,29.98438189949456
6,31,17,3,72.05,45.97536525712782
6,31,17,3,56.85,46.21149891075756
6,31,17,3,58.15,33.34394129452353
6,44,17,3,73.45,42.889668735145605
6,44,17,3,76.15,40.8389326629949
6,44,17,3,64.1,51.09114662207038
6,44,17,3,47.65,38.622702622871145
6,44,17,3,55.55,39.827886289832016
6,44,17,3,62.35,38.62679053931897
6,44,17,3,51.7,35.41052475123596
6,44,17,3,67.4,44.0351534213531
6,44,17,3,66.95,48.16799002613556
6,44,17,3,54.9,34.347910378484755
6,29,17,3,51.5,33.94035015171548
6,29,17,3,71.2,37.669756122329616
6,29,17,3,61.85,30.7010628994811
6,29,17,3,65.35,37.09060740800475
6,29,17,3,77.65,44.00989721223601
6,29,17,3,69.45,41.91027383150317
6,29,17,3,59.2,34.08441533048576
6,29,17,3,54.85,36.36116349247251
6,29,17,3,64.25,39.86407827659013
6,29,17,3,64.65,43.47809490815007
6,39,17,3,56.55,41.4975902914856
6,39,17,3,55.15,31.10131999229547
6,39,17,3,47.1,27.0650289021402
6,39,17,3,70.1,32.111483435385736
6,39,17,3,57.95,33.20030912982271
6,39,17,3,67.6,39.70735050605274
6,39,17,3,49.7,24.61086623510244
6,39,17,3,43.75,24.417153159634577
6,39,17,3,64.55,43.456542115446545
6,39,17,3,68.05,36.10434439524593
6,43,17,3,76.55,53.56498758271902
6,43,17,3,57.95,41.803393214074454
6,43,17,3,64.25,45.31512469712281
6,43,17,3,53.45,37.763077205121945
6,43,17,3,74.45,46.21742095790288
6,43,17,3,81.85,39.237837538998534
6,43,17,3,65.55,41.476023511370876
6,43,17,3,48.4,29.64953181488884
6,43,17,3,73.15,59.843897811415644
6,43,17,3,63.45,43.669180990958054
6,31,17,3,56.35,35.51022832634949
6,31,17,3,64.05,34.94427895348461
6,31,17,3,55.05,41.94667667659175
6,31,17,3,79.05,42.8749405400846
6,31,17,3,69.05,38.28490839124885
6,31,17,3,52.25,28.57469436222786
6,31,17,3,61.05,37.69611874478661
6,31,17,3,71.45,44.974232388639706
6,31,17,3,52.8,40.06521000358764
6,31,17,3,69.5,34.828149534535996
6,28,17,3,36.5,26.44855980558249
6,28,17,3,53.6,28.44829104107828
6,28,17,3,74.65,48.44234228767009
6,28,17,3,66.55,56.29478334249939
6,28,17,3,62.5,30.367052783186622
6,28,17,3,61.7,48.76376998508108
6,28,17,3,58.2,44.489620315186706
6,28,17,3,62.0,27.439886450585988
6,28,17,3,61.4,35.90249954646905
6,28,17,3,55.05,38.053252160623536
6,47,17,3,67.95,26.196574705785288
6,47,17,3,56.35,31.711321239217423
6,47,17,3,67.7,46.02184835831552
6,47,17,3,55.85,36.579078000524035
6,47,17,3,51.7,35.91232012613646
6,47,17,3,64.7,39.29657812878341
6,47,17,3,51.25,43.662431159256826
6,47,17,3,60.1,41.1734457093276
6,47,17,3,70.5,51.1823365913219
6,47,17,3,73.65,32.84296768435808
6,36,17,3,70.35,36.7212472555059
6,36,17,3,52.35,35.33192234852365
6,36,17,3,39.2,28.574187836687777
6,36,17,3,65.5,34.25830671453813
6,36,17,3,64.6,34.45118590885248
6,36,17,3,51.65,55.37363518574711
6,36,17,3,58.35,52.38147020705539
6,36,17,3,61.7,60.15165045642205
6,36,17,3,56.5,32.63111205098917
6,36,17,3,75.0,54.84715604583149
6,40,17,3,44.2,37.91625120265923
6,40,17,3,86.1,40.55133199188147
6,40,17,3,67.8,41.01424656205002
6,40,17,3,71.95,47.91711593992276
6,40,17,3,77.7,41.02386981669138
6,40,17,3,66.6,40.88160054545192
6,40,17,3,48.1,29.7036237378185
6,40,17,3,66.3,37.326581469651444
6,40,17,3,63.2,39.90462313277023
6,40,17,3,58.05,26.964840655545274
6,42,17,3,56.05,46.926005583258416
6,42,17,3,63.9,27.926407046491242
6,42,17,3,53.95,38.719606076726066
6,42,17,3,73.35,48.106542940479635
6,42,17,3,62.45,49.80749785027615
6,42,17,3,59.75,34.87854867815943
6,42,17,3,58.45,43.77631539398541
6,42,17,3,59.7,39.11938542192954
6,42,17,3,48.5,29.412671812637058
6,42,17,3,65.8,54.3619448937543
6,44,17,3,72.55,49.64237896670227
6,44,17,3,55.0,38.37351060027573
6,44,17,3,62.9,47.22610785527318
6,44,17,3,58.1,44.21704839110196
6,44,17,3,62.95,35.449704920455524
6,44,17,3,64.7,41.90854704937256
6,44,17,3,74.15,32.66138070372537
6,44,17,3,50.15,33.62686113025841
6,44,17,3,61.0,37.801420190530585
6,44,17,3,57.8,37.35829366102202
6,31,17,3,62.75,32.15566578544539
6,31,17,3,68.1,54.437699785118916
6,31,17,3,73.5,63.75157376798424
6,31,17,3,46.8,29.00925442174037
6,31,17,3,60.95,41.77820509611001
6,31,17,3,46.55,22.621543062450797
6,31,17,3,61.9,46.31573564590174
6,31,17,3,51.05,29.642563636557625
6,31,17,3,51.85,36.70117594559435
6,31,17,3,58.7,39.24028542199967
6,46,17,3,68.5,51.864702528994144
6,46,17,3,61.85,42.076715651295785
6,46,17,3,62.15,48.94709818827498
6,46,17,3,66.45,38.349466475394
6,46,17,3,56.0,30.20282315141731
6,46,17,3,59.5,40.429926383415804
6,46,17,3,72.25,43.997458060545654
6,46,17,3,59.25,46.31797991231801
6,46,17,3,72.7,53.83610606079783
6,46,17,3,74.05,47.96212870039948
6,30,17,3,63.35,44.303112638658746
6,30,17,3,79.6,44.04710397314508
6,30,17,3,55.1,35.002105199845516
6,30,17,3,56.8,29.646336420507254
6,30,17,3,52.9,29.296847324548327
6,30,17,3,44.1,30.054161634937476
6,30,17,3,49.5,33.09873586391893
6,30,17,3,49.9,40.23601424228378
6,30,17,3,50.95,33.143190139628665
6,30,17,3,64.45,41.15628109637957
6,47,17,3,46.1,31.585972902706768
6,47,17,3,56.65,34.8580202958712
6,47,17,3,53.15,34.49832185087146
6,47,17,3,49.65,32.352133257573435
6,47,17,3,63.6,49.25380028084395
6,47,17,3,44.25,30.247879438504707
6,47,17,3,56.2,35.28470669165027
6,47,17,3,65.0,42.38296579374412
6,47,17,3,64.85,60.8884009349979
6,47,17,3,66.2,30.429556269141393
6,26,17,3,62.85,42.485012837346225
6,26,17,3,53.35,33.468406154555915
6,26,17,3,36.4,28.69879880119687
6,26,17,3,71.5,53.06748434528287
6,26,17,3,64.9,37.70648415549269
6,26,17,3,59.25,30.86281189222292
6,26,17,3,55.45,32.95207844255368
6,26,17,3,68.05,42.22804630499549
6,26,17,3,60.3,36.6966225320963
6,26,17,3,63.9,47.18820102302559
6,38,17,3,80.2,38.82294492476812
6,38,17,3,66.9,39.899742777168505
6,38,17,3,57.55,49.243193491721854
6,38,17,3,68.1,30.519881354532444
6,38,17,3,49.35,35.42118753395755
6,38,17,3,53.55,37.903582666383514
6,38,17,3,79.7,43.07655364214053
6,38,17,3,59.15,34.450994944000946
6,38,17,3,51.85,28.512739534977584
6,38,17,3,49.3,37.703971590327335
7,3,17,3,92.55,69.19421560856233
7,3,17,3,85.9,41.0146315355874
7,3,17,3,79.15,62.513388039767335
7,3,17,3,91.0,73.59133244157438
7,3,17,3,87.3,79.26444746277456
7,3,17,3,84.35,78.41339506943817
7,3,17,3,86.45,45.68597043663232
7,3,17,3,78.2,43.79689967397957
7,3,17,3,75.55,57.65457484016338
7,3,17,3,70.35,74.6833843283554
7,23,17,3,79.55,64.89949720022571
7,23,17,3,69.35,42.31992811654426
7,23,17,3,91.75,66.00548222845225
7,23,17,3,103.8,63.24189151270907
7,23,17,3,76.25,57.26197875140464
7,23,17,3,80.75,91.47842713765331
7,23,17,3,124.0,79.29491919742598
7,23,17,3,88.95,77.32397667231719
7,23,17,3,83.5,44.32475843731487
7,23,17,3,86.7,44.47601364189111
7,3,17,3,57.4,44.108001422346085
7,3,17,3,76.25,53.70668389257376
7,3,17,3,76.2,53.79649763594965
7,3,17,3,84.6,58.21864414700663
7,3,17,3,71.6,42.94598810991362
7,3,17,3,88.05,47.431363152731706
7,3,17,3,69.45,55.39283157118512
7,3,17,3,104.7,77.02364640331666
7,3,17,3,79.55,39.06334262249079
7,3,17,3,82.85,46.55870657454668
7,0,17,3,76.0,62.09839391092003
7,0,17,3,88.4,55.24529034463624
7,0,17,3,69.05,36.984313886892785
7,0,17,3,70.6,47.0345897354165
7,0,17,3,72.55,47.081648005856465
7,0,17,3,91.9,66.37921361390175
7,0,17,3,76.25,39.57920107701439
7,0,17,3,83.45,63.35819225890043
7,0,17,3,63.85,47.216494664693734
7,0,17,3,96.8,59.957528827978685
7,4,17,3,64.1,52.76352408325481
7,4,17,3,63.8,46.6528049588266
7,4,17,3,87.55,60.49573712689444
7,4,17,3,80.1,54.6432448755225
7,4,17,3,95.55,65.59884065085939
7,4,17,3,83.75,40.468148618778926
7,4,17,3,91.7,57.781894815080726
7,4,17,3,82.45,68.33314291800599
7,4,17,3,89.95,59.88978913057937
7,4,17,3,73.6,45.75380340819535
7,14,17,3,65.25,66.14805960475096
7,14,17,3,82.3,37.34349798968039
7,14,17,3,96.8,60.03998667554815
7,14,17,3,62.45,49.53411902283537
7,14,17,3,61.2,41.6079445855185
7,14,17,3,76.6,53.46459723868437
7,14,17,3,68.1,56.69484335596928
7,14,17,3,98.2,68.10100857124696
7,14,17,3,78.95,51.38244119500255
7,14,17,3,83.6,60.369389245666035
7,16,17,3,84.95,59.449646982263815
7,16,17,3,86.2,54.268921027358594
7,16,17,3,85.0,43.000611990749015
7,16,17,3,89.9,58.396917726880076
7,16,17,3,65.8,44.09153158935099
7,16,17,3,80.5,47.59865102024813
7,16,17,3,65.15,43.00462031481097
7,16,17,3,105.0,83.67984099813815
7,16,17,3,76.7,54.9957893125034
7,16,17,3,85.05,48.48382801457996
7,21,17,3,85.8,69.67035161915607
7,21,17,3,80.2,43.50269199171835
7,21,17,3,83.1,56.069411869293056
7,21,17,3,61.3,29.329525271159415
7,21,17,3,93.9,77.53091064384036
7,21,17,3,83.15,65.14944358933543
7,21,17,3,78.3,55.71081346419298
7,21,17,3,69.05,37.019873752237174
7,21,17,3,69.55,52.57122987458364
7,21,17,3,74.85,41.61891649870664
7,0,17,3,66.3,58.01642235744888
7,0,17,3,84.8,52.4912022703755
7,0,17,3,70.45,50.41039470919506
7,0,17,3,76.2,52.52327804737729
7,0,17,3,56.55,47.16429849612499
7,0,17,3,87.75,68.7932638991256
7,0,17,3,76.7,53.190917309353914
7,0,17,3,76.05,50.38010781209082
7,0,17,3,67.35,52.521950298498
7,0,17,3,104.2,88.57919442064556
7,16,17,3,99.95,79.06857450140485
7,16,17,3,86.55,68.92671546841007
7,16,17,3,75.25,53.73999294850403
7,16,17,3,88.35,63.21748175939943
7,16,17,3,91.15,68.70093464468029
7,16,17,3,86.0,66.544009972032
7,16,17,3,80.5,62.04370276370986
7,16,17,3,54.55,44.20225643204439
7,16,17,3,71.45,54.144519088901525
7,16,17,3,104.1,73.31611440589953
7,14,17,3,80.55,42.657108989808734
7,14,17,3,84.25,59.9164989139491
7,14,17,3,86.8,52.53530141473295
7,14,17,3,60.95,57.753992798857865
7,14,17,3,99.6,50.460406573658794
7,14,17,3,76.35,30.428994137344183
7,14,17,3,54.25,57.02711727996742
7,14,17,3,111.0,79.15009060073945
7,14,17,3,105.45,70.15507259298016
7,14,17,3,86.35,70.30555492015961
7,18,17,3,85.95,44.01252812074021
7,18,17,3,70.5,52.43592581226609
7,18,17,3,77.3,60.552804272495564
7,18,17,3,98.65,62.435882901455074
7,18,17,3,99.25,62.94765996235954
7,18,17,3,103.75,61.4961487882735
7,18,17,3,68.45,51.136015735127025
7,18,17,3,87.05,57.136470977734305
7,18,17,3,85.8,55.463216829288136
7,18,17,3,108.3,83.87465585465519
7,5,17,3,105.15,87.87986716325634
7,5,17,3,89.35,55.7563071721369
7,5,17,3,73.55,37.98957613262936
7,5,17,3,79.9,67.52535586141347
7,5,17,3,79.6,50.323584509598845
7,5,17,3,90.45,79.65284876129336
7,5,17,3,95.9,59.77228718887603
7,5,17,3,121.6,63.905687087341946
7,5,17,3,96.0,76.57263493606989
7,5,17,3,74.95,47.736640456836334
7,12,17,3,91.9,57.245454887380866
7,12,17,3,83.65,48.75424407976678
7,12,17,3,74.45,54.42858672271015
7,12,17,3,84.55,48.452336861790485
7,12,17,3,94.35,73.86351210883919
7,12,17,3,64.8,49.405518549630614
7,12,17,3,82.05,55.76782226338052
7,12,17,3,74.85,61.48194000979817
7,12,17,3,67.6,51.16680667447557
7,12,17,3,78.55,50.75687664066603
7,13,17,3,71.4,37.90903239126666
7,13,17,3,73.3,50.63086223368426
7,13,17,3,85.5,68.24221567329126
7,13,17,3,89.3,63.410193435905455
7,13,17,3,93.0,63.97532419037169
7,13,17,3,82.95,45.31698299057894
7,13,17,3,63.3,49.67271834083999
7,13,17,3,78.65,60.45204711173973
7,13,17,3,66.85,49.56789601939418
7,13,17,3,79.8,57.97513078444656
7,4,17,3,81.8,41.41395645762047
7,4,17,3,60.1,48.714960416909435
7,4,17,3,83.15,65.91403891672691
7,4,17,3,104.5,69.15238702733946
7,4,17,3,92.1,57.747089240839436
7,4,17,3,90.65,54.773480905693
7,4,17,3,119.85,62.28818845537757
7,4,17,3,68.0,44.25405125671071
7,4,17,3,75.85,69.03262005442751
7,4,17,3,78.25,55.79178868086707
7,3,17,3,94.0,67.00824772487262
7,3,17,3,70.45,48.782519518023214
7,3,17,3,75.3,52.34712076735051
7,3,17,3,91.6,72.28263240480678
7,3,17,3,74.65,57.18784835959472
7,3,17,3,93.3,52.60488270313437
7,3,17,3,85.4,57.66272169854812
7,3,17,3,104.65,53.898808696921755
7,3,17,3,88.95,60.71284872249037
7,3,17,3,86.8,55.56655563613024
7,18,17,3,60.5,50.51159324978355
7,18,17,3,59.35,42.554330597855476
7,18,17,3,85.8,90.34938033166465
7,18,17,3,67.3,61.18573965265196
7,18,17,3,66.3,47.30650339179481
7,18,17,3,58.85,48.359699402661604
7,18,17,3,81.05,41.61158113086459
7,18,17,3,77.8,56.830866335302794
7,18,17,3,87.25,95.62529669716614
7,18,17,3,70.7,58.37816823364527
7,17,17,3,87.75,90.19562073626412
7,17,17,3,102.75,87.91794918828398
7,17,17,3,77.8,54.766105537909795
7,17,17,3,84.45,75.14860715871409
7,17,17,3,59.0,38.13411237089162
7,17,17,3,80.35,74.56489579024789
7,17,17,3,81.8,54.1358913923296
7,17,17,3,62.9,49.00687384653837
7,17,17,3,99.35,56.20289840812202
7,17,17,3,90.35,56.50829002991741
7,12,17,3,85.1,53.513303805787636
7,12,17,3,83.3,64.32655177419271
7,12,17,3,97.35,56.86204450477628
7,12,17,3,91.1,80.88972350318087
7,12,17,3,80.95,56.88999079479254
7,12,17,3,94.1,78.05996345590255
7,12,17,3,76.9,59.867309417094276
7,12,17,3,86.05,60.41825708735468
7,12,17,3,87.7,63.929319523492836
7,12,17,3,73.45,40.40775720211731
8,24,17,4,67.4,43.47098245714575
8,24,17,4,56.8,37.68791513692978
8,24,17,4,60.05,34.9548204641965
8,24,17,4,49.55,27.1244209251795
8,24,17,4,75.1,43.743149839657605
8,24,17,4,58.2,33.527051136280036
8,24,17,4,46.8,35.356232235558366
8,24,17,4,56.55,29.41441644392835
8,24,17,4,60.4,29.333652310865357
8,24,17,4,45.75,28.552583070538468
8,39,17,4,55.0,33.08839834841146
8,39,17,4,56.65,37.40007739930072
8,39,17,4,59.25,35.08017133727587
8,39,17,4,66.2,40.07703109079603
8,39,17,4,64.05,51.84640778298917
8,39,17,4,59.85,34.90630315573392
8,39,17,4,62.9,38.21118601721367
8,39,17,4,54.1,36.12973698682073
8,39,17,4,51.95,43.68364140402892
8,39,17,4,55.15,35.79808139522211
8,37,17,4,58.15,60.27854204921472
8,37,17,4,49.35,33.60650782841104
8,37,17,4,46.3,37.53608789867216
8,37,17,4,40.35,25.823846588600603
8,37,17,4,51.2,38.33316552213459
8,37,17,4,60.35,40.42442591461647
8,37,17,4,67.45,40.02956144493322
8,37,17,4,65.8,46.94072409909511
8,37,17,4,57.1,45.00631534632259
8,37,17,4,53.25,39.397936093418046
8,24,17,4,62.8,45.56383607527726
8,24,17,4,45.85,34.58517327593308
8,24,17,4,57.35,40.629617146530975
8,24,17,4,55.1,39.1997583236374
8,24,17,4,39.7,33.26781279887592
8,24,17,4,68.6,53.266361459723285
8,24,17,4,59.4,47.7200167644564
8,24,17,4,51.1,41.51461378713208
8,24,17,4,57.75,45.0834022440048
8,24,17,4,63.25,53.44044890293651
8,41,17,4,63.3,39.10189119130739
8,41,17,4,57.6,38.70318904309131
8,41,17,4,53.45,45.74928817392739
8,41,17,4,60.8,37.34420267838384
8,41,17,4,90.15,50.30148579996629
8,41,17,4,55.9,33.695072261932346
8,41,17,4,67.45,65.6878383360509
8,41,17,4,61.6,39.193715930248985
8,41,17,4,34.95,29.72943782993904
8,41,17,4,56.75,36.88798834594435
8,42,17,4,47.8,36.80903779179639
8,42,17,4,67.85,31.317180420237136
8,42,17,4,57.4,40.831360496559505
8,42,17,4,54.3,35.638683890874596
8,42,17,4,66.05,46.711291320644364
8,42,17,4,54.45,38.0241958979307
8,42,17,4,53.35,39.923973802848415
8,42,17,4,64.15,42.47386193140932
8,42,17,4,58.15,46.55192347204752
8,42,17,4,38.6,32.14179112685081
8,29,17,4,64.25,46.85798814110118
8,29,17,4,51.4,32.35559009701903
8,29,17,4,54.85,31.980709646186472
8,29,17,4,51.8,46.60652766568897
8,29,17,4,68.5,47.792864475116396
8,29,17,4,63.7,42.30105137426754
8,29,17,4,52.65,47.86744306167981
8,29,17,4,56.3,36.56443483409585
8,29,17,4,68.05,48.730704683467984
8,29,17,4,56.1,28.289667074002388
8,30,17,4,61.6,37.66388749256549
8,30,17,4,74.15,47.54640392622547
8,30,17,4,46.1,30.087416498911086
8,30,17,4,63.15,38.611799396448475
8,30,17,4,58.35,41.035639195832275
8,30,17,4,51.55,31.250221051849753
8,30,17,4,63.75,50.56197343750278
8,30,17,4,62.9,39.8046545810385
8,30,17,4,61.4,49.614726167052254
8,30,17,4,51.55,37.91746577141352
8,41,17,4,62.75,42.605750785545375
8,41,17,4,54.55,39.20455800568414
8,41,17,4,61.05,48.98170979801381
8,41,17,4,59.85,45.932759780494706
8,41,17,4,62.4,37.28891467842336
8,41,17,4,54.45,40.81856517759896
8,41,17,4,52.05,34.21983881348731
8,41,17,4,67.1,39.704036650141624
8,41,17,4,44.05,34.653890189460085
8,41,17,4,55.4,35.70404665256336
8,34,17,4,61.2,43.5655585840104
8,34,17,4,54.35,41.44657309178446
8,34,17,4,52.9,34.50690243689621
8,34,17,4,50.8,37.65298618198897
8,34,17,4,45.3,37.786240882098866
8,34,17,4,47.7,38.11492317217827
8,34,17,4,61.4,27.597482722733584
8,34,17,4,48.25,31.557591463027855
8,34,17,4,71.0,56.199831428853756
8,34,17,4,65.75,45.263991730385655
8,33,17,4,74.65,47.00982540076624
8,33,17,4,48.7,39.98960391217487
8,33,17,4,63.4,44.12231801898469
8,33,17,4,56.95,33.878226201002846
8,33,17,4,53.3,29.695117443781896
8,33,17,4,52.7,36.85690680113252
8,33,17,4,58.65,47.30002225436218
8,33,17,4,57.05,41.57741669401033
8,33,17,4,61.85,42.311221604725745
8,33,17,4,62.0,40.09593758133504
8,24,17,4,66.75,32.23413522469946
8,24,17,4,51.45,26.958984441281594
8,24,17,4,46.1,38.8179285762052
8,24,17,4,60.95,35.099070313073895
8,24,17,4,55.8,43.83653847263898
8,24,17,4,49.8,37.38927512986635
8,24,17,4,65.05,38.0020428813754
8,24,17,4,62.55,46.82382996543083
8,24,17,4,50.55,38.37004725454205
8,24,17,4,66.9,32.64627003760799
8,36,17,4,65.75,39.89575231314205
8,36,17,4,50.6,36.41919678873825
8,36,17,4,48.5,28.45217594120832
8,36,17,4,55.9,48.46365974407498
8,36,17,4,53.6,42.712502791768614
8,36,17,4,56.05,35.58899149722389
8,36,17,4,49.85,44.35298008144732
8,36,17,4,53.05,33.2446671623712
8,36,17,4,52.05,40.34388364260958
8,36,17,4,49.15,42.89187752820733
8,30,17,4,59.0,33.41603775056774
8,30,17,4,60.35,40.38665099940039
8,30,17,4,45.45,30.316705486891998
8,30,17,4,60.7,40.5723525257494
8,30,17,4,65.0,28.833460095046373
8,30,17,4,60.3,51.28875941281153
8,30,17,4,63.15,39.930564734298464
8,30,17,4,73.75,51.72078376904405
8,30,17,4,61.45,47.15760250144414
8,30,17,4,47.95,32.729312469663064
8,45,17,4,56.0,31.929197988839714
8,45,17,4,70.5,32.58268833210925
8,45,17,4,68.4,46.39010783845148
8,45,17,4,61.7,38.18528236734258
8,45,17,4,59.75,43.076278732890614
8,45,17,4,61.45,51.0185466792534
8,45,17,4,71.6,25.353085559127138
8,45,17,4,59.95,41.0820424337242
8,45,17,4,47.2,30.043126895917652
8,45,17,4,64.95,43.88798540782995
8,32,17,4,54.45,26.00905712692367
8,32,17,4,51.45,37.70449505521087
8,32,17,4,56.15,37.39867011426729
8,32,17,4,58.95,41.694976347655825
8,32,17,4,67.5,35.11859606353427
8,32,17,4,80.5,46.60076800812802
8,32,17,4,41.7,36.308763622429694
8,32,17,4,57.95,44.09854395495807
8,32,17,4,49.75,40.10627329850951
8,32,17,4,57.45,56.20027626828519
8,31,17,4,53.3,30.604609215985064
8,31,17,4,72.3,48.501871911786736
8,31,17,4,58.05,33.780210650304525
8,31,17,4,61.5,44.553338819890925
8,31,17,4,47.7,37.836351220542
8,31,17,4,46.7,20.6221648769116
8,31,17,4,62.65,31.30541402646547
8,31,17,4,74.0,35.120844013356596
8,31,17,4,52.25,31.117561465817776
8,31,17,4,47.95,37.31300746811746
8,35,17,4,52.25,43.555016630512384
8,35,17,4,50.0,26.801413945418705
8,35,17,4,54.55,41.21506495139088
8,35,17,4,45.85,30.972441060774624
8,35,17,4,63.7,36.54283715543199
8,35,17,4,65.15,29.672377727442065
8,35,17,4,63.9,34.191257731519
8,35,17,4,55.4,40.83651616668076
8,35,17,4,52.75,29.36857432519898
8,35,17,4,48.95,32.57295455467699
8,32,17,4,48.35,33.377072180891204
8,32,17,4,51.8,25.74899078247125
8,32,17,4,60.95,41.22400297220821
8,32,17,4,46.6,36.040036217050556
8,32,17,4,60.8,58.38132361781824
8,32,17,4,65.6,51.67957959744275
8,32,17,4,62.65,48.28345581317848
8,32,17,4,39.8,26.19883484753513
8,32,17,4,61.25,44.33351470745117
8,32,17,4,62.1,50.62441682575087
8,26,17,4,52.4,31.19952766174176
8,26,17,4,58.25,30.751765032784363
8,26,17,4,55.4,31.635090443499937
8,26,17,4,56.1,40.829426952421926
8,26,17,4,65.5,24.353752547767556
8,26,17,4,55.2,44.23930141258657
8,26,17,4,78.1,30.978600423688068
8,26,17,4,45.25,35.002067608101456
8,26,17,4,51.5,26.843601609478952
8,26,17,4,50.3,36.53131317247251
9,2,17,4,70.5,53.58466002013716
9,2,17,4,87.45,78.8966512530625
9,2,17,4,84.7,46.84363687620201
9,2,17,4,76.6,62.669895400213356
9,2,17,4,84.25,57.25922127529008
9,2,17,4,65.1,48.69226675874993
9,2,17,4,80.4,63.68293169659893
9,2,17,4,91.2,59.3221357460576
9,2,17,4,85.3,57.98193911174319
9,2,17,4,77.1,53.30043941756262
9,22,17,4,89.5,58.04762110362038
9,22,17,4,70.8,55.90932508606186
9,22,17,4,62.65,46.210359968529275
9,22,17,4,79.2,47.24471566106348
9,22,17,4,76.7,56.60212010163577
9,22,17,4,80.2,68.5869406013465
9,22,17,4,78.0,53.79688897285693
9,22,17,4,70.7,29.20364072472724
9,22,17,4,64.6,47.75088866629659
9,22,17,4,83.9,54.70100547521955
9,9,17,4,79.85,50.974993869543525
9,9,17,4,77.95,59.99076683343161
9,9,17,4,77.75,59.48186366669388
9,9,17,4,83.45,48.671265704347135
9,9,17,4,78.35,66.63038266989649
9,9,17,4,78.85,56.181355776112284
9,9,17,4,108.85,74.88255717068597
9,9,17,4,96.6,66.36295732758718
9,9,17,4,72.7,51.07280664842464
9,9,17,4,79.35,71.87362813336078
9,1,17,4,74.9,52.7964312988552
9,1,17,4,85.05,72.09750342418245
9,1,17,4,90.55,63.163509618833096
9,1,17,4,72.15,58.79605697484717
9,1,17,4,73.6,51.91632944611835
9,1,17,4,80.3,61.75511911446779
9,1,17,4,88.55,64.36203114128375
9,1,17,4,87.65,78.85848417460096
9,1,17,4,55.85,42.110475006382416
9,1,17,4,113.15,83.36052012667311
9,10,17,4,71.1,68.33038932468597
9,10,17,4,105.6,78.35640570999587
9,10,17,4,55.05,33.56137347418434
9,10,17,4,82.6,48.57051303869566
9,10,17,4,71.35,57.15194429625387
9,10,17,4,72.1,56.31854887484603
9,10,17,4,71.9,47.1368667873281
9,10,17,4,55.05,35.04504619996805
9,10,17,4,74.75,49.64386324506521
9,10,17,4,86.05,56.85852711127116
9,8,17,4,66.7,43.21683395208521
9,8,17,4,102.0,87.9611158111176
9,8,17,4,84.5,47.91824177426423
9,8,17,4,58.55,41.105096367341375
9,8,17,4,63.0,76.23647421018367
9,8,17,4,70.75,65.67133076320691
9,8,17,4,77.4,65.97878446894882
9,8,17,4,74.85,61.51617245638916
9,8,17,4,86.5,55.19010208743098
9,8,17,4,77.2,47.764333753831096
9,11,17,4,80.85,46.408115215926806
9,11,17,4,56.15,46.35364631089759
9,11,17,4,79.2,49.451305128857506
9,11,17,4,98.1,64.20436122258361
9,11,17,4,87.15,50.23447652338927
9,11,17,4,89.7,85.00160989187515
9,11,17,4,80.0,55.09990925582364
9,11,17,4,74.55,78.4222544944992
9,11,17,4,86.75,95.63300190118252
9,11,17,4,75.15,73.15180682734544
9,4,17,4,99.75,45.71407131058744
9,4,17,4,102.15,44.774610991874454
9,4,17,4,73.35,49.6124719039583
9,4,17,4,80.15,56.546464359665734
9,4,17,4,84.85,54.975855944606316
9,4,17,4,76.2,49.55124938676595
9,4,17,4,78.8,77.74898882402198
9,4,17,4,76.6,41.235396138958606
9,4,17,4,53.0,43.45112196480086
9,4,17,4,70.45,56.68237914257974
9,3,17,4,115.7,71.51231031309078
9,3,17,4,82.1,53.81146424518225
9,3,17,4,59.7,43.250920282268645
9,3,17,4,60.2,28.070587716270605
9,3,17,4,91.9,53.97650561026285
9,3,17,4,83.2,72.457319560516
9,3,17,4,110.15,69.02652045638538
9,3,17,4,69.75,40.00246702918524
9,3,17,4,78.75,59.36229088358507
9,3,17,4,67.0,50.935459678220035
9,17,17,4,79.85,91.86963016888888
9,17,17,4,64.45,40.339969730959595
9,17,17,4,76.95,54.80921455375911
9,17,17,4,68.25,55.38275905008706
9,17,17,4,63.85,64.87986874540556
9,17,17,4,80.0,48.09311144458271
9,17,17,4,81.9,83.8569584094499
9,17,17,4,69.0,42.29968271624193
9,17,17,4,76.75,62.584574356373324
9,17,17,4,79.1,51.78894415647132
9,22,17,4,86.0,80.92101412065836
9,22,17,4,75.65,47.363404705142955
9,22,17,4,90.1,60.86386880831508
9,22,17,4,96.55,64.09653492563919
9,22,17,4,79.3,73.39016139424743
9,22,17,4,68.4,48.73926332510253
9,22,17,4,82.05,44.946137355259964
9,22,17,4,73.9,65.64890667306213
9,22,17,4,83.3,68.47827162108084
9,22,17,4,101.85,87.77319756352912
9,8,17,4,72.6,59.09884672487718
9,8,17,4,94.75,72.49891106260257
9,8,17,4,88.9,63.27292594700152
9,8,17,4,91.6,80.4686274270911
9,8,17,4,68.2,39.44162908987353
9,8,17,4,86.1,60.85608562744351
9,8,17,4,80.35,57.389963362393274
9,8,17,4,72.75,50.860878358207906
9,8,17,4,77.3,63.688468757158695
9,8,17,4,73.0,48.828378288816744
9,11,17,4,82.7,58.97912208659318
9,11,17,4,79.8,57.54595417668616
9,11,17,4,98.3,74.77411598309024
9,11,17,4,74.25,67.47855409800876
9,11,17,4,77.6,54.21147674179625
9,11,17,4,90.1,67.16664272342962
9,11,17,4,74.75,66.7374076432953
9,11,17,4,82.25,54.59407621614947
9,11,17,4,76.2,52.86586800573693
9,11,17,4,81.5,61.75972116108311
9,0,17,4,76.0,52.695750352975885
9,0,17,4,88.55,56.51778946770468
9,0,17,4,82.55,58.413656478240554
9,0,17,4,81.65,62.261143580888394
9,0,17,4,54.8,44.49671779734818
9,0,17,4,79.05,45.00698776155122
9,0,17,4,87.65,82.36968974977194
9,0,17,4,112.0,72.39656868867984
9,0,17,4,90.25,50.621271792545244
9,0,17,4,90.4,64.11125198885875
9,4,17,4,86.85,77.67155883997422
9,4,17,4,81.0,50.167089232935005
9,4,17,4,74.85,48.2376518150664
9,4,17,4,62.1,63.380970081098106
9,4,17,4,79.05,77.82806624050762
9,4,17,4,72.15,44.747566825941554
9,4,17,4,91.1,62.93179265137606
9,4,17,4,81.35,53.204941400904524
9,4,17,4,56.8,41.10909746925663
9,4,17,4,63.5,66.96385513646031
9,10,17,4,61.4,51.9295068743246
9,10,17,4,85.95,51.49703619473751
9,10,17,4,77.5,54.53970065345447
9,10,17,4,62.95,49.864526996970284
9,10,17,4,105.4,76.26228977748612
9,10,17,4,53.8,44.013873410909646
9,10,17,4,94.75,75.86405778204785
9,10,17,4,60.75,54.463773570869535
9,10,17,4,92.85,74.82630764503534
9,10,17,4,82.75,74.14983053534952
9,13,17,4,57.65,48.76611744363411
9,13,17,4,67.8,44.81259221527618
9,13,17,4,72.65,60.92210298060095
9,13,17,4,102.9,96.83186730780209
9,13,17,4,85.3,78.99973351054318
9,13,17,4,77.05,52.597253280295725
9,13,17,4,95.25,54.53041160190967
9,13,17,4,74.65,49.014793685172236
9,13,17,4,99.15,55.7515871853368
9,13,17,4,80.1,60.622993726976674
9,17,17,4,108.45,75.32209782695004
9,17,17,4,97.8,90.6425019397343
9,17,17,4,73.55,49.466070242775075
9,17,17,4,92.2,74.83216308232006
9,17,17,4,72.25,54.85855016600228
9,17,17,4,95.75,75.36079882803791
9,17,17,4,64.2,51.16186902474598
9,17,17,4,70.95,62.29680654145249
9,17,17,4,66.9,53.728263658799484
9,17,17,4,81.4,83.58065754580706
9,7,17,4,79.05,59.465580491221104
9,7,17,4,88.9,52.540610859350345
9,7,17,4,79.8,71.14299906378332
9,7,17,4,103.0,64.82121160302552
9,7,17,4,86.3,54.13248854236681
9,7,17,4,73.5,46.42537872191981
9,7,17,4,74.6,43.848303093854454
9,7,17,4,82.55,62.2925821384351
9,7,17,4,88.0,66.4149634376249
9,7,17,4,81.7,65.68833910776587
9,12,17,4,98.65,71.73069151530018
9,12,17,4,77.05,58.114655276399404
9,12,17,4,81.4,49.66349925140934
9,12,17,4,71.75,51.913769596169864
9,12,17,4,88.05,94.74090707653274
9,12,17,4,78.0,52.687759489277965
9,12,17,4,85.5,64.68343967679094
9,12,17,4,75.3,34.957267145985384
9,12,17,4,69.3,52.11333802396465
9,12,17,4,67.75,51.34083734170459
10,39,17,5,52.75,46.29979538433813
10,39,17,5,53.1,35.98523088859183
10,39,17,5,56.45,44.69955257046764
10,39,17,5,57.45,28.998139686248116
10,39,17,5,65.2,58.307352610293094
10,39,17,5,56.05,40.440306886232094
10,39,17,5,65.9,38.68618684532735
10,39,17,5,61.65,39.119620867821624
10,39,17,5,65.75,40.290883127053625
10,39,17,5,55.95,30.11814455737517
10,39,17,5,54.75,40.09577350085143
10,39,17,5,63.95,45.76654144448184
10,39,17,5,53.05,30.673964615992467
10,39,17,5,56.45,45.700944364306885
10,39,17,5,57.65,39.85668404619098
10,39,17,5,60.45,40.19357764880512
10,39,17,5,50.6,31.668347139159565
10,39,17,5,45.4,43.64739095114513
10,39,17,5,52.95,30.73224776406013
10,39,17,5,48.35,32.35863994279377
10,31,17,5,48.0,34.00309583428823
10,31,17,5,36.4,30.379009373682937
10,31,17,5,58.8,46.42322467767275
10,31,17,5,53.95,36.08392994118019
10,31,17,5,57.65,51.75984523689545
10,31,17,5,58.95,32.2351148839111
10,31,17,5,46.85,32.25927039342008
10,31,17,5,60.6,43.60033799965558
10,31,17,5,49.3,38.93327625566592
10,31,17,5,50.25,28.159087530073055
10,40,17,5,46.9,38.16708419292039
10,40,17,5,46.9,39.16348997942371
10,40,17,5,34.55,33.66315336888156
10,40,17,5,69.75,41.23855503109477
10,40,17,5,50.45,41.28396528282723
10,40,17,5,60.05,36.33828631941219
10,40,17,5,45.25,27.46648675635168
10,40,17,5,53.0,35.78150065988966
10,40,17,5,65.15,52.50190472735251
10,40,17,5,56.1,49.51863019957342
10,46,17,5,48.05,34.97438912599964
10,46,17,5,48.7,46.56189994314869
10,46,17,5,36.05,27.427368198859135
10,46,17,5,52.9,34.58764610605779
10,46,17,5,70.15,44.81455942929826
10,46,17,5,62.25,46.83551846060513
10,46,17,5,60.65,46.075767121009214
10,46,17,5,66.75,42.68350476410493
10,46,17,5,72.1,64.53713741144054
10,46,17,5,71.05,42.38603916137333
10,35,17,5,52.0,37.38702279781329
10,35,17,5,51.5,34.44981093829414
10,35,17,5,64.2,51.36720231513694
10,35,17,5,56.75,35.8841337171678
10,35,17,5,48.9,37.76645685205185
10,35,17,5,42.95,31.782939813017528
10,35,17,5,57.7,37.90722747362094
10,35,17,5,60.15,44.85447228772763
10,35,17,5,57.5,38.98380230435793
10,35,17,5,53.75,43.635903855233224
10,30,17,5,44.4,37.68903232897784
10,30,17,5,49.75,39.838985138204826
10,30,17,5,51.95,40.719160109216396
10,30,17,5,69.65,48.71644594244492
10,30,17,5,45.9,31.71899646650419
10,30,17,5,58.55,24.256252585131204
10,30,17,5,62.25,41.6714909487858
10,30,17,5,50.0,29.383131573279105
10,30,17,5,51.6,37.50705196850882
10,30,17,5,54.85,27.665815882078242
10,41,17,5,65.8,43.53655451396411
10,41,17,5,40.5,24.720543342691613
10,41,17,5,60.05,43.11975368545995
10,41,17,5,51.75,34.649941140680625
10,41,17,5,56.3,37.1612418352353
10,41,17,5,46.85,35.038737960930284
10,41,17,5,46.15,19.604712108115876
10,41,17,5,33.5,32.80163667290174
10,41,17,5,57.8,43.952845545868215
10,41,17,5,61.8,45.69993665779326
10,39,17,5,54.15,28.687563782752164
10,39,17,5,49.25,34.62410933682513
10,39,17,5,45.05,28.36876525521093
10,39,17,5,60.95,46.28001159987117
10,39,17,5,52.25,34.76367583980062
10,39,17,5,66.2,27.88623504998762
10,39,17,5,54.25,42.06245356609621
10,39,17,5,43.85,36.42768611632468
10,39,17,5,61.95,33.015905257920764
10,39,17,5,60.5,44.394760240844924
10,34,17,5,64.25,35.95593062859618
10,34,17,5,49.0,38.86413581480462
10,34,17,5,56.75,45.70140502274117
10,34,17,5,53.0,46.396460845061966
10,34,17,5,57.75,48.65114809052625
10,34,17,5,53.95,47.43802050543091
10,34,17,5,46.8,40.74258085513045
10,34,17,5,62.4,51.35060087794801
10,34,17,5,39.95,35.002969798816245
10,34,17,5,57.45,44.85236014443739
10,46,17,5,39.95,31.08303819059351
10,46,17,5,63.15,40.755077178058116
10,46,17,5,53.9,41.476562817546665
10,46,17,5,55.25,35.16109542632236
10,46,17,5,60.6,49.648660341284234
10,46,17,5,52.8,30.446847559571577
10,46,17,5,61.1,37.60585060864865
10,46,17,5,56.6,45.22621503415679
10,46,17,5,59.4,47.99605246925604
10,46,17,5,63.55,42.34007060631062
10,38,17,5,60.85,39.71513697903052
10,38,17,5,68.8,33.04637889231945
10,38,17,5,46.6,29.306726370004476
10,38,17,5,44.45,40.67389567614202
10,38,17,5,61.45,52.3112899155773
10,38,17,5,52.25,31.420534686729948
10,38,17,5,55.75,48.66737262165214
10,38,17,5,34.75,32.88876787949921
10,38,17,5,38.7,30.608048477139917
10,38,17,5,48.6,32.00888034675114
10,34,17,5,49.4,48.2257847607426
10,34,17,5,52.4,36.984207155857334
10,34,17,5,60.35,46.313889016033556
10,34,17,5,48.3,35.18387788686596
10,34,17,5,39.75,27.27226275521475
10,34,17,5,69.75,42.98454434598067
10,34,17,5,75.65,45.61195018851967
10,34,17,5,55.75,43.46671442791478
10,34,17,5,54.4,42.09438017247983
10,34,17,5,63.35,43.909326428088384
10,32,17,5,65.15,48.63210440591039
10,32,17,5,32.15,21.38931115251137
10,32,17,5,49.05,37.6570046604878
10,32,17,5,69.25,43.319954074913696
10,32,17,5,58.4,59.293560491755535
10,32,17,5,48.15,25.94381581316381
10,32,17,5,46.85,38.16484328747983
10,32,17,5,51.35,46.82248110514975
10,32,17,5,35.75,26.550597178336986
10,32,17,5,40.15,33.48412821181497
10,42,17,5,43.45,37.89941674318596
10,42,17,5,64.3,49.48588315448101
10,42,17,5,79.0,52.148573175212825
10,42,17,5,47.5,35.99780695074573
10,42,17,5,56.5,36.488642789662364
10,42,17,5,60.8,46.62685018200068
10,42,17,5,55.75,38.451438957401024
10,42,17,5,65.95,41.630549258674776
10,42,17,5,54.05,37.31582844627168
10,42,17,5,56.55,40.54429027229618
10,35,17,5,52.3,26.64207199149496
10,35,17,5,60.15,48.06276050507733
10,35,17,5,43.45,32.705182270833184
10,35,17,5,33.45,24.03391244405332
10,35,17,5,44.4,36.863046679924814
10,35,17,5,61.65,61.164381619921315
10,35,17,5,69.6,46.694302593965816
10,35,17,5,57.6,35.83940788984574
10,35,17,5,66.85,41.79810496837588
10,35,17,5,51.7,42.045213758524284
10,34,17,5,58.05,42.09822474066798
10,34,17,5,58.55,35.287503379197034
10,34,17,5,73.55,41.691189274928284
10,34,17,5,64.4,29.868836074093224
10,34,17,5,59.6,56.59774962980326
10,34,17,5,62.05,40.74500292254125
10,34,17,5,47.6,36.63676611791695
10,34,17,5,57.9,38.66305185765046
10,34,17,5,44.1,38.124311900606635
10,34,17,5,42.6,33.58477098485656
10,42,17,5,53.4,28.8761420371103
10,42,17,5,60.65,34.182597911803015
10,42,17,5,51.05,38.22850273098113
10,42,17,5,53.4,36.281646802989
10,42,17,5,49.55,38.17752852412694
10,42,17,5,48.35,34.37452392014822
10,42,17,5,56.55,40.142476518678215
10,42,17,5,53.55,41.606521502992145
10,42,17,5,60.65,43.06821394754581
10,42,17,5,83.2,52.18449053724276
10,38,17,5,63.7,31.49452751126606
10,38,17,5,67.75,38.80569003313004
10,38,17,5,68.05,47.43802050543092
10,38,17,5,41.1,28.606035432368024
10,38,17,5,48.15,31.780952587492102
10,38,17,5,58.3,33.21714839308788
10,38,17,5,60.95,48.80948462618392
10,38,17,5,48.6,39.23666384230041
10,38,17,5,51.45,50.14135282536655
10,38,17,5,50.55,38.43172346409997
10,30,17,5,57.1,32.281492171863825
10,30,17,5,51.75,35.744524792359165
10,30,17,5,43.35,41.21736348472059
10,30,17,5,64.55,45.19719949405343
10,30,17,5,44.85,26.5949639079123
10,30,17,5,76.45,47.4169356820291
10,30,17,5,47.95,34.868889768448476
10,30,17,5,53.7,31.39074620598276
10,30,17,5,62.4,35.6228785148563
10,30,17,5,59.95,49.98681405078112
11,13,17,5,80.65,90.7427103060307
11,13,17,5,88.85,54.81766426791162
11,13,17,5,71.4,51.725388248651015
11,13,17,5,72.8,55.23690604544831
11,13,17,5,86.25,65.17415939336372
11,13,17,5,74.35,56.00871642690514
11,13,17,5,52.25,32.134380670126994
11,13,17,5,84.75,48.247034269367006
11,13,17,5,88.1,78.85422926948313
11,13,17,5,68.5,51.11133358710798
11,19,17,5,67.9,59.72031303897932
11,19,17,5,91.85,59.87027643163175
11,19,17,5,82.6,57.022064058342224
11,19,17,5,78.05,59.47885515480535
11,19,17,5,67.55,42.55952487863013
11,19,17,5,84.05,75.87487969295934
11,19,17,5,71.95,57.493683863625634
11,19,17,5,75.9,66.20931720090856
11,19,17,5,82.2,65.26109504379919
11,19,17,5,69.05,49.29233419636683
11,23,17,5,115.0,88.95889056483514
11,23,17,5,78.35,96.58935050811218
11,23,17,5,74.65,58.74859460805044
11,23,17,5,69.05,54.58115637817641
11,23,17,5,88.35,55.60506887155637
11,23,17,5,92.5,79.75653743209953
11,23,17,5,96.1,56.71062278658299
11,23,17,5,90.45,61.09739851469257
11,23,17,5,94.45,81.51168789295124
11,23,17,5,105.3,74.35342345142804
11,18,17,5,64.75,55.22573294169456
11,18,17,5,123.65,79.62694267645846
11,18,17,5,91.0,81.22677805800382
11,18,17,5,57.35,48.63318663325757
11,18,17,5,99.65,63.105821734940626
11,18,17,5,93.7,73.55992902317631
11,18,17,5,90.4,75.06937142614017
11,18,17,5,82.5,41.00256731371573
11,18,17,5,78.1,42.88773594790056
11,18,17,5,91.3,53.26408882065605
11,22,17,5,86.0,64.22739209042231
11,22,17,5,69.9,39.875991985681125
11,22,17,5,76.45,71.12292916234243
11,22,17,5,66.65,45.94421674848292
11,22,17,5,80.2,81.29905806407147
11,22,17,5,73.2,63.72192880419044
11,22,17,5,68.1,59.41371452521892
11,22,17,5,76.15,75.60442412563184
11,22,17,5,62.1,53.19368779331465
11,22,17,5,88.15,67.3117452799404
11,12,17,5,77.6,85.35029984839258
11,12,17,5,74.1,60.61604790117791
11,12,17,5,84.25,61.676469111852235
11,12,17,5,71.9,52.19487774827999
11,12,17,5,84.1,61.08914969555817
11,12,17,5,91.45,60.67035606672469
11,12,17,5,91.25,61.5269517323399
11,12,17,5,83.95,56.65637419427849
11,12,17,5,85.1,57.21510658080287
11,12,17,5,97.0,83.97618710086806
11,15,17,5,79.65,51.86954790626192
11,15,17,5,74.25,62.11438938298478
11,15,17,5,59.5,47.79286447511639
11,15,17,5,82.35,42.15169972223758
11,15,17,5,55.45,45.95131863407759
11,15,17,5,86.15,58.20225624130861
11,15,17,5,60.15,48.39995106565598
11,15,17,5,74.1,58.433858245658264
11,15,17,5,45.3,44.69911102377529
11,15,17,5,99.6,102.00691411034738
11,0,17,5,68.6,56.31247407850329
11,0,17,5,75.65,39.304847698872706
11,0,17,5,99.7,69.66090801348457
11,0,17,5,60.9,57.6430942593254
11,0,17,5,81.1,53.176864775656156
11,0,17,5,81.55,83.45151444496317
11,0,17,5,78.9,57.52610391447475
11,0,17,5,73.1,54.64613435550587
11,0,17,5,69.15,53.48415899271386
11,0,17,5,70.3,43.71089229543544
11,0,17,5,76.85,57.45412357515754
11,0,17,5,91.2,58.07218738232977
11,0,17,5,86.3,61.06002223869128
11,0,17,5,79.7,54.23545160249259
11,0,17,5,89.5,49.684795937675155
11,0,17,5,75.3,69.25855447828125
11,0,17,5,97.7,69.68357051701642
11,0,17,5,64.5,48.054245663789054
11,0,17,5,90.15,79.03848163361546
11,0,17,5,88.15,78.42077799316091
11,21,17,5,81.4,66.70705793952668
11,21,17,5,68.95,61.452142269197445
11,21,17,5,66.2,51.19374961848369
11,21,17,5,66.25,50.48384316841014
11,21,17,5,85.65,46.623096828661396
11,21,17,5,92.8,43.32326468720812
11,21,17,5,110.85,95.41724162854426
11,21,17,5,84.3,65.92108519801695
11,21,17,5,111.15,99.00838614135567
11,21,17,5,77.85,71.18269674428944
11,6,17,5,112.3,72.84020000550593
11,6,17,5,68.5,66.81435395734096
11,6,17,5,96.95,80.28205213331832
11,6,17,5,98.5,83.46351235562067
11,6,17,5,91.0,88.09743409848463
11,6,17,5,75.4,59.98631422863754
11,6,17,5,82.75,57.51693114571614
11,6,17,5,94.9,97.26464170661295
11,6,17,5,85.85,85.01224370023043
11,6,17,5,83.15,72.27598785940341
11,2,17,5,59.6,32.292087999515005
11,2,17,5,98.8,74.21916336449983
11,2,17,5,85.1,47.416297442523856
11,2,17,5,69.3,48.132601928641385
11,2,17,5,70.85,67.33676168100314
11,2,17,5,84.0,70.35174781803671
11,2,17,5,87.95,71.56996944470349
11,2,17,5,91.35,77.70881884519792
11,2,17,5,92.05,75.80270443724287
11,2,17,5,88.95,70.41117958482387
11,20,17,5,57.9,41.07746212629065
11,20,17,5,119.65,94.57231986268776
11,20,17,5,68.85,48.28563587216127
11,20,17,5,73.9,65.57751540212384
11,20,17,5,81.95,56.221811650489876
11,20,17,5,86.35,73.80577284510446
11,20,17,5,61.25,54.38157098832191
11,20,17,5,104.65,58.503508666709784
11,20,17,5,76.65,42.54443497531047
11,20,17,5,103.2,62.49429447641811
11,19,17,5,75.0,49.127117605356474
11,19,17,5,59.05,42.580542875578125
11,19,17,5,97.65,76.42696892424406
11,19,17,5,71.3,58.12789890903461
11,19,17,5,72.85,67.00296537035547
11,19,17,5,72.1,58.121379343939395
11,19,17,5,88.45,92.79602702475438
11,19,17,5,77.3,54.12859930903343
11,19,17,5,81.25,48.46471858340272
11,19,17,5,119.1,108.74204145107524
11,8,17,5,73.7,63.311344289862255
11,8,17,5,95.75,62.984438345389805
11,8,17,5,90.9,62.71397057485005
11,8,17,5,67.2,86.0083227306949
11,8,17,5,75.4,53.23671072127816
11,8,17,5,63.85,47.92458439541948
11,8,17,5,75.35,61.300188889551855
11,8,17,5,76.9,50.42336551117631
11,8,17,5,79.6,71.61108411706286
11,8,17,5,71.4,60.04419425021785
11,2,17,5,89.65,65.65081071371792
11,2,17,5,69.25,46.94663824072245
11,2,17,5,58.05,56.58386881900456
11,2,17,5,90.65,61.70155248409369
11,2,17,5,94.85,67.99943885217382
11,2,17,5,93.45,71.62657181153992
11,2,17,5,67.1,50.262364281417305
11,2,17,5,72.85,48.23001358621327
11,2,17,5,91.95,48.730704683467984
11,2,17,5,78.2,52.3375682720508
11,23,17,5,84.25,60.33753741289606
11,23,17,5,72.8,50.93401303854356
11,23,17,5,94.9,66.0851922262389
11,23,17,5,82.4,67.10039610832962
11,23,17,5,84.2,63.78302034405808
11,23,17,5,76.95,60.05828309584826
11,23,17,5,64.05,68.67350289594961
11,23,17,5,84.9,58.26969962799569
11,23,17,5,81.95,50.885294122120754
11,23,17,5,74.7,103.56747101591105
11,3,17,5,76.75,78.00059041611901
11,3,17,5,70.1,58.85298364747981
11,3,17,5,105.05,53.35726162783331
11,3,17,5,61.5,31.1389077995258
11,3,17,5,60.15,39.30216948612111
11,3,17,5,67.8,60.666126853198904
11,3,17,5,90.65,92.11107425277376
11,3,17,5,60.4,43.64377329434774
11,3,17,5,77.7,42.649242604492315
11,3,17,5,80.15,65.72132154227543
11,14,17,5,82.95,67.4766821322666
11,14,17,5,88.35,55.21848946636777
11,14,17,5,86.7,78.90974191074922
11,14,17,5,70.45,44.96486932800106
11,14,17,5,69.35,70.99019576488602
11,14,17,5,72.75,58.95482213213418
11,14,17,5,89.45,72.30962300377017
11,14,17,5,85.2,70.28258749692671
11,14,17,5,83.85,67.02024438850351
11,14,17,5,79.15,64.01009377639716
11,6,17,5,89.45,44.41013990425823
11,6,17,5,70.2,51.32722679559374
11,6,17,5,68.75,48.36905818262007
11,6,17,5,64.4,46.68753919183869
11,6,17,5,93.2,78.7698847075588
11,6,17,5,66.55,56.41712599258454
11,6,17,5,78.9,72.70625832760203
11,6,17,5,68.0,75.8322247846486
11,6,17,5,78.05,56.05493076579343
11,6,17,5,78.1,46.85239981496201
12,27,17,6,67.6,54.39949690169841
12,27,17,6,48.35,40.65810594392425
12,27,17,6,39.15,28.342408247415353
12,27,17,6,64.5,36.63547317473656
12,27,17,6,39.25,37.72877583908321
12,27,17,6,66.35,44.854472287727624
12,27,17,6,54.55,44.60171698370744
12,27,17,6,54.8,30.708476457092257
12,27,17,6,39.7,34.026460291955146
12,27,17,6,52.6,33.71771360170075
12,39,17,6,57.5,48.099130093895404
12,39,17,6,53.7,46.73677690844196
12,39,17,6,56.15,42.40317143054775
12,39,17,6,45.5,22.5726896002553
12,39,17,6,48.7,40.19701481453567
12,39,17,6,45.15,32.614615709751
12,39,17,6,46.8,41.866454351903265
12,39,17,6,43.3,28.646851576799115
12,39,17,6,53.1,34.99458604743852
12,39,17,6,49.2,45.17870947109583
12,29,17,6,32.85,28.57358920401845
12,29,17,6,39.6,35.37676906493418
12,29,17,6,55.9,39.70536222569547
12,29,17,6,57.6,42.48640649480849
12,29,17,6,54.15,39.87384712076985
12,29,17,6,49.2,40.13346156067409
12,29,17,6,47.45,32.98560292006196
12,29,17,6,68.1,41.304899671129874
12,29,17,6,36.3,37.295547921123806
12,29,17,6,41.95,37.814610097713626
12,42,17,6,46.65,34.7445944300011
12,42,17,6,46.65,33.52811075092535
12,42,17,6,73.5,34.960880393587594
12,42,17,6,68.7,44.08854726570156
12,42,17,6,37.6,25.795552452230776
12,42,17,6,59.0,50.619322293702076
12,42,17,6,66.15,46.77637167810712
12,42,17,6,51.15,35.14073210153111
12,42,17,6,64.85,36.2015919975613
12,42,17,6,54.95,37.64721978971006
12,25,17,6,37.8,30.200383406419476
12,25,17,6,52.35,35.944804177633536
12,25,17,6,65.75,31.71895498378151
12,25,17,6,43.1,29.726649394281328
12,25,17,6,61.3,56.026403549905304
12,25,17,6,48.5,32.92974978727642
12,25,17,6,49.65,35.884720395939226
12,25,17,6,55.5,31.865672009728257
12,25,17,6,41.8,28.411635866869382
12,25,17,6,56.2,36.78758371773653
12,31,17,6,54.05,36.56929255392749
12,31,17,6,40.25,32.361242250568814
12,31,17,6,54.65,34.62775734793358
12,31,17,6,46.95,38.57525113333677
12,31,17,6,38.4,29.63532742486486
12,31,17,6,42.6,43.0549220855116
12,31,17,6,48.7,34.79882030668342
12,31,17,6,52.2,41.91294235486343
12,31,17,6,49.8,31.327808396812056
12,31,17,6,38.5,33.55200205807789
12,35,17,6,46.35,37.32964815771704
12,35,17,6,56.65,53.43000832372839
12,35,17,6,59.1,34.31878417672195
12,35,17,6,51.45,29.025351895051656
12,35,17,6,58.75,36.16464542819919
12,35,17,6,48.25,33.62936530067608
12,35,17,6,49.75,48.5948611101605
12,35,17,6,50.25,38.783983400639144
12,35,17,6,55.15,41.94642573067397
12,35,17,6,33.7,20.026561309788978
12,47,17,6,42.85,35.45979932855025
12,47,17,6,57.7,38.90081855450508
12,47,17,6,41.0,37.94733192202055
12,47,17,6,48.3,32.57234862175035
12,47,17,6,52.05,41.43793710573618
12,47,17,6,55.15,44.03858953714404
12,47,17,6,46.05,35.639237690471084
12,47,17,6,53.5,40.664869100334855
12,47,17,6,33.05,21.656347070109785
12,47,17,6,59.7,37.0136532419564
12,41,17,6,64.7,50.859041529143646
12,41,17,6,69.65,49.95289886746472
12,41,17,6,46.85,36.378528948007954
12,41,17,6,49.2,34.968557305099104
12,41,17,6,69.6,39.75239152024627
12,41,17,6,62.35,41.08819141413029
12,41,17,6,49.0,35.629674208593684
12,41,17,6,45.2,30.27349022703388
12,41,17,6,48.0,30.750267435721938
12,41,17,6,49.75,32.252090915490314
12,31,17,6,48.8,29.52358557599598
12,31,17,6,54.15,43.95964058087827
12,31,17,6,42.35,35.71565335727239
12,31,17,6,49.85,35.43752842753896
12,31,17,6,51.35,31.742840054677558
12,31,17,6,46.4,49.95303057030568
12,31,17,6,53.1,33.05641111478185
12,31,17,6,69.9,75.70434180693371
12,31,17,6,44.6,30.868822629415522
12,31,17,6,51.25,49.677777516182914
12,47,17,6,53.15,43.206085097746175
12,47,17,6,36.7,33.886963803053725
12,47,17,6,38.55,26.85727383586683
12,47,17,6,46.9,35.110202445862846
12,47,17,6,42.45,45.810220647683785
12,47,17,6,53.4,41.19964230810493
12,47,17,6,61.8,39.31733245756823
12,47,17,6,50.35,38.339583777220724
12,47,17,6,57.25,55.738935649763
12,47,17,6,51.1,34.633266636208845
12,24,17,6,53.85,40.988156184054205
12,24,17,6,43.5,34.76007994661027
12,24,17,6,49.6,41.14339494218265
12,24,17,6,46.2,33.63206490053331
12,24,17,6,61.6,41.0332342838031
12,24,17,6,35.15,40.707266905890016
12,24,17,6,63.1,46.48361341149667
12,24,17,6,40.55,26.085840079084647
12,24,17,6,57.45,37.180180062416106
12,24,17,6,53.9,45.43462625749105
12,33,17,6,55.05,60.46789056576791
12,33,17,6,44.4,38.36582909445934
12,33,17,6,58.75,50.00092104414836
12,33,17,6,47.15,33.31393733938742
12,33,17,6,54.0,45.98397890341237
12,33,17,6,42.25,32.45381333526154
12,33,17,6,38.85,27.122092373871933
12,33,17,6,48.75,37.49087608303765
12,33,17,6,55.95,32.526062424494384
12,33,17,6,55.15,42.507305873597524
12,46,17,6,62.9,42.99559340945975
12,46,17,6,58.55,57.65183614184647
12,46,17,6,56.75,38.97890792669665
12,46,17,6,58.2,43.27221060364626
12,46,17,6,58.65,44.0648744227728
12,46,17,6,53.65,38.51353145666024
12,46,17,6,52.5,32.244950645105085
12,46,17,6,54.25,36.36203196221373
12,46,17,6,52.75,45.928863760339084
12,46,17,6,63.9,45.14759421229325
12,39,17,6,49.8,43.51236968713005
12,39,17,6,55.45,41.2814154694082
12,39,17,6,59.5,44.196332307938
12,39,17,6,49.0,37.53875190702059
12,39,17,6,41.95,26.15837392338808
12,39,17,6,55.5,49.08799831880872
12,39,17,6,71.55,61.25483869179556
12,39,17,6,48.3,35.84924575291134
12,39,17,6,29.15,26.52560828212696
12,39,17,6,41.75,24.967083593361377
12,45,17,6,56.8,40.92560644826042
12,45,17,6,57.75,39.850873331247804
12,45,17,6,66.6,50.59165731100025
12,45,17,6,50.75,41.047950137934
12,45,17,6,45.5,34.2644514267914
12,45,17,6,57.25,50.715797393545515
12,45,17,6,33.6,25.386278929664677
12,45,17,6,56.2,48.39377950456899
12,45,17,6,59.8,49.477905754940124
12,45,17,6,46.45,33.88754622975355
12,44,17,6,53.4,33.59887216152226
12,44,17,6,45.05,35.266616091231604
12,44,17,6,46.7,30.893876075160406
12,44,17,6,53.7,60.39179100716117
12,44,17,6,56.2,33.60701681118645
12,44,17,6,38.7,31.006111451912528
12,44,17,6,36.95,29.306861061245677
12,44,17,6,43.1,37.81937682138476
12,44,17,6,47.5,37.531039785335295
12,44,17,6,38.05,29.66741079295419
12,41,17,6,45.25,32.66073612474964
12,41,17,6,39.95,36.31945252311697
12,41,17,6,48.7,30.943241758521616
12,41,17,6,56.65,37.9074704483097
12,41,17,6,47.45,72.23097090510925
12,41,17,6,49.6,47.13630849936563
12,41,17,6,58.6,51.38031570655501
12,41,17,6,40.15,36.65956470296022
12,41,17,6,42.9,34.58003683295351
12,41,17,6,44.5,35.49128877552023
12,33,17,6,48.0,30.040323777076356
12,33,17,6,46.3,32.76888768328885
12,33,17,6,42.75,33.50706916772229
12,33,17,6,55.75,44.194397120473376
12,33,17,6,47.75,28.57101033528474
12,33,17,6,48.5,32.602066450489076
12,33,17,6,36.4,27.309917227032535
12,33,17,6,45.1,40.7003168227679
12,33,17,6,54.0,41.6375336748746
12,33,17,6,45.95,27.54226417325696
12,29,17,6,56.65,33.54694275818667
12,29,17,6,55.85,52.35936049627561
12,29,17,6,59.1,54.00964826087241
12,29,17,6,58.15,39.14651964095914
12,29,17,6,43.9,36.80231686070579
12,29,17,6,39.9,31.535944404340963
12,29,17,6,60.35,45.9063979029182
12,29,17,6,48.3,42.46373065396671
12,29,17,6,56.05,46.9988521696345
12,29,17,6,56.4,36.701355202283885
13,4,17,6,80.55,60.10471126117714
13,4,17,6,83.95,72.91341295998758
13,4,17,6,84.15,61.78594202226707
13,4,17,6,52.5,42.39724420041324
13,4,17,6,96.95,103.51937271021202
13,4,17,6,75.3,62.58896825614256
13,4,17,6,87.05,58.004060656402146
13,4,17,6,76.8,81.33206786475981
13,4,17,6,97.15,64.19729048225601
13,4,17,6,72.15,65.20435487555137
13,9,17,6,63.7,49.209648176797714
13,9,17,6,95.5,66.94027188471824
13,9,17,6,58.65,62.33042257956678
13,9,17,6,72.5,57.994101333443254
13,9,17,6,75.85,66.34064801422555
13,9,17,6,71.85,64.00104851114796
13,9,17,6,60.65,58.83543060721866
13,9,17,6,68.15,50.7514842925282
13,9,17,6,90.15,76.68409222257247
13,9,17,6,59.3,46.331869218316214
13,1,17,6,48.35,41.38430289754546
13,1,17,6,58.55,48.26622988558793
13,1,17,6,93.9,64.5436612730198
13,1,17,6,94.1,67.80304293745928
13,1,17,6,99.1,76.44805598023991
13,1,17,6,76.65,48.336838953328346
13,1,17,6,96.9,56.60007439087542
13,1,17,6,71.1,49.65555038674454
13,1,17,6,87.2,64.58417599903002
13,1,17,6,101.25,78.00396413678367
13,5,17,6,77.85,49.57108134046662
13,5,17,6,99.5,100.68789714548093
13,5,17,6,66.6,58.95796897165944
13,5,17,6,67.75,60.04811667146167
13,5,17,6,45.4,43.41525320122314
13,5,17,6,90.65,95.04252510822388
13,5,17,6,71.15,70.72279093683123
13,5,17,6,80.15,79.62495972072021
13,5,17,6,76.6,55.811147726294934
13,5,17,6,61.7,37.18248031136792
13,8,17,6,60.9,37.54702314922478
13,8,17,6,86.85,55.080109123463366
13,8,17,6,76.8,72.4660356014421
13,8,17,6,71.6,63.68623746230627
13,8,17,6,62.45,43.730604723393476
13,8,17,6,82.0,53.81156205246523
13,8,17,6,72.95,78.65345376697506
13,8,17,6,81.05,61.33212002995185
13,8,17,6,78.05,46.25270973569805
13,8,17,6,78.5,67.09498373280422
13,9,17,6,83.1,54.42996465763669
13,9,17,6,74.6,64.36442299413879
13,9,17,6,67.95,54.831296288083315
13,9,17,6,80.65,51.72831353381464
13,9,17,6,65.2,44.29399389010707
13,9,17,6,86.8,74.1056145326598
13,9,17,6,91.8,99.2676339896078
13,9,17,6,61.35,52.78384421891149
13,9,17,6,77.4,52.67816885280097
13,9,17,6,97.2,100.20064082156678
13,0,17,6,82.65,51.42523955372396
13,0,17,6,86.55,64.54739181000024
13,0,17,6,73.3,62.32858599053044
13,0,17,6,80.25,68.27874370626091
13,0,17,6,56.75,66.56289072037535
13,0,17,6,75.7,56.885943134625
13,0,17,6,73.75,67.01286208042846
13,0,17,6,64.5,43.55818854674382
13,0,17,6,109.45,77.35936305730276
13,0,17,6,84.75,54.52172430373632
13,7,17,6,79.55,53.34147690020156
13,7,17,6,64.25,59.17047183217407
13,7,17,6,87.45,64.45355324817857
13,7,17,6,68.05,52.36157188746644
13,7,17,6,103.95,49.80221407041849
13,7,17,6,90.65,76.57900976665934
13,7,17,6,65.8,47.12201407544372
13,7,17,6,100.6,103.83103683642148
13,7,17,6,91.1,94.1912388371881
13,7,17,6,81.8,59.102586994764316
13,19,17,6,61.35,44.80046404834852
13,19,17,6,90.45,69.15769546554645
13,19,17,6,75.15,66.97468099764897
13,19,17,6,99.25,87.7561663750309
13,19,17,6,78.2,56.51511209169492
13,19,17,6,79.55,55.15573644833231
13,19,17,6,41.95,36.53905624915547
13,19,17,6,90.8,96.90559703568265
13,19,17,6,54.7,66.03356403335631
13,19,17,6,65.35,83.63282848260006
13,0,17,6,84.3,57.11862080009691
13,0,17,6,61.3,54.567293076386065
13,0,17,6,108.5,105.94810050208545
13,0,17,6,71.75,46.443939041431555
13,0,17,6,76.0,55.42372663114787
13,0,17,6,100.6,74.58192246043767
13,0,17,6,70.6,45.41898513316118
13,0,17,6,69.4,48.537993799757146
13,0,17,6,95.35,69.77654182799319
13,0,17,6,100.1,67.74557666663365
13,5,17,6,65.25,67.78206174746266
13,5,17,6,71.35,53.378760806739955
13,5,17,6,89.05,57.56321467925958
13,5,17,6,69.9,60.908818823929884
13,5,17,6,72.1,56.340039048619765
13,5,17,6,79.05,49.03969927786219
13,5,17,6,61.7,48.505127238479155
13,5,17,6,71.9,46.21562734104467
13,5,17,6,62.55,48.139572298189684
13,5,17,6,81.0,62.972842935414796
13,17,17,6,65.5,53.73179006098619
13,17,17,6,74.15,77.42247395739953
13,17,17,6,102.8,81.91369013528171
13,17,17,6,68.0,58.26075685634099
13,17,17,6,72.9,77.92634849313603
13,17,17,6,66.75,62.8338452210523
13,17,17,6,86.65,56.84352946558881
13,17,17,6,61.45,35.1050678602632
13,17,17,6,82.9,60.17684464625033
13,17,17,6,81.9,62.56945614359504
13,15,17,6,80.45,77.34303289141243
13,15,17,6,65.15,56.076334252141464
13,15,17,6,94.55,67.67917739328382
13,15,17,6,77.35,59.30676272789771
13,15,17,6,81.6,57.931356839479925
13,15,17,6,50.0,38.391336742058165
13,15,17,6,107.95,75.08905239429836
13,15,17,6,83.1,77.27388065561965
13,15,17,6,73.4,54.9836339286519
13,15,17,6,62.1,52.84027570747625
13,19,17,6,78.75,71.0499268491049
13,19,17,6,72.4,47.55982382332028
13,19,17,6,87.2,86.10250928552057
13,19,17,6,89.15,70.86627510578231
13,19,17,6,84.2,55.09284030281593
13,19,17,6,79.45,70.44107279735385
13,19,17,6,63.7,56.46899475305941
13,19,17,6,74.55,52.1308828562151
13,19,17,6,87.1,63.20301458499886
13,19,17,6,73.1,43.76480200728483
13,5,17,6,107.75,111.70962122254382
13,5,17,6,78.35,54.7100250603604
13,5,17,6,85.15,69.6300562748739
13,5,17,6,75.0,65.48603708143881
13,5,17,6,81.95,60.815056134411144
13,5,17,6,76.15,60.46858688608491
13,5,17,6,89.2,70.52405338083707
13,5,17,6,71.85,74.49851641051936
13,5,17,6,85.6,79.41589394149206
13,5,17,6,75.7,54.649216299094924
13,16,17,6,80.7,73.13728979046692
13,16,17,6,60.85,62.89194994926659
13,16,17,6,90.65,60.495563125693245
13,16,17,6,83.65,59.92563373838751
13,16,17,6,77.3,64.86999144037006
13,16,17,6,82.05,66.794638139678
13,16,17,6,64.3,55.524390088832504
13,16,17,6,76.55,69.6695017470644
13,16,17,6,73.9,76.94488800091716
13,16,17,6,89.95,64.01519145360815
13,16,17,6,81.7,62.89682445335209
13,16,17,6,86.9,80.19771620320947
13,16,17,6,71.95,43.2489427920681
13,16,17,6,50.5,39.53612605147215
13,16,17,6,65.45,44.75721053346424
13,16,17,6,87.7,69.69942988515609
13,16,17,6,76.55,51.149394193047776
13,16,17,6,76.1,74.683824782951
13,16,17,6,59.75,34.743988499337625
13,16,17,6,83.15,66.98253896588116
13,7,17,6,101.6,83.82086161633787
13,7,17,6,67.65,47.83224523488863
13,7,17,6,68.95,66.52381844912867
13,7,17,6,81.75,69.31383624311125
13,7,17,6,73.55,66.86236845782143
13,7,17,6,97.95,67.58501468910335
13,7,17,6,48.75,44.676468550068535
13,7,17,6,70.45,70.95994051501691
13,7,17,6,82.55,79.03461932995933
13,7,17,6,61.35,62.555470121367186
13,4,17,6,65.15,52.98587199979771
13,4,17,6,78.75,62.18806367107673
13,4,17,6,73.95,58.26299267793814
13,4,17,6,87.65,70.57603216240959
13,4,17,6,82.95,79.5761634503303
13,4,17,6,85.85,83.07084801224605
13,4,17,6,83.65,99.19638947164626
13,4,17,6,69.35,47.19531087323245
13,4,17,6,50.9,46.874861403303875
13,4,17,6,75.9,45.39754224740876
13,22,17,6,130.1,80.965814748539
13,22,17,6,92.65,71.99727699529228
13,22,17,6,79.45,70.62910910263258
13,22,17,6,78.35,72.08275580338564
13,22,17,6,81.35,69.0882540096742
13,22,17,6,97.75,93.97529070536518
13,22,17,6,80.5,76.65404167598182
13,22,17,6,98.8,74.28508386082987
13,22,17,6,80.45,58.10559806348945
13,22,17,6,79.65,67.96459991867285
14,44,17,7,42.6,31.54011647677321
14,44,17,7,45.75,33.65908808221512
14,44,17,7,39.95,38.38924602706226
14,44,17,7,48.5,39.314521222410534
14,44,17,7,42.55,32.671370051661924
14,44,17,7,33.15,27.08908306038858
14,44,17,7,51.4,45.02209983646043
14,44,17,7,40.15,37.4492990588609
14,44,17,7,50.55,29.130333259155712
14,44,17,7,48.85,33.195235866168
14,47,17,7,46.6,28.16567526543425
14,47,17,7,51.7,32.72870943151642
14,47,17,7,46.4,33.98668469918926
14,47,17,7,47.35,27.203473075481025
14,47,17,7,38.65,29.4676897099536
14,47,17,7,59.75,39.03153246179029
14,47,17,7,39.45,42.69534055682374
14,47,17,7,52.4,41.325918972811344
14,47,17,7,43.3,34.93768889413205
14,47,17,7,41.85,38.525828656684475
14,36,17,7,37.0,23.470025676661663
14,36,17,7,44.95,35.92459207547768
14,36,17,7,38.1,29.89613599394445
14,36,17,7,31.7,22.60670603813693
14,36,17,7,43.0,35.08635962277858
14,36,17,7,53.8,49.14275660070148
14,36,17,7,34.25,24.80847690439277
14,36,17,7,46.55,51.509299109353464
14,36,17,7,41.6,35.690777225319266
14,36,17,7,43.2,23.64562939474617
14,35,17,7,44.9,40.85520001690179
14,35,17,7,41.65,27.104621862623162
14,35,17,7,42.8,41.917964996808756
14,35,17,7,52.45,35.88061344309252
14,35,17,7,40.15,33.77834092713071
14,35,17,7,57.4,38.006093694231936
14,35,17,7,44.35,28.95236559737754
14,35,17,7,49.85,45.68919600495228
14,35,17,7,54.8,49.84882409002137
14,35,17,7,44.25,53.4945890032962
14,27,17,7,46.45,27.538442030617567
14,27,17,7,37.35,30.759294701379552
14,27,17,7,49.5,40.929335766852965
14,27,17,7,39.35,29.275955645330665
14,27,17,7,55.25,48.660883458352544
14,27,17,7,46.45,51.20287306906045
14,27,17,7,48.1,34.520626938260065
14,27,17,7,55.7,44.81905140028125
14,27,17,7,52.05,40.62598986648299
14,27,17,7,44.2,38.55358540224788
14,24,17,7,34.9,24.90170148488061
14,24,17,7,49.15,48.27909539988896
14,24,17,7,45.2,26.30509256278795
14,24,17,7,36.95,25.205419216802106
14,24,17,7,52.5,33.285843363523966
14,24,17,7,62.0,36.96655672076416
14,24,17,7,43.2,31.667017541915754
14,24,17,7,50.0,48.81975441409586
14,24,17,7,45.85,30.529149142555887
14,24,17,7,59.65,36.898545114664714
14,44,17,7,43.45,31.87719032722136
14,44,17,7,51.25,35.67230239127742
14,44,17,7,52.55,49.46607024277507
14,44,17,7,50.45,39.401409272151405
14,44,17,7,75.3,52.66887625833486
14,44,17,7,40.1,31.849812029520507
14,44,17,7,34.85,30.354527972298513
14,44,17,7,37.0,42.19753048399122
14,44,17,7,52.85,47.18861927916184
14,44,17,7,49.85,42.75176204432674
14,24,17,7,43.55,45.962770975970045
14,24,17,7,44.85,35.56650553244546
14,24,17,7,34.3,28.833642630934108
14,24,17,7,42.45,41.95671328254495
14,24,17,7,50.8,43.547433304024025
14,24,17,7,53.65,33.55478630852127
14,24,17,7,44.85,32.270688998238825
14,24,17,7,49.45,38.04218572501904
14,24,17,7,51.1,35.450335905171244
14,24,17,7,38.7,29.91936531834577
14,25,17,7,58.1,51.73912293521473
14,25,17,7,59.95,45.26468938657547
14,25,17,7,44.35,31.153735942225207
14,25,17,7,56.65,36.66100035962496
14,25,17,7,50.1,51.89757118340744
14,25,17,7,59.5,35.62007121952749
14,25,17,7,52.45,45.34484825377514
14,25,17,7,50.65,31.266721841869543
14,25,17,7,33.1,28.2076883882839
14,25,17,7,57.55,38.272533782142816
14,44,17,7,40.2,34.40562989426371
14,44,17,7,42.6,38.20498727432819
14,44,17,7,61.55,45.47697508803652
14,44,17,7,45.8,34.259996620272055
14,44,17,7,45.05,37.421461615945525
14,44,17,7,41.75,33.13906106728211
14,44,17,7,59.7,39.78508051492352
14,44,17,7,48.3,33.89628142933738
14,44,17,7,37.05,36.7501879694441
14,44,17,7,56.95,33.89220528303475
14,46,17,7,52.5,36.55781290244981
14,46,17,7,48.1,37.324889395965435
14,46,17,7,45.4,33.405640872542214
14,46,17,7,34.85,19.91898063339799
14,46,17,7,58.35,42.410618084576285
14,46,17,7,53.45,48.85367518362737
14,46,17,7,48.95,40.44421108794577
14,46,17,7,38.25,30.691804152008775
14,46,17,7,61.45,44.20701897115196
14,46,17,7,46.05,36.44097606873484
14,30,17,7,50.7,39.292559895709196
14,30,17,7,43.3,42.950522330014245
14,30,17,7,45.2,38.711619362721194
14,30,17,7,61.3,45.71433035712106
14,30,17,7,52.5,53.20120695108929
14,30,17,7,48.0,31.646069016712428
14,30,17,7,46.95,46.30616078143155
14,30,17,7,53.2,41.96439593650539
14,30,17,7,53.6,33.15418525616336
14,30,17,7,46.45,37.352481774801014
14,44,17,7,59.8,47.82159829154495
14,44,17,7,46.45,27.404331198207565
14,44,17,7,46.95,35.85713611718476
14,44,17,7,56.7,54.508425229982855
14,44,17,7,41.55,33.96046463013627
14,44,17,7,41.8,31.470286737944114
14,44,17,7,61.7,43.370011468027556
14,44,17,7,41.65,30.69934852728963
14,44,17,7,49.35,42.68029867206698
14,44,17,7,61.0,53.06698845005146
14,28,17,7,33.9,36.43725681511338
14,28,17,7,53.4,30.537983251233726
14,28,17,7,42.35,30.210271867624584
14,28,17,7,55.55,40.06635942901147
14,28,17,7,46.35,33.233266465997595
14,28,17,7,41.3,35.198833712736025
14,28,17,7,60.55,44.12240748310617
14,28,17,7,43.35,41.67452206652986
14,28,17,7,44.95,30.76305884455712
14,28,17,7,55.0,50.930292919264716
14,45,17,7,53.05,36.98289078109384
14,45,17,7,38.05,48.294573085116774
14,45,17,7,44.4,27.707874616965366
14,45,17,7,43.05,35.087072143154764
14,45,17,7,48.95,37.74913732022299
14,45,17,7,40.8,29.842745746398915
14,45,17,7,54.1,42.773454630794454
14,45,17,7,53.7,42.221346559094464
14,45,17,7,37.85,27.71333519027295
14,45,17,7,56.55,41.708859339095106
14,28,17,7,61.3,28.564055439623672
14,28,17,7,39.3,33.00733570778344
14,28,17,7,37.95,29.888344850371638
14,28,17,7,44.65,39.999046041256115
14,28,17,7,48.45,35.861539286539276
14,28,17,7,39.0,31.871452330953016
14,28,17,7,43.95,34.93674735560644
14,28,17,7,44.95,31.804460130782385
14,28,17,7,43.55,39.42544596416994
14,28,17,7,44.55,42.15444660318828
14,43,17,7,41.3,35.86098891993624
14,43,17,7,40.75,28.054223811829306
14,43,17,7,42.2,34.90076156611395
14,43,17,7,39.75,34.23275593561477
14,43,17,7,44.45,39.477475256550775
14,43,17,7,37.75,26.247556277229236
14,43,17,7,47.85,39.50386390162227
14,43,17,7,39.65,30.76784890621685
14,43,17,7,44.5,36.44967691720217
14,43,17,7,49.3,46.894169764425264
14,33,17,7,49.4,43.029243422045944
14,33,17,7,43.6,32.063095690577946
14,33,17,7,56.35,46.81123909130325
14,33,17,7,42.7,35.888863541714294
14,33,17,7,49.65,35.98139138938056
14,33,17,7,41.6,43.041473267682555
14,33,17,7,42.3,45.92682967733051
14,33,17,7,34.3,31.188898159778788
14,33,17,7,42.65,39.51185698123113
14,33,17,7,42.65,44.86620460646826
14,41,17,7,61.75,55.1656596081294
14,41,17,7,45.55,31.515201010573325
14,41,17,7,53.15,47.84214724102147
14,41,17,7,55.0,48.74746956995495
14,41,17,7,47.05,32.7550317548794
14,41,17,7,48.55,31.769689294903984
14,41,17,7,41.15,34.07773621095095
14,41,17,7,47.3,30.92112206039238
14,41,17,7,53.7,41.01488818260485
14,41,17,7,47.5,27.18068199446457
14,45,17,7,53.45,44.68188729934736
14,45,17,7,36.5,34.58095003413234
14,45,17,7,50.3,36.154784206970895
14,45,17,7,50.2,43.03927215193609
14,45,17,7,60.75,47.64658821385906
14,45,17,7,54.3,45.43369952614005
14,45,17,7,37.3,27.64454833473643
14,45,17,7,50.95,31.088117547249123
14,45,17,7,49.5,32.89456842062147
14,45,17,7,37.25,26.961717499564376
15,9,17,7,113.35,101.75268003712158
15,9,17,7,70.0,55.42752498818425
15,9,17,7,78.65,61.215989483312704
15,9,17,7,74.4,55.591934288120754
15,9,17,7,64.8,68.24306403931233
15,9,17,7,36.25,34.784865129898996
15,9,17,7,97.75,79.51886568607478
15,9,17,7,107.1,76.74626683874735
15,9,17,7,79.15,41.56070385909216
15,9,17,7,105.0,88.16014136964499
15,14,17,7,75.6,89.73082554301826
15,14,17,7,57.9,44.418938587759584
15,14,17,7,56.35,45.7340999117381
15,14,17,7,86.85,79.74978963839604
15,14,17,7,79.3,62.375855652816924
15,14,17,7,77.75,52.423252173258504
15,14,17,7,75.7,49.29193379085574
15,14,17,7,78.7,78.90840793036736
15,14,17,7,59.15,56.14668289400541
15,14,17,7,75.95,58.033089472164164
15,21,17,7,87.25,87.19299525221409
15,21,17,7,73.55,68.2051664966966
15,21,17,7,58.2,50.16247286777763
15,21,17,7,99.25,73.93231257106234
15,21,17,7,87.3,60.41008978116504
15,21,17,7,74.2,62.01918209206263
15,21,17,7,61.75,64.49877599817812
15,21,17,7,61.1,50.09139016259233
15,21,17,7,61.6,52.56614880319843
15,21,17,7,100.35,66.8291419257072
15,14,17,7,63.45,45.86303981478584
15,14,17,7,71.7,41.013604931457614
15,14,17,7,61.4,51.17297806665669
15,14,17,7,74.6,54.77360101747057
15,14,17,7,78.75,54.00962389874799
15,14,17,7,68.45,68.24065388099137
15,14,17,7,72.65,59.113873160198196
15,14,17,7,59.9,41.56276167309791
15,14,17,7,82.95,76.19329643119946
15,14,17,7,80.45,50.88115668165532
15,9,17,7,62.55,51.33530128376317
15,9,17,7,88.5,67.00942588841316
15,9,17,7,81.45,66.29080669769813
15,9,17,7,72.3,57.745448670048994
15,9,17,7,69.4,55.753593228551075
15,9,17,7,67.7,61.45182109416672
15,9,17,7,72.9,80.75296963742669
15,9,17,7,51.05,32.75824524572321
15,9,17,7,89.05,63.6838201379944
15,9,17,7,61.55,71.54054794310706
15,10,17,7,78.0,50.48710101026848
15,10,17,7,84.75,75.90151166929556
15,10,17,7,76.5,70.16259312257644
15,10,17,7,79.85,45.31442781742976
15,10,17,7,65.85,62.60256846925187
15,10,17,7,70.5,67.21097967946667
15,10,17,7,85.7,73.56565274064992
15,10,17,7,63.75,55.579128039977476
15,10,17,7,64.2,51.971247111415266
15,10,17,7,109.1,70.92538703677118
15,17,17,7,60.9,43.701017692594085
15,17,17,7,103.35,91.42974006536961
15,17,17,7,117.2,84.13810701835155
15,17,17,7,79.55,66.3582581225022
15,17,17,7,72.8,55.64795357281439
15,17,17,7,77.15,51.257117605881405
15,17,17,7,77.3,67.35381831867636
15,17,17,7,81.0,74.2052629712447
15,17,17,7,100.45,72.83469025995208
15,17,17,7,56.85,51.288938994269465
15,17,17,7,68.05,45.14709875856686
15,17,17,7,93.45,47.47794501827027
15,17,17,7,75.2,47.91176099983451
15,17,17,7,87.2,87.53200918280665
15,17,17,7,91.25,62.98276706662245
15,17,17,7,91.85,57.453207505165274
15,17,17,7,75.7,53.0978243185954
15,17,17,7,92.85,49.617775889398004
15,17,17,7,61.6,55.990036707670725
15,17,17,7,65.15,39.31555872545545
15,8,17,7,75.2,73.63108611249235
15,8,17,7,65.15,46.38088875932913
15,8,17,7,57.15,53.61880561696123
15,8,17,7,75.35,54.01196261258387
15,8,17,7,86.9,54.8451408393142
15,8,17,7,68.75,53.36258791956856
15,8,17,7,71.8,55.22832987745177
15,8,17,7,83.65,84.60389128788717
15,8,17,7,48.35,48.74236782361555
15,8,17,7,62.35,59.441501539439244
15,22,17,7,64.1,66.14648815119999
15,22,17,7,90.25,63.971930522197326
15,22,17,7,76.45,50.096196935180835
15,22,17,7,62.4,52.22360829316464
15,22,17,7,65.45,52.71519804822095
15,22,17,7,73.35,56.84723295585144
15,22,17,7,84.3,51.86023727796003
15,22,17,7,63.7,55.58407572033748
15,22,17,7,59.6,41.52158601574797
15,22,17,7,57.5,62.258797729612816
15,15,17,7,64.5,62.41330829744229
15,15,17,7,82.7,66.01921570350001
15,15,17,7,95.05,38.452260216916684
15,15,17,7,71.7,66.1124241847094
15,15,17,7,86.15,58.08186146792256
15,15,17,7,82.45,59.750776255693076
15,15,17,7,68.0,78.96434905102828
15,15,17,7,84.1,69.12680948426366
15,15,17,7,82.75,64.35090888001669
15,15,17,7,46.85,40.425727868329226
15,14,17,7,59.1,50.77701510681673
15,14,17,7,70.15,49.57638975412219
15,14,17,7,76.6,81.74182721097854
15,14,17,7,86.2,66.32821103382307
15,14,17,7,60.7,38.784288734377725
15,14,17,7,66.6,44.19740406761227
15,14,17,7,70.45,59.23234802564878
15,14,17,7,84.6,68.93582064805679
15,14,17,7,69.2,60.91633606841435
15,14,17,7,88.35,92.96477827650642
15,21,17,7,65.75,37.88330419646767
15,21,17,7,79.85,62.75287789584257
15,21,17,7,61.75,87.23946173728108
15,21,17,7,85.9,66.33797039244925
15,21,17,7,82.45,71.55011125814293
15,21,17,7,85.8,64.509974748912
15,21,17,7,72.45,79.94503045678852
15,21,17,7,88.9,68.12751202514916
15,21,17,7,71.85,64.44359018389241
15,21,17,7,70.4,59.41592910641849
15,19,17,7,75.7,70.2312720869227
15,19,17,7,63.7,43.79389527271917
15,19,17,7,70.4,85.09091113564796
15,19,17,7,90.15,58.86494354832398
15,19,17,7,76.55,57.964122297195274
15,19,17,7,69.15,46.704304997110896
15,19,17,7,86.25,73.87961402458092
15,19,17,7,65.9,66.97281459470584
15,19,17,7,81.7,61.14960085078664
15,19,17,7,79.6,89.00289764650185
15,7,17,7,88.25,48.065607575260586
15,7,17,7,64.35,44.908415575186844
15,7,17,7,68.75,50.292695922548184
15,7,17,7,62.3,61.96611977524492
15,7,17,7,58.95,58.16806412637888
15,7,17,7,70.9,52.219072942243706
15,7,17,7,83.05,52.941352854883334
15,7,17,7,80.2,55.58738970968904
15,7,17,7,85.65,72.08786670665036
15,7,17,7,80.6,75.2933910568657
15,23,17,7,100.15,53.19306939422604
15,23,17,7,95.4,75.7894590643261
15,23,17,7,67.1,66.92721891412302
15,23,17,7,75.75,64.710590526712
15,23,17,7,74.4,57.195325535902796
15,23,17,7,94.05,65.94852458347223
15,23,17,7,72.5,63.56306441554511
15,23,17,7,99.9,113.41581621811419
15,23,17,7,76.6,54.428514198852945
15,23,17,7,63.65,45.535729175878444
15,23,17,7,61.1,46.392944109615364
15,23,17,7,81.9,50.00094735944615
15,23,17,7,94.5,82.93085261704158
15,23,17,7,56.8,44.067651341282556
15,23,17,7,68.9,53.19665600887255
15,23,17,7,64.2,57.775062914174676
15,23,17,7,55.4,56.407726234509475
15,23,17,7,79.15,90.40102176879476
15,23,17,7,82.95,57.527544889840655
15,23,17,7,112.55,86.07492146533251
15,22,17,7,61.6,61.3620832693765
15,22,17,7,80.7,82.51258277250491
15,22,17,7,67.9,73.32831721281457
15,22,17,7,67.8,47.02474152815169
15,22,17,7,58.4,62.082627453893636
15,22,17,7,58.6,47.93570254984658
15,22,17,7,41.75,39.05579679327891
15,22,17,7,107.5,85.05632808538364
15,22,17,7,62.35,50.27741462180242
15,22,17,7,79.95,65.42209107021878
15,3,17,7,79.4,82.45789994389801
15,3,17,7,65.35,51.16153468748712
15,3,17,7,89.75,81.08466984708346
15,3,17,7,79.3,59.143981319452855
15,3,17,7,122.9,107.5805206394384
15,3,17,7,75.0,58.46906514514636
15,3,17,7,50.35,44.19844603126842
15,3,17,7,71.6,56.48418502461319
15,3,17,7,78.05,62.74969071007861
15,3,17,7,83.75,60.781641099404695
15,6,17,7,86.45,77.36480567993911
15,6,17,7,66.45,44.9098219241978
15,6,17,7,101.55,63.85301789842703
15,6,17,7,52.95,51.37219706785906
15,6,17,7,60.95,48.273862384044676
15,6,17,7,59.8,46.57376718146905
15,6,17,7,80.8,81.74324372531862
15,6,17,7,92.65,60.32043818771457
15,6,17,7,73.35,57.84304989411115
15,6,17,7,62.15,61.743335459660834
16,41,17,8,41.05,38.214732623344155
16,41,17,8,42.3,35.34208762785154
16,41,17,8,35.3,27.87396446034977
16,41,17,8,44.6,35.19629167069197
16,41,17,8,40.2,37.7283922125946
16,41,17,8,27.45,33.48601436263708
16,41,17,8,42.6,43.59430189709129
16,41,17,8,41.8,37.49891226492618
16,41,17,8,45.1,38.185006702135134
16,41,17,8,48.3,33.746890694980294
16,39,17,8,51.1,67.2637385692751
16,39,17,8,52.0,32.168961830670845
16,39,17,8,47.15,31.71961870083428
16,39,17,8,45.95,40.24330607952739
16,39,17,8,40.25,40.08658392188484
16,39,17,8,46.35,37.33810668106132
16,39,17,8,36.25,29.42586581474483
16,39,17,8,40.1,46.831051327309034
16,39,17,8,40.45,40.98841299684583
16,39,17,8,37.2,28.861921736360344
16,28,17,8,46.85,35.38997033058943
16,28,17,8,39.55,26.46840221451747
16,28,17,8,55.9,32.605940692166094
16,28,17,8,41.75,27.58121977379765
16,28,17,8,40.5,29.708230296812047
16,28,17,8,45.15,43.9021339848196
16,28,17,8,44.8,44.53927893916843
16,28,17,8,38.5,33.078057602235994
16,28,17,8,44.5,35.817519970568945
16,28,17,8,41.55,24.487322176351196
16,33,17,8,35.7,33.37837308009011
16,33,17,8,31.85,27.734217892438632
16,33,17,8,46.7,29.634794627794857
16,33,17,8,44.85,41.59614734184177
16,33,17,8,42.25,26.27361093528918
16,33,17,8,43.05,44.310477553876936
16,33,17,8,40.55,22.0250455522559
16,33,17,8,45.95,28.190097178749994
16,33,17,8,32.25,38.09941980494826
16,33,17,8,50.5,40.79409141943036
16,28,17,8,35.7,28.241626611868703
16,28,17,8,45.05,34.05641604285763
16,28,17,8,68.25,61.60218297567401
16,28,17,8,38.2,26.36904085835269
16,28,17,8,33.8,28.46530667690981
16,28,17,8,48.8,38.5740572760611
16,28,17,8,47.85,48.083562132691675
16,28,17,8,39.8,31.101869972551068
16,28,17,8,37.15,31.893366741459943
16,28,17,8,26.3,23.20639657735046
16,46,17,8,43.05,31.06440677722742
16,46,17,8,43.45,30.768191024942766
16,46,17,8,49.65,38.8035199163006
16,46,17,8,54.85,45.47442890472102
16,46,17,8,30.75,30.176454746252606
16,46,17,8,36.55,26.89056770652021
16,46,17,8,54.85,39.08058476101858
16,46,17,8,41.9,33.94407164734366
16,46,17,8,53.1,36.135563471024234
16,46,17,8,44.2,36.00818620375387
16,32,17,8,34.6,34.94265979693318
16,32,17,8,50.85,48.70023776014587
16,32,17,8,49.95,40.18833949765712
16,32,17,8,37.95,26.424619700495022
16,32,17,8,39.6,31.518415669506442
16,32,17,8,59.0,51.84389524027115
16,32,17,8,48.55,44.322353870610016
16,32,17,8,43.6,23.87996297272982
16,32,17,8,48.1,33.390669985869756
16,32,17,8,38.15,37.381778561500425
16,38,17,8,49.4,29.972619083704412
16,38,17,8,54.95,49.71865582296152
16,38,17,8,51.5,45.169272275461076
16,38,17,8,38.65,38.525828656684475
16,38,17,8,63.15,46.806741529736705
16,38,17,8,44.95,36.10871741954027
16,38,17,8,36.8,39.09179480469823
16,38,17,8,33.85,38.68533653928701
16,38,17,8,42.75,31.482451252119887
16,38,17,8,50.95,39.81599123335669
16,24,17,8,42.35,36.554609472462026
16,24,17,8,52.3,37.608929510787306
16,24,17,8,48.9,32.96712876407905
16,24,17,8,44.65,32.78522613360443
16,24,17,8,39.55,48.062979516463606
16,24,17,8,42.75,37.53997868939193
16,24,17,8,59.55,44.006548555748765
16,24,17,8,40.55,26.089875027438676
16,24,17,8,61.2,47.765435642368665
16,24,17,8,46.35,41.02409433234905
16,27,17,8,38.6,30.572433403485014
16,27,17,8,51.0,32.96249862782665
16,27,17,8,47.75,45.90593930155329
16,27,17,8,28.25,20.439577192042734
16,27,17,8,43.9,35.960358291055066
16,27,17,8,50.25,38.65212597135199
16,27,17,8,50.75,35.018604078103216
16,27,17,8,56.4,45.12368965877073
16,27,17,8,47.2,37.30471961110495
16,27,17,8,41.95,41.62928498570511
16,31,17,8,42.0,41.979945086596814
16,31,17,8,30.9,26.215503649156684
16,31,17,8,28.45,20.14284514477326
16,31,17,8,34.7,34.94522028908434
16,31,17,8,43.4,37.119153801607176
16,31,17,8,36.4,31.92985733562999
16,31,17,8,50.55,48.88275446627907
16,31,17,8,27.05,23.43069287112638
16,31,17,8,51.05,45.71591338737645
16,31,17,8,44.2,33.94980815386458
16,40,17,8,51.85,24.273171241213273
16,40,17,8,36.7,44.65905931552262
16,40,17,8,41.05,37.74634872547627
16,40,17,8,50.0,40.40323072022309
16,40,17,8,43.0,44.248104330492005
16,40,17,8,43.6,39.12786058148606
16,40,17,8,34.75,26.48907421242915
16,40,17,8,52.3,39.79301710760716
16,40,17,8,50.8,32.30545008606378
16,40,17,8,47.55,47.6096794669673
16,28,17,8,39.3,27.286202412671187
16,28,17,8,32.1,21.739849416028136
16,28,17,8,31.2,27.550145667778047
16,28,17,8,40.35,30.305940011819462
16,28,17,8,37.15,32.78843666519294
16,28,17,8,54.1,36.916548849362506
16,28,17,8,62.15,43.63035519838043
16,28,17,8,53.75,31.368564552833192
16,28,17,8,25.6,21.002255517970095
16,28,17,8,43.25,30.346897873198103
16,43,17,8,50.95,34.0100217428241
16,43,17,8,38.25,32.09012801142236
16,43,17,8,45.25,25.061765804969884
16,43,17,8,42.85,26.587046707590122
16,43,17,8,42.45,35.49570025851167
16,43,17,8,51.15,36.85572868418294
16,43,17,8,33.4,32.09754868489099
16,43,17,8,52.05,34.96836916565116
16,43,17,8,61.7,48.215634066359144
16,43,17,8,45.4,36.56198773820183
16,25,17,8,46.2,47.124247865001564
16,25,17,8,37.6,34.68869070976728
16,25,17,8,31.6,21.206751655769292
16,25,17,8,37.6,32.3523366112948
16,25,17,8,33.0,24.836306192007658
16,25,17,8,58.3,52.75873586929766
16,25,17,8,48.85,47.064653179932904
16,25,17,8,57.45,46.967485954031055
16,25,17,8,41.35,38.5831637675786
16,25,17,8,48.05,35.98607186705786
16,34,17,8,30.6,32.230093815693756
16,34,17,8,43.4,36.34252257849503
16,34,17,8,39.95,30.39126432658604
16,34,17,8,53.95,50.12455538587429
16,34,17,8,52.0,43.60468347612022
16,34,17,8,39.5,38.866167129888446
16,34,17,8,46.1,43.44009789656508
16,34,17,8,34.7,29.13326909945145
16,34,17,8,36.95,38.11682181482551
16,34,17,8,46.5,44.80895117343362
16,43,17,8,41.5,33.162280411715706
16,43,17,8,47.4,36.13337864954755
16,43,17,8,37.6,39.195058764836
16,43,17,8,50.0,35.46087540107444
16,43,17,8,31.0,33.1106597559409
16,43,17,8,54.85,38.12482959409717
16,43,17,8,36.5,28.437373481499932
16,43,17,8,34.25,29.447321386538796
16,43,17,8,62.8,45.380960533547196
16,43,17,8,43.55,30.19319372587837
16,45,17,8,40.85,31.539907886258703
16,45,17,8,30.7,29.53873460568789
16,45,17,8,53.85,37.63155870444799
16,45,17,8,33.9,35.19853465849485
16,45,17,8,51.05,39.86487043421616
16,45,17,8,40.3,30.22390131214559
16,45,17,8,42.45,35.48531942559968
16,45,17,8,41.7,36.89258947125746
16,45,17,8,36.95,23.776315061311262
16,45,17,8,56.85,41.13683840165905
16,39,17,8,56.15,41.430061549556015
16,39,17,8,45.5,36.86318945563589
16,39,17,8,48.95,45.64447853851144
16,39,17,8,48.2,33.35234545528127
16,39,17,8,49.4,29.838865506866075
16,39,17,8,39.3,29.60280925502635
16,39,17,8,47.8,38.356499483550095
16,39,17,8,50.45,37.78119136624243
16,39,17,8,41.5,43.365642476140266
16,39,17,8,37.25,34.84080336254272
16,26,17,8,45.35,27.768355711985695
16,26,17,8,55.85,44.55897924749788
16,26,17,8,47.45,36.29625905038468
16,26,17,8,39.0,30.71087583799658
16,26,17,8,47.2,48.609723956816445
16,26,17,8,37.65,34.66421634390199
16,26,17,8,50.7,34.10834131658151
16,26,17,8,48.1,42.238545628869666
16,26,17,8,49.25,38.46375600894678
16,26,17,8,45.1,32.34501507187777
17,8,17,8,83.0,68.50048021345314
17,8,17,8,56.1,43.7022220319095
17,8,17,8,72.85,69.44840947744856
17,8,17,8,65.6,63.78615589773792
17,8,17,8,69.45,60.421741468657316
17,8,17,8,61.35,59.358212308163836
17,8,17,8,107.4,76.36780804280792
17,8,17,8,78.75,71.63053964983312
17,8,17,8,66.05,52.9224606580728
17,8,17,8,57.65,55.03039829805074
17,18,17,8,108.35,99.62681682950101
17,18,17,8,52.0,54.5498323602036
17,18,17,8,67.65,65.63637871277115
17,18,17,8,49.15,35.75247507074455
17,18,17,8,78.25,80.30853333435861
17,18,17,8,66.7,45.57827275543053
17,18,17,8,84.6,70.95469273453752
17,18,17,8,66.25,59.457968347396466
17,18,17,8,110.3,81.10039262673472
17,18,17,8,90.95,64.55799106637625
17,4,17,8,81.4,73.38965938920249
17,4,17,8,82.65,51.49478767695558
17,4,17,8,71.15,48.482525338083356
17,4,17,8,71.65,60.28814581918895
17,4,17,8,89.7,61.14185404278704
17,4,17,8,76.15,61.9993845470302
17,4,17,8,44.8,29.73319959060472
17,4,17,8,80.9,91.85451884136647
17,4,17,8,73.0,106.19743281662747
17,4,17,8,53.75,51.46063902072197
17,14,17,8,75.65,70.70641674148855
17,14,17,8,68.55,74.65885571613126
17,14,17,8,99.05,60.0030481681863
17,14,17,8,86.6,57.391912138796776
17,14,17,8,78.7,59.512139407368856
17,14,17,8,78.85,58.963213330989596
17,14,17,8,57.2,61.8960078637846
17,14,17,8,62.8,47.51022050708225
17,14,17,8,78.15,69.10501162418646
17,14,17,8,80.65,81.91540887114166
17,13,17,8,87.05,62.74298031610682
17,13,17,8,90.4,99.85009817352788
17,13,17,8,89.0,75.59518224693534
17,13,17,8,74.55,56.20402214488887
17,13,17,8,60.9,49.81639975159312
17,13,17,8,87.05,52.671249523015774
17,13,17,8,63.75,52.40618183703943
17,13,17,8,86.5,82.12282200909101
17,13,17,8,73.25,73.70558430603977
17,13,17,8,35.6,35.396104454110706
17,23,17,8,49.0,44.39653850897553
17,23,17,8,73.15,57.647088756547475
17,23,17,8,87.2,65.69034215645082
17,23,17,8,77.25,70.35614288820318
17,23,17,8,56.1,37.70648415549269
17,23,17,8,53.75,68.35655360718994
17,23,17,8,81.3,56.00103382504366
17,23,17,8,73.8,56.1104174585114
17,23,17,8,83.45,65.36414194825461
17,23,17,8,62.55,51.00410200221774
17,16,17,8,82.6,67.06352055681005
17,16,17,8,70.95,60.94559696543864
17,16,17,8,64.7,46.34209181385979
17,16,17,8,91.1,66.55342136011373
17,16,17,8,78.6,68.00030959681844
17,16,17,8,77.05,68.6083277130331
17,16,17,8,92.45,88.09771787473748
17,16,17,8,82.6,52.26491225125686
17,16,17,8,67.45,72.80939427530518
17,16,17,8,69.25,65.57910048981026
17,22,17,8,54.0,45.51228868176848
17,22,17,8,58.4,55.759256960993525
17,22,17,8,81.9,99.15638897057623
17,22,17,8,71.95,54.739070045751454
17,22,17,8,80.2,58.52718666523591
17,22,17,8,53.65,50.91507376840483
17,22,17,8,79.25,66.24505939869661
17,22,17,8,69.2,48.00394720612485
17,22,17,8,100.75,95.86222295291135
17,22,17,8,78.4,55.1966818224658
17,6,17,8,85.65,64.77676240264267
17,6,17,8,73.15,54.589641392561106
17,6,17,8,58.0,67.05064857019812
17,6,17,8,53.9,48.76895043278858
17,6,17,8,86.25,65.02378107479723
17,6,17,8,97.6,87.36818642961522
17,6,17,8,81.7,77.85350615773596
17,6,17,8,70.0,54.95261116347621
17,6,17,8,77.25,61.76515369143281
17,6,17,8,83.3,63.358711443569256
17,9,17,8,78.75,52.26639757807567
17,9,17,8,88.6,83.34923357081398
17,9,17,8,58.65,62.64627094375126
17,9,17,8,94.85,76.69301416069544
17,9,17,8,72.55,50.36339000337029
17,9,17,8,86.7,62.99381757467616
