trial_id,stim_id,param_id,index,sample_n_mean,sample_n_std
0,34,107,0,97.25,43.32724316177986
0,38,17,0,101.95,40.506627138102516
0,35,5,0,90.55,52.21562077225147
0,38,17,0,85.75,45.523706952936536
0,34,107,0,109.5,59.045477566471014
0,35,5,0,90.45,61.83720137331743
0,38,17,0,99.9,36.411247539303304
0,47,107,0,87.95,39.00806259439734
0,38,17,0,79.05,34.612858882213125
0,30,5,0,115.4,69.14393834983885
0,47,107,0,103.35,45.037148409308784
0,38,17,0,93.95,48.64205998927265
0,30,5,0,97.45,49.86769337061083
0,25,107,0,85.05,40.139854194264856
0,38,17,0,85.65,37.212441326439254
0,31,5,0,94.0,58.67394292995289
0,25,107,0,83.1,36.32441545152154
0,38,17,0,77.4,36.34107434034562
0,37,107,0,78.6,30.721842050036134
0,31,5,0,92.2,48.43074273749333
0,38,17,0,82.45,31.335997460462387
0,37,107,0,108.55,45.86648243027054
0,32,5,0,105.75,70.75746194609182
0,38,17,0,92.4,40.18431220474504
0,37,107,0,81.9,54.600848267943114
0,32,5,0,89.55,53.65825094742505
0,38,17,0,88.95,52.7431462247391
0,37,107,0,88.6,31.9907881477745
0,30,17,0,73.65,31.604921335633456
0,36,5,0,134.1,70.80283966948753
0,39,107,0,80.3,35.899127683288526
0,30,17,0,98.65,48.84376273276597
0,36,5,0,114.15,74.41651981282538
0,39,107,0,115.1,63.020380997361734
0,30,17,0,102.75,64.50938324240738
0,47,5,0,65.6,31.94798403985025
0,26,107,0,86.5,37.34265234568276
0,30,17,0,85.6,32.189243054490305
0,47,5,0,120.8,68.47481288765964
0,26,107,0,97.4,53.375925974958136
0,30,17,0,88.9,41.32146122651928
0,28,5,0,95.05,42.993849009266185
0,30,17,0,90.1,38.477471193851656
0,25,107,0,108.6,36.361344425379166
0,28,5,0,81.8,44.40910290754173
0,30,17,0,90.2,38.63132080797162
0,25,107,0,106.35,46.7729960329113
0,45,5,0,105.5,66.3828608190873
0,30,17,0,88.5,49.01288767145572
0,28,107,0,99.0,38.21958715247017
0,45,5,0,100.15,67.06106800599929
0,30,17,0,98.6,43.51454687197931
0,33,5,0,82.0,60.4570312832093
0,28,107,0,101.8,55.35112797785654
0,30,17,0,83.5,27.645309871562965
0,33,5,0,92.85,55.328944552224726
0,31,107,0,93.15,34.78244415006846
0,42,17,0,78.05,48.11988865542527
0,31,107,0,76.35,33.709712796790555
0,43,5,0,96.8,55.808507180215905
0,42,17,0,96.75,58.985167627124696
0,42,107,0,82.3,30.633830628038808
0,43,5,0,85.9,39.53532730689298
0,42,17,0,77.9,36.33021071403682
0,42,107,0,93.55,42.351256738949566
0,39,5,0,97.25,60.269460713837844
0,42,17,0,77.45,37.88413777211832
0,32,107,0,91.65,33.63625080803526
0,39,5,0,83.35,51.569345239406054
0,42,17,0,91.65,42.18789424767052
0,32,107,0,88.15,48.789855502962915
0,41,5,0,84.25,78.69452933570682
0,42,17,0,110.45,45.115611722026244
0,33,107,0,103.0,43.07643146046827
0,41,5,0,113.3,63.55031160634193
0,42,17,0,93.1,35.32689448117695
0,33,107,0,105.55,43.509799259235244
0,42,17,0,81.6,38.848423391432505
0,46,5,0,124.05,88.14788709889761
0,42,17,0,89.55,32.84489065448785
0,26,107,0,92.35,60.47032765179787
0,46,5,0,92.3,65.37350179424462
0,42,17,0,76.15,41.41735588398965
0,26,107,0,82.3,50.46843724442769
0,46,17,0,66.55,32.50501985523888
0,31,5,0,101.95,81.8364704440315
0,25,107,0,93.3,52.31292483949982
0,46,17,0,79.8,38.47295700947136
0,31,5,0,100.8,73.68681950268346
0,25,107,0,92.7,50.09370167364777
0,46,17,0,80.35,49.63792586531519
0,27,5,0,81.9,52.58667031422356
0,33,107,0,83.2,44.53927893916843
0,46,17,0,89.4,40.116147162431915
0,27,5,0,101.65,53.82650002798954
0,33,107,0,89.1,54.34190008881873
0,46,17,0,89.95,56.05399182930685
0,38,107,0,80.7,40.113129495150794
0,28,5,0,104.05,84.317991462146
0,46,17,0,90.0,37.929297105896495
0,38,107,0,72.5,36.060621473466476
0,28,5,0,93.2,66.15022775152741
0,46,17,0,102.75,54.206112492771034
0,45,107,0,116.45,53.432175404161235
0,40,5,0,130.9,67.65461823424216
0,46,17,0,97.55,45.416754385880196
0,45,107,0,93.8,55.62430366211102
0,40,5,0,100.75,64.05661558340401
0,46,17,0,117.2,55.86506299251702
0,27,107,0,91.35,65.85412507560694
0,46,17,0,71.05,43.315823047886205
0,27,107,0,90.15,37.65113404317116
0,32,5,0,129.35,71.63744610335104
0,27,17,0,90.15,31.248199948157012
0,38,107,0,94.65,53.61782401992437
0,32,5,0,111.05,55.83761701294397
0,27,17,0,86.6,47.65379534230527
0,38,107,0,89.25,43.61056728531937
0,42,5,0,110.0,58.77253207337412
0,27,17,0,101.55,46.450284685547636
1,16,107,0,105.7,46.23179584840309
0,27,17,0,83.55,37.43411756532718
0,42,5,0,113.75,79.7211422792962
1,16,107,0,87.6,48.20831987596288
0,27,17,0,68.2,33.56470577383646
0,29,5,0,108.25,73.46741132172679
0,27,17,0,71.05,33.78488450553933
1,18,107,0,94.8,47.235802656793915
0,27,17,0,82.6,36.62096034844123
1,18,107,0,87.35,42.22281124550667
0,29,5,0,112.3,66.34685571417755
0,27,17,0,84.45,44.526130707590944
1,0,107,0,86.8,41.29814574657394
1,4,5,0,112.9,62.15252884722602
0,27,17,0,75.35,38.40267945695566
1,0,107,0,96.55,48.889214180204355
0,27,17,0,82.25,44.36199772446303
1,4,5,0,120.8,62.2360531829379
1,12,107,0,98.3,32.87792412450704
0,40,17,0,79.05,48.856907069738384
1,1,5,0,112.75,35.59254061412898
1,12,107,0,96.95,37.61505157863217
0,40,17,0,73.2,45.9640591858694
1,10,107,0,78.8,35.74264738523523
0,40,17,0,77.0,34.42917979058797
1,1,5,0,99.85,63.41531858769572
1,10,107,0,92.55,50.54802302344719
1,19,5,0,92.15,60.73001078977605
0,40,17,0,91.8,44.60658436174028
0,40,17,0,74.8,39.468308405872335
1,13,107,0,86.15,39.87912658073275
1,19,5,0,117.6,51.65818832530456
1,13,107,0,83.85,37.209612510182026
0,40,17,0,90.6,43.083028774925424
1,9,5,0,106.3,61.87517145111813
0,40,17,0,67.65,37.842158333906134
1,15,107,0,89.65,42.633412891027646
0,40,17,0,70.05,32.01558008877948
1,9,5,0,92.95,56.21432201850343
1,15,107,0,89.25,38.630333050323905
0,40,17,0,98.9,44.68120999162611
1,12,107,0,87.35,42.891877528207324
1,9,5,0,127.35,71.94389261230259
1,12,107,0,78.8,34.59327589058465
0,40,17,0,84.75,34.16812149234706
1,9,5,0,101.35,54.20650087251625
1,2,107,0,85.7,43.58669521769229
0,45,17,0,83.05,41.28651493877236
1,13,5,0,92.2,38.37707649105127
1,2,107,0,88.9,46.049058508005174
0,45,17,0,96.65,34.82932067880981
1,13,5,0,111.25,51.65255891149308
1,18,107,0,86.95,47.07605827974444
0,45,17,0,93.35,37.03664614803475
1,2,5,0,94.8,38.34963802752387
1,18,107,0,90.15,47.68015696724427
0,45,17,0,83.7,44.2327575684047
1,9,107,0,91.8,39.92308394374046
0,45,17,0,89.85,26.37837032594378
1,2,5,0,121.65,59.86763909263766
1,9,107,0,88.6,36.95573454539192
0,45,17,0,96.05,37.2650181664704
1,15,5,0,108.1,55.15995878018382
0,45,17,0,83.5,40.37782090520279
1,4,107,0,106.5,67.27203219607293
1,15,5,0,115.35,48.09341239493694
1,4,107,0,83.55,39.67031901215713
0,45,17,0,89.4,57.38457522439467
1,21,5,0,106.9,58.67475024053765
1,7,107,0,91.25,34.03075234641688
0,45,17,0,83.4,38.01993936704377
1,7,107,0,74.45,30.964283329430746
0,45,17,0,93.2,41.884050475217016
1,21,5,0,121.0,55.862613427473725
1,14,107,0,98.0,53.09276886039339
0,47,17,0,78.05,40.80050954274184
1,19,5,0,103.0,59.420003720172076
1,14,107,0,91.3,50.2636208300533
0,47,17,0,91.2,41.16667021805511
1,19,5,0,116.0,56.92377174321537
0,47,17,0,89.2,30.42263700117502
1,14,107,0,105.95,35.44525059121016
1,12,5,0,85.9,33.25325468835226
0,47,17,0,80.45,41.74291619702173
1,14,107,0,86.5,42.80371356245673
1,12,5,0,100.05,47.285777320903854
0,47,17,0,82.4,37.02403202473254
1,1,107,0,78.55,51.04226834589874
1,4,5,0,113.25,77.49626476567487
0,47,17,0,89.55,53.740580569993845
1,1,107,0,82.7,63.06646452250531
1,4,5,0,81.1,53.28463785725626
0,47,17,0,86.15,46.972864507074725
1,15,107,0,102.55,44.535586007738026
0,47,17,0,69.7,46.868348650908935
1,11,5,0,112.55,56.270469959595005
1,15,107,0,95.75,47.162512990498584
0,47,17,0,98.7,37.53608789867215
1,7,107,0,88.5,42.808631692316695
1,11,5,0,118.9,62.43135177305171
0,47,17,0,89.95,45.88942660008088
1,7,107,0,96.3,38.7354047216157
1,2,5,0,111.5,58.97947903608864
0,33,17,0,105.15,47.265515414183525
1,15,107,0,105.15,61.04810441472838
1,2,5,0,102.2,55.24643355957588
0,33,17,0,67.35,31.317180420237136
1,15,107,0,80.2,38.0478922578263
0,33,17,0,91.1,34.34791037848476
1,9,5,0,124.85,54.32773353986846
1,2,107,0,101.3,60.05269615753711
0,33,17,0,95.35,35.07326917363587
1,9,5,0,104.2,57.74590438883273
1,2,107,0,95.35,47.20423152307652
0,33,17,0,77.5,43.81720402331775
1,12,5,0,108.4,58.124548668309984
2,25,107,1,90.2,37.441322513754066
0,33,17,0,93.2,46.99899215044823
1,12,5,0,104.0,48.18931962910236
2,25,107,1,88.9,38.56491451538493
0,33,17,0,83.95,44.27007424529815
2,31,107,1,78.3,42.520707029820066
1,10,5,0,113.6,62.669895400213356
0,33,17,0,101.2,53.82584000860163
2,31,107,1,98.45,52.013636875848555
0,33,17,0,91.25,46.97465722123613
1,10,5,0,117.3,66.49345040955855
2,46,107,1,81.8,60.80737489898131
0,33,17,0,83.6,36.77585019948195
1,23,5,0,105.2,50.22014693222967
2,46,107,1,78.25,52.32778772718232
0,41,17,0,98.8,47.39042763659078
1,23,5,0,110.7,46.69396444712606
2,28,107,1,89.65,43.00339643869025
0,41,17,0,84.2,39.41760226625984
1,7,5,0,113.1,51.02104828814333
2,28,107,1,107.15,66.29382363864359
0,41,17,0,76.75,29.19422257192247
0,41,17,0,71.7,33.927321702349815
1,7,5,0,112.1,66.56686389203756
2,38,107,1,98.35,47.22206776720525
0,41,17,0,75.65,33.150811691261396
2,38,107,1,79.05,35.20088964186768
1,11,5,0,99.3,56.730294515271765
0,41,17,0,87.2,42.31535742120359
2,28,107,1,107.15,51.135809885358995
0,41,17,0,67.9,24.867861313667273
1,11,5,0,128.8,66.60140665497278
2,28,107,1,81.6,40.831360496559505
0,41,17,0,83.2,40.866406226810994
2,38,107,1,71.45,36.68711949502312
0,41,17,0,83.7,44.264872612133665
2,46,5,1,131.25,110.58831907479863
2,38,107,1,90.75,54.2381444722206
0,41,17,0,96.85,40.628321726546744
2,46,5,1,107.35,47.62714285827048
2,38,107,1,86.6,42.01929381405141
0,29,17,0,86.25,31.390368955427952
2,38,107,1,78.2,43.3669774925819
2,28,5,1,107.9,86.9566740273266
0,29,17,0,86.35,39.28341688429437
2,34,107,1,102.2,52.06231084504717
0,29,17,0,85.0,34.314336423869925
2,28,5,1,109.3,84.2871657833473
2,34,107,1,91.35,38.12482959409717
0,29,17,0,85.8,42.1183795359798
2,41,5,1,91.7,76.6221762594671
2,47,107,1,85.7,41.16219522558866
0,29,17,0,91.25,47.7954798567484
2,41,5,1,104.45,80.19284322969948
2,47,107,1,75.3,47.78030865049787
0,29,17,0,82.2,51.173183766911606
2,29,107,1,72.65,38.945677417059834
2,42,5,1,102.6,57.60975794538904
0,29,17,0,97.0,50.06837430217959
2,29,107,1,105.65,42.70618715189441
0,29,17,0,86.5,37.71290439484523
2,42,5,1,119.65,90.15207911313556
2,44,107,1,91.1,60.51698326220412
2,46,5,1,83.1,49.381330373671425
0,29,17,0,96.95,42.80614195969644
2,44,107,1,82.7,50.63398068491159
0,29,17,0,86.75,38.01229025626206
2,46,5,1,106.8,64.42425172655338
2,32,107,1,79.3,37.260251150381066
0,38,17,0,74.1,31.896048262078516
2,40,5,1,88.15,65.82774571002076
2,32,107,1,78.85,33.778340927130714
2,40,5,1,86.85,50.90370165425362
0,38,17,0,104.8,39.46697486840305
2,37,107,1,79.55,36.81743723034679
2,42,5,1,96.25,52.817336667344165
2,37,107,1,76.75,49.0497867370223
0,38,17,0,93.6,36.01374006798253
2,42,5,1,78.65,63.115829193133806
0,38,17,0,75.05,36.05036681322981
2,26,107,1,85.4,38.749397278844015
0,38,17,0,77.3,46.614996457544024
2,41,5,1,95.25,40.587624507451714
2,26,107,1,85.9,36.71354260387188
2,41,5,1,77.9,52.005971317066845
2,43,107,1,75.75,33.278529509516936
0,38,17,0,101.4,39.21116919289304
2,32,5,1,82.2,50.76633779022847
2,43,107,1,90.35,45.535729175878444
0,38,17,0,92.5,45.56372056339284
2,32,5,1,102.85,64.34796443024278
0,38,17,0,93.85,47.50099721944904
2,37,107,1,111.65,50.954339725308046
2,24,5,1,78.95,51.101009362778115
0,38,17,0,87.85,28.55147705645477
2,37,107,1,82.3,47.49526292168515
0,38,17,0,79.05,35.760129223833395
2,29,107,1,93.4,46.837232153378515
2,24,5,1,119.9,96.40533944592597
0,42,17,0,95.95,32.77591381358862
2,25,5,1,93.65,52.32215491297011
2,29,107,1,104.1,40.39398079182747
0,42,17,0,82.75,47.06756062467966
2,39,107,1,72.65,32.9341847677423
2,25,5,1,102.15,67.18260661494868
0,42,17,0,73.15,45.14453396999931
2,39,107,1,93.5,46.31073537017434
2,44,5,1,110.35,69.51961101580959
0,42,17,0,89.45,42.40217844453402
2,36,107,1,81.65,48.10654294047963
2,44,5,1,83.1,51.69841695631959
0,42,17,0,88.75,51.10554094997404
2,36,107,1,69.5,20.99498687030336
2,35,5,1,101.4,64.74598138311873
0,42,17,0,94.45,37.84382727946387
3,15,107,1,103.35,50.210373220554416
0,42,17,0,72.75,30.21131715451225
2,35,5,1,101.05,63.44286696249668
3,15,107,1,105.8,65.18685692522284
0,42,17,0,78.75,32.649453932727006
2,41,5,1,111.15,69.60662022356328
3,15,107,1,80.05,38.67336224545806
0,42,17,0,93.1,41.783779275291934
3,15,107,1,91.35,51.807614762392035
2,41,5,1,106.95,67.9136254835198
0,42,17,0,94.55,40.04402182861415
3,10,107,1,81.1,44.5455414509454
2,28,5,1,94.6,56.53168650365358
0,44,17,0,81.25,55.137984805586186
2,28,5,1,95.5,61.84743538060325
3,10,107,1,111.35,65.91324042374109
0,44,17,0,100.7,63.612395349532804
2,36,5,1,91.85,62.24677121197363
3,11,107,1,102.45,46.6176779209008
0,44,17,0,99.8,57.60537255645883
2,36,5,1,105.65,77.49449895586817
0,44,17,0,81.0,37.79863545295336
3,11,107,1,94.3,55.48171818384484
2,46,5,1,98.45,49.69853857853473
0,44,17,0,97.75,50.58903043150758
3,2,107,1,104.4,62.35838693433813
2,46,5,1,102.45,74.62924148221343
3,2,107,1,77.75,52.18174211854484
0,44,17,0,95.5,54.02484808425023
3,10,107,1,78.6,38.82674064963069
2,42,5,1,90.1,57.70697303482574
0,44,17,0,84.4,33.77386096096398
0,44,17,0,79.35,41.5923512705224
3,10,107,1,115.95,47.087237068412094
2,42,5,1,132.65,83.88166790500958
0,44,17,0,77.2,49.134187904682335
3,17,107,1,76.45,43.04278776923456
0,44,17,0,79.95,37.085214815270206
2,32,5,1,94.95,53.08431724004845
0,36,17,0,68.8,46.92278091099304
3,17,107,1,104.0,62.97869313882025
2,32,5,1,107.9,68.81164222181562
0,36,17,0,97.2,52.14211349763261
3,4,107,1,98.2,60.124957599284755
0,36,17,0,75.9,32.87280110717033
2,24,5,1,126.05,76.15598604526315
3,4,107,1,84.6,53.969191991454956
0,36,17,0,90.55,41.46206255818622
2,24,5,1,107.5,65.63254969104406
3,18,107,1,104.45,42.634894283043735
3,11,5,1,99.05,58.07026143524665
0,36,17,0,119.95,60.52444047438061
3,18,107,1,110.45,55.39283157118513
0,36,17,0,83.55,49.815950732355006
3,11,5,1,96.25,43.89805774387075
3,4,107,1,93.65,61.08947277731677
0,36,17,0,95.55,53.344436892411
3,4,107,1,104.95,57.741233100792016
3,17,5,1,141.35,72.80563526483228
0,36,17,0,81.1,39.26683346701534
3,7,107,1,96.95,62.37195304233938
0,36,17,0,90.1,30.284441028704038
3,17,5,1,105.8,75.13818848242917
0,36,17,0,91.35,48.429302786856766
3,7,107,1,109.8,49.230499746226
3,22,5,1,106.05,47.055929767838926
0,39,17,0,92.95,36.66128748421146
3,8,107,1,82.35,48.2441979058513
3,22,5,1,102.95,69.21779129370532
0,39,17,0,80.25,46.85798814110118
3,8,107,1,88.85,42.14920240239304
3,17,5,1,100.2,51.71948630021275
0,39,17,0,77.85,38.36702943111991
3,6,107,1,100.05,47.12969228349409
0,39,17,0,83.95,35.87767961751209
3,17,5,1,108.9,75.64313723350134
3,6,107,1,88.15,60.16405204019038
0,39,17,0,88.7,39.295238763413614
3,15,5,1,109.75,56.56656535259564
3,10,107,1,92.25,45.31860893484567
0,39,17,0,73.25,31.45067148475697
3,15,5,1,114.55,43.80035448066121
0,39,17,0,84.05,51.285039369760604
3,10,107,1,98.95,45.750438594388875
0,39,17,0,87.0,53.821341883171804
3,14,5,1,94.1,75.73075576290687
3,18,107,1,88.85,47.07695268052309
3,18,107,1,77.55,39.191130844134946
0,39,17,0,96.25,37.159506823536034
3,14,5,1,125.6,64.21132872665153
3,0,107,1,78.6,57.806756115799985
0,39,17,0,79.75,39.456671772571255
3,5,5,1,88.3,46.38976747425869
0,45,17,0,85.25,45.09740919154307
3,0,107,1,103.45,62.96237389358656
3,5,5,1,119.45,83.34296610992436
0,45,17,0,91.4,48.41096004658014
3,10,107,1,91.9,37.06594407979265
0,45,17,0,84.15,41.907510945941546
3,11,5,1,94.6,61.35350545469221
3,10,107,1,83.35,51.56526268515922
0,45,17,0,74.95,41.176737172953935
3,11,5,1,120.5,56.42088079313972
3,4,107,1,109.5,58.447007036964244
0,45,17,0,72.1,31.119295080637503
0,45,17,0,82.2,48.37963904044976
3,17,5,1,117.45,59.19679489901282
3,4,107,1,117.15,55.734591923168374
0,45,17,0,92.05,25.134323355251
3,7,107,1,73.0,41.22722656845007
3,17,5,1,102.75,75.53240852006579
0,45,17,0,95.35,39.17743039852893
3,5,5,1,83.2,43.63074724621569
3,7,107,1,110.0,58.48076606885378
0,45,17,0,95.5,45.60874800668005
3,5,5,1,109.5,61.74182238628001
0,45,17,0,87.65,32.2233570076444
3,12,107,1,123.15,60.969599845030615
3,2,5,1,120.7,57.118620800096906
0,27,17,0,87.95,40.58969923774413
3,12,107,1,103.2,59.32213574605759
0,27,17,0,100.1,41.98358075047409
3,2,5,1,120.2,82.32132166091601
4,25,107,2,112.65,59.620973879296784
0,27,17,0,82.45,42.979156514953175
3,7,5,1,107.15,63.62660400211617
4,25,107,2,82.7,50.334774000527815
0,27,17,0,74.6,21.157056804564732
0,27,17,0,79.5,37.52683250548515
3,7,5,1,102.6,63.63911408956966
4,47,107,2,104.05,56.616414766855655
3,10,5,1,72.65,31.461379833895265
0,27,17,0,81.65,33.3565664647276
4,47,107,2,100.8,54.010330395894485
0,27,17,0,81.8,36.10161098606922
3,10,5,1,106.65,61.80978886875443
4,27,107,2,73.7,55.16205789833214
3,16,5,1,81.45,33.386847394555964
0,27,17,0,98.2,49.545938279540124
4,27,107,2,79.65,54.061636363652454
3,16,5,1,92.6,63.83317072032789
0,27,17,0,95.3,40.58791627280737
4,42,107,2,80.55,52.529164831498484
3,4,5,1,93.45,35.56680149269895
0,27,17,0,93.15,37.51810089459276
4,42,107,2,104.8,43.49180201032446
3,4,5,1,106.15,53.927119434717774
0,40,17,0,92.15,45.801947786667675
4,24,107,2,68.2,41.27264928433076
0,40,17,0,85.1,43.79365491171428
3,0,5,1,104.15,57.45961968841112
4,24,107,2,103.05,59.848470938564596
0,40,17,0,85.15,41.04333396738007
3,0,5,1,115.8,52.92357946282446
4,32,107,2,99.4,43.691984089581126
0,40,17,0,83.35,39.49720176630772
3,10,5,1,119.7,59.2373459727454
0,40,17,0,91.2,32.78735314592792
4,32,107,2,94.75,52.22711032243292
0,40,17,0,85.75,46.34297198747162
4,24,107,2,84.05,51.0432994726304
0,40,17,0,73.7,32.514126484539474
3,10,5,1,141.45,104.95737229942448
4,24,107,2,96.35,60.82526742970176
0,40,17,0,75.0,30.851085453906
4,36,107,2,82.95,48.16799002613556
3,15,5,1,122.2,47.70479397734627
0,40,17,0,76.95,39.86355016276081
4,36,107,2,80.8,43.472435307663034
3,15,5,1,100.25,57.90816231895029
0,40,17,0,85.85,52.13370967244252
4,26,107,2,91.2,47.11978017998944
0,24,17,0,80.2,34.80260123369486
3,6,5,1,104.65,71.53672225912331
0,24,17,0,77.1,36.071420382638834
4,26,107,2,83.4,44.674730877167775
3,6,5,1,114.95,70.23754806294663
4,38,107,2,85.9,47.88571922048533
0,24,17,0,97.05,36.5721708982462
3,11,5,1,96.05,37.2353468176621
4,38,107,2,102.2,47.92054827908817
0,24,17,0,100.55,41.20867946389322
0,24,17,0,75.05,33.02546864084397
4,35,107,2,73.9,42.24602130129504
3,11,5,1,108.15,61.24177710646462
4,35,107,2,73.45,34.00073528616697
0,24,17,0,87.3,45.92224549800398
4,35,5,2,109.2,66.52708194095806
0,24,17,0,66.8,33.66334880298719
4,42,107,2,84.65,61.77657109974707
4,35,5,2,90.8,40.72190668682554
0,24,17,0,80.45,37.70449505521087
4,42,107,2,88.45,38.30827174658923
4,35,5,2,112.0,74.2272470897737
0,24,17,0,102.85,55.34321144125609
4,26,107,2,100.85,76.35255829305746
4,35,5,2,84.1,51.3357370136715
0,24,17,0,96.8,35.199581337223165
4,26,107,2,81.15,48.57796229827505
4,29,5,2,90.65,42.3882741978685
4,31,107,2,91.55,48.74042416073563
1,1,17,0,105.25,59.94460161814319
4,29,5,2,105.5,62.522837932693804
4,31,107,2,80.5,29.056206873828817
1,1,17,0,89.5,45.91811934531428
4,38,5,2,84.9,54.04179668991108
4,38,107,2,88.4,53.08225989715842
1,1,17,0,112.2,54.71226168737103
4,38,107,2,90.15,61.088611222163436
4,38,5,2,120.3,87.2914657913361
1,1,17,0,78.25,37.02186409478366
4,47,107,2,88.5,53.10218550364154
4,29,5,2,89.2,51.19683378367928
1,1,17,0,84.05,35.00748040362983
1,1,17,0,84.9,52.695650474658414
4,29,5,2,94.6,84.88592965051146
4,47,107,2,101.05,53.79931030667292
1,1,17,0,78.2,33.88308070253849
4,24,5,2,93.7,49.87468506693868
4,42,107,2,103.6,49.06536992947051
1,1,17,0,77.55,42.55457795893596
4,24,5,2,93.2,58.38583101367912
4,42,107,2,80.4,48.753299483484355
1,1,17,0,93.85,58.89444170002713
4,44,107,2,92.75,48.96494449576844
4,25,5,2,106.05,81.72191292812215
1,1,17,0,90.75,44.57740163852201
4,44,107,2,94.4,48.96980809910488
1,10,17,0,77.5,40.145131447628465
4,25,5,2,118.55,82.94860488658973
4,28,107,2,84.35,49.71209214329205
1,10,17,0,81.1,46.22587564284065
4,35,5,2,80.35,55.92690248040411
4,28,107,2,98.85,63.322295898796476
1,10,17,0,95.45,36.810288893474514
4,35,5,2,105.55,40.51312327992915
1,10,17,0,83.6,34.737208929482605
4,38,107,2,88.7,39.05070927315972
4,36,5,2,104.3,81.5998581010118
1,10,17,0,79.8,35.73381120392694
4,38,107,2,87.2,39.88879278034977
1,10,17,0,80.6,35.915690750774424
4,36,5,2,123.1,68.44736740929602
5,1,107,2,92.15,78.89785201532155
1,10,17,0,99.0,48.840233630201155
4,29,5,2,110.65,74.95983134845939
5,1,107,2,111.0,48.442043505072824
1,10,17,0,79.9,47.52162942448307
4,29,5,2,78.3,62.934468841971274
1,10,17,0,93.95,39.25688005406119
5,8,107,2,108.55,43.93353233189763
4,31,5,2,74.65,44.21749475157161
1,10,17,0,80.35,48.559540230200085
5,8,107,2,90.6,54.86672848582137
4,31,5,2,69.9,55.181900159954246
1,17,17,0,79.95,50.044690553859745
4,37,5,2,93.65,61.188470706240246
5,6,107,2,103.8,64.76727568764954
1,17,17,0,82.45,60.27435083367595
5,6,107,2,86.15,48.44777437721224
4,37,5,2,108.35,75.32056055357835
1,17,17,0,92.65,54.92125942512703
1,17,17,0,93.5,42.11450556456016
5,1,107,2,113.15,79.02183242623522
4,27,5,2,123.95,76.31546370166402
1,17,17,0,94.15,37.83242135078269
5,1,107,2,117.85,82.46803208388977
4,27,5,2,122.05,88.21771811531788
1,17,17,0,83.05,46.39586528764684
1,17,17,0,61.05,16.262565991613343
5,20,107,2,93.35,46.575660008884014
4,24,5,2,109.35,64.99010046072199
1,17,17,0,78.0,32.08377192682668
1,17,17,0,70.75,41.24621194728069
5,20,107,2,114.45,47.51894359095118
4,24,5,2,125.35,74.1515340367278
1,17,17,0,75.75,38.84771211850327
5,1,107,2,89.4,51.741665995597785
4,24,5,2,82.05,54.68327464879722
1,17,17,0,84.8,37.342793287678894
5,1,107,2,92.95,40.330835793341464
4,24,5,2,81.95,40.487132458805256
1,17,17,0,80.45,48.4642841905796
5,16,107,2,73.85,27.21701286830875
4,47,5,2,79.15,48.06385555202907
1,17,17,0,86.4,43.457662397471765
1,17,17,0,82.2,44.29399389010707
4,47,5,2,111.85,78.34087123119805
5,16,107,2,117.35,56.960997736678515
1,17,17,0,92.45,36.6196309159589
4,41,5,2,106.8,94.53854685843898
5,6,107,2,116.35,51.886794791008334
1,17,17,0,78.25,37.2090467211233
4,41,5,2,91.25,58.546315448810084
1,17,17,0,93.35,45.94994416123978
5,6,107,2,120.9,55.67093165718487
4,45,5,2,78.95,35.51941648406433
1,17,17,0,77.05,32.45154282278344
5,17,107,2,87.45,41.32856155251474
1,17,17,0,77.8,26.833992582072778
4,45,5,2,100.2,66.17011569074302
1,17,17,0,77.3,46.981631348970055
5,17,107,2,94.4,56.61262645103308
4,34,5,2,104.95,63.6970419870086
1,17,17,0,77.15,56.48034124691901
5,14,107,2,114.15,52.62806435633688
1,17,17,0,79.2,35.55662644586135
4,34,5,2,96.9,83.30533564765477
4,35,5,2,91.55,54.84953101560285
1,17,17,0,94.0,33.2913771038941
5,14,107,2,118.85,83.5629450741995
4,35,5,2,78.65,44.301924634442116
1,17,17,0,92.5,34.06263580368872
5,10,107,2,84.15,29.790982386939632
5,16,5,2,92.45,64.63132286079903
1,17,17,0,78.25,27.04941871152833
5,10,107,2,86.3,52.01123360441118
1,17,17,0,86.3,55.890965280624734
5,16,5,2,116.75,62.80619731405995
5,22,107,2,92.25,55.32095348723521
1,17,17,0,84.0,39.05731281348637
5,22,107,2,79.95,45.879103143622565
1,17,17,0,68.85,27.24600405274331
5,12,5,2,126.2,99.47948743863044
5,19,107,2,101.3,49.40711647014767
1,17,17,0,83.65,40.26919287416674
5,12,5,2,114.95,52.70621155843118
5,19,107,2,66.55,42.83195437742099
1,17,17,0,95.05,47.049218350238526
5,20,5,2,96.5,55.10611772322847
5,23,107,2,94.4,53.59340100776352
1,3,17,0,77.55,34.553505420465015
5,20,5,2,79.5,40.32825834390361
5,23,107,2,66.5,37.73104264325819
1,3,17,0,99.15,48.52592904287031
5,14,5,2,108.75,87.81012709848808
5,18,107,2,113.6,59.1931717256929
1,3,17,0,79.0,37.309516212355256
5,14,5,2,89.6,56.97035240045105
1,3,17,0,71.95,37.96463035372183
5,18,107,2,104.85,65.15752168076182
5,17,5,2,100.75,66.99872347566348
1,3,17,0,102.5,50.56990992155002
5,9,107,2,85.0,43.38445028251239
5,17,5,2,97.9,60.9615064049265
1,3,17,0,85.0,52.444456834174375
5,9,107,2,94.95,54.74580012730608
5,4,5,2,94.85,70.35045729848004
1,3,17,0,101.15,36.85001606798193
5,7,107,2,113.6,95.71250811950502
5,4,5,2,96.1,65.28794520793011
1,3,17,0,78.45,44.750154366096595
1,3,17,0,78.4,32.79826696320209
5,7,107,2,110.35,58.67329258834801
5,17,5,2,110.6,70.53808228631948
1,3,17,0,75.5,43.443247915800264
5,17,5,2,78.2,45.58924157483234
1,19,17,0,79.4,38.448051076471316
5,16,107,2,106.75,61.062414143666416
5,21,5,2,93.6,48.37071754470337
1,19,17,0,98.4,54.845620657105876
5,16,107,2,99.95,52.94135285488333
5,21,5,2,117.65,62.83920583102308
5,8,107,2,85.45,44.45041590001392
1,19,17,0,107.25,39.581860545084616
5,17,5,2,107.75,53.43552435559975
5,8,107,2,95.5,62.363535229457526
1,19,17,0,81.15,36.73700987746338
5,17,5,2,102.4,64.56852744830182
1,19,17,0,79.7,36.70522693310213
5,22,107,2,100.4,52.856707984392756
1,19,17,0,77.95,28.26840341404069
5,16,5,2,90.35,51.434449852010154
5,22,107,2,83.25,40.50194927082944
1,19,17,0,79.25,36.06846559706021
6,25,107,3,90.7,51.47518564164782
5,16,5,2,140.0,82.73674166325763
1,19,17,0,95.85,53.976871265190496
6,25,107,3,83.65,45.316750708064255
5,16,5,2,99.7,64.42384324881098
1,19,17,0,79.9,38.44052138317749
6,34,107,3,96.05,53.66413582351075
1,19,17,0,82.1,40.4304470990809
5,16,5,2,121.7,64.77905769451633
6,34,107,3,88.85,57.91761390112683
1,5,17,0,102.4,43.01333942419552
5,14,5,2,109.85,56.12699416220515
6,45,107,3,64.15,44.93067759864838
1,5,17,0,98.25,31.582598473143236
6,45,107,3,76.85,52.827699074194825
5,14,5,2,111.05,85.38857004738304
1,5,17,0,98.05,47.561013445888634
6,38,107,3,102.1,61.486755099220986
5,22,5,2,101.2,72.71472738687375
1,5,17,0,88.25,32.27329839780378
6,38,107,3,73.4,34.541203465457095
5,22,5,2,83.7,44.33022017825573
1,5,17,0,71.55,42.31022646072572
6,25,107,3,67.8,44.413843266308426
5,20,5,2,81.6,30.860296413625743
1,5,17,0,78.65,45.821478530672074
6,25,107,3,89.3,39.58880756237205
1,5,17,0,64.3,30.888764777402223
5,20,5,2,131.7,75.27919961541065
6,28,107,3,80.2,41.52183952927347
1,5,17,0,85.75,42.62674598986194
6,28,107,3,75.4,44.40649549452493
5,9,5,2,98.2,67.93076971214305
1,5,17,0,84.5,44.65128040835182
1,5,17,0,70.55,40.05190711012267
6,41,107,3,98.05,45.148264523386544
5,9,5,2,106.3,63.24064316061643
1,9,17,0,82.05,40.94087521240716
6,41,107,3,80.7,44.99251399721373
5,22,5,2,113.0,56.68472364523657
1,9,17,0,95.35,28.12242970711419
6,46,107,3,88.2,50.86680232673731
5,22,5,2,86.25,59.898049348784916
1,9,17,0,82.4,39.84232079480047
6,46,107,3,63.4,34.31648368687531
1,9,17,0,84.75,50.1889849521418
6,45,107,3,77.5,43.8808194521191
5,13,5,2,130.25,66.29191821823103
6,45,107,3,75.3,45.81093870750913
1,9,17,0,89.9,38.01786283757732
5,13,5,2,100.95,54.43245452175712
1,9,17,0,73.95,37.42146161594552
6,35,107,3,72.4,51.36494811383384
5,22,5,2,98.75,64.62187587887915
1,9,17,0,84.65,36.65669322094857
6,35,107,3,92.6,47.375765512493174
5,22,5,2,109.25,64.11246286594239
1,9,17,0,84.55,43.21485490211122
6,24,107,3,98.05,59.31226464098388
1,9,17,0,69.4,36.89587054343473
5,22,5,2,118.5,65.57318129588619
6,24,107,3,81.15,48.048522623653994
1,9,17,0,93.0,44.790741524513635
5,22,5,2,83.0,50.92305857602077
1,15,17,0,91.15,43.457511009696525
6,33,107,3,106.1,69.3168924501623
5,16,5,2,120.8,60.790061514587805
1,15,17,0,77.35,27.74749870187449
6,33,107,3,87.25,41.37234647239117
1,15,17,0,85.75,42.44113570582201
6,33,107,3,75.1,42.5204594716968
5,16,5,2,114.25,68.0857624810913
1,15,17,0,75.5,36.52756709520546
6,27,5,3,56.65,45.104877785002365
6,33,107,3,90.4,34.78868539595808
1,15,17,0,76.75,35.09817059260167
6,30,107,3,82.6,48.10120908864427
6,27,5,3,122.7,84.59133960898188
1,15,17,0,97.75,54.763486683046494
6,30,107,3,81.65,57.88034390469977
6,47,5,3,99.15,91.00796668424142
1,15,17,0,82.5,40.50795893206797
6,47,107,3,67.15,32.9421742164245
6,47,5,3,88.0,56.21013207036985
1,15,17,0,98.05,51.139103382214685
6,47,107,3,100.6,66.38040294195902
6,25,5,3,85.35,60.87197523015868
1,15,17,0,99.8,33.18465085896759
6,37,107,3,82.0,57.561866031710885
6,25,5,3,103.3,75.8295179298516
1,15,17,0,77.3,38.350324228369345
6,37,107,3,98.15,48.14044693995837
6,43,5,3,77.75,59.206929715328
1,16,17,0,92.9,44.22299949359526
6,43,5,3,77.95,44.89341177781692
6,34,107,3,97.85,52.20231392330581
1,16,17,0,65.5,40.67522199337732
1,16,17,0,71.45,35.85126438348774
6,34,107,3,82.25,46.289563448044376
6,44,5,3,117.15,61.61021360986044
6,39,107,3,66.35,33.241184031100246
1,16,17,0,84.5,44.541524091807325
6,44,5,3,108.0,59.44302889498924
6,39,107,3,77.0,28.593337464668604
1,16,17,0,76.4,30.189576451414318
1,16,17,0,92.5,47.65390578790059
6,33,107,3,90.15,52.88744254496872
6,44,5,3,109.9,103.54094028832012
6,33,107,3,80.1,47.90769633807341
1,16,17,0,94.7,45.12917133366353
6,44,5,3,91.9,75.30422508591052
1,16,17,0,96.25,33.06910626965423
6,30,5,3,97.8,60.50976432731636
6,46,107,3,109.45,59.99603057045131
1,16,17,0,74.45,37.12776659902369
6,30,5,3,88.05,62.72284482672876
6,46,107,3,83.1,50.070371531107675
1,16,17,0,91.1,30.46464732837236
6,35,5,3,77.0,64.91046464979766
7,8,107,3,88.8,32.36892596953215
1,3,17,0,86.55,38.568428594000636
7,8,107,3,74.95,35.06906719153235
6,35,5,3,88.8,75.0014736697325
1,3,17,0,88.25,43.028601259113564
7,18,107,3,88.15,44.93067759864838
6,40,5,3,112.0,90.66363514023749
1,3,17,0,92.0,47.868240212615206
7,18,107,3,87.75,55.95475145621072
6,40,5,3,108.6,66.61231117443681
1,3,17,0,85.85,47.970687321584876
7,11,107,3,94.05,56.09529016724459
1,3,17,0,78.7,41.4311095929769
6,43,5,3,100.85,61.337097043177806
7,11,107,3,82.35,53.453644452583006
1,3,17,0,84.35,32.95495330551117
6,43,5,3,107.5,70.99555212161275
7,5,107,3,87.85,50.54989718350729
1,3,17,0,72.0,27.909628596974425
6,40,5,3,89.25,38.861257936678435
1,3,17,0,92.85,46.61632309553563
7,5,107,3,88.4,48.8298873103025
6,40,5,3,91.75,59.95425888037259
1,3,17,0,77.8,35.28321503431759
7,11,107,3,78.25,35.92224790762462
6,34,5,3,97.5,65.24246276290022
1,3,17,0,90.0,30.863025058951585
7,11,107,3,102.1,59.734412192638175
6,34,5,3,92.7,67.01068257335817
1,20,17,0,85.45,37.985419640477296
7,2,107,3,95.55,59.9468843841648
6,35,5,3,93.2,69.37055343739537
1,20,17,0,94.5,48.724250959649936
7,2,107,3,94.45,61.72730778444651
6,35,5,3,88.65,67.05635885699353
1,20,17,0,88.6,51.012279223525645
6,39,5,3,66.35,38.92269666646279
7,13,107,3,90.85,59.13612752748838
1,20,17,0,94.4,45.92029708321284
6,39,5,3,86.6,71.35559580461492
1,20,17,0,76.05,45.83893426702722
7,13,107,3,105.05,84.09735899226375
6,34,5,3,81.7,50.280371811211616
1,20,17,0,89.55,43.87959002831079
7,23,107,3,90.05,62.87119246606718
6,34,5,3,105.1,59.6303525678695
1,20,17,0,95.15,42.19662620586976
7,23,107,3,97.5,62.804207033069304
6,38,5,3,93.2,71.77494064966656
1,20,17,0,91.1,36.49066210762188
6,38,5,3,67.1,69.47919037191527
7,23,107,3,75.85,54.7186824633627
1,20,17,0,80.45,56.581078295244886
6,32,5,3,79.7,67.9838216048495
7,23,107,3,77.1,48.276506218155205
1,20,17,0,93.4,45.29714758069617
6,32,5,3,86.85,65.06213629252707
7,19,107,3,108.9,69.26144214800219
1,19,17,0,86.55,57.85414964874125
6,44,5,3,81.95,57.176987457690025
7,19,107,3,93.35,42.56546042336006
1,19,17,0,85.1,42.28586923361166
6,44,5,3,127.2,86.26617315946586
7,1,107,3,82.35,53.20296291709602
1,19,17,0,84.4,43.108675399933624
6,43,5,3,73.55,43.69809703191349
7,1,107,3,83.15,41.83208916860986
1,19,17,0,89.15,40.025353806911205
6,43,5,3,71.45,55.12901137093646
7,20,107,3,72.05,38.75628981210663
1,19,17,0,77.45,35.71594808161224
6,27,5,3,91.5,85.83674835652299
7,20,107,3,97.4,53.08523434311238
1,19,17,0,95.9,49.839637575771064
6,27,5,3,109.1,78.7674124442202
1,19,17,0,94.05,40.69200749144984
7,7,107,3,107.1,53.501500224907616
7,2,5,3,109.0,85.58652131953342
1,19,17,0,95.95,51.99643206382935
7,7,107,3,84.35,38.28738283312829
1,19,17,0,78.35,38.553141724665
7,2,5,3,101.9,65.51568715321464
7,19,107,3,103.35,76.79108706504667
7,1,5,3,82.0,60.35160138284389
1,19,17,0,102.8,33.98079953211968
7,19,107,3,90.6,46.62888194648192
1,20,17,0,83.75,44.328765758638156
7,1,5,3,107.55,76.27062275041972
7,20,107,3,96.95,99.64699535967218
1,20,17,0,94.95,45.123777137534645
7,15,5,3,108.8,48.48287814975727
7,20,107,3,83.55,39.204558005684135
1,20,17,0,98.05,51.037112399755365
7,15,5,3,96.35,69.49840967510279
7,23,107,3,86.1,51.29060650635235
1,20,17,0,73.1,40.53575419825136
7,23,5,3,108.05,59.60172639675535
7,23,107,3,73.55,43.649892988353784
1,20,17,0,84.25,55.92746712436894
7,23,5,3,92.4,59.46728423878832
7,23,107,3,70.1,40.224239877022036
1,20,17,0,93.6,46.57919119769663
7,17,5,3,78.85,43.30342760227258
7,23,107,3,95.9,39.25342760762897
1,20,17,0,72.95,34.941266509145855
7,17,5,3,113.35,79.89418989480629
7,12,107,3,89.3,64.25696767461753
1,20,17,0,91.25,43.67930378276843
1,20,17,0,69.65,29.44624897923958
7,18,5,3,114.1,69.11843382728547
7,12,107,3,96.55,64.31049271840646
1,20,17,0,85.85,42.99605245037955
7,1,107,3,83.1,53.836888155945545
7,18,5,3,108.85,60.37538274914092
1,20,17,0,81.05,39.013459216019285
7,1,107,3,105.8,61.050970939302665
7,6,5,3,117.2,64.15080915927307
1,20,17,0,96.8,47.040408161494526
7,19,107,3,85.4,45.322702571901566
1,20,17,0,69.8,35.40383565303862
7,6,5,3,117.55,75.77492641820386
1,20,17,0,92.3,45.99668180251817
7,19,107,3,104.95,58.654631440950034
7,3,5,3,83.35,48.09231802098521
1,20,17,0,87.7,50.29502434321123
8,34,107,4,82.65,50.77222095843978
7,3,5,3,117.9,82.35475252320228
8,34,107,4,64.4,47.33686668304547
1,20,17,0,89.8,53.708374334774
7,14,5,3,108.35,65.4404309276765
8,30,107,4,82.55,53.90583895724294
1,20,17,0,104.25,54.900747765974536
8,30,107,4,80.5,43.58959315684132
7,14,5,3,114.85,56.826860772553296
1,20,17,0,89.5,46.370930095208756
8,25,107,4,73.3,45.32467667606106
7,8,5,3,109.9,70.55113860098034
1,20,17,0,100.95,50.35502901765047
8,25,107,4,80.65,50.78362251542788
7,8,5,3,102.25,70.86969139127625
1,20,17,0,91.65,50.39034473096273
8,46,107,4,68.95,36.73586373301337
1,15,17,0,89.35,41.004845670006524
8,46,107,4,92.85,61.72457925503037
7,21,5,3,120.6,84.77425130433488
1,15,17,0,102.25,41.44225532371265
8,34,107,4,80.05,68.45857372009348
7,21,5,3,102.25,54.25948861962448
8,34,107,4,75.5,46.93836944670947
1,15,17,0,92.5,43.766726126013516
7,1,5,3,80.85,55.539720257809996
1,15,17,0,62.0,27.397656449911338
8,46,107,4,89.7,54.847252006199724
1,15,17,0,77.35,44.965805721798496
8,46,107,4,74.55,48.78359840852467
7,1,5,3,147.9,98.68978510570648
1,15,17,0,89.5,46.50127332721795
8,39,107,4,64.95,53.21008511452258
7,23,5,3,125.75,102.02470031166085
8,39,107,4,80.35,48.94494759152207
1,15,17,0,102.05,51.54607034897086
1,15,17,0,85.4,37.939564129227804
8,33,107,4,87.25,57.42993442814515
7,23,5,3,117.9,81.07300154149573
8,33,107,4,65.7,43.18637699431079
1,15,17,0,89.1,36.453142236950825
7,7,5,3,98.45,54.38892592392219
8,41,107,4,73.3,52.79762753840565
1,15,17,0,80.4,35.56225083161254
7,7,5,3,109.0,61.354020157392156
8,41,107,4,65.85,43.33744582374826
1,16,17,0,99.65,49.30706685765503
8,34,107,4,71.35,46.21833197472964
1,16,17,0,74.5,37.50017543818611
7,17,5,3,101.7,90.28731915390998
8,34,107,4,70.75,44.35131873669835
7,17,5,3,82.8,67.4088858737247
1,16,17,0,89.45,38.35358351472588
8,39,107,4,79.35,53.10394474394931
1,16,17,0,84.7,41.58073946837457
7,17,5,3,120.5,87.09371842718443
8,39,107,4,98.85,63.799253419159264
1,16,17,0,79.45,33.250999193534334
7,17,5,3,109.8,75.10315712755568
8,39,107,4,75.35,50.7919129493331
1,16,17,0,96.75,46.689201952350494
8,39,107,4,73.85,48.58662908986164
7,21,5,3,93.3,82.31205066216323
1,16,17,0,88.5,42.44935062425635
1,16,17,0,70.95,31.98433004489937
8,38,107,4,105.75,63.67423258066674
7,21,5,3,113.0,78.21428056442458
1,16,17,0,78.7,46.39884299827904
8,38,107,4,79.25,44.35725182508137
7,18,5,3,101.9,48.850900977523324
1,16,17,0,101.1,49.50693731291871
8,40,107,4,86.95,31.67844194733267
7,18,5,3,106.4,66.18824828114364
1,10,17,0,82.55,38.30964561789134
8,40,107,4,85.75,51.83564613782986
7,14,5,3,99.9,66.87923129752141
1,10,17,0,90.3,39.940877359048166
8,32,107,4,77.0,46.376037369586285
1,10,17,0,83.55,39.09835775256255
8,32,107,4,70.85,45.003245496998964
7,14,5,3,119.3,92.45488231109213
1,10,17,0,83.8,34.527792009519395
8,31,107,4,79.55,51.73360406422197
7,1,5,3,104.45,58.04215799970878
1,10,17,0,91.3,41.86331140874146
8,31,107,4,87.2,51.89118168669996
7,1,5,3,84.5,46.38454824388693
8,32,107,4,79.35,41.328306853395546
8,30,5,4,67.95,55.37572620410119
1,10,17,0,100.2,44.45766762355303
1,10,17,0,69.85,31.48646325678787
8,32,107,4,72.9,55.02430085162852
8,30,5,4,101.5,68.98321687574679
8,33,107,4,79.3,43.681984724525556
1,10,17,0,114.6,58.64648775771478
8,41,5,4,112.5,75.45894666359283
8,33,107,4,88.7,57.1186208000969
1,10,17,0,96.55,53.832562049767844
8,47,107,4,84.95,49.18223363434359
8,41,5,4,141.75,118.02536524876872
1,10,17,0,97.6,35.247097678203836
8,47,107,4,66.5,41.3171303838722
8,35,5,4,82.7,51.537518270418154
1,17,17,0,84.35,43.39206209241016
8,40,107,4,78.95,68.23216944644528
8,35,5,4,80.0,61.28879008002755
8,40,107,4,58.95,35.843923363734376
1,17,17,0,90.0,51.59559344709483
8,29,5,4,90.5,81.14152678142712
9,0,107,4,78.75,48.261213586503445
1,17,17,0,97.05,51.4418169033306
8,29,5,4,74.95,40.09131025415279
9,0,107,4,98.7,58.726036546161126
1,17,17,0,89.9,34.44125433255879
8,24,5,4,75.0,62.89423034369938
1,17,17,0,73.3,35.17340502499909
8,24,5,4,69.65,51.34637280275989
9,20,107,4,108.85,78.8084119207695
1,17,17,0,66.9,26.469247300057077
8,40,5,4,85.15,77.32860504298999
9,20,107,4,82.45,56.990742553875414
1,17,17,0,90.95,44.26294042126937
1,17,17,0,79.1,47.030673081791164
8,40,5,4,114.7,77.6755058594813
9,8,107,4,97.4,55.475362003989524
1,17,17,0,75.5,37.60669033423091
8,41,5,4,84.8,75.80001388695888
9,8,107,4,94.45,57.31030494275509
1,17,17,0,88.8,44.805544769651696
8,41,5,4,95.3,57.720834512696584
9,3,107,4,112.15,77.661393917848
2,24,17,1,91.35,68.99982837507261
8,39,5,4,92.7,59.47144383297708
9,3,107,4,80.9,42.87546225007837
2,24,17,1,80.65,33.31393733938742
8,39,5,4,86.25,69.51930818503817
2,24,17,1,93.75,49.54623040523286
8,38,5,4,96.5,72.3693014300517
9,18,107,4,115.15,92.24411263484231
2,24,17,1,75.6,34.00526275059262
8,38,5,4,79.1,70.14338697868891
9,18,107,4,112.45,48.76849176951943
2,24,17,1,100.55,57.205515928375114
8,37,5,4,98.65,60.29425651271482
2,24,17,1,69.2,35.53737839455655
9,6,107,4,107.95,50.10670193644128
8,37,5,4,87.0,80.74586513774005
2,24,17,1,90.9,53.69102639910578
9,6,107,4,92.65,74.25296378986462
8,36,5,4,82.4,73.52364460355236
2,24,17,1,85.95,38.13200755271089
9,22,107,4,76.55,50.689431058679595
8,36,5,4,88.4,81.1609187777104
2,24,17,1,92.0,29.599075376739297
9,22,107,4,81.45,51.18436747371418
8,42,5,4,106.8,97.90736760621718
2,24,17,1,83.55,39.23139854222568
9,3,107,4,71.2,50.16562043555537
8,42,5,4,88.8,65.88634552254199
2,37,17,1,83.45,47.18549621050497
9,3,107,4,120.75,63.168009058549984
2,37,17,1,82.85,42.18290374572444
8,29,5,4,97.4,71.82024344445688
9,9,107,4,77.4,45.46531355706353
2,37,17,1,78.85,47.52093721386617
8,29,5,4,112.45,49.543680886561845
2,37,17,1,68.65,26.19215430941909
9,9,107,4,88.35,49.29639145542314
2,37,17,1,81.5,37.704529952611374
8,32,5,4,104.8,91.10872625605079
9,11,107,4,108.75,54.62491719854017
8,32,5,4,91.7,62.61082805293095
2,37,17,1,101.75,45.41142332520588
2,37,17,1,79.7,42.9272334121482
8,27,5,4,96.85,71.37910279479192
9,11,107,4,129.9,106.38109250287508
2,37,17,1,94.45,47.13192570914785
9,5,107,4,95.0,48.61340512548712
8,27,5,4,119.2,105.26587891219972
2,37,17,1,94.8,56.326678730794214
9,5,107,4,83.95,40.047964663440894
8,43,5,4,97.2,74.9741007913645
2,37,17,1,75.3,40.73289114527265
9,12,107,4,73.05,38.95540635406754
8,43,5,4,93.65,60.823536822343264
2,36,17,1,94.1,45.5410745776185
9,12,107,4,101.65,59.43884517543619
8,42,5,4,88.45,70.21806260350306
2,36,17,1,73.55,39.424110976860206
8,42,5,4,77.75,59.724697351131134
2,36,17,1,88.1,41.745973647640234
9,8,107,4,112.85,73.43831998422392
8,42,5,4,84.95,59.27764733594115
2,36,17,1,90.0,45.41040919390503
9,8,107,4,103.15,56.93512004674129
8,42,5,4,88.75,60.352364450258634
2,36,17,1,93.0,61.865728970510254
8,30,5,4,89.25,61.74981355181739
9,15,107,4,121.55,85.53575737359017
2,36,17,1,66.35,34.39901314373943
8,30,5,4,77.6,51.92849334472002
2,36,17,1,85.6,55.01521320698962
9,15,107,4,110.1,71.43779038251982
8,30,5,4,85.85,66.92672741218762
2,36,17,1,87.4,36.98420715585733
9,13,107,4,109.5,59.695278840034526
8,30,5,4,112.1,110.53691929086764
2,36,17,1,92.75,61.08912815671353
9,13,107,4,96.05,55.37477575100132
9,16,5,4,102.3,62.728403706606045
2,36,17,1,79.6,46.614206102070604
9,13,107,4,95.9,51.138511597631116
2,32,17,1,79.45,36.048906837940685
9,16,5,4,123.35,86.1860136412424
9,13,107,4,75.45,52.97613663369177
2,32,17,1,85.5,33.57709118776638
2,32,17,1,77.05,46.51256197042506
9,9,107,4,91.4,60.05909370646634
9,20,5,4,125.9,94.1057076405375
2,32,17,1,93.8,41.40378828332652
9,9,107,4,95.15,50.34332130481659
9,20,5,4,110.3,61.77130998159344
2,32,17,1,62.0,28.672378052018892
9,20,107,4,98.9,61.52012935445986
2,32,17,1,84.7,57.84744001068218
9,10,5,4,112.45,90.4389733175739
2,32,17,1,73.35,31.860344928254758
9,20,107,4,94.4,45.788300045455195
9,10,5,4,106.1,79.65775476836414
2,32,17,1,85.25,44.85165607457074
9,17,107,4,87.1,56.53215200685638
9,20,5,4,94.55,74.94101189040548
2,32,17,1,83.7,56.835033673180654
9,17,107,4,105.0,70.96848818869876
9,20,5,4,106.45,66.20659451969068
2,32,17,1,85.5,59.49745682313701
9,5,107,4,88.1,55.90395899736393
2,28,17,1,91.55,37.37924417021888
9,12,5,4,110.45,110.41189628887487
2,28,17,1,84.05,52.782049380846374
9,5,107,4,110.45,89.5376868610143
9,12,5,4,119.7,89.2896528454622
2,28,17,1,97.9,43.53570827190988
10,31,107,5,91.9,62.05761329942566
2,28,17,1,78.8,41.558582621086636
10,31,107,5,82.65,51.56322128682114
9,17,5,4,125.0,71.45186086486923
2,28,17,1,88.9,48.31464853600711
10,47,107,5,74.9,29.4759491610935
9,17,5,4,90.5,56.451656075656544
2,28,17,1,83.0,41.47668971209834
10,47,107,5,96.5,56.34713834792323
9,7,5,4,113.9,60.70281359992606
2,28,17,1,63.1,31.032919702521674
10,46,107,5,75.75,48.02726747434869
2,28,17,1,81.05,36.27305074743943
9,7,5,4,90.4,80.10085747619094
10,46,107,5,61.45,41.92031915306391
2,28,17,1,82.65,41.839637464465376
9,23,5,4,95.1,59.395108783202176
10,28,107,5,63.95,39.84638265296257
2,28,17,1,80.1,43.64317032239378
9,23,5,4,77.9,41.00564787800258
10,28,107,5,74.9,45.82334500413977
2,41,17,1,78.45,44.1271786401175
9,23,5,4,81.85,63.581919806779894
10,28,107,5,78.45,48.15378325848617
2,41,17,1,85.9,34.964493267795035
9,23,5,4,92.4,73.29637026986289
10,28,107,5,84.8,63.905851803546454
2,41,17,1,69.25,27.018268673348835
9,4,5,4,92.15,66.34302803174613
2,41,17,1,67.4,35.44068432272659
10,36,107,5,96.2,44.94979655711821
2,41,17,1,78.45,39.54541027330746
9,4,5,4,102.35,63.919583524102656
10,36,107,5,75.85,49.721619781380916
10,30,107,5,56.45,47.98078014328127
9,21,5,4,77.7,46.566421152450275
2,41,17,1,80.8,55.25500691768742
9,21,5,4,69.35,36.14484748895753
10,30,107,5,71.3,47.98694998039627
2,41,17,1,85.35,42.680298672066975
10,34,107,5,57.7,38.21834775684525
2,41,17,1,73.65,44.506977572416424
9,1,5,4,102.3,74.75440490453775
10,34,107,5,77.2,56.55328181644746
2,41,17,1,78.6,32.67769237488119
9,1,5,4,111.4,66.24150392393928
10,46,107,5,76.5,41.57238455867953
2,41,17,1,89.85,41.43514272488486
9,3,5,4,84.6,55.37660535869485
10,46,107,5,75.35,42.78867902414819
2,40,17,1,82.1,44.321671068629506
10,40,107,5,55.8,31.844358336991764
9,3,5,4,102.5,57.30022503859548
2,40,17,1,75.35,46.52930598869356
10,40,107,5,64.05,28.572115593243776
2,40,17,1,55.9,33.593389073948536
9,5,5,4,105.15,63.91299596038023
10,42,107,5,96.85,54.023654663100075
2,40,17,1,59.4,44.179538011927754
2,40,17,1,77.55,39.54541027330745
9,5,5,4,118.3,60.47800818218314
10,42,107,5,91.1,39.23062713318713
2,40,17,1,75.55,45.91579822148134
10,37,107,5,79.65,48.215825093776886
9,23,5,4,99.0,72.3012702807532
2,40,17,1,87.5,45.321657423123305
10,37,107,5,69.8,54.805493385819986
9,23,5,4,103.75,66.12418539941979
2,40,17,1,66.6,38.40422125920946
10,44,107,5,76.05,46.97644986698402
2,40,17,1,73.65,44.26389166423528
9,4,5,4,106.4,51.186346863818656
10,44,107,5,81.55,53.97511609894635
2,40,17,1,86.75,31.78525808576906
10,43,107,5,94.45,51.10100936277812
9,4,5,4,111.05,87.30676407147146
2,30,17,1,80.05,41.39600158672841
10,43,107,5,73.75,69.81319057991382
2,30,17,1,79.6,42.01052499703278
9,7,5,4,103.5,45.78496650533597
10,47,107,5,68.8,40.28399185780873
2,30,17,1,78.3,26.58076075106322
9,7,5,4,81.05,56.174048138001645
10,47,107,5,61.0,44.36451877701131
2,30,17,1,87.0,41.40429675134797
9,2,5,4,106.1,76.24123763285505
10,28,107,5,80.55,48.5684270412699
2,30,17,1,86.5,42.218105370239336
9,2,5,4,73.3,47.31540307786728
10,28,107,5,82.8,48.88719561129317
2,30,17,1,80.55,33.76774387364056
9,9,5,4,71.05,47.744357616482034
10,39,107,5,70.25,51.876244436563695
2,30,17,1,114.55,47.09170784085476
9,9,5,4,106.25,54.95632236986981
10,39,107,5,73.0,55.145739922309026
2,30,17,1,67.8,44.70440929624633
10,30,107,5,91.35,54.38292591962065
9,3,5,4,107.1,55.54031252873424
2,30,17,1,95.45,56.64429641004885
9,3,5,4,83.7,44.44641954675671
10,30,107,5,91.2,46.53306690719487
2,30,17,1,79.55,34.808460858940904
10,34,5,5,74.35,60.50339268434283
10,46,107,5,70.0,38.077483331256346
2,33,17,1,83.95,41.84114696022766
10,46,107,5,74.95,36.75734799436634
10,34,5,5,88.65,56.22630495080619
2,33,17,1,90.45,50.382197148136406
10,45,107,5,89.6,57.96405419695354
2,33,17,1,74.25,33.24846652577814
10,35,5,5,112.8,93.75589806008277
10,45,107,5,84.05,58.655528747353216
2,33,17,1,79.05,46.15816629578642
10,35,5,5,82.55,83.14696880255245
2,33,17,1,83.7,46.54720298001973
11,4,107,5,108.3,58.04272473563626
10,44,5,5,92.8,62.07601452209516
2,33,17,1,86.05,49.27311106155375
11,4,107,5,74.15,39.110201926566965
10,44,5,5,75.85,42.0228947623855
2,33,17,1,76.3,32.434711750157255
11,14,107,5,98.55,75.22770696184247
10,24,5,5,106.0,83.0478619136041
2,33,17,1,99.4,68.41467986516221
11,14,107,5,81.8,44.645504282419964
10,24,5,5,104.85,76.68409222257247
2,33,17,1,78.4,31.665023041370528
11,20,107,5,74.65,44.5353496497002
10,25,5,5,71.9,61.943012859444146
2,33,17,1,86.35,39.93979021108227
11,20,107,5,96.1,71.158755055528
10,25,5,5,102.1,66.01108359885284
2,34,17,1,91.1,42.53159816072356
11,0,107,5,68.2,43.404583798682395
2,34,17,1,75.1,32.84396924534965
10,27,5,5,69.1,54.254662666471646
11,0,107,5,98.3,48.68707815167561
2,34,17,1,81.5,57.38283256936878
10,27,5,5,93.8,85.28379867119824
11,17,107,5,76.65,59.44238696772743
2,34,17,1,75.55,48.041073435572876
10,30,5,5,95.25,63.3784580702972
2,34,17,1,84.55,36.56209570176829
11,17,107,5,109.0,59.56685761659574
10,30,5,5,78.4,60.497411862866194
2,34,17,1,67.7,31.42426149532103
11,8,107,5,86.4,69.27321955394032
10,24,5,5,86.2,68.31166965113879
2,34,17,1,78.3,40.102631492603805
11,8,107,5,80.75,58.02891747360013
2,34,17,1,82.95,44.841797935690124
10,24,5,5,100.85,62.63198695134686
2,34,17,1,91.45,46.07028383493614
11,8,107,5,101.4,77.24969766590472
10,37,5,5,103.45,79.61782067113526
2,34,17,1,77.5,36.63690977545373
10,37,5,5,52.9,39.58721218298975
11,8,107,5,103.6,87.33625279705775
2,35,17,1,81.75,48.216480039177696
10,27,5,5,96.2,54.805493385819986
2,35,17,1,66.75,18.914975965870898
10,27,5,5,54.65,54.53176283501879
11,15,107,5,94.55,61.59927802037601
2,35,17,1,85.1,49.555816483722886
10,25,5,5,78.5,52.667277367101086
11,15,107,5,99.3,46.6048337226493
2,35,17,1,110.7,47.41540944283386
10,25,5,5,106.7,83.50234790269766
2,35,17,1,70.05,33.78488450553933
11,13,107,5,114.65,70.18042537106169
10,31,5,5,96.85,74.33089249395145
2,35,17,1,100.8,45.831039815024006
11,13,107,5,111.7,59.21957357780317
10,31,5,5,79.4,57.9322653486039
2,35,17,1,87.6,42.51117500140404
11,2,107,5,75.5,55.21393798098829
10,44,5,5,83.5,59.92846612947456
11,2,107,5,70.25,38.55669100237508
2,35,17,1,93.85,62.65299169569681
10,44,5,5,75.95,50.206389821887896
10,41,5,5,65.6,53.697397761118644
11,3,107,5,89.7,73.93959127486936
2,35,17,1,93.55,54.93294956006296
2,35,17,1,87.35,32.24458338845048
10,41,5,5,98.95,61.2917741540198
11,3,107,5,102.8,65.71998013902382
10,47,5,5,86.0,64.56331042187644
2,42,17,1,102.0,56.84883001156849
11,5,107,5,105.85,87.3837724306437
2,42,17,1,71.8,33.13227080085294
10,47,5,5,67.4,61.897538425674846
11,5,107,5,101.95,56.15905513525144
2,42,17,1,94.45,40.91772875314305
10,25,5,5,102.65,71.26250582769389
2,42,17,1,78.5,61.34243830206056
11,9,107,5,95.7,78.28967801830919
10,25,5,5,89.8,63.7211028417464
2,42,17,1,91.5,49.027919006472864
11,9,107,5,82.6,62.47391034411253
10,28,5,5,82.1,68.43275608407978
2,42,17,1,84.4,44.39819816163714
10,28,5,5,96.0,58.204720372871904
11,9,107,5,103.75,74.02480025391206
2,42,17,1,89.15,41.4338724894703
11,9,107,5,83.55,47.383624753039335
10,28,5,5,109.65,97.08828050041012
2,42,17,1,86.2,47.99188527898835
11,1,107,5,79.75,43.81164829489744
2,42,17,1,85.9,48.11050875465337
10,28,5,5,110.85,96.46612440590083
2,42,17,1,71.75,37.525955929477036
11,1,107,5,86.45,66.14296716403913
2,41,17,1,85.0,38.26913006313932
10,41,5,5,103.4,89.00408033224923
11,18,107,5,106.55,87.9320760587398
10,41,5,5,60.55,64.30394520106098
2,41,17,1,83.65,43.46356610941363
10,32,5,5,64.15,49.70256267882075
11,18,107,5,94.8,53.06956705465403
2,41,17,1,79.15,34.102438560746265
2,41,17,1,74.45,29.546528872628215
11,0,107,5,102.4,72.26588333879856
2,41,17,1,67.1,33.4599524962698
10,32,5,5,130.55,89.61054625433326
11,0,107,5,84.2,40.65593761257874
2,41,17,1,78.75,44.12407744674461
11,7,5,5,102.55,62.52955090868721
2,41,17,1,77.4,40.118771036432356
11,9,107,5,85.75,54.403826297324656
11,7,5,5,75.55,41.67224874889131
2,41,17,1,70.45,32.269384219329886
11,9,107,5,79.9,62.159302983289805
11,10,5,5,75.05,50.173881861508704
2,41,17,1,83.8,36.07973625764264
11,7,107,5,92.7,61.36182595238285
11,10,5,5,94.85,58.3467628651505
2,41,17,1,91.55,42.26915635480993
2,40,17,1,73.45,32.74699664814599
11,7,107,5,102.05,65.08898766910939
11,15,5,5,122.6,106.95911663611919
2,40,17,1,79.0,35.7196687672507
11,9,107,5,100.55,51.61545566163196
2,40,17,1,77.75,36.037809092819806
11,15,5,5,90.95,56.33964202191823
11,9,107,5,81.75,45.323254168484546
2,40,17,1,89.9,36.96783808436164
11,18,5,5,97.45,69.16226153801385
12,35,107,6,70.15,36.80714318544274
2,40,17,1,82.55,37.50154382787039
12,35,107,6,58.2,38.55358540224788
2,40,17,1,66.25,33.14064923291255
11,18,5,5,118.35,79.88496663789027
12,43,107,6,66.9,39.95642363217314
2,40,17,1,80.85,28.370249428434335
12,43,107,6,62.3,50.30130269318658
11,19,5,5,114.55,70.38800361305596
2,40,17,1,87.5,38.31517495169437
12,36,107,6,61.0,35.201674601314664
2,40,17,1,85.5,55.880040688679
12,36,107,6,70.6,29.52679425449652
11,19,5,5,112.7,83.12014133010629
12,38,107,6,62.05,36.94729532156512
11,2,5,5,79.85,56.40947568776385
2,40,17,1,85.85,51.42319259674671
12,38,107,6,80.55,38.456366251417435
2,28,17,1,84.35,45.66154088277654
11,2,5,5,109.05,61.36729370635555
12,43,107,6,51.35,53.0831274611117
2,28,17,1,92.1,56.2783495811573
12,43,107,6,85.8,89.60415873807361
11,15,5,5,126.95,66.90250172334443
2,28,17,1,94.35,49.42753866972709
12,28,107,6,71.95,44.36270956557996
2,28,17,1,80.6,36.96000683526936
11,15,5,5,121.3,81.97695439958463
12,28,107,6,72.4,45.09918892957237
2,28,17,1,69.35,36.13756610800632
2,28,17,1,64.9,27.27424078734944
12,29,107,6,72.95,52.116746475177194
11,7,5,5,102.75,82.28888458543955
2,28,17,1,69.7,30.551251158805602
12,29,107,6,64.5,41.415100221003804
11,7,5,5,87.3,68.15392794796821
2,28,17,1,81.1,50.03567148597719
12,29,107,6,67.2,44.04375814549602
11,7,5,5,93.45,64.94570606931691
2,28,17,1,85.45,41.08332354720356
12,29,107,6,81.0,49.42298634185685
2,28,17,1,77.55,46.220837178416446
11,7,5,5,88.75,54.32540842000178
12,38,107,6,83.55,65.99798641266501
2,37,17,1,83.1,34.56633592018929
11,13,5,5,90.8,71.11932152894065
12,38,107,6,75.05,53.51091870873301
2,37,17,1,74.95,28.715436890102747
11,13,5,5,77.95,72.88020090676567
12,39,107,6,90.1,68.71060593839246
2,37,17,1,91.7,42.7909237794037
12,39,107,6,65.85,53.04345289229239
11,11,5,5,107.65,102.41981459196572
2,37,17,1,86.85,54.94329612858773
12,40,107,6,68.5,33.41525022154437
2,37,17,1,83.6,32.470877640384806
11,11,5,5,89.7,98.38008998401637
12,40,107,6,66.3,47.18953942961244
2,37,17,1,84.3,48.47364992284061
12,42,107,6,87.15,57.30644769455197
11,21,5,5,106.45,67.13574230420666
2,37,17,1,68.0,27.430294432097863
12,42,107,6,50.05,31.34271509415998
11,21,5,5,84.05,75.44776861825461
2,37,17,1,89.45,43.383813377317296
12,45,107,6,70.0,50.59228149993259
2,37,17,1,82.6,62.350790312806616
12,45,107,6,71.55,62.02671326045527
11,1,5,5,118.05,70.88201835667343
2,37,17,1,93.55,45.581015207742155
12,24,107,6,69.2,52.85391983670902
11,1,5,5,109.85,87.47527470211526
12,24,107,6,82.9,44.76476527947305
2,40,17,1,106.25,63.463935054734655
11,6,5,5,98.8,63.28515249500304
12,38,107,6,85.6,72.21415519499148
2,40,17,1,98.65,53.46250530684295
12,38,107,6,70.3,48.91248898744951
11,6,5,5,110.7,110.38931107675236
2,40,17,1,99.9,48.71820150513293
12,32,107,6,73.8,52.52628414723233
11,17,5,5,97.7,109.50707739685139
2,40,17,1,100.95,46.525007423851896
12,32,107,6,77.0,68.89121859859934
2,40,17,1,70.5,57.292876382762685
11,17,5,5,102.8,58.51099761673239
12,44,107,6,88.75,56.65395884341693
2,40,17,1,99.5,58.20155541419472
12,44,107,6,48.4,27.182424662386463
11,6,5,5,94.75,86.95060606307955
12,31,107,6,44.6,35.31273812215941
2,40,17,1,77.75,48.358175708919546
2,40,17,1,64.7,39.3701730541763
11,6,5,5,98.7,52.37325552929512
12,31,107,6,65.65,47.25772005993474
2,40,17,1,73.1,34.928347709048744
12,26,107,6,62.4,44.33176359178478
11,7,5,5,122.7,67.8148407915181
2,40,17,1,87.8,38.04512556093577
12,26,107,6,81.75,54.20805436367124
11,7,5,5,75.75,69.896822456201
12,45,107,6,47.95,34.03786591120944
2,27,17,1,73.35,32.651710682999685
2,27,17,1,83.8,48.25436985938492
12,45,107,6,73.65,57.17128005526809
11,8,5,5,100.15,82.19122440030354
13,4,107,6,75.75,42.252218876646
2,27,17,1,94.3,34.74129955451929
11,8,5,5,67.4,57.68736065159654
2,27,17,1,78.2,40.84966018025248
13,4,107,6,79.8,53.62010620535626
11,6,5,5,113.15,78.81642561908286
2,27,17,1,99.45,49.858193646422954
13,7,107,6,94.65,65.9515571820472
11,6,5,5,83.6,57.2826785613059
2,27,17,1,68.0,39.316529268034465
13,7,107,6,66.55,51.43363122561571
2,27,17,1,85.75,50.4546435190219
11,2,5,5,110.0,59.68249324550709
13,5,107,6,101.95,54.20766599505627
2,27,17,1,74.75,39.18360962389625
11,2,5,5,94.5,53.12893948241688
13,5,107,6,53.4,42.27653324431764
12,45,5,6,63.05,53.04166683893552
2,27,17,1,95.4,51.79859782698857
13,11,107,6,89.65,54.628193029645516
12,45,5,6,58.9,45.202352058039494
2,27,17,1,74.15,49.779804613602295
13,11,107,6,74.9,52.52257659932135
12,40,5,6,87.85,67.82584121735687
2,36,17,1,80.6,51.99129481790298
13,10,107,6,97.05,49.15654370959867
2,36,17,1,76.7,39.18928424965172
12,40,5,6,75.9,50.14494779610089
2,36,17,1,84.75,40.925960105125405
13,10,107,6,76.55,89.18075966674
12,28,5,6,83.3,65.94263855008661
2,36,17,1,70.55,35.07807082254637
13,6,107,6,76.05,44.58873471133594
12,28,5,6,78.95,67.03060966139982
2,36,17,1,78.75,41.92835367749684
12,33,5,6,88.35,59.686263076188645
13,6,107,6,111.75,75.26785502457207
2,36,17,1,88.8,39.76721739004841
12,33,5,6,65.5,58.28288545398302
13,20,107,6,92.15,57.117860604192806
2,36,17,1,100.7,46.91661135517603
12,34,5,6,82.2,68.10564548822968
2,36,17,1,88.05,42.74585236881869
12,34,5,6,61.9,46.771448780774705
13,20,107,6,110.9,62.89498348333053
12,31,5,6,52.35,41.51508920355281
2,36,17,1,93.5,38.33989265009818
13,19,107,6,106.45,71.39768166662292
2,36,17,1,87.15,51.212945526240574
12,31,5,6,117.25,112.63956255522116
13,19,107,6,81.35,59.64656870176806
2,30,17,1,81.15,55.22134884644753
12,27,5,6,91.75,90.48167886664304
2,30,17,1,96.7,44.6861570464383
13,17,107,6,103.4,73.75949537445831
12,27,5,6,85.9,68.23558262990143
2,30,17,1,79.15,35.730386596226325
13,17,107,6,86.5,62.23512293163555
12,36,5,6,90.8,61.06045321948094
2,30,17,1,95.25,44.97118960775712
13,23,107,6,92.95,77.27631556543325
2,30,17,1,77.55,47.85446687614438
12,36,5,6,92.55,78.45379129411818
13,23,107,6,87.6,42.43062449147835
2,30,17,1,82.85,47.78490732879004
12,45,5,6,98.9,57.84179876361493
2,30,17,1,95.75,40.887361320944564
13,17,107,6,94.2,40.66758698987373
12,45,5,6,72.1,54.23719834403808
2,30,17,1,67.0,42.24863747413699
12,41,5,6,97.95,60.624361092672444
13,17,107,6,104.25,77.42016261250919
2,30,17,1,88.0,46.66566414963271
2,30,17,1,64.7,29.022858504797103
12,41,5,6,89.5,87.82908042568278
13,2,107,6,116.9,76.0926720311628
12,46,5,6,82.85,66.93616361877935
3,21,17,1,116.7,53.672594202451705
13,2,107,6,90.15,66.91335717493969
12,46,5,6,88.15,65.80535492528026
3,21,17,1,104.0,42.06260997483081
13,18,107,6,76.5,72.45070919706649
12,25,5,6,62.45,43.5291493381764
3,21,17,1,87.5,57.231294346987994
13,18,107,6,79.1,57.56177459683503
12,25,5,6,106.65,83.22466423388023
3,21,17,1,87.95,51.4418169033306
13,16,107,6,104.7,58.93180715655037
12,30,5,6,98.15,64.97228153929223
3,21,17,1,92.75,57.64124528403891
13,16,107,6,87.0,50.65777853711895
12,30,5,6,76.65,54.4535291978882
3,21,17,1,96.7,49.97272940525188
12,38,5,6,84.2,58.44439552618414
13,3,107,6,103.85,78.0865073593316
3,21,17,1,81.4,35.19330079791652
12,38,5,6,66.0,47.13139528013818
13,3,107,6,93.7,66.05587746270895
3,21,17,1,101.9,48.347318001050866
12,35,5,6,103.55,68.3385342479475
3,21,17,1,80.05,34.48184114024442
12,35,5,6,64.2,78.71106389159893
13,8,107,6,122.7,73.55420486030407
3,21,17,1,67.4,36.42064192041014
13,8,107,6,88.15,58.94446538904226
12,28,5,6,104.7,89.29967289384305
3,23,17,1,114.75,52.96858552606044
12,28,5,6,76.45,43.838789601039515
3,23,17,1,95.95,49.78001607070853
13,8,107,6,114.4,82.58227157778701
12,44,5,6,95.65,52.2154191786296
3,23,17,1,94.55,44.20820952576211
13,8,107,6,96.05,59.84055568979249
12,44,5,6,84.3,65.57446550537632
3,23,17,1,91.65,32.85898899684433
12,25,5,6,72.55,59.56109203339481
13,12,107,6,114.25,115.62592816128178
3,23,17,1,87.4,49.67621478926785
12,25,5,6,98.35,107.9903869990775
3,23,17,1,82.95,46.930491715211964
13,12,107,6,97.5,53.47158615859258
13,2,107,6,66.0,43.746879587968444
12,37,5,6,96.25,64.7398640715286
3,23,17,1,96.5,35.24724699962582
12,37,5,6,79.85,55.41734005658669
13,2,107,6,103.35,61.74163058559776
3,23,17,1,96.7,54.55282326622325
12,28,5,6,92.1,74.69862254771714
3,23,17,1,83.15,51.59485388455346
13,23,107,6,91.6,79.80924626554047
12,28,5,6,61.75,61.70718204382269
3,23,17,1,90.6,55.79322728186922
13,23,107,6,76.4,57.88227617100802
3,8,17,1,73.1,37.904172801810006
13,23,5,6,88.75,83.90337487723288
14,32,107,7,73.9,51.244409194410764
3,8,17,1,90.9,29.781484887514647
14,32,107,7,72.65,45.45822257853908
13,23,5,6,100.5,78.94401747274357
3,8,17,1,100.45,47.90942660786848
14,37,107,7,73.85,46.579049955284
13,11,5,6,86.05,56.85112136097229
3,8,17,1,81.6,37.88403357616504
14,37,107,7,65.3,55.291666831925326
13,11,5,6,98.95,81.83839981457682
14,28,107,7,68.4,63.524881159399186
3,8,17,1,106.05,53.087291570730834
13,22,5,6,113.3,100.62703414093053
14,28,107,7,96.7,70.36453951425129
3,8,17,1,86.4,61.46064209163283
3,8,17,1,75.75,45.31396322501371
14,25,107,7,79.75,54.81728021825159
13,22,5,6,112.95,87.76552194401434
3,8,17,1,85.05,41.88138011097533
14,25,107,7,76.0,59.9210006240673
3,8,17,1,89.45,31.901946814047506
14,33,107,7,71.9,41.29343008786086
13,6,5,6,134.35,108.46162309411807
3,8,17,1,73.1,37.02047797467889
14,33,107,7,74.6,46.02905261039517
3,10,17,1,85.9,38.58674438334054
13,6,5,6,118.85,80.01267991617593
14,43,107,7,86.15,61.58885322934064
3,10,17,1,91.35,50.0118670127927
13,17,5,6,83.2,66.48513882222498
14,43,107,7,95.25,71.48858944651678
3,10,17,1,86.1,37.43612103162849
14,37,107,7,53.05,43.460175357507055
13,17,5,6,101.35,94.63073663345051
3,10,17,1,94.95,47.68148156475977
14,37,107,7,62.2,48.81501063359399
3,10,17,1,91.35,42.87960501585561
13,16,5,6,123.75,82.77800050992445
14,27,107,7,84.7,55.05891581321154
3,10,17,1,76.2,42.55225889235618
14,27,107,7,72.6,41.5532632197584
13,16,5,6,107.6,83.61780218413578
3,10,17,1,87.05,39.67164571434125
14,26,107,7,79.95,54.269769621188196
13,14,5,6,92.9,67.33490531428859
14,26,107,7,56.35,43.25356693535897
3,10,17,1,114.45,41.18440558218481
13,14,5,6,83.95,62.75807769354853
14,43,107,7,60.4,48.78567520556785
3,10,17,1,81.45,56.22555609235659
13,9,5,6,69.5,66.87104636616107
14,43,107,7,70.9,50.142848574426786
3,10,17,1,73.7,41.452699740661934
13,9,5,6,83.6,53.90771842012198
14,43,107,7,85.8,53.17953702219245
3,23,17,1,99.5,30.687731133227544
14,43,107,7,74.0,46.579869155315535
3,23,17,1,87.95,44.44212676705456
13,23,5,6,120.2,86.63328641919037
14,24,107,7,73.45,61.33898477014092
3,23,17,1,97.25,60.89237701837043
14,24,107,7,44.95,39.68358403805361
13,23,5,6,120.95,77.32806054317165
14,46,107,7,68.5,45.382004316573266
3,23,17,1,104.65,73.4813080421065
13,9,5,6,93.95,74.50360288003033
3,23,17,1,82.2,47.329305487137006
14,46,107,7,70.75,49.71484475962571
13,9,5,6,92.8,77.40773795129815
3,23,17,1,70.75,33.18984467384088
14,43,107,7,65.9,44.986430702695465
13,13,5,6,76.95,62.24694031795754
3,23,17,1,84.9,42.45728503604039
14,43,107,7,75.75,45.471651087590594
3,23,17,1,84.05,33.86424134843808
14,28,107,7,75.75,42.68103856083611
3,23,17,1,76.55,50.11405412708726
13,13,5,6,137.15,101.67972162370275
14,28,107,7,67.6,45.241341131407914
3,23,17,1,70.1,31.975154828644534
14,25,107,7,103.9,71.1158432270527
3,4,17,1,101.05,43.302455260400045
13,7,5,6,142.65,101.6496951609585
14,25,107,7,65.1,45.00982348917084
3,4,17,1,82.0,34.92397758741572
13,7,5,6,89.7,79.46008597502204
14,39,107,7,74.9,52.55964030959196
3,4,17,1,103.85,56.98224561904763
13,13,5,6,86.6,81.1732390436781
14,39,107,7,68.3,63.210675314255354
3,4,17,1,85.2,41.652193977723364
14,42,107,7,52.35,39.75487391503085
3,4,17,1,77.6,43.21232767576742
13,13,5,6,122.25,65.32821990372517
14,42,107,7,72.1,32.63498284453598
3,4,17,1,98.7,62.26184097908818
13,9,5,6,102.3,78.3568758948441
14,25,107,7,87.2,97.87564612947983
3,4,17,1,93.9,33.02933305571372
13,9,5,6,99.4,78.94595086446637
14,25,107,7,76.75,45.99871279663561
3,4,17,1,101.35,34.98762939277704
14,29,107,7,64.9,46.45982984766177
3,4,17,1,75.4,47.08379987348425
14,29,107,7,58.1,42.07624658065153
13,1,5,6,133.0,106.93480551990052
3,4,17,1,90.4,44.9577579512146
13,1,5,6,84.35,52.150869195965825
15,21,107,7,84.5,79.30852479565584
3,3,17,1,86.7,49.469927068983296
15,21,107,7,71.75,77.6739982233437
13,6,5,6,108.4,75.48816568108366
3,3,17,1,82.25,33.52905260249762
15,21,107,7,95.55,59.98287036181334
3,3,17,1,78.25,39.66156166471777
13,6,5,6,110.9,82.95268150229414
3,3,17,1,82.9,44.37744804218515
15,21,107,7,94.0,87.59235727294693
13,11,5,6,101.35,76.33877058701458
3,3,17,1,71.6,30.72526818862869
13,11,5,6,73.9,77.03512527617379
15,13,107,7,108.0,60.13668641213597
3,3,17,1,87.4,43.06103379598483
13,7,5,6,95.1,72.19192256901408
3,3,17,1,77.15,34.61255476511986
15,13,107,7,94.55,72.46812366391462
3,3,17,1,77.9,41.662680511081156
13,7,5,6,103.6,71.27072182512033
15,14,107,7,89.85,61.596543819652055
3,3,17,1,85.35,39.74825385108793
15,14,107,7,102.6,61.96807327376863
13,3,5,6,128.0,57.758116312774604
3,3,17,1,104.1,64.76508156000179
15,3,107,7,63.15,45.13520623753993
13,3,5,6,87.85,48.79524890590756
3,21,17,1,97.2,49.21125245735016
15,3,107,7,97.7,52.740776195314105
13,12,5,6,111.35,88.05696421844453
3,21,17,1,101.25,64.22565072092549
15,22,107,7,97.1,87.62714071264499
13,12,5,6,94.35,90.5237828593011
3,21,17,1,93.25,43.644346109987964
14,37,5,7,63.65,54.20650087251625
15,22,107,7,85.8,64.92149104880448
3,21,17,1,90.25,48.76676499852182
3,21,17,1,73.65,44.443074174783
14,37,5,7,94.25,61.16145587059326
15,3,107,7,88.65,57.32664944719956
14,29,5,7,61.4,46.820373433165315
3,21,17,1,82.0,39.478175183124584
15,3,107,7,72.75,48.036033623893104
3,21,17,1,100.55,52.19444919065426
14,29,5,7,93.15,85.45622147903384
15,7,107,7,97.8,52.47415403896725
14,29,5,7,67.65,34.65662388270629
3,21,17,1,92.1,47.53823945547748
14,29,5,7,89.2,77.14825099494445
15,7,107,7,120.15,90.90902045451816
3,21,17,1,102.0,54.96314554700315
14,35,5,7,74.35,68.95480976316071
3,21,17,1,77.0,40.0657354593016
15,15,107,7,81.95,61.32096318809572
15,15,107,7,51.7,40.347308003854415
14,35,5,7,89.65,77.3136299006912
3,4,17,1,90.1,32.61401055084343
14,39,5,7,69.35,55.774239479115124
3,4,17,1,90.25,63.29452874001869
15,6,107,7,95.75,58.93607152089279
14,39,5,7,94.9,84.96370742233043
3,4,17,1,94.05,53.2437048416351
15,6,107,7,80.3,63.293884297566095
3,4,17,1,66.15,45.91098366461594
14,39,5,7,84.0,58.773427579763315
15,21,107,7,74.9,65.31051337950679
3,4,17,1,81.55,51.92654224453699
14,39,5,7,62.4,57.55125861717581
15,21,107,7,76.4,49.696341070439715
14,31,5,7,76.55,70.27051114686803
3,4,17,1,93.0,49.236272465691286
15,4,107,7,102.0,76.13077391464049
14,31,5,7,76.7,51.389226804642114
3,4,17,1,99.1,53.92089722820585
14,24,5,7,47.55,33.140013975793515
15,4,107,7,85.6,55.61559796353991
3,4,17,1,78.4,45.77680405482327
14,24,5,7,65.8,54.77475407713417
3,4,17,1,76.5,33.4829100162739
14,32,5,7,81.55,54.49333614498682
15,22,107,7,107.7,78.82966313180391
3,4,17,1,76.9,33.90528603407781
14,32,5,7,61.7,42.43521377842997
3,6,17,1,96.05,55.51810989502245
14,35,5,7,73.2,76.09523119438114
15,22,107,7,115.0,100.43589209566782
3,6,17,1,87.1,55.880417434299645
14,35,5,7,74.95,58.46049048176402
15,19,107,7,80.6,72.60665476242157
3,6,17,1,87.15,46.74823385349497
14,33,5,7,90.75,69.20212576594967
15,19,107,7,98.8,69.75038200234953
3,6,17,1,96.3,59.054034132889015
14,33,5,7,77.6,91.4775785010789
15,3,107,7,89.7,63.79663412998987
3,6,17,1,73.8,35.34432136329087
14,41,5,7,99.25,84.16704880927665
15,3,107,7,76.35,48.909449092443424
3,6,17,1,103.2,61.4882102520475
14,41,5,7,81.1,87.84789486139636
15,22,107,7,75.0,45.49378210839714
3,6,17,1,93.25,48.562358175637925
14,31,5,7,55.7,70.84088917389003
15,22,107,7,90.2,85.580125582619
3,6,17,1,84.55,39.074119850679466
14,31,5,7,66.55,64.28511737400403
15,13,107,7,91.5,81.93097222983697
14,38,5,7,86.55,79.46430843963518
3,6,17,1,115.5,67.7126280689208
15,13,107,7,75.3,44.299340615266146
3,6,17,1,63.95,35.422970543211974
14,38,5,7,82.4,84.32106560796747
15,12,107,7,71.7,43.81432113866544
14,46,5,7,82.4,63.85378033568486
3,7,17,1,110.45,65.95650480669659
3,7,17,1,70.9,41.869345651241765
14,46,5,7,81.6,81.00448330672491
15,12,107,7,116.75,73.88531297683059
3,7,17,1,90.3,43.67475484220049
14,27,5,7,92.05,60.25775774471742
15,14,107,7,110.7,68.57658032025986
3,7,17,1,95.4,51.99534392110205
15,14,107,7,69.6,59.953841894366846
14,27,5,7,124.65,114.74882180337696
3,7,17,1,97.4,62.79238975008289
15,19,107,7,97.85,84.04464665627994
14,46,5,7,89.0,78.56006753132482
3,7,17,1,75.65,43.106080899640084
14,46,5,7,84.45,69.7729211536667
15,19,107,7,82.3,81.70105971096542
3,7,17,1,90.05,53.49517932044266
16,38,107,8,64.75,38.42268381540971
14,27,5,7,111.65,67.19905622770855
3,7,17,1,102.35,57.94486944274568
16,38,107,8,47.0,36.67352407965524
3,7,17,1,78.35,44.64747885850951
14,27,5,7,75.85,68.73157169284303
16,41,107,8,78.95,62.622910722581565
14,46,5,7,67.4,66.14449891594995
3,7,17,1,98.3,47.98146571991709
16,41,107,8,66.2,52.948435690823416
14,46,5,7,66.4,63.63167036691879
3,20,17,1,83.85,78.33885572172646
16,42,107,8,78.35,71.71014389081998
14,46,5,7,63.2,55.52675978869629
3,20,17,1,71.2,31.587139288340953
14,46,5,7,71.35,91.33989443714873
16,42,107,8,82.95,78.9400005333831
3,20,17,1,81.85,45.971701822110674
16,30,107,8,75.45,47.18884234758533
15,3,5,7,98.3,80.08291755555942
3,20,17,1,107.95,48.83751254495818
16,30,107,8,74.6,57.89227745972414
3,20,17,1,80.9,45.53067213717757
15,3,5,7,91.55,98.17893170929773
16,34,107,8,49.65,33.23960066895478
3,20,17,1,90.8,32.64578638080345
15,17,5,7,75.35,45.22723329564773
16,34,107,8,56.65,42.90414653006961
3,20,17,1,90.55,48.47514284336056
16,42,107,8,68.9,50.76768553653832
15,17,5,7,105.35,83.23857595079213
3,20,17,1,98.5,54.616847217685496
16,42,107,8,87.05,47.66933804316653
15,20,5,7,112.6,95.01656365298133
16,26,107,8,50.2,33.26543962860269
3,20,17,1,77.05,43.4783370136633
16,26,107,8,68.0,44.38823931486452
3,20,17,1,89.2,43.380325397338225
15,20,5,7,101.5,85.09530261016639
16,46,107,8,71.6,42.26532733502537
3,12,17,1,87.15,40.624435218746186
15,0,5,7,96.1,71.67022430990139
16,46,107,8,55.2,35.77502804441874
3,12,17,1,89.45,48.17563808880125
16,47,107,8,62.45,41.45698468228687
15,0,5,7,103.4,76.59971141899742
3,12,17,1,104.15,45.92932213280474
16,47,107,8,86.9,57.46843527216988
15,22,5,7,109.1,113.11563715252217
3,12,17,1,101.15,53.025589651551606
16,30,107,8,74.8,62.87380845370895
15,22,5,7,84.15,73.49706403015452
16,30,107,8,51.7,31.476139668343265
3,12,17,1,101.2,58.773069378844994
16,40,107,8,56.7,48.55935055492185
15,6,5,7,90.75,58.32474874176034
3,12,17,1,87.1,44.909148054125545
16,40,107,8,58.35,54.714834897811194
15,6,5,7,87.95,67.60292348085173
16,43,107,8,49.8,32.60707059261195
3,12,17,1,103.75,77.40588512917851
16,43,107,8,53.05,40.21452343043297
15,16,5,7,100.1,60.83878610505672
3,12,17,1,94.35,60.13692709143027
16,38,107,8,87.6,53.00287976287604
15,16,5,7,84.2,71.72139077525507
3,12,17,1,73.4,41.59250944707788
16,38,107,8,66.35,51.3648200312442
3,12,17,1,73.35,30.056569471931635
15,3,5,7,113.15,71.61540190122292
16,26,107,8,65.95,45.19719949405342
3,11,17,1,100.9,52.62168854439353
15,3,5,7,90.0,62.29725008715114
16,26,107,8,70.8,49.66265143312851
3,11,17,1,97.1,52.276491647272664
15,1,5,7,92.6,57.632593117728824
16,36,107,8,94.05,96.38927380815335
3,11,17,1,99.75,59.79867539458853
16,36,107,8,34.3,21.46012213630815
15,1,5,7,85.15,55.15268280920369
3,11,17,1,89.45,54.71502728251459
16,31,107,8,70.05,51.87685316918175
15,15,5,7,91.1,71.65333209279244
16,31,107,8,71.15,56.74158875760214
3,11,17,1,110.45,56.685164679454196
16,47,107,8,60.3,34.126853140352075
15,15,5,7,116.95,106.03151219777716
3,11,17,1,97.35,39.5105249135894
3,11,17,1,75.45,40.009834317393306
15,6,5,7,109.45,82.1772634709805
16,47,107,8,105.15,86.32757381045757
3,11,17,1,92.8,59.25289244549918
16,45,107,8,64.7,58.05269838236362
15,6,5,7,118.95,102.37520001908358
3,11,17,1,77.2,46.94520882453232
16,45,107,8,79.3,58.822748911230626
15,20,5,7,107.0,71.19136553203478
3,11,17,1,105.25,62.332617971314946
16,25,107,8,69.85,57.70822708838152
3,13,17,1,76.15,28.10183548978139
16,25,107,8,56.9,46.810817463263206
15,20,5,7,78.35,82.18738217922314
16,29,107,8,63.7,61.64678674342623
3,13,17,1,105.35,59.66686023687115
15,17,5,7,91.75,73.03270716459491
16,29,107,8,59.5,42.05823031039353
3,13,17,1,86.45,57.865974912996826
15,17,5,7,85.6,77.75088423934483
17,0,107,8,95.4,62.27646340903472
15,6,5,7,85.5,81.20053149942723
3,13,17,1,112.3,64.51690924825343
17,0,107,8,101.7,55.405775872195846
3,13,17,1,95.45,48.5868457398437
15,6,5,7,120.45,85.4859021926084
3,13,17,1,73.9,42.06123355800508
17,1,107,8,97.0,74.21306453292722
3,13,17,1,107.75,56.69110670067545
15,7,5,7,133.3,65.15091791573744
17,1,107,8,120.95,93.45163398644694
3,13,17,1,106.35,51.09771341057713
15,7,5,7,101.9,73.9109706264731
17,2,107,8,90.4,53.00387274827934
3,13,17,1,98.55,54.495267781031366
15,3,5,7,80.2,54.63332316453027
15,3,5,7,69.55,39.3987376233781
3,13,17,1,95.75,47.283996402477165
17,2,107,8,93.2,67.54304670278604
15,22,5,7,87.9,76.2840260577465
3,19,17,1,86.25,42.05744817946544
17,21,107,8,77.25,55.06348011255068
15,22,5,7,99.45,80.31482461309106
3,19,17,1,110.45,58.96428446191188
17,21,107,8,99.8,79.08063839158768
3,19,17,1,103.5,77.16932851306855
15,4,5,7,102.9,76.68246214096153
17,10,107,8,85.6,56.200206030714305
3,19,17,1,89.85,55.517920293218936
15,4,5,7,87.6,62.114834231276404
17,10,107,8,104.15,61.81489771040123
3,19,17,1,90.95,41.03204780861445
15,1,5,7,113.25,102.5834063733404
17,7,107,8,114.05,86.21422217513279
3,19,17,1,112.5,53.27634016195774
15,1,5,7,108.85,81.07129740640578
3,19,17,1,87.15,41.156025331081615
17,7,107,8,106.25,103.66742116270818
3,19,17,1,81.65,48.57471185276293
15,10,5,7,116.3,87.14543198463976
3,19,17,1,94.85,48.74344760283711
17,13,107,8,96.45,77.20476873736152
15,10,5,7,99.65,117.17296032608779
3,19,17,1,95.25,36.77939211311854
17,13,107,8,88.4,76.83981972087676
16,30,5,8,75.65,63.30234468094579
3,18,17,1,99.95,49.11048231980837
17,5,107,8,78.55,67.919050114243
16,30,5,8,102.35,97.76086559613343
3,18,17,1,101.0,44.794266550413276
17,5,107,8,94.65,83.03916323987704
16,25,5,8,65.7,61.336946880583966
3,18,17,1,112.95,60.579200008618564
17,8,107,8,86.55,66.61000003950727
16,25,5,8,94.95,79.77565583032141
3,18,17,1,102.35,42.723437423306166
16,39,5,8,79.0,66.05340741838342
17,8,107,8,80.9,60.32796331631573
3,18,17,1,92.65,36.62652906813513
16,39,5,8,53.05,62.15386256363275
3,18,17,1,94.8,49.95113401589281
17,21,107,8,109.1,101.89876296961039
16,33,5,8,87.2,87.48690127520143
3,18,17,1,62.2,29.520019968613987
16,33,5,8,67.5,83.04184107075814
17,21,107,8,88.6,71.14728977343594
3,18,17,1,81.65,38.12482959409717
16,28,5,8,67.5,55.328207329677596
3,18,17,1,94.15,38.1206878493196
17,20,107,8,93.9,58.87801841631203
16,28,5,8,74.9,92.46558392464904
3,18,17,1,85.05,47.26462458162665
17,20,107,8,80.85,60.72134368529215
16,46,5,8,74.25,79.24703215429054
3,12,17,1,73.35,26.921474504077302
17,13,107,8,79.8,61.99456682475872
16,46,5,8,61.05,52.933399067527354
3,12,17,1,82.15,43.2255711356137
3,12,17,1,76.0,39.19586444350583
16,44,5,8,89.2,80.54851431215064
17,13,107,8,98.6,60.68416944354295
16,44,5,8,89.45,76.96648279403321
3,12,17,1,109.6,63.26502317943728
17,11,107,8,94.8,58.08668658044404
16,38,5,8,49.5,35.341194094144576
3,12,17,1,97.0,45.02747699139412
17,11,107,8,76.05,50.80455325636618
16,38,5,8,71.85,55.95983051778255
3,12,17,1,87.3,54.8078941682482
16,46,5,8,83.55,65.48481141696745
17,20,107,8,95.3,90.38752825007383
3,12,17,1,84.15,43.07065798136092
16,46,5,8,61.2,74.08217343634453
17,20,107,8,97.7,54.93259026920368
3,12,17,1,95.25,60.105937179371274
16,29,5,8,83.3,83.07897320907189
3,12,17,1,65.45,33.761508759002616
17,19,107,8,101.1,73.33908270923206
16,29,5,8,90.85,65.48063192956171
3,12,17,1,94.3,45.94516182077109
16,44,5,8,73.4,63.64903769893148
3,19,17,1,71.25,34.82418246291686
17,19,107,8,104.95,72.35037191189465
3,19,17,1,84.55,36.32090162340194
16,44,5,8,92.45,82.1919928229662
17,18,107,8,88.1,70.18914296010234
3,19,17,1,87.15,49.734320459607645
16,45,5,8,67.95,54.39666688705341
17,18,107,8,87.0,68.09513468979301
3,19,17,1,87.4,51.5939612949545
16,45,5,8,97.25,74.94339969533499
16,43,5,8,63.7,57.26310468263782
3,19,17,1,101.05,49.781073342766476
17,5,107,8,114.95,78.6855667899306
16,43,5,8,53.85,45.79045522238979
3,19,17,1,102.6,54.90987831749497
16,26,5,8,71.2,55.532446655797074
17,5,107,8,92.6,81.794607980825
3,19,17,1,75.5,30.757968586675997
16,26,5,8,74.0,63.64953383878578
3,19,17,1,76.65,28.861329071778272
17,2,107,8,81.3,51.05425390802674
16,35,5,8,72.75,65.07798964966653
3,19,17,1,91.15,37.727938830806174
17,2,107,8,82.6,72.73629369889994
16,35,5,8,81.5,62.62125080698707
3,19,17,1,92.2,37.71025268935143
17,9,107,8,73.55,54.91378410026508
3,2,17,1,76.95,39.270284734871666
16,36,5,8,91.75,76.21014920668549
17,9,107,8,103.05,76.61762542859044
3,2,17,1,103.1,41.374922483629085
16,36,5,8,77.7,95.79863750267234
3,2,17,1,77.75,47.74038894732745
16,44,5,8,79.85,56.03690043646521
17,21,107,8,92.95,65.95012070536818
16,44,5,8,32.5,33.106685602442106
3,2,17,1,82.7,42.99706232315242
3,2,17,1,71.3,46.61273826349459
16,44,5,8,100.1,74.19100527124493
17,21,107,8,109.4,101.27991435932191
3,2,17,1,99.25,48.1749825881486
18,40,107,9,59.45,46.61993587568125
16,44,5,8,128.35,92.9772326404356
3,2,17,1,74.25,35.00206760810146
18,40,107,9,54.8,41.388531337990116
16,27,5,8,59.1,51.19097371093545
3,2,17,1,82.85,48.51291200885541
18,34,107,9,52.65,33.887235603426035
18,34,107,9,56.45,45.12377713753465
16,27,5,8,90.2,83.4875345249375
3,2,17,1,97.85,49.200208600328004
16,36,5,8,66.4,47.49227083930273
18,30,107,9,57.35,50.45297445720072
3,2,17,1,96.95,39.19381664443889
16,36,5,8,53.5,43.52797043886053
18,30,107,9,45.35,40.13434675528785
4,35,17,2,84.45,30.410308155381507
18,39,107,9,45.9,38.91948504013733
17,13,5,8,91.15,67.142640777127
4,35,17,2,67.15,40.29532426839045
18,39,107,9,68.35,54.03047385747379
17,13,5,8,90.9,76.59730653502805
4,35,17,2,88.9,60.11033714411314
18,34,107,9,83.2,71.2701310434278
4,35,17,2,75.7,46.757042813158954
17,2,5,8,104.0,55.43607033995863
18,34,107,9,58.6,41.90892380790566
4,35,17,2,69.8,48.54905278494926
17,2,5,8,92.4,66.81978906376699
18,44,107,9,72.75,45.831355619212665
4,35,17,2,83.0,39.81007542398228
17,13,5,8,87.45,76.39748893641384
18,44,107,9,74.6,54.58590525613346
4,35,17,2,88.65,38.314865879556734
17,13,5,8,73.55,55.844214702952655
18,40,107,9,76.6,67.45634065628553
4,35,17,2,85.6,40.62977907112493
17,18,5,8,101.45,100.53199281297158
4,35,17,2,71.75,59.6894374857765
18,40,107,9,66.7,51.40458713915878
18,41,107,9,56.0,35.960504650753194
4,35,17,2,82.5,45.74471496652287
17,18,5,8,92.8,53.59065118784098
18,41,107,9,67.8,50.163522078981075
4,30,17,2,84.15,62.11303363520752
17,1,5,8,102.05,77.67440477979048
4,30,17,2,69.65,31.594927974031066
18,35,107,9,72.9,48.576472537747385
4,30,17,2,72.35,36.54164891275649
17,1,5,8,111.25,79.34659147655536
18,35,107,9,67.75,67.8689720595579
4,30,17,2,88.55,39.637137025508636
18,25,107,9,65.45,52.13996850583508
17,19,5,8,118.2,78.93808366455052
4,30,17,2,69.6,39.05246134166328
18,25,107,9,58.8,42.98175867676157
4,30,17,2,74.65,31.00131576155064
17,19,5,8,116.85,87.41147401499235
4,30,17,2,73.85,50.51552653444911
18,47,107,9,84.6,58.247566020979974
17,13,5,8,81.65,63.062437731438656
4,30,17,2,93.25,53.483765367583615
18,47,107,9,72.15,55.097306267137384
17,13,5,8,98.6,76.52271764508546
4,30,17,2,79.55,47.067113337177766
18,44,107,9,60.7,50.706690101530306
18,44,107,9,49.9,35.56151083167838
4,30,17,2,85.95,43.757074615967746
17,18,5,8,111.1,84.75966021640247
4,47,17,2,67.0,29.694940203411935
18,39,107,9,54.15,40.61277346378911
4,47,17,2,77.55,49.42881644078524
18,39,107,9,79.55,59.79392241603436
17,18,5,8,133.2,106.94395974675611
4,47,17,2,89.4,39.46670815550213
18,42,107,9,74.5,78.85195989287374
4,47,17,2,64.45,32.05336832616241
17,23,5,8,110.4,68.55454992769971
18,42,107,9,70.95,39.30913245973309
4,47,17,2,75.05,53.03174322491845
4,47,17,2,63.75,28.811319047609707
18,26,107,9,65.7,53.74315133846799
4,47,17,2,75.15,48.327038307545266
17,23,5,8,164.9,99.89041363835723
18,26,107,9,64.5,48.9924806260587
4,47,17,2,68.95,47.26907857652489
17,6,5,8,80.55,72.32708963270153
18,37,107,9,59.2,39.10929355160054
4,47,17,2,77.3,36.39852512917175
18,37,107,9,50.35,27.694337251313193
17,6,5,8,104.7,113.04824307859849
4,47,17,2,97.3,54.98143227251216
18,37,107,9,78.65,50.66741400649202
18,37,107,9,45.3,47.390982930910965
4,34,17,2,82.5,48.877397639399746
17,14,5,8,107.6,74.15020317962012
4,34,17,2,65.7,47.45978907398734
18,39,107,9,57.8,40.22646418780343
17,14,5,8,102.3,64.38788705960151
4,34,17,2,73.4,36.54902979488468
18,39,107,9,79.35,54.855096198506196
17,7,5,8,85.35,55.744978532410855
4,34,17,2,74.15,41.522695125994844
18,33,107,9,65.1,42.83984864094349
4,34,17,2,95.05,49.78530220646928
17,7,5,8,106.3,73.07753632813215
18,33,107,9,70.2,59.44001841750796
4,34,17,2,83.9,39.91688733777776
17,18,5,8,101.95,69.71556875128962
18,25,107,9,58.7,56.29910721924647
4,34,17,2,83.95,44.2974099278478
18,25,107,9,53.6,37.29032610547448
17,18,5,8,97.9,75.97430313495548
4,34,17,2,97.75,59.221151093524895
19,0,107,9,76.45,55.987287090816196
4,34,17,2,67.25,49.403680877142406
17,20,5,8,126.55,106.26059080343352
4,34,17,2,87.0,51.67306129075279
19,0,107,9,103.25,97.01593737764513
17,20,5,8,109.25,97.70787556470779
4,25,17,2,83.05,36.543377252966536
19,21,107,9,82.15,64.79707189615739
4,25,17,2,67.85,37.42539948104481
17,11,5,8,91.2,76.32451492769128
19,21,107,9,82.0,52.93093812248482
4,25,17,2,85.2,50.59082504711075
17,11,5,8,89.05,78.01988612897962
4,25,17,2,63.8,34.669264410091564
19,6,107,9,79.85,56.17479768309666
4,25,17,2,75.65,42.18664667752981
17,14,5,8,90.75,84.8806437546896
19,6,107,9,80.05,55.68376405153811
4,25,17,2,82.5,31.374646150237798
17,14,5,8,81.1,66.54867628878483
19,0,107,9,82.55,85.57697366145074
17,9,5,8,78.55,71.58467566088208
4,25,17,2,98.65,34.98612506935315
4,25,17,2,70.35,44.802813586460815
19,0,107,9,71.65,33.84527487817092
17,9,5,8,95.75,85.36970681749624
4,25,17,2,61.8,36.312387331105214
19,6,107,9,84.35,60.037071880630556
17,0,5,8,82.1,62.29463100967513
4,25,17,2,66.8,40.81356843527717
17,0,5,8,53.6,38.27655596892314
4,46,17,2,72.85,41.3779435270328
19,6,107,9,71.25,62.214294346658235
17,8,5,8,78.05,66.66449777173675
4,46,17,2,87.15,54.1569599939793
19,0,107,9,116.3,81.12310333522038
17,8,5,8,89.55,86.46598053265622
4,46,17,2,82.2,57.30490931481305
4,46,17,2,78.6,44.3293890871745
17,20,5,8,81.3,89.23363774532089
19,0,107,9,92.75,107.6758659369088
4,46,17,2,88.7,54.516149224938744
17,20,5,8,98.45,61.04913896543548
19,4,107,9,79.2,62.331541394638876
4,46,17,2,82.15,44.05531809704225
18,27,5,9,70.8,68.97566313753828
19,4,107,9,94.3,70.37949761266078
18,27,5,9,58.95,51.624632023666265
4,46,17,2,78.85,42.975237668122084
19,18,107,9,66.05,53.11008923874415
4,46,17,2,77.75,57.2711693795863
18,47,5,9,95.15,109.78269204972253
19,18,107,9,56.8,39.604093355691354
4,46,17,2,76.35,45.9396343041605
18,47,5,9,56.1,59.98938502593166
4,46,17,2,73.75,38.56760980817698
18,27,5,9,64.7,51.55283442102971
19,20,107,9,80.9,67.31536150639646
4,27,17,2,84.45,40.30342156037976
18,27,5,9,94.5,78.03069571447003
19,20,107,9,95.45,76.48080254478727
4,27,17,2,72.45,58.06029080551571
18,41,5,9,82.45,60.450479951078876
19,20,107,9,86.85,54.14821278092584
4,27,17,2,105.4,57.358888633438134
18,41,5,9,79.9,60.714084033278475
19,20,107,9,69.3,59.52363528796555
4,27,17,2,79.25,45.38127946979668
18,41,5,9,98.4,97.87984040595254
4,27,17,2,79.05,40.48193229213821
19,10,107,9,99.1,90.58691668052407
4,27,17,2,82.25,39.23461817270426
18,41,5,9,108.4,92.15170558435292
19,10,107,9,80.35,76.20006561676965
4,27,17,2,86.25,52.59565221174606
18,33,5,9,71.05,56.30693609699945
19,22,107,9,62.65,40.53883777837066
18,33,5,9,63.2,66.35835726528626
4,27,17,2,91.5,49.9647243984246
19,22,107,9,78.25,65.25405815168247
18,27,5,9,64.1,64.51185121641156
4,27,17,2,92.5,55.06885641965358
18,27,5,9,66.4,60.54350328048158
4,27,17,2,64.3,35.7286557556433
19,10,107,9,95.45,73.50866400779248
18,43,5,9,82.45,57.51656511960615
4,43,17,2,72.2,44.167861619055095
19,10,107,9,77.0,67.25990437728933
4,43,17,2,82.55,39.83185051927005
18,43,5,9,75.85,82.23155688279543
4,43,17,2,73.5,44.97075072814141
18,26,5,9,63.8,88.73769744234083
19,14,107,9,114.95,71.8115039897032
4,43,17,2,85.85,55.03709275522617
18,26,5,9,84.0,72.36530136816445
18,24,5,9,64.95,51.49908021662032
4,43,17,2,86.4,37.8617985504345
19,14,107,9,115.6,111.72211768019513
4,43,17,2,85.25,46.92308936749022
18,24,5,9,96.5,91.41547721083235
19,5,107,9,87.2,40.3570902920677
4,43,17,2,72.5,36.830336466159615
18,30,5,9,66.35,59.70477808614474
4,43,17,2,74.8,49.363954460719604
19,5,107,9,77.65,71.55217088177506
18,30,5,9,84.85,81.00505182426977
4,43,17,2,76.2,44.00550204833841
19,7,107,9,82.35,50.371540628247196
18,46,5,9,69.9,64.79920402370126
4,43,17,2,95.95,42.4555185179922
18,46,5,9,55.5,48.250988536369306
19,7,107,9,86.15,71.25068790064971
4,39,17,2,75.85,45.53919653499204
18,39,5,9,75.4,69.1172916136042
19,14,107,9,92.55,79.19627516493436
4,39,17,2,80.15,42.67166568850552
18,39,5,9,66.35,55.63724140878075
18,34,5,9,67.7,64.29463430178292
19,14,107,9,83.9,61.526117689114244
4,39,17,2,84.95,62.6909504087942
4,39,17,2,83.6,59.53097380444288
19,8,107,9,81.3,68.2380508143907
18,34,5,9,106.9,91.89118278531521
18,25,5,9,64.8,68.82288481082591
4,39,17,2,94.45,45.13427335826896
19,8,107,9,79.35,73.35298580368621
4,39,17,2,77.85,35.58573782910936
18,25,5,9,97.95,86.98848986171132
19,9,107,9,83.65,57.720994082696954
18,46,5,9,53.2,42.1283752357007
4,39,17,2,93.65,56.82593459068899
19,9,107,9,93.2,74.74701191000001
18,46,5,9,83.15,59.13968744911447
4,39,17,2,78.65,53.58443902163349
4,39,17,2,78.75,45.852021708282855
19,6,107,9,86.25,53.28164984801349
18,43,5,9,112.9,120.0039034452849
4,39,17,2,79.55,43.68966516357459
18,43,5,9,62.95,41.213787933038546
19,6,107,9,98.5,70.70137346987197
4,33,17,2,89.05,46.958520329956606
18,31,5,9,91.05,94.84029512262902
4,33,17,2,67.7,33.81544337320325
4,33,17,2,80.7,36.12565788874628
18,31,5,9,105.85,83.44949623007098
4,33,17,2,79.15,33.62529592904409
18,47,5,9,59.8,50.21595468835734
18,47,5,9,45.0,32.195128758703135
4,33,17,2,86.75,45.67145256007704
18,25,5,9,70.75,77.39160501188607
4,33,17,2,73.25,30.18866116868873
4,33,17,2,64.05,31.066101003810363
18,25,5,9,60.35,61.9679671069531
4,33,17,2,75.1,38.84774598893806
19,21,5,9,88.95,73.15626749420865
4,33,17,2,82.1,50.852625042215976
19,21,5,9,110.7,91.00439549823953
4,33,17,2,77.55,43.87479194732497
4,41,17,2,87.35,35.593132099206706
19,18,5,9,87.65,71.48520273823328
4,41,17,2,82.15,39.62226248222742
19,18,5,9,94.7,98.62320640754518
4,41,17,2,74.3,38.013986345748286
19,11,5,9,82.3,92.99750987045441
4,41,17,2,70.8,46.76998587713458
4,41,17,2,73.45,55.46499607386342
19,11,5,9,112.4,92.79882031918066
4,41,17,2,80.3,46.70523468914829
19,9,5,9,78.0,74.05971985676936
4,41,17,2,90.9,39.926115974911774
19,9,5,9,58.85,52.582041160757335
4,41,17,2,91.45,48.01806129495771
19,19,5,9,115.0,93.84758079488589
4,41,17,2,74.85,39.080584761018585
4,41,17,2,87.95,35.046547994285966
19,19,5,9,126.5,110.07628933464377
4,36,17,2,105.9,55.132281115990764
19,16,5,9,61.95,76.00933114462087
4,36,17,2,64.45,41.53688912153554
19,16,5,9,111.15,94.24060751747707
4,36,17,2,89.3,54.64343751227493
4,36,17,2,63.55,38.8037911875414
19,20,5,9,89.4,75.9462413747209
4,36,17,2,74.05,31.26705850201488
19,20,5,9,100.15,76.13649446535928
4,36,17,2,78.4,53.67583009923653
4,36,17,2,93.2,48.823635346223995
19,15,5,9,109.0,93.8111204271086
4,36,17,2,89.1,47.50058171388951
19,15,5,9,80.9,84.52959618724643
4,36,17,2,84.15,45.364343753773475
19,17,5,9,83.35,86.32025742608315
4,36,17,2,72.75,35.89879781010119
19,17,5,9,88.35,74.8234940587373
4,29,17,2,111.35,65.28421667882998
19,18,5,9,103.4,111.8962865664827
4,29,17,2,88.4,42.26159137163623
19,18,5,9,64.4,74.1863939859027
4,29,17,2,78.65,39.65678411464789
19,19,5,9,92.05,78.90599003344356
4,29,17,2,87.05,63.81426585267427
4,29,17,2,84.15,48.11748232465158
19,19,5,9,109.55,104.08573136450649
4,29,17,2,67.3,29.585024661313472
19,0,5,9,86.8,66.53578380327228
4,29,17,2,72.95,51.35170268278407
19,0,5,9,67.7,54.91917506184597
4,29,17,2,74.5,44.760767596070934
4,29,17,2,77.15,35.038737960930284
19,14,5,9,129.35,91.48498582597556
4,29,17,2,72.4,39.254098009332935
19,14,5,9,95.15,85.55655254982241
4,25,17,2,88.3,54.89904610426209
19,16,5,9,82.05,72.1376425570188
4,25,17,2,85.65,57.12707441816837
19,16,5,9,67.0,61.01854765474787
4,25,17,2,76.1,41.92461907054763
4,25,17,2,69.35,41.323212541341
19,14,5,9,112.75,98.26273856082825
4,25,17,2,85.45,42.793844859918075
19,14,5,9,84.8,63.60784460062172
4,25,17,2,75.95,52.29921504895501
19,12,5,9,84.45,65.44541719310028
4,25,17,2,71.55,55.85834998599489
19,12,5,9,90.85,68.29600820576636
4,25,17,2,85.05,42.00936612358324
4,25,17,2,77.35,48.22346556997897
19,18,5,9,114.2,108.57575575072966
4,25,17,2,70.2,30.351623558412474
19,18,5,9,92.25,84.31199889632992
4,44,17,2,100.8,35.20855159280424
4,44,17,2,72.8,48.97324726183083
19,14,5,9,104.7,86.19445579923523
4,44,17,2,87.4,48.4305253891973
19,14,5,9,84.4,62.51686088357958
4,44,17,2,94.15,33.146048426860624
4,44,17,2,80.85,45.839852805862705
19,20,5,9,121.15,113.59265867679633
4,44,17,2,84.1,47.62451823212603
19,20,5,9,110.5,84.38664149708706
4,44,17,2,80.3,49.43267617360212
19,15,5,9,108.75,82.44479811875402
4,44,17,2,97.85,52.119574058121394
4,44,17,2,68.05,48.880601038599536
19,15,5,9,93.05,74.46544588988202
4,44,17,2,75.05,45.67560099567152
4,29,17,2,73.5,54.941595784691415
4,29,17,2,76.15,41.81824708752968
4,29,17,2,103.3,49.36022263875405
4,29,17,2,69.55,56.99166605741579
4,29,17,2,92.7,41.05593104149766
4,29,17,2,77.6,36.08236192525738
4,29,17,2,77.05,39.516119295934494
4,29,17,2,88.05,46.70565727032039
4,29,17,2,89.85,51.38940603501444
4,29,17,2,75.2,30.043126895917652
4,38,17,2,67.45,36.583682010886825
4,38,17,2,80.75,30.512939446802083
4,38,17,2,80.7,33.551374589457666
4,38,17,2,76.1,34.822708864067124
4,38,17,2,89.15,46.35818783070978
4,38,17,2,74.1,43.16541012870082
4,38,17,2,83.85,36.97264280234067
4,38,17,2,94.5,71.99232415224628
4,38,17,2,71.65,38.899702339545776
4,38,17,2,72.95,39.289043604654225
4,46,17,2,66.45,38.32063481509119
4,46,17,2,100.0,58.445656270095085
4,46,17,2,70.1,39.99592084463772
4,46,17,2,81.75,30.069874765636335
4,46,17,2,91.3,62.78962368182551
4,46,17,2,71.45,37.17026967037529
4,46,17,2,70.75,31.24247277766531
4,46,17,2,86.55,26.240737714276896
4,46,17,2,74.95,41.39981566193387
4,46,17,2,87.55,52.514133435926716
4,38,17,2,77.35,50.93677711789287
4,38,17,2,80.6,51.84125567030263
4,38,17,2,91.85,44.396864517073375
4,38,17,2,77.5,58.750587902993516
4,38,17,2,82.05,33.89996894890675
4,38,17,2,74.85,37.45632544430211
4,38,17,2,65.5,45.55447866363735
4,38,17,2,74.2,36.50032443979815
4,38,17,2,90.5,44.72194798506598
4,38,17,2,88.95,43.68002674955803
4,33,17,2,76.7,43.56495452950565
4,33,17,2,83.25,43.48608367839314
4,33,17,2,80.5,37.83134317356165
4,33,17,2,71.35,40.699508596542046
4,33,17,2,79.45,43.70773146107773
4,33,17,2,71.35,52.74993140429564
4,33,17,2,70.75,42.154946016857984
4,33,17,2,71.5,35.98172050536655
4,33,17,2,78.95,43.99697956140076
4,33,17,2,89.45,48.08159183808508
5,3,17,2,84.1,50.63273332746837
5,3,17,2,89.25,51.23719352189384
5,3,17,2,89.55,57.31122329692042
5,3,17,2,97.55,51.14836520513529
5,3,17,2,89.2,56.01935755658602
5,3,17,2,77.3,25.5200643457364
5,3,17,2,80.15,38.66900703746035
5,3,17,2,75.1,46.7579433161671
5,3,17,2,99.55,68.97785685886527
5,3,17,2,96.75,61.64915588272585
5,13,17,2,84.5,38.99055216196273
5,13,17,2,75.05,37.29043196034974
5,13,17,2,103.85,63.30567032057114
5,13,17,2,65.95,27.147695453224987
5,13,17,2,69.1,30.840677171895116
5,13,17,2,97.55,63.43457051830734
5,13,17,2,94.45,54.01897814657363
5,13,17,2,56.2,38.19424040349539
5,13,17,2,92.55,43.124635772680044
5,13,17,2,105.95,64.93679112879896
5,18,17,2,86.8,42.85422045173982
5,18,17,2,82.75,34.95090541708017
5,18,17,2,92.25,78.8862438812003
5,18,17,2,79.1,48.621957353053006
5,18,17,2,109.75,64.39424214207844
5,18,17,2,79.3,40.655290327077324
5,18,17,2,85.1,54.94102100865695
5,18,17,2,70.85,34.638395185871865
5,18,17,2,108.15,54.7013662871798
5,18,17,2,85.45,48.40669266472191
5,18,17,2,101.25,55.62740237272311
5,18,17,2,88.95,51.43158460262374
5,18,17,2,99.0,54.83084034219774
5,18,17,2,73.75,50.528652632364
5,18,17,2,111.55,75.81103585820956
5,18,17,2,99.65,56.47847750296241
5,18,17,2,88.35,47.681260801062585
5,18,17,2,108.3,80.48085748209093
5,18,17,2,95.9,51.4187145942634
5,18,17,2,91.55,53.223931103454426
5,6,17,2,109.1,76.61036071198892
5,6,17,2,88.8,50.98668556852032
5,6,17,2,101.8,53.6367902018558
5,6,17,2,81.2,32.668349401700404
5,6,17,2,103.65,65.39376680420011
5,6,17,2,81.8,43.44458054749025
5,6,17,2,108.25,62.858131827489956
5,6,17,2,86.6,42.73221390547368
5,6,17,2,77.55,56.01830058114938
5,6,17,2,88.05,59.65292157666361
5,11,17,2,106.5,63.20184874044845
5,11,17,2,103.8,72.64013679560502
5,11,17,2,110.4,46.99540851032823
5,11,17,2,91.1,49.37493504326173
5,11,17,2,104.7,48.698967891365115
5,11,17,2,90.0,36.6333181680284
5,11,17,2,104.05,60.92313967096919
5,11,17,2,87.7,54.272315323066096
5,11,17,2,79.05,49.6603993455338
5,11,17,2,86.25,60.188191707781286
5,4,17,2,91.9,41.43974700186944
5,4,17,2,86.4,44.01602578965745
5,4,17,2,101.5,75.16683199110462
5,4,17,2,82.9,54.17602888052204
5,4,17,2,91.0,38.92232480750672
5,4,17,2,87.4,41.31063326859844
5,4,17,2,77.65,30.98433390228715
5,4,17,2,79.05,40.56116239380773
5,4,17,2,84.2,49.38314223337864
5,4,17,2,90.65,39.3570364203083
5,10,17,2,81.8,51.04033492713076
5,10,17,2,93.95,64.52047818532624
5,10,17,2,101.15,49.264351368809
5,10,17,2,71.6,33.678667307049835
5,10,17,2,71.95,45.328595598665615
5,10,17,2,106.85,64.1612073321239
5,10,17,2,148.8,94.54634062889896
5,10,17,2,83.25,49.910314301597126
5,10,17,2,87.1,44.742420704811174
5,10,17,2,78.15,42.12172211204346
5,3,17,2,100.25,59.18648049752756
5,3,17,2,85.35,34.09472099900511
5,3,17,2,85.7,43.86594410965731
5,3,17,2,77.05,53.639611247070405
5,3,17,2,97.05,36.5059115616549
5,3,17,2,90.15,41.33594714429306
5,3,17,2,83.7,35.98991086694334
5,3,17,2,84.15,44.61563922166637
5,3,17,2,91.15,46.46705114492702
5,3,17,2,93.9,64.98736719345415
5,16,17,2,82.5,47.1185514923458
5,16,17,2,90.15,46.77637167810712
5,16,17,2,74.85,34.91384132102158
5,16,17,2,97.45,60.67295851313698
5,16,17,2,81.9,37.11277266301781
5,16,17,2,109.6,87.76967465744467
5,16,17,2,86.85,56.13543303569736
5,16,17,2,79.7,44.62840728551833
5,16,17,2,80.75,48.42234695066449
5,16,17,2,92.4,38.30404678359716
5,11,17,2,83.0,44.05498956149187
5,11,17,2,83.4,43.05736687380295
5,11,17,2,79.95,55.31962153084373
5,11,17,2,96.45,45.773440931798454
5,11,17,2,82.9,50.773905440533234
5,11,17,2,93.85,52.79879883003719
5,11,17,2,79.75,27.674565560228192
5,11,17,2,89.55,63.79776848102051
5,11,17,2,97.6,45.36216833209666
5,11,17,2,106.85,39.03611687979007
5,20,17,2,74.1,39.01538158214014
5,20,17,2,85.95,54.09005648477653
5,20,17,2,86.2,41.88907658139655
5,20,17,2,105.45,47.10511761224207
5,20,17,2,78.45,55.22630475454704
5,20,17,2,104.55,101.3480064976743
5,20,17,2,86.4,42.214240550590965
5,20,17,2,91.2,57.517594562103575
5,20,17,2,103.75,56.9837234378564
5,20,17,2,75.75,45.719827554125224
5,18,17,2,84.25,46.26909278739341
5,18,17,2,73.8,41.22543925909417
5,18,17,2,92.5,42.3239387282621
5,18,17,2,82.4,55.46112910954179
5,18,17,2,107.1,79.29219779763294
5,18,17,2,91.4,48.40878563149244
5,18,17,2,110.9,73.21913756159081
5,18,17,2,108.8,44.124942224503705
5,18,17,2,87.1,40.56949852446189
5,18,17,2,92.85,44.373148589991594
5,19,17,2,92.65,59.3289447420947
5,19,17,2,95.55,48.1559691878489
5,19,17,2,88.5,33.926390907374746
5,19,17,2,76.5,45.134302511038044
5,19,17,2,78.35,58.8533190049188
5,19,17,2,107.25,56.0553063359844
5,19,17,2,99.8,57.841525786092106
5,19,17,2,85.75,34.76821748908651
5,19,17,2,108.15,56.16823882437101
5,19,17,2,75.45,37.03266694491002
5,9,17,2,102.9,75.25388606856826
5,9,17,2,62.1,30.1695210435963
5,9,17,2,83.5,48.200786191448
5,9,17,2,88.4,45.97756890164227
5,9,17,2,103.1,54.38353078876574
5,9,17,2,86.05,44.110477332787
5,9,17,2,88.6,45.595937030443956
5,9,17,2,107.9,59.39865318338455
5,9,17,2,78.5,51.20803802036099
5,9,17,2,73.1,42.18742641319118
5,16,17,2,76.5,44.52143185856495
5,16,17,2,77.35,39.44252981103947
5,16,17,2,102.4,54.797618081157694
5,16,17,2,102.15,66.85984948894375
5,16,17,2,94.7,58.28252423822211
5,16,17,2,112.5,57.34796834835747
5,16,17,2,102.4,56.300322519409015
5,16,17,2,84.2,45.18569871564511
5,16,17,2,75.75,27.856540382920187
5,16,17,2,77.75,53.28164984801349
5,19,17,2,102.6,59.60430927550898
5,19,17,2,110.05,64.3374941841438
5,19,17,2,94.55,61.70769379651302
5,19,17,2,80.1,38.23459442084244
5,19,17,2,72.05,41.222726230742396
5,19,17,2,85.6,49.170380472287114
5,19,17,2,97.6,94.05731735154059
5,19,17,2,75.05,40.45592143243518
5,19,17,2,114.6,64.8329026278933
5,19,17,2,105.1,56.22314563650062
5,22,17,2,78.0,36.256396894747745
5,22,17,2,86.55,55.55980656250666
5,22,17,2,75.1,44.88335760026966
5,22,17,2,98.8,47.001231786770056
5,22,17,2,75.0,49.688503382785164
5,22,17,2,83.55,53.24172779829152
5,22,17,2,96.05,63.13183782663404
5,22,17,2,84.9,53.557544065386246
5,22,17,2,99.45,39.39472981049756
5,22,17,2,79.65,21.09446173263195
5,2,17,2,95.7,63.78095739572893
5,2,17,2,95.65,73.83286602362905
5,2,17,2,97.45,56.87888795270915
5,2,17,2,81.3,44.93984283110268
5,2,17,2,77.0,42.80924641882134
5,2,17,2,92.45,80.58436246372003
5,2,17,2,73.9,35.25083052399729
5,2,17,2,82.25,40.277818108469425
5,2,17,2,82.8,37.18884948900395
5,2,17,2,104.05,72.05807234081193
5,5,17,2,112.3,60.07197437460465
5,5,17,2,68.65,40.15270194749303
5,5,17,2,91.95,42.06445555397849
5,5,17,2,113.55,60.934369352780315
5,5,17,2,83.7,64.20206587920592
5,5,17,2,79.15,58.11809664721253
5,5,17,2,115.95,47.83246530173942
5,5,17,2,74.25,40.95938296204642
5,5,17,2,99.25,55.379908003953176
5,5,17,2,88.75,47.29178742545832
6,33,17,3,63.0,33.349820484011445
6,33,17,3,63.25,33.097742012345634
6,33,17,3,75.95,44.110477332787006
6,33,17,3,61.6,39.77489290071261
6,33,17,3,78.4,57.10323062111653
6,33,17,3,77.65,48.12513841401831
6,33,17,3,67.65,47.00198763994202
6,33,17,3,59.35,42.164184102774136
6,33,17,3,82.5,45.750467354529775
6,33,17,3,72.35,51.83909822964861
6,35,17,3,82.5,36.565010597564445
6,35,17,3,79.15,41.92508983764658
6,35,17,3,60.45,37.04829707003378
6,35,17,3,88.95,33.92169776039177
6,35,17,3,79.75,33.79329581596419
6,35,17,3,65.15,37.21385565393055
6,35,17,3,80.55,36.61531891090625
6,35,17,3,81.95,40.93701837804276
6,35,17,3,87.2,59.149765315190436
6,35,17,3,57.35,36.23937230779747
6,41,17,3,58.15,31.98235533277027
6,41,17,3,74.1,34.53891779001281
6,41,17,3,72.55,52.664254330717775
6,41,17,3,76.35,45.279570157900245
6,41,17,3,65.7,36.74678646888016
6,41,17,3,63.95,38.79158210366346
6,41,17,3,78.5,72.53492806554428
6,41,17,3,81.5,45.32397994323465
6,41,17,3,57.15,38.71253706896242
6,41,17,3,93.05,50.75169170112772
6,35,17,3,68.45,30.23325983085515
6,35,17,3,82.25,45.33602610681592
6,35,17,3,72.7,37.5220636846895
6,35,17,3,79.8,57.63825484044977
6,35,17,3,65.85,37.64414401932083
6,35,17,3,82.45,33.16858850113907
6,35,17,3,72.5,36.13498086488027
6,35,17,3,69.6,36.79445038246079
6,35,17,3,80.5,69.6083025900911
6,35,17,3,67.55,34.35798382663888
6,25,17,3,76.4,39.09421817528575
6,25,17,3,65.3,35.082009184495874
6,25,17,3,76.2,64.88824400865164
6,25,17,3,64.2,34.5049195577125
6,25,17,3,70.2,47.97762636457694
6,25,17,3,84.4,36.35121079573264
6,25,17,3,81.5,41.13840566979513
6,25,17,3,80.1,38.311603299371605
6,25,17,3,83.05,50.43857650647964
6,25,17,3,104.25,42.500619190535886
6,24,17,3,80.35,46.11572970598849
6,24,17,3,66.65,41.28371030857214
6,24,17,3,87.0,55.547040283083724
6,24,17,3,91.4,46.22302912026247
6,24,17,3,65.15,30.387454128654028
6,24,17,3,61.6,30.011225969802133
6,24,17,3,77.65,46.258171397631266
6,24,17,3,75.75,43.30172598966709
6,24,17,3,82.35,52.97693142451622
6,24,17,3,74.25,43.505444305403046
6,41,17,3,91.95,38.111298228105255
6,41,17,3,67.45,46.877752550762565
6,41,17,3,74.45,54.079352028195316
6,41,17,3,75.65,43.16342872093653
6,41,17,3,71.55,45.95933557304532
6,41,17,3,71.45,44.759562342058615
6,41,17,3,84.85,53.71295541065831
6,41,17,3,82.45,52.889631856298045
6,41,17,3,83.5,43.04770915110227
6,41,17,3,72.0,39.344631145812
6,47,17,3,77.0,33.91164991562634
6,47,17,3,81.4,40.175142877943294
6,47,17,3,72.8,37.536788971831214
6,47,17,3,72.9,39.71994063704686
6,47,17,3,65.55,48.40560537354064
6,47,17,3,83.5,43.67885192244821
6,47,17,3,68.3,34.78974440534844
6,47,17,3,60.1,47.55484368489435
6,47,17,3,63.35,41.65304689682945
6,47,17,3,67.25,52.242224301803994
6,26,17,3,93.8,50.010104242200796
6,26,17,3,69.25,42.04493210589683
6,26,17,3,86.75,42.390260798045524
6,26,17,3,58.25,31.849770717178515
6,26,17,3,80.9,43.83689866095144
6,26,17,3,70.45,31.976101273163042
6,26,17,3,85.2,36.4743601365181
6,26,17,3,72.85,45.90869084102532
6,26,17,3,93.15,54.65420001196036
6,26,17,3,79.05,57.2983649991773
6,41,17,3,90.05,40.94473168347277
6,41,17,3,85.45,49.46074998899313
6,41,17,3,76.1,45.25471769533217
6,41,17,3,71.5,43.18808315167263
6,41,17,3,79.7,61.64422540932597
6,41,17,3,81.35,39.5051961938653
6,41,17,3,79.05,38.33573981767433
6,41,17,3,93.35,54.023654663100075
6,41,17,3,80.05,44.36626859984603
6,41,17,3,75.35,39.04959734275859
6,38,17,3,67.2,38.8595311074997
6,38,17,3,71.5,44.5261602585314
6,38,17,3,88.6,41.19453208478293
6,38,17,3,74.2,48.33501509475844
6,38,17,3,56.9,36.11079442056364
6,38,17,3,77.35,42.34355105313528
6,38,17,3,97.3,41.46412526763981
6,38,17,3,84.65,38.62815308199857
6,38,17,3,74.85,38.47388040845647
6,38,17,3,61.1,38.40901758153868
6,32,17,3,83.0,41.302478579887975
6,32,17,3,71.7,35.18387788686594
6,32,17,3,79.9,44.30029107662481
6,32,17,3,80.25,42.154946016857984
6,32,17,3,86.6,53.22484580086931
6,32,17,3,72.3,46.511006054594496
6,32,17,3,85.4,57.02391003596188
6,32,17,3,74.7,45.724691015041884
6,32,17,3,82.15,31.92965129122063
6,32,17,3,62.55,51.6072975255897
6,36,17,3,82.5,42.01941906960838
6,36,17,3,75.65,47.310035655072284
6,36,17,3,72.3,32.573964417840465
6,36,17,3,64.1,37.29808799953495
6,36,17,3,87.8,43.1479706176438
6,36,17,3,55.35,45.49525712700866
6,36,17,3,54.9,30.93269433701772
6,36,17,3,67.2,44.46240280459317
6,36,17,3,84.7,44.44760368888531
6,36,17,3,85.4,49.88660826525017
6,25,17,3,79.6,56.3545169347353
6,25,17,3,81.7,37.95717808822268
6,25,17,3,82.65,48.457550603866835
6,25,17,3,72.25,42.25720119259649
6,25,17,3,87.8,53.57395282273496
6,25,17,3,76.85,55.909019138709915
6,25,17,3,61.95,38.34534899402644
6,25,17,3,61.4,32.0499609984162
6,25,17,3,89.35,44.14721186880858
6,25,17,3,97.9,57.92454256685112
6,41,17,3,75.1,43.31876948245049
6,41,17,3,101.35,45.7559602099753
6,41,17,3,80.35,29.160671062959185
6,41,17,3,70.2,51.39383538703327
6,41,17,3,76.65,34.20568589238376
6,41,17,3,83.2,82.09468217920855
6,41,17,3,79.2,43.46759228376202
6,41,17,3,64.5,44.89226870490825
6,41,17,3,79.1,45.76818016689624
6,41,17,3,84.35,50.37571992433197
6,32,17,3,71.35,53.459551851942486
6,32,17,3,72.3,41.51740281908425
6,32,17,3,77.45,49.333958625719575
6,32,17,3,79.7,43.13638103064573
6,32,17,3,66.75,48.53634015652059
6,32,17,3,76.3,58.970197647000596
6,32,17,3,70.6,44.64173171513753
6,32,17,3,64.65,49.57957452950071
6,32,17,3,74.45,46.9517949883876
6,32,17,3,65.15,41.36776650078123
6,35,17,3,70.4,41.96414509654891
6,35,17,3,79.95,41.03974325353156
6,35,17,3,84.65,44.75815127173102
6,35,17,3,79.85,48.373845695462556
6,35,17,3,78.05,58.57112185872381
6,35,17,3,78.3,45.1816217877183
6,35,17,3,71.3,29.372561488931343
6,35,17,3,80.9,46.64073214194694
6,35,17,3,78.85,54.30544704675
6,35,17,3,76.5,39.835847384511666
6,36,17,3,98.35,65.38088808142476
6,36,17,3,74.1,33.83691537515296
6,36,17,3,74.15,52.342269323126764
6,36,17,3,63.4,37.8993125892389
6,36,17,3,88.85,64.64093130517226
6,36,17,3,92.75,49.08518374375199
6,36,17,3,66.2,34.05042700095505
6,36,17,3,77.2,42.83579418147742
6,36,17,3,98.75,43.98549402030772
6,36,17,3,80.85,67.33598005915051
6,26,17,3,68.05,44.00894047923971
6,26,17,3,75.7,49.03500360912975
6,26,17,3,56.7,37.3885712906751
6,26,17,3,77.9,40.62135813635612
6,26,17,3,73.75,36.37360957733244
6,26,17,3,81.05,35.35306880150874
6,26,17,3,82.8,31.54045021872706
6,26,17,3,76.5,46.03945676207929
6,26,17,3,80.55,68.92213379108188
6,26,17,3,94.4,37.690428772469964
6,45,17,3,83.15,36.351029812387054
6,45,17,3,68.6,43.853104073054006
6,45,17,3,51.6,28.55355079771857
6,45,17,3,85.6,39.01875392544894
6,45,17,3,82.25,46.34637895354138
6,45,17,3,84.5,39.09569905003012
6,45,17,3,76.4,53.60812978408562
6,45,17,3,67.75,36.84373116713058
6,45,17,3,65.2,56.96961332241305
6,45,17,3,68.45,35.51052475564185
7,18,17,3,85.85,68.30525524977446
7,18,17,3,84.45,67.89424826425595
7,18,17,3,91.55,54.95402384577589
7,18,17,3,98.65,48.58987873816392
7,18,17,3,103.7,88.4843726910369
7,18,17,3,78.55,43.54123877066672
7,18,17,3,68.75,39.53662525863968
7,18,17,3,90.35,44.28172368631983
7,18,17,3,97.9,66.04137459119652
7,18,17,3,85.4,43.77141581106628
7,21,17,3,87.85,48.549784540689444
7,21,17,3,93.4,49.74080184738735
7,21,17,3,74.5,55.341523384582715
7,21,17,3,75.75,44.15627153405815
7,21,17,3,79.55,59.123844152494186
7,21,17,3,82.1,51.660735369788995
7,21,17,3,74.7,53.12358976456396
7,21,17,3,91.75,45.33254320776864
7,21,17,3,95.55,46.39019292910949
7,21,17,3,89.35,59.021204931608665
7,19,17,3,92.0,50.79370039680118
7,19,17,3,105.45,48.07940252715732
7,19,17,3,87.9,64.31738735201759
7,19,17,3,84.8,71.6090261878972
7,19,17,3,76.25,36.45310614156797
7,19,17,3,103.05,49.42881644078525
7,19,17,3,84.05,39.09028012178987
7,19,17,3,93.5,65.46795117902306
7,19,17,3,74.45,35.23227437868207
7,19,17,3,70.25,34.96596089131016
7,10,17,3,93.5,40.57546575275054
7,10,17,3,96.0,59.93505256789043
7,10,17,3,88.25,54.25560849010523
7,10,17,3,85.05,50.90804403400725
7,10,17,3,91.2,72.22814730531232
7,10,17,3,67.15,29.133585249221973
7,10,17,3,117.8,79.46439123081615
7,10,17,3,73.15,40.018778486842244
7,10,17,3,74.0,40.13660883060567
7,10,17,3,91.3,51.14180492049841
7,14,17,3,76.2,55.585496025681486
7,14,17,3,107.1,67.40443527496423
7,14,17,3,101.4,53.556069978845045
7,14,17,3,103.7,55.126743915606355
7,14,17,3,81.75,48.831477121778086
7,14,17,3,99.85,59.75500419476003
7,14,17,3,74.0,70.17721927565354
7,14,17,3,95.4,52.548123307668135
7,14,17,3,89.8,58.122013222639076
7,14,17,3,76.4,37.19281198239647
7,14,17,3,83.5,49.44800565399877
7,14,17,3,90.5,41.01283496149647
7,14,17,3,64.2,41.22416256211117
7,14,17,3,77.95,54.01702947852844
7,14,17,3,116.8,52.232879340608115
7,14,17,3,108.65,61.949278913436416
7,14,17,3,79.95,46.730442010816844
7,14,17,3,81.45,49.52561803859961
7,14,17,3,96.95,56.189037140147214
7,14,17,3,106.0,57.53534382858665
7,11,17,3,107.3,78.50383832386125
7,11,17,3,103.95,69.19421560856232
7,11,17,3,78.0,40.65386626269712
7,11,17,3,81.9,47.38520755190213
7,11,17,3,112.15,66.94166745835706
7,11,17,3,93.0,76.37235653104638
7,11,17,3,104.7,76.53489056426625
7,11,17,3,101.85,62.88106986501121
7,11,17,3,85.2,49.926893923436744
7,11,17,3,66.95,29.132139965120455
7,16,17,3,92.1,53.4562290201304
7,16,17,3,84.25,49.44201814140212
7,16,17,3,104.75,45.380119690872284
7,16,17,3,84.5,57.597057673387965
7,16,17,3,89.4,48.832042974389594
7,16,17,3,86.4,46.50568725831736
7,16,17,3,84.2,50.752858358706725
7,16,17,3,90.65,46.315025412358004
7,16,17,3,92.0,43.29823139696659
7,16,17,3,90.5,48.543523607279745
7,2,17,3,92.0,73.48182732736319
7,2,17,3,84.9,45.088100892644206
7,2,17,3,89.25,51.81635080287221
7,2,17,3,111.65,79.46152660581292
7,2,17,3,105.6,70.32211600911907
7,2,17,3,92.55,51.87279481679451
7,2,17,3,71.4,48.26069556939793
7,2,17,3,86.45,61.62319710184333
7,2,17,3,95.35,62.59331980499617
7,2,17,3,95.55,55.381428580156246
7,17,17,3,94.95,67.53125981818775
7,17,17,3,100.3,59.41477753449628
7,17,17,3,79.35,53.82552221860242
7,17,17,3,98.4,80.38486372315047
7,17,17,3,99.6,55.51140233748094
7,17,17,3,96.65,66.29620533714778
7,17,17,3,68.9,51.11689390118753
7,17,17,3,75.5,40.37130299189212
7,17,17,3,83.05,49.39686224852748
7,17,17,3,90.3,41.5123317125228
7,14,17,3,95.95,41.144770083974926
7,14,17,3,99.35,72.59351500686981
7,14,17,3,87.1,50.16593518147128
7,14,17,3,77.25,41.09664475995961
7,14,17,3,92.9,41.41433771559136
7,14,17,3,97.15,60.08351643644387
7,14,17,3,87.3,68.2581015048956
7,14,17,3,111.65,60.610295286665966
7,14,17,3,83.85,50.73073915031045
7,14,17,3,118.7,64.19468743390564
7,7,17,3,122.8,74.20072350335307
7,7,17,3,88.75,29.033329304892263
7,7,17,3,74.65,50.68922339532391
7,7,17,3,89.2,52.43702990505048
7,7,17,3,87.7,61.33780494759715
7,7,17,3,106.7,83.71700449792301
7,7,17,3,94.4,64.15228592555127
7,7,17,3,82.7,56.25795850132532
7,7,17,3,92.5,44.52497820561541
7,7,17,3,75.3,50.597586794961714
7,16,17,3,101.5,55.19105572082262
7,16,17,3,119.85,65.12035416300951
7,16,17,3,108.85,61.317358236087045
7,16,17,3,87.75,46.58537719522138
7,16,17,3,85.8,45.313643814964536
7,16,17,3,105.75,44.563231244461704
7,16,17,3,94.55,51.90525275112235
7,16,17,3,80.15,37.91163548652521
7,16,17,3,73.6,48.030034463097316
7,16,17,3,102.35,60.45640012264602
7,12,17,3,98.0,65.59444777530616
7,12,17,3,86.6,51.11946791585373
7,12,17,3,87.7,51.619151892541424
7,12,17,3,80.2,56.849385498692484
7,12,17,3,109.1,72.58091673218387
7,12,17,3,75.9,40.35748153427656
7,12,17,3,68.7,44.04196563326966
7,12,17,3,73.35,39.59967437399348
7,12,17,3,90.7,44.92461521962741
7,12,17,3,84.65,43.99913276657309
7,2,17,3,90.9,52.44234929901596
7,2,17,3,83.85,42.243996770640614
7,2,17,3,85.05,53.17149513354728
7,2,17,3,80.35,47.08924896853902
7,2,17,3,91.95,45.55329440972351
7,2,17,3,81.6,51.296249991182535
7,2,17,3,90.4,53.72581463221137
7,2,17,3,94.3,51.22304169023936
7,2,17,3,77.8,33.32076956209934
7,2,17,3,95.0,65.13387024146175
7,21,17,3,98.65,53.069244735930674
7,21,17,3,101.65,38.96999520548841
7,21,17,3,94.35,53.738425926450724
7,21,17,3,86.25,39.628372345288696
7,21,17,3,90.25,43.40734233307831
7,21,17,3,97.25,78.57740066162053
7,21,17,3,86.0,75.60075187596038
7,21,17,3,96.65,54.69270614317011
7,21,17,3,91.75,75.18249726323836
7,21,17,3,88.9,61.27152682935199
7,14,17,3,80.8,58.738134300066356
7,14,17,3,81.0,45.788989713110816
7,14,17,3,96.7,56.40464706499205
7,14,17,3,98.0,57.5143002812527
7,14,17,3,72.45,39.90841488893499
7,14,17,3,110.65,63.718356439635365
7,14,17,3,87.55,48.13301197832173
7,14,17,3,95.2,59.42673507862656
7,14,17,3,80.45,40.28382854329096
7,14,17,3,91.85,56.11574035677935
7,6,17,3,117.05,50.85425511358803
7,6,17,3,87.9,63.3053585492779
7,6,17,3,84.15,53.91247780577233
7,6,17,3,83.05,58.28828084795885
7,6,17,3,96.8,61.07165765247454
7,6,17,3,81.65,60.60421645918359
7,6,17,3,77.0,41.21828924665667
7,6,17,3,79.3,39.17988205565118
7,6,17,3,91.55,51.43772422730433
7,6,17,3,89.6,45.93748612602727
7,5,17,3,81.8,52.1289898132255
7,5,17,3,79.25,54.71060226318113
7,5,17,3,79.8,38.74423556445119
7,5,17,3,99.95,98.99892343912262
7,5,17,3,83.25,42.764809684697774
7,5,17,3,118.65,49.38705882057939
7,5,17,3,54.8,25.338965209627975
7,5,17,3,87.8,55.645116114250506
7,5,17,3,98.55,56.42831969107262
7,5,17,3,84.6,45.68703605135591
7,19,17,3,87.75,39.72123255627239
7,19,17,3,95.6,53.29698322656388
7,19,17,3,105.8,65.41414622477151
7,19,17,3,82.4,63.198434357689266
7,19,17,3,83.8,44.042563145451155
7,19,17,3,96.3,63.71986387800573
7,19,17,3,101.25,82.90125705351295
7,19,17,3,73.3,42.6998089481736
7,19,17,3,106.8,64.4454890014156
7,19,17,3,87.3,64.33064261257903
8,39,17,4,59.8,44.87362371441778
8,39,17,4,62.15,40.28356723868536
8,39,17,4,84.6,55.24719568972662
8,39,17,4,74.7,43.76263727259398
8,39,17,4,89.25,52.40216447920127
8,39,17,4,60.1,33.56360811166887
8,39,17,4,68.3,36.68514685809503
8,39,17,4,84.75,48.09844619440206
8,39,17,4,91.45,49.1094106106591
8,39,17,4,70.25,38.75004244479848
8,28,17,4,72.65,44.26626968221907
8,28,17,4,77.0,53.9200187412118
8,28,17,4,64.2,36.12055836836005
8,28,17,4,70.5,37.291878613530805
8,28,17,4,77.2,55.44518393019029
8,28,17,4,73.0,45.17451540531745
8,28,17,4,110.15,63.93111012727108
8,28,17,4,80.9,44.20514378261997
8,28,17,4,76.6,42.55324837622178
8,28,17,4,72.1,36.198138946054875
8,32,17,4,83.3,62.402007390113575
8,32,17,4,62.7,31.592970570582374
8,32,17,4,60.45,49.85713800978067
8,32,17,4,62.55,36.42508534108415
8,32,17,4,68.25,37.54418449605324
8,32,17,4,94.4,44.98584572717816
8,32,17,4,78.6,40.548087111737495
8,32,17,4,57.2,42.73738656640478
8,32,17,4,68.0,41.55655626277342
8,32,17,4,74.75,52.73356566143068
8,32,17,4,74.9,59.16515688708756
8,32,17,4,60.05,38.53293191680674
8,32,17,4,79.0,46.38625023135968
8,32,17,4,70.8,34.439267673612584
8,32,17,4,79.8,39.83862183200725
8,32,17,4,79.7,67.56680904268401
8,32,17,4,85.95,42.765548111337914
8,32,17,4,72.55,37.89663920663539
8,32,17,4,70.45,50.26401349506005
8,32,17,4,83.2,45.101756296763334
8,39,17,4,69.4,35.736462287726596
8,39,17,4,71.2,40.31272490757335
8,39,17,4,84.1,42.54644520991148
8,39,17,4,58.35,42.5555673888796
8,39,17,4,92.05,76.08684442620053
8,39,17,4,82.25,46.986980279535665
8,39,17,4,64.15,44.93302032792224
8,39,17,4,72.55,42.033163598583236
8,39,17,4,73.5,41.3629633469618
8,39,17,4,73.3,33.14735839280488
8,28,17,4,64.05,44.466989530377894
8,28,17,4,47.25,32.193289591727684
8,28,17,4,80.6,49.90875885579921
8,28,17,4,81.4,25.018729825977644
8,28,17,4,74.05,36.69572612429782
8,28,17,4,60.55,41.99182251218369
8,28,17,4,67.8,37.67953514072398
8,28,17,4,73.5,39.769731944625526
8,28,17,4,79.35,44.63333071289119
8,28,17,4,86.3,45.01824191661817
8,33,17,4,73.2,53.67014263560621
8,33,17,4,57.65,40.25612081606839
8,33,17,4,93.3,53.82339542185017
8,33,17,4,52.15,30.110804145950496
8,33,17,4,69.8,50.76426426449802
8,33,17,4,64.95,52.5151356628183
8,33,17,4,70.1,49.85969789002146
8,33,17,4,83.4,52.625189085796066
8,33,17,4,67.5,36.806034974258175
8,33,17,4,73.55,37.37079495795445
8,28,17,4,69.25,43.634697685503255
8,28,17,4,64.8,46.171989686160885
8,28,17,4,76.8,57.00009233602863
8,28,17,4,79.95,42.318933177280805
8,28,17,4,64.45,37.69751492577392
8,28,17,4,75.65,43.01441007016382
8,28,17,4,71.55,35.752769491548335
8,28,17,4,71.45,46.60299854820729
8,28,17,4,74.95,42.63489428304374
8,28,17,4,80.2,54.738228727375954
8,35,17,4,78.35,43.899736241864396
8,35,17,4,71.2,30.09563703298292
8,35,17,4,61.85,33.97564917469724
8,35,17,4,68.5,49.62543914693668
8,35,17,4,93.95,64.84676269158659
8,35,17,4,79.45,47.38251398542448
8,35,17,4,80.7,34.859265928195214
8,35,17,4,87.6,40.872587648112415
8,35,17,4,77.9,51.95939710358869
8,35,17,4,67.75,38.84771211850326
8,24,17,4,65.65,39.394462608474896
8,24,17,4,72.7,47.28647297394667
8,24,17,4,72.75,41.61082222590404
8,24,17,4,78.6,32.64868821415744
8,24,17,4,64.8,39.07294123613047
8,24,17,4,88.4,42.53469172334508
8,24,17,4,76.65,54.33935764686296
8,24,17,4,53.6,32.84797518393197
8,24,17,4,59.95,38.23125615734358
8,24,17,4,74.4,69.91679265195766
8,32,17,4,57.2,33.650838732020055
8,32,17,4,69.35,42.99115576120524
8,32,17,4,66.8,42.36632227557515
8,32,17,4,69.95,26.063636697413067
8,32,17,4,78.75,44.86221596235112
8,32,17,4,84.45,51.35170268278407
8,32,17,4,69.3,46.541549066116005
8,32,17,4,62.35,41.45673077216521
8,32,17,4,63.8,47.00795005550713
8,32,17,4,80.9,44.62699206817138
8,44,17,4,65.1,34.57242588507418
8,44,17,4,66.8,44.56644950018603
8,44,17,4,57.95,34.4283772184333
8,44,17,4,77.0,60.907177003423136
8,44,17,4,58.8,33.11320296386799
8,44,17,4,67.0,41.29992990946009
8,44,17,4,70.2,39.78177313398953
8,44,17,4,61.0,42.10763151233927
8,44,17,4,70.75,44.750624811868626
8,44,17,4,60.95,42.514981879456634
8,29,17,4,65.45,38.203712963670505
8,29,17,4,83.45,41.478561361642946
8,29,17,4,54.45,35.12605121109133
8,29,17,4,62.1,31.72729192086175
8,29,17,4,67.85,36.8714338150681
8,29,17,4,67.15,38.63224042169959
8,29,17,4,71.05,52.70021971391331
8,29,17,4,63.5,28.625531482080447
8,29,17,4,62.8,37.142116823159974
8,29,17,4,59.55,38.29315590903529
8,29,17,4,68.85,35.56354579444637
8,29,17,4,84.5,56.84281188644607
8,29,17,4,77.45,53.28026691097993
8,29,17,4,58.3,34.09136331435836
8,29,17,4,57.1,30.71241819816452
8,29,17,4,72.2,39.93362914689955
8,29,17,4,72.5,44.56515041575589
8,29,17,4,81.55,39.7273271982371
8,29,17,4,59.35,35.36914355465048
8,29,17,4,67.7,39.897368334264854
8,34,17,4,73.95,34.27823461645965
8,34,17,4,81.45,41.7555227989128
8,34,17,4,59.7,40.31729418656857
8,34,17,4,74.65,36.28291609008295
8,34,17,4,81.9,66.50674678873605
8,34,17,4,69.0,45.36054394921231
8,34,17,4,70.45,46.31752538612935
8,34,17,4,72.85,42.818189691076995
8,34,17,4,72.55,38.09195936705084
8,34,17,4,86.4,56.61541541981208
8,47,17,4,70.1,33.41273000393398
8,47,17,4,68.6,54.997033412817146
8,47,17,4,67.05,32.945688960054106
8,47,17,4,88.95,61.77418554703899
8,47,17,4,63.85,38.171737960791994
8,47,17,4,84.05,45.773440931798454
8,47,17,4,62.05,42.90807186974204
8,47,17,4,74.9,47.78008834342255
8,47,17,4,92.85,64.40110737851444
8,47,17,4,79.95,50.559475138848
8,34,17,4,88.35,69.83685876458979
8,34,17,4,79.7,43.847942999223555
8,34,17,4,75.85,46.03005311178431
8,34,17,4,81.8,54.80549338581998
8,34,17,4,65.8,42.38371087302787
8,34,17,4,76.2,47.032575497145984
8,34,17,4,56.45,46.670710977634506
8,34,17,4,70.2,43.74038240152433
8,34,17,4,81.2,50.625144574192525
8,34,17,4,80.7,28.530869708366577
8,35,17,4,61.7,35.853649891277676
8,35,17,4,75.7,50.6869650013949
8,35,17,4,69.9,54.484087488675854
8,35,17,4,56.25,46.850124978769436
8,35,17,4,75.9,43.099517642923004
8,35,17,4,74.75,46.24633698154402
8,35,17,4,68.75,39.18360962389625
8,35,17,4,67.75,32.8471339773551
8,35,17,4,95.2,47.58327879678566
8,35,17,4,78.3,35.23619550525015
8,34,17,4,66.2,34.61000767955632
8,34,17,4,64.25,41.88313942890448
8,34,17,4,65.05,40.274681873355625
8,34,17,4,66.1,45.02151532440087
8,34,17,4,84.7,56.11651412814892
8,34,17,4,80.25,46.637318465840316
8,34,17,4,78.7,45.35717897103529
8,34,17,4,64.2,42.21199629938091
8,34,17,4,67.65,36.65525739558846
8,34,17,4,71.5,41.92160603592829
8,47,17,4,88.0,50.32734947583826
8,47,17,4,76.5,45.08529927289289
8,47,17,4,77.65,38.23373407153206
8,47,17,4,74.9,40.866792593034575
8,47,17,4,81.45,57.038744911267386
8,47,17,4,58.85,39.13307256555576
8,47,17,4,68.2,44.30468669517814
8,47,17,4,67.6,47.73766029589548
8,47,17,4,89.95,73.27559728787435
8,47,17,4,69.15,39.651475050547745
9,11,17,4,103.95,108.1696888178355
9,11,17,4,84.25,44.6340382266836
9,11,17,4,82.5,40.85081974311177
9,11,17,4,74.6,39.95971655765867
9,11,17,4,95.55,47.75648206209675
9,11,17,4,95.05,73.01872506779556
9,11,17,4,85.0,55.05021631010612
9,11,17,4,99.0,64.77816396221638
9,11,17,4,89.3,44.82374840475338
9,11,17,4,113.2,70.39931219759704
9,11,17,4,90.6,53.06639336965682
9,11,17,4,94.25,50.535943435809806
9,11,17,4,73.6,45.018592650265354
9,11,17,4,87.5,60.95079983068311
9,11,17,4,116.3,66.44990198400755
9,11,17,4,74.1,43.66005038934334
9,11,17,4,88.7,60.28712003492341
9,11,17,4,61.05,39.56403869544585
9,11,17,4,74.95,44.31641611008391
9,11,17,4,84.15,45.9396343041605
9,17,17,4,84.75,40.877062156254766
9,17,17,4,79.85,53.25042623995458
9,17,17,4,79.45,50.59277564404251
9,17,17,4,102.4,78.2999630301721
9,17,17,4,122.25,72.85665450227012
9,17,17,4,95.55,48.5380751250202
9,17,17,4,90.85,46.42965817120278
9,17,17,4,83.2,35.49291997597623
9,17,17,4,105.85,52.591048868154665
9,17,17,4,82.55,43.58714803338492
9,3,17,4,89.15,43.42722284708667
9,3,17,4,68.4,35.77767607409903
9,3,17,4,81.2,53.3396268216575
9,3,17,4,99.5,75.65399074595783
9,3,17,4,94.45,53.68374741802313
9,3,17,4,84.8,53.480542452864405
9,3,17,4,79.75,38.75547499522181
9,3,17,4,97.2,56.76785598984879
9,3,17,4,108.75,62.751703688342
9,3,17,4,81.3,47.432056670568265
9,1,17,4,87.4,46.53736472759791
9,1,17,4,95.0,70.47209227398946
9,1,17,4,68.35,49.149904963232
9,1,17,4,90.9,52.90696899673099
9,1,17,4,86.95,46.14448133736836
9,1,17,4,89.1,46.65878379537081
9,1,17,4,81.55,38.22987946895106
9,1,17,4,103.6,57.02852471859102
9,1,17,4,87.35,44.28766609814806
9,1,17,4,81.4,52.55913962285472
9,17,17,4,125.05,99.30202467856915
9,17,17,4,95.35,53.72177349425855
9,17,17,4,128.65,81.59610091303705
9,17,17,4,65.85,40.54403064635572
9,17,17,4,90.25,56.777381523204994
9,17,17,4,85.25,56.76718381155381
9,17,17,4,88.75,51.23719352189384
9,17,17,4,110.55,54.83993454639267
9,17,17,4,99.3,62.0967835424331
9,17,17,4,79.95,55.98540693317933
9,1,17,4,98.9,64.41060716830323
9,1,17,4,86.4,43.70523273500615
9,1,17,4,77.15,40.4140087749676
9,1,17,4,91.3,88.08016683382067
9,1,17,4,98.3,54.11109429974401
9,1,17,4,87.6,59.93628195623116
9,1,17,4,97.85,55.88830496247804
9,1,17,4,96.65,54.92317601120582
9,1,17,4,92.15,66.27397282255086
9,1,17,4,90.25,53.92380101392588
9,17,17,4,71.65,43.56274965948244
9,17,17,4,65.9,44.93140971466807
9,17,17,4,93.85,54.92413427916538
9,17,17,4,92.45,50.432315245808724
9,17,17,4,84.2,76.84338138810587
9,17,17,4,108.75,56.729158009096636
9,17,17,4,102.3,51.931229829255415
9,17,17,4,94.65,43.85175385078085
9,17,17,4,90.3,48.130414938012564
9,17,17,4,63.75,37.15100763668534
9,9,17,4,86.65,59.49018052542258
9,9,17,4,76.1,65.61602820877485
9,9,17,4,78.8,39.37485171233565
9,9,17,4,99.55,92.27046913115923
9,9,17,4,89.3,63.859302582441266
9,9,17,4,105.95,85.90905534036376
9,9,17,4,98.5,57.32410166395063
9,9,17,4,110.9,72.55190519461513
9,9,17,4,86.8,36.53635536226752
9,9,17,4,100.05,62.49755784702394
9,1,17,4,104.3,66.19834629831458
9,1,17,4,81.7,56.211162030704415
9,1,17,4,82.9,54.77408146194694
9,1,17,4,80.75,44.6328590307988
9,1,17,4,91.4,65.02096827785229
9,1,17,4,84.15,36.38865497000838
9,1,17,4,109.75,66.38791503849096
9,1,17,4,87.45,63.42876236169867
9,1,17,4,87.65,51.8665037430355
9,1,17,4,99.7,73.84913497693866
9,15,17,4,126.7,80.38139350031592
9,15,17,4,89.75,55.123664800633776
9,15,17,4,89.05,45.97193079535197
9,15,17,4,97.6,56.00319539755604
9,15,17,4,89.0,65.93856790105548
9,15,17,4,71.75,52.60165596752935
9,15,17,4,89.35,56.113864503112644
9,15,17,4,99.05,64.36448432253042
9,15,17,4,97.5,85.06684677976864
9,15,17,4,97.0,75.2126809017007
9,19,17,4,91.7,51.61915189254143
9,19,17,4,104.4,65.48233992539716
9,19,17,4,78.85,60.36666472918904
9,19,17,4,79.8,61.05441921157843
9,19,17,4,78.0,51.776849124518556
9,19,17,4,96.05,60.210573472561585
9,19,17,4,66.3,45.093003308367265
9,19,17,4,89.95,62.95986608024277
9,19,17,4,72.85,37.758617001881
9,19,17,4,100.85,58.81574708582013
9,3,17,4,100.6,58.17252019006189
9,3,17,4,106.95,60.96459283016141
9,3,17,4,89.7,89.03996737125237
9,3,17,4,77.25,49.932454375886635
9,3,17,4,71.95,51.75801488912763
9,3,17,4,75.7,40.523027891233454
9,3,17,4,111.85,67.15439790434233
9,3,17,4,72.45,34.308929327202094
9,3,17,4,78.05,49.875080794025045
9,3,17,4,101.4,65.52251521423761
9,5,17,4,115.1,84.28454312936813
9,5,17,4,81.65,43.26938263581086
9,5,17,4,112.5,84.99566552415916
9,5,17,4,83.9,50.74383550841681
9,5,17,4,90.9,73.47889063139871
9,5,17,4,82.05,53.48632387914937
9,5,17,4,72.85,50.625846321710746
9,5,17,4,98.4,90.72944163251181
9,5,17,4,103.75,62.641734028563285
9,5,17,4,84.95,62.8326725266569
9,14,17,4,94.25,64.06565300328127
9,14,17,4,79.0,37.41798047941517
9,14,17,4,79.85,45.92932213280474
9,14,17,4,101.15,64.99657885733598
9,14,17,4,94.3,55.88154765592174
9,14,17,4,77.45,49.35955621228461
9,14,17,4,95.2,48.0138138017537
9,14,17,4,120.0,67.34201785231159
9,14,17,4,104.8,65.18524211409884
9,14,17,4,78.55,45.5058989813987
9,20,17,4,81.9,57.987203670065725
9,20,17,4,83.9,49.79103702897795
9,20,17,4,108.2,78.49411644059364
9,20,17,4,107.05,60.25950460082494
9,20,17,4,70.65,25.45434509490524
9,20,17,4,81.05,37.07385942455383
9,20,17,4,90.65,67.1316656006373
9,20,17,4,85.95,48.565175957567305
9,20,17,4,104.85,61.30791569051903
9,20,17,4,79.7,42.72938099247402
9,3,17,4,91.6,43.23302830987098
9,3,17,4,93.8,72.92793847714547
9,3,17,4,73.1,43.512732558836646
9,3,17,4,82.1,47.61899223054423
9,3,17,4,90.9,56.95603105628245
9,3,17,4,96.4,46.529447382106426
9,3,17,4,101.75,59.631213126578
9,3,17,4,88.95,51.56954935863442
9,3,17,4,85.5,47.96764260250972
9,3,17,4,86.15,69.97388610647621
9,3,17,4,105.3,69.8894615954742
9,3,17,4,77.4,41.327192526292706
9,3,17,4,98.0,53.7303207548685
9,3,17,4,92.5,47.39697969502409
9,3,17,4,70.3,51.55895960732211
9,3,17,4,74.0,69.70615014775277
9,3,17,4,101.6,71.14728977343596
9,3,17,4,112.3,63.29471583498562
9,3,17,4,78.95,43.54486494591406
9,3,17,4,100.85,45.64309482564869
9,3,17,4,82.45,46.314116297529125
9,3,17,4,73.55,52.0186960317356
9,3,17,4,90.7,63.01637214164853
9,3,17,4,101.4,62.75382143951998
9,3,17,4,110.85,62.16046721357978
9,3,17,4,120.05,52.60325685334461
9,3,17,4,85.5,72.68352452132537
9,3,17,4,88.75,64.85601461374995
9,3,17,4,89.5,52.27709571927371
9,3,17,4,78.4,54.56854694592365
9,20,17,4,97.5,68.61908588263488
9,20,17,4,78.45,58.776539358381484
9,20,17,4,62.05,40.56245995862106
9,20,17,4,100.65,55.21181700362799
9,20,17,4,78.6,57.618893100312704
9,20,17,4,83.8,55.429044258118154
9,20,17,4,80.45,38.04495263569967
9,20,17,4,113.7,54.585615996196395
9,20,17,4,92.9,65.8146520240944
9,20,17,4,97.95,51.559342407304655
10,45,17,5,68.75,48.47449139278796
10,45,17,5,44.1,35.71215331979916
10,45,17,5,66.2,38.523540308423584
10,45,17,5,62.05,40.15951745359079
10,45,17,5,77.2,49.215530283159914
10,45,17,5,67.2,43.27585932133526
10,45,17,5,85.0,54.24796867407256
10,45,17,5,74.25,34.63474829522634
10,45,17,5,71.05,48.015869087318684
10,45,17,5,67.85,42.075464784623655
10,39,17,5,62.65,37.96019383234856
10,39,17,5,55.1,35.439941784435966
10,39,17,5,57.9,35.20900004559241
10,39,17,5,65.35,37.588177032566755
10,39,17,5,71.0,31.927549562292313
10,39,17,5,51.35,37.294383660701236
10,39,17,5,70.8,47.37932038347532
10,39,17,5,86.25,47.45066690230691
10,39,17,5,73.55,46.75633928311641
10,39,17,5,61.8,43.97200066070753
10,45,17,5,60.55,45.450348849335754
10,45,17,5,68.35,52.147841455050205
10,45,17,5,72.9,35.005112408573154
10,45,17,5,77.05,48.350121101464836
10,45,17,5,61.8,40.64428489636448
10,45,17,5,58.4,49.171450852576726
10,45,17,5,58.05,34.93976018957862
10,45,17,5,83.85,53.65118824406408
10,45,17,5,79.0,45.16752443025735
10,45,17,5,59.75,35.15361028101486
10,33,17,5,62.35,37.15015761105618
10,33,17,5,71.85,52.78683548007021
10,33,17,5,67.6,47.40908196360249
10,33,17,5,65.75,53.373436128944576
10,33,17,5,74.6,44.27236277027868
10,33,17,5,74.15,46.44552553373966
10,33,17,5,79.45,38.86342482944194
10,33,17,5,66.65,36.90710244013089
10,33,17,5,55.8,36.9531709343767
10,33,17,5,55.45,36.74589128481971
10,30,17,5,70.05,47.52448122588476
10,30,17,5,55.25,28.3787819181496
10,30,17,5,69.15,48.87284791331374
10,30,17,5,56.95,36.48860672939749
10,30,17,5,54.6,29.544613900444116
10,30,17,5,53.3,32.515745173846575
10,30,17,5,57.35,53.341279561547424
10,30,17,5,60.35,41.5923512705224
10,30,17,5,63.95,52.49107693593966
10,30,17,5,71.6,47.84118463592243
10,39,17,5,82.2,41.82494848519809
10,39,17,5,66.2,51.13820283773848
10,39,17,5,71.8,42.53370180778631
10,39,17,5,66.6,45.054820409199976
10,39,17,5,80.8,45.628476796150466
10,39,17,5,64.05,37.78537032405949
10,39,17,5,60.45,29.71350038725087
10,39,17,5,65.3,50.778258920007964
10,39,17,5,100.75,51.77367243971338
10,39,17,5,61.35,47.00198763994202
10,43,17,5,75.35,45.7559602099753
10,43,17,5,70.05,36.97719781020104
10,43,17,5,69.7,44.36345105459768
10,43,17,5,60.05,38.77393997329433
10,43,17,5,70.6,38.852487558375
10,43,17,5,71.05,39.05930039527617
10,43,17,5,60.8,37.78275852958944
10,43,17,5,71.4,49.34774564253163
10,43,17,5,75.5,48.6052845296736
10,43,17,5,70.65,46.02890967985
10,40,17,5,75.75,47.76794234410222
10,40,17,5,62.95,30.788711191638164
10,40,17,5,65.8,39.67446480917842
10,40,17,5,55.5,33.64911823353974
10,40,17,5,58.75,34.854396385082055
10,40,17,5,71.3,45.841948153697786
10,40,17,5,80.85,44.094724591974774
10,40,17,5,60.45,36.01238821937748
10,40,17,5,61.4,42.916565320950006
10,40,17,5,64.95,65.83270263966158
10,24,17,5,76.5,59.55934678514938
10,24,17,5,60.1,40.88481895585001
10,24,17,5,70.0,52.75065477268854
10,24,17,5,54.05,27.844445727913797
10,24,17,5,61.5,39.9308613006347
10,24,17,5,68.85,33.40386835461773
10,24,17,5,54.8,33.360234758734755
10,24,17,5,64.2,40.94874845462313
10,24,17,5,49.35,41.41735588398966
10,24,17,5,73.95,42.70273626139813
10,31,17,5,56.75,37.257108117286265
10,31,17,5,73.25,38.76226461256794
10,31,17,5,64.4,45.81128337222748
10,31,17,5,77.55,41.443017315472176
10,31,17,5,76.85,58.47921358100356
10,31,17,5,80.7,50.94382871566021
10,31,17,5,62.15,50.90473558779339
10,31,17,5,88.1,57.20314676658969
10,31,17,5,74.4,34.594493020832395
10,31,17,5,50.5,45.42373597001555
10,30,17,5,69.35,45.044159619083516
10,30,17,5,72.85,32.701641677766766
10,30,17,5,67.45,34.84322028745334
10,30,17,5,81.6,61.378377814649795
10,30,17,5,71.55,35.68793840176848
10,30,17,5,58.3,52.26763112250158
10,30,17,5,74.15,63.34057899457836
10,30,17,5,72.45,51.09688938930781
10,30,17,5,60.75,48.64682063500899
10,30,17,5,64.5,34.95335237291644
10,35,17,5,53.7,41.52754317444343
10,35,17,5,89.25,67.09684673742323
10,35,17,5,73.1,51.86612321006945
10,35,17,5,66.4,46.635653855460376
10,35,17,5,69.6,31.308986434871183
10,35,17,5,68.95,49.74934540696041
10,35,17,5,70.1,38.73241536491108
10,35,17,5,74.85,45.806544005024115
10,35,17,5,66.75,38.94513684929771
10,35,17,5,61.25,39.18092312391459
10,36,17,5,52.5,33.564548967153144
10,36,17,5,84.65,49.428603481236074
10,36,17,5,64.4,52.95320675146273
10,36,17,5,45.05,31.003352959588774
10,36,17,5,62.7,41.44762071769494
10,36,17,5,62.25,47.0999776511289
10,36,17,5,72.95,44.16652101928982
10,36,17,5,66.1,41.17855854945054
10,36,17,5,62.55,47.674858209156305
10,36,17,5,67.35,38.5995295853528
10,47,17,5,65.0,37.36449200990019
10,47,17,5,76.85,32.107180702010865
10,47,17,5,66.25,52.66165587977652
10,47,17,5,83.1,49.843861470754746
10,47,17,5,85.75,45.33602610681592
10,47,17,5,57.6,40.08464727758523
10,47,17,5,80.45,44.97657284924184
10,47,17,5,58.85,39.03476857744563
10,47,17,5,70.1,52.88109800595852
10,47,17,5,59.05,30.058670699326115
10,36,17,5,76.65,38.90781953608595
10,36,17,5,65.1,54.55359508631952
10,36,17,5,83.3,42.703506573631756
10,36,17,5,61.05,40.848210680389336
10,36,17,5,77.7,26.88004542602678
10,36,17,5,63.1,42.349299379030306
10,36,17,5,72.6,48.016882995792
10,36,17,5,70.9,47.0206001886967
10,36,17,5,75.25,56.699461614449405
10,36,17,5,65.45,41.83234080041547
10,29,17,5,66.25,38.96135061962384
10,29,17,5,54.6,49.585014714231214
10,29,17,5,57.55,32.76627759402067
10,29,17,5,60.8,34.28303247656884
10,29,17,5,64.25,49.17517024292902
10,29,17,5,50.5,33.739715782036924
10,29,17,5,65.65,42.768993933751396
10,29,17,5,64.55,40.27206815752341
10,29,17,5,59.1,48.60896603454313
10,29,17,5,74.85,59.519368806783355
10,45,17,5,61.4,32.05160312929596
10,45,17,5,60.9,40.808796781292656
10,45,17,5,71.3,52.11636776938396
10,45,17,5,58.7,35.17938989926076
10,45,17,5,68.85,47.31114812432801
10,45,17,5,69.1,45.10677391070635
10,45,17,5,71.75,45.11607835700915
10,45,17,5,60.45,35.2113543290259
10,45,17,5,80.55,46.11253397367883
10,45,17,5,66.7,38.03613240618784
10,25,17,5,77.85,40.668460558650686
10,25,17,5,62.3,47.833153004122465
10,25,17,5,64.35,42.15169972223759
10,25,17,5,99.2,60.06978397970499
10,25,17,5,79.4,60.2786511915594
10,25,17,5,73.2,35.63794547802576
10,25,17,5,81.3,48.35080144113435
10,25,17,5,67.55,38.40706486545083
10,25,17,5,58.65,29.98293374220531
10,25,17,5,49.05,40.80437927993823
10,35,17,5,71.2,50.366655636442644
10,35,17,5,65.8,45.53379311884167
10,35,17,5,67.2,40.74128902696805
10,35,17,5,52.8,37.21290098877001
10,35,17,5,73.2,38.287829590312924
10,35,17,5,69.05,44.873477103612345
10,35,17,5,70.45,50.237829109986535
10,35,17,5,60.3,46.56529089127945
10,35,17,5,61.3,41.8494796546913
10,35,17,5,90.25,59.60031349264073
10,47,17,5,56.95,27.745981216821487
10,47,17,5,81.0,58.836079156639215
10,47,17,5,86.55,60.52617963371413
10,47,17,5,55.85,41.18670582654195
10,47,17,5,53.6,43.470982457145745
10,47,17,5,49.85,35.86418092866768
10,47,17,5,45.65,39.00374475948634
10,47,17,5,80.2,42.32779353171102
10,47,17,5,59.75,29.675215602462465
10,47,17,5,52.65,39.349011891559684
11,13,17,5,94.1,80.00519719960303
11,13,17,5,111.1,56.617739455515455
11,13,17,5,79.6,46.25376229363174
11,13,17,5,106.85,62.24423456708344
11,13,17,5,118.6,74.21973067219142
11,13,17,5,80.2,51.07641334314695
11,13,17,5,90.8,69.70735821614304
11,13,17,5,72.1,54.44543381366242
11,13,17,5,74.5,43.03058887521025
11,13,17,5,101.35,68.38534392074001
11,5,17,5,82.45,60.737983433589136
11,5,17,5,98.05,66.24712506175169
11,5,17,5,95.45,64.02587881391973
11,5,17,5,98.35,47.38562406913148
11,5,17,5,105.05,62.19618790145972
11,5,17,5,86.75,59.82507395469069
11,5,17,5,117.75,71.31241495220723
11,5,17,5,101.2,81.5388832011097
11,5,17,5,82.0,61.45858682671479
11,5,17,5,74.7,39.66716791663246
11,21,17,5,85.2,64.96687415015522
11,21,17,5,91.75,77.62790803095983
11,21,17,5,92.65,67.49836255323844
11,21,17,5,94.9,73.740583698602
11,21,17,5,91.6,48.35330500868744
11,21,17,5,85.5,54.87833433102146
11,21,17,5,113.15,54.91646766729112
11,21,17,5,81.35,49.03089788458317
11,21,17,5,80.75,75.66120816543066
11,21,17,5,86.85,72.74126824068411
11,14,17,5,86.95,79.01264056099538
11,14,17,5,76.3,54.46882256464653
11,14,17,5,78.1,67.44112442091912
11,14,17,5,61.3,42.516993506621624
11,14,17,5,101.5,53.0178718626286
11,14,17,5,101.95,92.15803074924587
11,14,17,5,96.6,53.36902314619359
11,14,17,5,104.75,70.33444540569234
11,14,17,5,84.35,53.43197840048106
11,14,17,5,90.3,61.853902570152314
11,21,17,5,90.1,65.86980779497819
11,21,17,5,84.85,57.0690025550787
11,21,17,5,95.15,41.338493594125794
11,21,17,5,94.95,65.7967164434278
11,21,17,5,90.7,68.63718495024935
11,21,17,5,91.5,60.283104030722804
11,21,17,5,82.7,42.21511328272949
11,21,17,5,76.0,62.92351246595053
11,21,17,5,88.2,65.33927649302201
11,21,17,5,96.2,40.28921757283925
11,23,17,5,97.4,51.079298515564055
11,23,17,5,91.6,69.97698869891745
11,23,17,5,103.65,57.57857331736483
11,23,17,5,67.0,50.960252829249704
11,23,17,5,103.25,56.15661839421676
11,23,17,5,92.25,53.081739351980346
11,23,17,5,74.65,48.60720652656136
11,23,17,5,81.55,62.062341323272
11,23,17,5,79.7,48.16867293824462
11,23,17,5,76.2,55.05748192379919
11,22,17,5,104.35,68.29138421422381
11,22,17,5,85.1,28.32127710471591
11,22,17,5,110.4,64.45022559268018
11,22,17,5,93.3,69.98578803096946
11,22,17,5,88.9,53.38923605293289
11,22,17,5,108.15,72.32548870066123
11,22,17,5,81.75,52.20291885366282
11,22,17,5,107.05,87.25550804511155
11,22,17,5,71.0,49.16781146451942
11,22,17,5,80.15,47.84874744002133
11,2,17,5,76.3,47.38098663743551
11,2,17,5,123.7,65.27440055964554
11,2,17,5,94.55,60.62522924536147
11,2,17,5,87.75,55.221920704696515
11,2,17,5,113.6,72.41430507121758
11,2,17,5,111.0,43.47291958037906
11,2,17,5,87.4,64.42653915405064
11,2,17,5,87.7,53.96694894977266
11,2,17,5,83.5,60.74060464492907
11,2,17,5,104.85,77.14530036509711
11,21,17,5,103.8,60.3765377923368
11,21,17,5,95.15,67.42814889315808
11,21,17,5,122.1,91.01815897477765
11,21,17,5,90.8,56.66670794632139
11,21,17,5,97.25,60.387237236461075
11,21,17,5,71.55,57.78496890696531
11,21,17,5,89.15,62.27213197773651
11,21,17,5,87.85,61.68449007481113
11,21,17,5,88.4,74.63130428276975
11,21,17,5,71.7,51.545687450424424
11,15,17,5,91.9,51.66786642636438
11,15,17,5,107.7,78.38105302740075
11,15,17,5,90.3,37.23764365884551
11,15,17,5,80.45,66.34715319320118
11,15,17,5,67.35,44.870896675028156
11,15,17,5,115.6,63.29080751412067
11,15,17,5,84.85,61.646936151297126
11,15,17,5,101.7,69.04239734814361
11,15,17,5,88.1,50.927089265464915
11,15,17,5,89.15,63.270742386234595
11,17,17,5,92.15,59.07735784990994
11,17,17,5,88.15,48.949248690540905
11,17,17,5,87.2,37.91347489939914
11,17,17,5,91.95,65.83110367088126
11,17,17,5,89.75,60.39595228681785
11,17,17,5,76.55,42.37610423961027
11,17,17,5,110.1,72.02039184915104
11,17,17,5,81.9,56.45109667481646
11,17,17,5,91.85,60.19641097886852
11,17,17,5,67.7,39.6565518579611
11,5,17,5,78.25,42.92327917036211
11,5,17,5,68.15,48.20163242485727
11,5,17,5,90.95,51.485792623841995
11,5,17,5,82.25,63.54681241746947
11,5,17,5,79.65,60.299493757148745
11,5,17,5,89.2,70.00345856117623
11,5,17,5,95.2,73.03106765004372
11,5,17,5,76.1,42.93924716816099
11,5,17,5,84.6,39.40264484844426
11,5,17,5,94.05,55.05449453424354
11,2,17,5,93.9,70.30976573630961
11,2,17,5,103.15,60.06862303802386
11,2,17,5,86.15,60.80190007418829
11,2,17,5,78.2,66.22179637996446
11,2,17,5,73.9,44.49825543593934
11,2,17,5,93.6,88.55589968161948
11,2,17,5,73.85,43.75081954119621
11,2,17,5,98.0,63.294632681735266
11,2,17,5,71.1,39.290952487416504
11,2,17,5,84.5,63.00584768182445
11,0,17,5,88.85,51.64889054700829
11,0,17,5,83.95,46.25270973569804
11,0,17,5,79.7,38.310504262435714
11,0,17,5,97.2,47.87989359351497
11,0,17,5,74.05,43.25259347259148
11,0,17,5,76.2,49.689138917028835
11,0,17,5,91.05,62.63551624068282
11,0,17,5,83.25,76.21360218422127
11,0,17,5,97.1,52.87910740547725
11,0,17,5,88.5,56.97783502565297
11,11,17,5,80.8,62.81350843652393
11,11,17,5,88.4,47.093859248816806
11,11,17,5,68.95,53.37008328149474
11,11,17,5,69.2,40.48859488534362
11,11,17,5,67.85,39.5158529147347
11,11,17,5,84.55,54.25134002710755
11,11,17,5,97.55,60.88943819916986
11,11,17,5,91.35,62.93963273185706
11,11,17,5,100.3,64.42139232796575
11,11,17,5,73.05,48.848288231604336
11,10,17,5,82.9,48.8207246760506
11,10,17,5,101.7,52.076967330248685
11,10,17,5,108.05,66.1031689661579
11,10,17,5,120.0,72.81121949404863
11,10,17,5,85.7,61.85730608254351
11,10,17,5,88.0,53.43170751923479
11,10,17,5,69.9,44.375075982144
11,10,17,5,103.65,31.14359780453322
11,10,17,5,80.4,49.29759255358163
11,10,17,5,84.7,58.77262162462705
11,19,17,5,53.75,35.25975042452797
11,19,17,5,98.7,63.34458810431452
11,19,17,5,86.75,56.820932947749384
11,19,17,5,104.75,68.53802248617761
11,19,17,5,120.7,76.96485869332972
11,19,17,5,45.3,37.94608363399173
11,19,17,5,85.65,46.36499927633707
11,19,17,5,98.35,50.99357544673746
11,19,17,5,90.5,66.41060473337546
11,19,17,5,87.5,63.43956925585498
11,1,17,5,81.8,39.53359663827584
11,1,17,5,88.9,52.04441423084305
11,1,17,5,94.95,58.281959834113884
11,1,17,5,95.15,46.86629919249012
11,1,17,5,74.05,59.35306935707085
11,1,17,5,94.75,68.12131206821208
11,1,17,5,99.7,71.10414896474045
11,1,17,5,100.8,68.55163248084959
11,1,17,5,91.7,67.65321791856499
11,1,17,5,68.2,48.58048124395987
11,22,17,5,107.9,77.9270238917898
11,22,17,5,106.45,59.49035746723118
11,22,17,5,83.25,57.576379477040845
11,22,17,5,87.15,49.688794670322544
11,22,17,5,98.9,65.86341529016099
11,22,17,5,61.1,38.24698130503071
11,22,17,5,86.75,61.13735614000228
11,22,17,5,63.75,40.71321394183569
11,22,17,5,88.95,47.87975618809664
11,22,17,5,98.8,50.222242922937305
11,16,17,5,122.3,82.44047294228345
11,16,17,5,112.45,66.45891093077935
11,16,17,5,104.2,82.46441018626412
11,16,17,5,100.4,50.02988580522856
11,16,17,5,108.4,80.99993502271597
11,16,17,5,73.85,41.72626965051355
11,16,17,5,79.2,49.00010741126788
11,16,17,5,92.0,80.42191374573423
11,16,17,5,99.1,55.90113453325668
11,16,17,5,86.85,40.67493085427436
12,26,17,6,64.3,56.60769893704714
12,26,17,6,89.6,50.31207870042635
12,26,17,6,82.65,69.03719439929694
12,26,17,6,53.8,45.56383607527725
12,26,17,6,63.65,44.16389928437026
12,26,17,6,74.2,47.401532287025226
12,26,17,6,59.75,39.41529892660569
12,26,17,6,73.45,52.50511253302162
12,26,17,6,52.3,37.04066044653887
12,26,17,6,62.7,22.278382252521695
12,36,17,6,50.5,35.36054893596297
12,36,17,6,58.6,32.57283336899341
12,36,17,6,54.3,44.01566706717531
12,36,17,6,61.05,48.342500643026874
12,36,17,6,54.15,38.07371658686399
12,36,17,6,69.1,57.19578563790205
12,36,17,6,60.95,34.25980458972753
12,36,17,6,55.75,47.939517815900615
12,36,17,6,70.1,39.09489130712335
12,36,17,6,54.45,32.25307002931332
12,28,17,6,61.2,40.88829455454149
12,28,17,6,54.95,45.60756516193339
12,28,17,6,61.5,48.42628690244478
12,28,17,6,69.2,46.28015375491905
12,28,17,6,62.25,43.76597452720309
12,28,17,6,61.1,45.2756469918025
12,28,17,6,67.45,41.245701530424256
12,28,17,6,55.9,39.56061305469315
12,28,17,6,74.55,40.150342464292876
12,28,17,6,64.4,41.24305364160382
12,36,17,6,61.0,49.69909455915671
12,36,17,6,63.1,43.352775665402746
12,36,17,6,64.55,44.43738942543057
12,36,17,6,59.55,52.18839858980557
12,36,17,6,62.05,35.99192160822525
12,36,17,6,97.2,74.71672820516307
12,36,17,6,77.2,62.087035683788294
12,36,17,6,83.55,42.770470629801785
12,36,17,6,50.9,28.086145676247007
12,36,17,6,72.25,39.55525781805286
12,44,17,6,36.5,24.978938496682613
12,44,17,6,60.6,39.54131749794997
12,44,17,6,73.65,42.076715651295785
12,44,17,6,49.1,36.72500940489292
12,44,17,6,54.2,35.62760609119666
12,44,17,6,56.2,43.112582117545514
12,44,17,6,61.0,44.744890916817475
12,44,17,6,78.75,56.45759936727553
12,44,17,6,64.2,40.50808886084228
12,44,17,6,65.55,46.844058208845276
12,31,17,6,83.5,51.92251311734682
12,31,17,6,58.65,37.946326359880025
12,31,17,6,63.8,54.87747117082987
12,31,17,6,81.55,46.9719681243365
12,31,17,6,79.3,55.190674269443285
12,31,17,6,46.55,33.66315336888156
12,31,17,6,54.3,34.96930985276872
12,31,17,6,76.7,42.058981142400995
12,31,17,6,83.3,51.2949161326211
12,31,17,6,84.5,72.61035158911392
12,41,17,6,73.5,50.74756929621048
12,41,17,6,68.85,37.45351504830601
12,41,17,6,69.75,51.350062778622004
12,41,17,6,53.55,42.081968885297634
12,41,17,6,78.35,52.6500612285344
12,41,17,6,76.6,65.388233288808
12,41,17,6,65.85,44.190109634098945
12,41,17,6,53.9,35.58814113540751
12,41,17,6,68.55,48.03340394701215
12,41,17,6,79.25,55.56302727533841
12,43,17,6,64.6,39.347841511053026
12,43,17,6,62.2,37.259544873904815
12,43,17,6,64.15,56.405743455226634
12,43,17,6,47.5,33.851844387286384
12,43,17,6,75.55,51.25013478801274
12,43,17,6,69.1,37.71067139208881
12,43,17,6,67.15,41.390661290987644
12,43,17,6,69.95,70.39323756396522
12,43,17,6,62.25,47.56809523420637
12,43,17,6,46.0,34.981197957278646
12,46,17,6,74.1,54.78368946665556
12,46,17,6,63.3,39.84060346192721
12,46,17,6,67.7,34.87436096377364
12,46,17,6,68.9,47.56148375358054
12,46,17,6,67.65,40.56998501614865
12,46,17,6,71.05,41.46079314751531
12,46,17,6,63.2,31.925241622133086
12,46,17,6,63.95,42.19313363944173
12,46,17,6,81.7,53.549878372263464
12,46,17,6,56.0,35.39699660170412
12,40,17,6,72.1,49.11522435210793
12,40,17,6,85.1,56.62052817244216
12,40,17,6,45.5,48.54677614099839
12,40,17,6,67.7,40.87477667732329
12,40,17,6,88.55,54.18144467775311
12,40,17,6,46.2,48.675726145477
12,40,17,6,59.3,45.0836649143042
12,40,17,6,66.95,41.02178496976044
12,40,17,6,55.45,45.918090690179824
12,40,17,6,61.15,41.07922384343389
12,28,17,6,52.65,42.78867902414818
12,28,17,6,60.8,45.500260265305364
12,28,17,6,72.55,54.939655891475006
12,28,17,6,70.95,50.479255770642006
12,28,17,6,70.45,41.006385895498354
12,28,17,6,87.9,56.10225626385035
12,28,17,6,73.45,46.43781920624157
12,28,17,6,60.25,40.8847867730001
12,28,17,6,81.7,67.45376584235895
12,28,17,6,83.9,46.415628039656966
12,38,17,6,63.15,38.9794480261208
12,38,17,6,75.2,66.66775437709155
12,38,17,6,53.45,42.26915635480992
12,38,17,6,86.35,55.938194276785225
12,38,17,6,55.55,38.773939973294326
12,38,17,6,65.25,45.35111557845657
12,38,17,6,57.25,38.08836678318625
12,38,17,6,70.4,54.83602350357118
12,38,17,6,72.0,48.53864439804639
12,38,17,6,63.9,43.73833679123107
12,27,17,6,66.75,31.74549284212601
12,27,17,6,68.15,46.35591712642065
12,27,17,6,55.25,34.747018046990654
12,27,17,6,75.85,49.960273691888645
12,27,17,6,74.15,44.34704642155765
12,27,17,6,55.45,30.589772972781542
12,27,17,6,75.7,40.12362475098548
12,27,17,6,85.05,51.525645122241386
12,27,17,6,62.75,44.463912037563794
12,27,17,6,74.3,57.87927544739818
12,41,17,6,74.55,44.15937046652726
12,41,17,6,68.85,43.72314213199615
12,41,17,6,52.75,38.82467338121332
12,41,17,6,57.0,39.20660524371935
12,41,17,6,42.2,27.318010253503573
12,41,17,6,68.15,52.812752646546116
12,41,17,6,41.75,36.879426585335594
12,41,17,6,72.2,50.2693796094182
12,41,17,6,64.0,49.79537074235336
12,41,17,6,78.45,49.434140131353715
12,34,17,6,66.75,62.264186715706984
12,34,17,6,58.6,43.95859295674558
12,34,17,6,88.0,47.84734497391294
12,34,17,6,51.35,50.361090870673266
12,34,17,6,52.9,31.142964061346436
12,34,17,6,85.0,30.444081613068214
12,34,17,6,70.65,46.08604652398083
12,34,17,6,52.55,34.63869907609422
12,34,17,6,67.85,51.67028566838616
12,34,17,6,75.0,46.9075238045421
12,46,17,6,82.75,42.985768758851734
12,46,17,6,59.75,51.00038699543573
12,46,17,6,86.25,47.960372897018345
12,46,17,6,68.35,47.946543698493834
12,46,17,6,62.35,50.69337650080759
12,46,17,6,57.45,38.956757403156914
12,46,17,6,91.7,62.307471884450415
12,46,17,6,65.3,31.790597749384297
12,46,17,6,51.8,35.935029091256816
12,46,17,6,67.15,60.1544284584094
12,25,17,6,68.55,43.411707128256005
12,25,17,6,65.3,41.73739961132928
12,25,17,6,66.3,40.296401824480554
12,25,17,6,71.4,38.69366873275265
12,25,17,6,54.95,25.282561079464283
12,25,17,6,77.65,51.37916329654106
12,25,17,6,81.05,43.981425505248055
12,25,17,6,57.25,56.71245570048037
12,25,17,6,52.4,37.45650108705044
12,25,17,6,48.85,41.49479992785399
12,42,17,6,73.55,32.34757779917508
12,42,17,6,75.5,38.36596627769269
12,42,17,6,53.4,36.947188483592434
12,42,17,6,58.25,39.468675120777405
12,42,17,6,66.9,53.78309262799582
12,42,17,6,57.95,42.83441189167027
12,42,17,6,46.5,28.95459240004306
12,42,17,6,73.75,39.069270465889716
12,42,17,6,73.55,41.41252670896878
12,42,17,6,61.15,37.533528870513685
12,31,17,6,53.35,43.199993908381636
12,31,17,6,74.85,49.26755631511632
12,31,17,6,72.2,40.10460007740286
12,31,17,6,57.65,36.59634005284077
12,31,17,6,53.55,32.93610241217475
12,31,17,6,74.3,37.94608363399173
12,31,17,6,61.25,39.201067386112406
12,31,17,6,59.85,37.093445299817134
12,31,17,6,72.85,46.30707005244561
12,31,17,6,49.35,26.324443313952028
12,38,17,6,66.35,45.81458627761986
12,38,17,6,46.3,32.4752537367017
12,38,17,6,73.25,51.7482519409822
12,38,17,6,73.65,39.19489091302859
12,38,17,6,71.15,38.67445097082487
12,38,17,6,73.25,42.871748764253404
12,38,17,6,65.3,46.110964559761484
12,38,17,6,74.4,42.19428746568476
12,38,17,6,54.9,33.47096149138675
12,38,17,6,61.55,45.957045161759474
13,1,17,6,86.1,53.44736712534659
13,1,17,6,80.65,47.00310740007683
13,1,17,6,90.05,63.06093544300915
13,1,17,6,76.1,54.34964774979058
13,1,17,6,102.05,61.87208791658719
13,1,17,6,125.45,109.78806137760441
13,1,17,6,85.75,48.064512568224934
13,1,17,6,96.9,64.03855746427509
13,1,17,6,82.4,72.07992639753238
13,1,17,6,153.25,70.62195498791993
13,10,17,6,82.0,62.52410061644019
13,10,17,6,66.4,41.794484652504345
13,10,17,6,85.05,67.46732152445514
13,10,17,6,72.05,45.04205637074381
13,10,17,6,108.15,69.03490726474999
13,10,17,6,61.75,54.164345429345616
13,10,17,6,89.1,57.43453939738242
13,10,17,6,77.6,53.544275825565244
13,10,17,6,117.9,72.35359082494219
13,10,17,6,94.4,67.35405274408238
13,1,17,6,92.35,57.01271787943459
13,1,17,6,67.3,60.926271232661115
13,1,17,6,80.35,50.92851026581021
13,1,17,6,86.45,73.2892431254051
13,1,17,6,60.75,45.33254320776864
13,1,17,6,77.5,40.364784026099834
13,1,17,6,115.9,68.58793817543938
13,1,17,6,91.1,60.114714898836716
13,1,17,6,115.5,66.83404427149543
13,1,17,6,79.05,63.386429728169816
13,12,17,6,97.4,63.81585349969658
13,12,17,6,104.15,56.77682533161609
13,12,17,6,86.7,68.45213464050704
13,12,17,6,107.35,63.29070356612207
13,12,17,6,114.25,69.84409329657771
13,12,17,6,87.0,67.78837037349945
13,12,17,6,97.35,66.22153807684595
13,12,17,6,91.3,54.75313016767073
13,12,17,6,94.75,54.06416752828361
13,12,17,6,64.05,47.853367037671504
13,11,17,6,103.3,71.14854734619453
13,11,17,6,86.5,54.32020075926005
13,11,17,6,85.0,58.3762749212744
13,11,17,6,94.45,77.44028259517816
13,11,17,6,71.5,51.03095036090198
13,11,17,6,98.8,83.60407947739846
13,11,17,6,102.9,44.84112304335691
13,11,17,6,100.95,73.38827885762284
13,11,17,6,75.65,55.980518227796274
13,11,17,6,85.7,59.84814115743279
13,23,17,6,117.3,75.02357524208816
13,23,17,6,96.65,59.87027643163175
13,23,17,6,80.05,48.777124707559814
13,23,17,6,91.6,50.264982055628266
13,23,17,6,78.7,56.96730364174284
13,23,17,6,90.1,73.1616091446298
13,23,17,6,64.1,42.37042165920641
13,23,17,6,119.75,69.28649522852653
13,23,17,6,89.45,57.77130502429841
13,23,17,6,92.3,58.261750565421295
13,1,17,6,76.1,56.410991836697924
13,1,17,6,85.2,42.49656332854271
13,1,17,6,87.95,60.024096038700634
13,1,17,6,62.55,52.3112899155773
13,1,17,6,87.0,48.830534019520805
13,1,17,6,66.95,38.06293265245419
13,1,17,6,110.0,84.62735653253155
13,1,17,6,68.3,62.7074242225877
13,1,17,6,98.55,69.84605252003566
13,1,17,6,80.3,55.01779616393991
13,12,17,6,76.1,57.01514110996722
13,12,17,6,89.8,52.86586800573693
13,12,17,6,63.9,43.08119628891717
13,12,17,6,79.4,67.10196483122179
13,12,17,6,94.2,63.554038341191855
13,12,17,6,99.55,67.49539945335846
13,12,17,6,96.3,63.55445240935233
13,12,17,6,66.0,44.87643854899924
13,12,17,6,77.8,45.37400136642127
13,12,17,6,71.6,54.27648516719982
13,10,17,6,75.15,53.446751661423676
13,10,17,6,87.6,49.443641494235905
13,10,17,6,88.65,48.923436424467845
13,10,17,6,77.25,48.44516705024677
13,10,17,6,83.85,43.662913324696966
13,10,17,6,102.1,62.18977746424755
13,10,17,6,113.7,64.81560890630233
13,10,17,6,73.8,50.270426589334654
13,10,17,6,77.65,64.91960615374907
13,10,17,6,87.7,51.98896644076459
13,9,17,6,89.3,60.36999952050077
13,9,17,6,79.95,54.6091133709191
13,9,17,6,84.9,62.999498744873065
13,9,17,6,83.7,55.01396951779851
13,9,17,6,84.45,58.20967092737842
13,9,17,6,88.05,74.33457437403149
13,9,17,6,63.8,36.74177315722313
13,9,17,6,70.15,51.74459036052896
13,9,17,6,111.45,65.25615518457768
13,9,17,6,78.9,38.037239370745205
13,9,17,6,109.9,76.82440675777595
13,9,17,6,73.9,54.321557221303664
13,9,17,6,94.55,52.83586800052045
13,9,17,6,73.35,37.84354912698221
13,9,17,6,105.4,69.76003983581673
13,9,17,6,96.75,61.834137224641445
13,9,17,6,83.85,71.14571777622837
13,9,17,6,81.65,91.98757067068753
13,9,17,6,111.75,72.29171532937337
13,9,17,6,76.45,46.14448133736836
13,16,17,6,65.05,53.79833200310015
13,16,17,6,87.9,68.63012994918563
13,16,17,6,95.0,61.881890897520506
13,16,17,6,80.0,54.130446729709284
13,16,17,6,58.65,54.88099565615156
13,16,17,6,92.2,47.677204086163485
13,16,17,6,95.15,82.45462867222
13,16,17,6,76.6,63.20259821441387
13,16,17,6,117.2,72.1158424816774
13,16,17,6,71.45,63.22430828324448
13,2,17,6,91.75,79.51092278489328
13,2,17,6,95.25,60.794628398447045
13,2,17,6,96.1,42.990696668000155
13,2,17,6,111.3,69.11706316860281
13,2,17,6,85.4,63.43201914358062
13,2,17,6,86.55,60.54182981951187
13,2,17,6,87.25,64.61698896697288
13,2,17,6,83.0,53.98245328954488
13,2,17,6,87.55,58.644760164373096
13,2,17,6,107.8,71.28268410092018
13,0,17,6,88.1,56.89223423095171
13,0,17,6,116.1,73.94229613620838
13,0,17,6,84.4,58.85164219861399
13,0,17,6,89.15,86.66103051848803
13,0,17,6,87.35,65.07022522264938
13,0,17,6,86.75,83.9667070614112
13,0,17,6,77.45,37.9479907241477
13,0,17,6,86.0,62.67459822893078
13,0,17,6,109.4,69.88065013405281
13,0,17,6,77.4,53.76596458140057
13,22,17,6,105.8,69.09992764106197
13,22,17,6,76.8,36.73031158966235
13,22,17,6,66.75,48.41582494663453
13,22,17,6,94.6,59.761279490283584
13,22,17,6,83.3,62.29902423836694
13,22,17,6,88.45,65.29646963939491
13,22,17,6,107.15,52.32617841356677
13,22,17,6,73.8,67.8416112023168
13,22,17,6,85.45,51.95592767964625
13,22,17,6,97.35,51.80456695982253
13,17,17,6,77.85,40.12647767405352
13,17,17,6,73.75,44.15984720606671
13,17,17,6,71.8,45.00830332750895
13,17,17,6,70.05,44.43857380818227
13,17,17,6,74.4,58.35769917184517
13,17,17,6,86.0,55.22299292295213
13,17,17,6,75.9,44.30623099816951
13,17,17,6,70.9,66.79891269206487
13,17,17,6,104.95,77.09425195311599
13,17,17,6,117.05,88.96804571246206
13,6,17,6,88.3,55.351603409476766
13,6,17,6,99.1,71.94873906213769
13,6,17,6,75.25,55.21238896060233
13,6,17,6,89.8,68.25463161458059
13,6,17,6,59.45,54.472083627642164
13,6,17,6,105.65,80.74669620094943
13,6,17,6,87.9,52.187818703722726
13,6,17,6,83.95,69.34921166022536
13,6,17,6,76.45,40.590995890325495
13,6,17,6,80.5,62.492525868888386
13,8,17,6,99.4,61.206638786809286
13,8,17,6,74.0,50.214277692808906
13,8,17,6,105.4,78.92394740308046
13,8,17,6,89.45,41.7731656499846
13,8,17,6,95.15,46.47271412231845
13,8,17,6,97.5,43.807593670023635
13,8,17,6,88.1,49.384527728301386
13,8,17,6,74.45,62.96237389358655
13,8,17,6,78.0,54.36426845098282
13,8,17,6,124.0,95.2973186787982
13,11,17,6,82.9,80.20230998117067
13,11,17,6,80.45,68.6244355743254
13,11,17,6,79.0,56.24757304705875
13,11,17,6,58.15,32.118653376766
13,11,17,6,98.3,68.11375933338516
13,11,17,6,101.5,56.36021366363443
13,11,17,6,92.65,61.67851711644995
13,11,17,6,91.15,69.33008384760393
13,11,17,6,84.65,42.538249042231946
13,11,17,6,92.05,69.08535910093588
13,21,17,6,93.3,78.82766012003654
13,21,17,6,88.7,44.76970310142199
13,21,17,6,60.35,31.386009286740624
13,21,17,6,84.1,46.55715220084485
13,21,17,6,90.9,62.03895211032636
13,21,17,6,83.85,65.47259370389867
13,21,17,6,70.4,59.210952045253116
13,21,17,6,109.05,76.73980302568579
13,21,17,6,84.95,52.53116869260122
13,21,17,6,86.4,63.13010792257359
14,40,17,7,56.4,31.867158478183843
14,40,17,7,50.45,42.00811325145857
14,40,17,7,59.95,50.058360677155726
14,40,17,7,46.8,38.470220882350574
14,40,17,7,60.6,48.73170371912335
14,40,17,7,64.8,36.81761592098629
14,40,17,7,75.75,57.08615372722549
14,40,17,7,55.15,38.12068784931961
14,40,17,7,65.6,44.99286493141821
14,40,17,7,69.3,51.852117654567955
14,31,17,7,65.55,45.954754636318214
14,31,17,7,61.25,52.43931329591729
14,31,17,7,57.85,45.42926833058873
14,31,17,7,86.7,45.57827275543053
14,31,17,7,47.15,39.96877070387514
14,31,17,7,58.25,41.4613009164475
14,31,17,7,71.85,50.93781038006825
14,31,17,7,52.9,55.300994566101615
14,31,17,7,60.3,35.67558504665415
14,31,17,7,52.0,39.54743986657037
14,47,17,7,46.2,35.18911314896308
14,47,17,7,48.15,44.08994992297594
14,47,17,7,73.55,41.578682544126664
14,47,17,7,55.95,43.066014198522815
14,47,17,7,68.5,51.21625975369438
14,47,17,7,65.4,48.24869782807887
14,47,17,7,61.6,49.650780457108624
14,47,17,7,52.55,29.62835590585833
14,47,17,7,76.8,44.69852228806722
14,47,17,7,50.35,42.51225829408687
14,40,17,7,73.05,39.54407933592987
14,40,17,7,67.95,58.787283802214446
14,40,17,7,61.7,49.59106456016575
14,40,17,7,65.1,40.431748858903866
14,40,17,7,61.0,30.649117785878133
14,40,17,7,53.8,53.70641439687089
14,40,17,7,55.95,47.04026830392513
14,40,17,7,55.75,51.06742189446583
14,40,17,7,57.9,68.77644945764501
14,40,17,7,65.65,39.33295792268067
14,26,17,7,66.55,44.26650747699129
14,26,17,7,65.2,40.622265090127996
14,26,17,7,63.6,39.250075427349586
14,26,17,7,70.8,41.97568218310266
14,26,17,7,72.95,46.9103007429016
14,26,17,7,68.25,41.61082222590404
14,26,17,7,74.25,47.0306451045206
14,26,17,7,58.65,33.963254137066244
14,26,17,7,56.1,37.53160072034736
14,26,17,7,69.25,40.42781090705806
14,41,17,7,57.25,44.95128942591783
14,41,17,7,63.85,43.36901027959456
14,41,17,7,74.45,51.421350265798104
14,41,17,7,68.4,67.58573502557599
14,41,17,7,68.9,50.496378192166574
14,41,17,7,65.6,49.560595553110005
14,41,17,7,59.5,55.16720994061217
14,41,17,7,69.1,66.75871715206542
14,41,17,7,61.05,51.765132544681286
14,41,17,7,61.55,38.985118618316534
14,24,17,7,50.8,38.84191983980845
14,24,17,7,60.0,35.30617956943902
14,24,17,7,59.95,41.25590866772904
14,24,17,7,68.7,44.17441507669819
14,24,17,7,49.5,25.62790419999674
14,24,17,7,68.9,46.65652772064556
14,24,17,7,72.25,60.42644506470569
14,24,17,7,77.8,46.91268485175411
14,24,17,7,58.8,32.320109431810565
14,24,17,7,90.1,49.003651851028835
14,26,17,7,59.1,45.296566617884196
14,26,17,7,60.4,45.883605603285964
14,26,17,7,46.4,28.34635407726511
14,26,17,7,67.15,41.45419158541148
14,26,17,7,78.7,63.66945892655284
14,26,17,7,72.3,50.9613888929132
14,26,17,7,52.75,36.78940780055843
14,26,17,7,58.2,49.065584465563724
14,26,17,7,62.55,55.76499090402791
14,26,17,7,70.0,54.86634477959767
14,36,17,7,58.95,34.66755650005074
14,36,17,7,69.65,44.978679159657055
14,36,17,7,75.0,47.01175664828846
14,36,17,7,55.8,38.53856578327194
14,36,17,7,58.1,29.97525295095413
14,36,17,7,59.85,58.3855380435222
14,36,17,7,72.7,42.704739044304034
14,36,17,7,54.5,35.30394342070913
14,36,17,7,94.05,56.0765219658769
14,36,17,7,50.85,29.91263594994069
14,30,17,7,58.55,46.04971569716227
14,30,17,7,55.7,40.38772611886725
14,30,17,7,59.85,38.89699623093631
14,30,17,7,60.0,35.738818641565885
14,30,17,7,68.75,39.93926309838609
14,30,17,7,47.6,31.270298670581457
14,30,17,7,61.75,53.18376780461062
14,30,17,7,64.15,47.31893467680109
14,30,17,7,69.7,49.21820373548153
14,30,17,7,51.85,40.85697131779542
14,24,17,7,54.95,41.282690395803776
14,24,17,7,56.6,47.79826026342932
14,24,17,7,60.4,39.009310629508356
14,24,17,7,73.3,55.46653803966193
14,24,17,7,68.7,38.71773699345995
14,24,17,7,58.5,26.55381824065787
14,24,17,7,72.2,43.987558049497295
14,24,17,7,69.45,46.97981089339279
14,24,17,7,60.1,43.30175637619285
14,24,17,7,64.75,48.69872472122534
14,37,17,7,74.2,48.48830569811328
14,37,17,7,62.2,47.12759835081551
14,37,17,7,56.55,38.298653267514034
14,37,17,7,70.7,66.38809341567523
14,37,17,7,64.15,38.745152498154695
14,37,17,7,51.2,36.66433804407938
14,37,17,7,72.35,48.62019831521182
14,37,17,7,47.75,42.39274391735106
14,37,17,7,64.45,46.84518174403403
14,37,17,7,64.3,42.328415241325835
14,34,17,7,58.7,39.98170634309225
14,34,17,7,75.15,53.18317403089063
14,34,17,7,48.65,35.615305698533604
14,34,17,7,65.95,59.740205098937835
14,34,17,7,59.65,44.82043119640392
14,34,17,7,72.1,52.05553714417344
14,34,17,7,62.4,44.04351914808089
14,34,17,7,60.45,39.92819212430973
14,34,17,7,57.2,47.23691687429943
14,34,17,7,61.2,46.83183802320361
14,32,17,7,60.65,33.661277143735475
14,32,17,7,73.75,43.49213480014156
14,32,17,7,70.3,34.505682217037204
14,32,17,7,60.4,42.30391297068841
14,32,17,7,59.7,44.924615219627405
14,32,17,7,41.25,25.225039773585046
14,32,17,7,68.45,46.31184343237983
14,32,17,7,75.65,45.58424820275669
14,32,17,7,52.5,42.34258774380831
14,32,17,7,63.85,56.99979224338869
14,37,17,7,66.4,49.16502822128754
14,37,17,7,63.05,47.98516766449268
14,37,17,7,86.9,65.00599162668331
14,37,17,7,63.5,32.43049247398601
14,37,17,7,62.85,48.77798791732966
14,37,17,7,62.05,45.127276149038494
14,37,17,7,65.85,47.66028358684983
14,37,17,7,62.8,37.00156468953285
14,37,17,7,44.65,37.60917441263501
14,37,17,7,45.25,39.40461501157607
14,39,17,7,55.05,28.54447130540804
14,39,17,7,49.0,53.035241510765864
14,39,17,7,70.25,53.33200382114803
14,39,17,7,65.75,34.20660908747252
14,39,17,7,53.1,38.63854088996197
14,39,17,7,76.0,60.3995468787465
14,39,17,7,49.4,38.365829094459336
14,39,17,7,92.95,54.96455795855131
14,39,17,7,61.65,39.64749278593196
14,39,17,7,47.8,35.82501331398732
14,42,17,7,77.1,56.79872126062439
14,42,17,7,46.75,37.608614634639785
14,42,17,7,67.4,35.60070963219398
14,42,17,7,54.85,48.8943813368754
