trial_id,stim_id,param_id,index,sample_n_mean,sample_n_std
0,31,107,0,83.55,56.86315521541723
0,39,17,0,87.35,74.11248563039692
0,32,5,0,84.2,56.38364824551249
0,25,17,0,68.15,48.42278171969971
0,31,107,0,82.1,61.04347027453382
0,39,17,0,74.25,45.811829086061664
0,43,107,0,110.15,68.23201517423358
0,32,5,0,74.0,46.310167122861564
0,25,17,0,81.85,46.837091689116825
0,39,17,0,69.2,46.43569407482273
0,42,107,0,84.5,57.28093280628289
0,25,17,0,68.4,39.63570957715038
0,43,107,0,96.15,52.71200302737409
0,39,17,0,68.1,40.90927060034964
0,42,107,0,79.5,44.846521897643186
0,28,5,0,106.95,67.46966179815854
0,25,17,0,78.55,58.75862758599347
0,40,107,0,83.15,54.79461652388854
0,31,107,0,68.9,36.42714430346226
0,39,17,0,96.2,45.303189152292816
0,28,5,0,87.2,52.7173196347622
0,40,107,0,66.05,42.3251511639667
0,25,17,0,97.05,65.43093988883884
0,31,107,0,65.0,36.71798641423287
0,39,17,0,86.3,48.10744553382016
0,28,5,0,66.15,51.57138639533402
0,25,107,0,84.25,47.79768217238815
0,25,17,0,88.35,41.72500827788382
0,33,107,0,81.85,62.12235380364513
0,39,17,0,74.9,41.43974700186944
0,28,5,0,72.95,50.08358802515735
0,33,107,0,68.35,47.5098604723826
0,25,107,0,95.65,54.75906557966356
0,25,17,0,94.65,61.61960983152582
0,39,17,0,88.85,56.93974192535751
0,27,107,0,57.55,40.53909743756799
0,43,5,0,96.05,57.0654979180203
0,34,107,0,86.9,52.50453614488441
0,25,17,0,85.8,51.08774701175265
0,39,17,0,91.4,48.195217059044566
0,27,107,0,77.35,39.80647262893178
0,34,107,0,71.7,58.193054387507175
0,43,5,0,69.75,47.74369619453221
0,25,17,0,89.25,50.20576083531282
0,39,17,0,63.65,39.59701610235961
0,46,107,0,68.1,43.384328967958005
0,35,107,0,88.1,57.336403426573035
0,34,5,0,87.6,52.45087927615804
0,25,17,0,84.0,37.59059232812044
0,26,17,0,77.9,45.2593694865029
0,46,107,0,77.25,45.5167696106553
0,35,107,0,73.2,57.588010448082166
0,26,17,0,70.6,31.79771590605377
0,34,5,0,76.65,40.8350662002518
0,38,17,0,91.0,38.8451717517255
0,38,107,0,88.35,44.44662677390656
0,25,107,0,85.25,38.73102251765576
0,26,17,0,80.55,51.180254210512004
0,38,17,0,76.35,41.66062763253624
0,35,5,0,84.1,81.43056454492542
0,38,107,0,97.05,54.673648997820166
0,38,17,0,66.7,41.473009612467116
0,25,107,0,85.35,61.97645987750001
0,26,17,0,83.1,63.515352474815096
0,34,107,0,74.85,42.70002465178631
0,38,17,0,77.5,52.68526209582015
0,35,5,0,102.5,43.014685374819805
0,39,107,0,85.85,64.60428126598683
0,26,17,0,95.3,30.781231465396505
0,34,107,0,86.65,62.14098994688568
0,39,107,0,82.3,57.61770561207727
0,38,17,0,94.05,52.318332300799135
0,40,5,0,96.15,54.37421505785526
0,26,17,0,91.95,62.137771376023345
0,42,107,0,85.15,56.03783965932493
0,38,17,0,82.55,46.692132775853096
0,33,107,0,83.55,55.62607775419537
0,26,17,0,68.5,52.644287939258696
0,40,5,0,86.15,50.88819013029293
0,42,107,0,84.0,53.17597399696894
0,38,17,0,66.35,36.34523786948537
0,33,107,0,72.65,46.50328228370439
0,26,17,0,99.0,49.3857000397995
0,39,5,0,85.2,53.084441173820814
0,38,17,0,80.0,44.645975830916015
0,34,107,0,81.85,46.08262031109821
0,27,107,0,109.4,75.17866438656229
0,26,17,0,89.75,52.42827180263075
0,39,5,0,84.0,49.07244912532789
0,38,17,0,79.1,46.180310226671054
0,34,107,0,78.7,50.08319394556896
0,27,107,0,80.55,46.48086759766409
0,26,17,0,72.1,35.74014402232931
0,38,17,0,74.8,52.39987946952791
0,44,5,0,85.8,52.50122805581238
0,27,107,0,85.85,52.61806273814904
0,30,17,0,63.9,40.06560409601916
0,45,107,0,94.4,65.53938149170918
0,40,17,0,78.4,43.08425038896403
0,30,17,0,59.85,33.835943205880625
0,44,5,0,85.5,42.44811073844345
0,27,107,0,86.7,66.50215667258666
0,30,17,0,67.4,34.30728018488511
0,40,17,0,68.8,50.72277594927155
0,45,107,0,83.75,49.52179211959965
0,40,107,0,62.35,42.62723987015073
0,27,5,0,97.0,54.973677911868826
0,40,17,0,66.9,49.934588792686945
0,44,107,0,73.8,36.757526977119724
0,30,17,0,86.35,38.03360702270946
0,30,17,0,56.25,33.696595173930994
0,40,17,0,72.55,51.31684344396712
0,40,107,0,104.95,80.21515475663921
0,44,107,0,83.55,44.57456792009494
0,27,5,0,107.05,72.85564313656222
0,46,107,0,65.05,43.36197096899297
0,40,17,0,72.5,32.81607436672012
0,30,17,0,85.2,46.963143443611855
0,33,107,0,82.15,49.27396558234912
0,31,5,0,61.55,40.53779912494926
0,46,107,0,62.1,38.6684966294133
0,40,17,0,73.85,41.06384630893958
0,30,17,0,71.1,39.51934902510947
0,33,107,0,68.75,50.81014714239253
0,37,107,0,76.15,45.69265171833029
0,30,17,0,68.65,50.49155739746054
0,31,5,0,95.9,56.1959916158102
0,40,17,0,95.8,61.576311234623
0,37,107,0,100.1,90.20147040463307
0,37,107,0,85.0,54.70879848414647
0,30,17,0,90.0,65.87867636800242
0,40,17,0,75.2,45.86662586697492
0,37,107,0,60.3,44.09570930314387
0,47,107,0,70.25,52.58964777056012
0,36,5,0,107.15,72.37059231192562
0,30,17,0,88.05,55.84986924547669
0,40,17,0,88.55,61.7051349906191
0,36,5,0,65.4,46.2753771061435
0,47,107,0,91.1,47.37743189147739
0,40,107,0,98.2,59.393070657318795
0,42,17,0,95.75,49.648103795878406
0,40,17,0,82.95,54.76598540969328
0,33,5,0,85.85,54.09667272577862
0,30,107,0,95.9,51.2567325487974
0,40,107,0,98.75,72.01014182957695
0,42,17,0,74.75,46.71962846824155
0,29,17,0,82.6,48.8417422854026
0,33,5,0,95.8,57.08221218005151
0,30,107,0,89.15,53.64432083543175
0,45,107,0,82.3,51.831813031238475
0,42,17,0,84.55,50.069924789448734
0,29,17,0,97.25,64.85358002535605
0,39,107,0,82.4,42.75560905031242
0,45,107,0,78.35,46.74147825511816
0,47,5,0,76.9,56.09756538482988
0,42,17,0,93.5,62.23596861521225
0,29,17,0,75.85,32.70968792591158
0,39,107,0,75.6,54.425613165319994
0,40,107,0,88.2,43.2089172083239
0,47,5,0,91.05,52.494084879807374
0,42,17,0,70.25,42.68103856083611
0,29,17,0,79.65,43.572414015726686
0,40,107,0,69.8,44.970867763124396
0,36,107,0,95.05,67.21879044935042
0,42,17,0,83.7,38.93327625566592
0,43,5,0,89.25,39.80726593290013
0,29,17,0,75.95,30.805800889135355
0,44,107,0,97.0,66.49891174416236
0,36,107,0,94.15,62.38190948968256
0,42,17,0,90.8,51.99655859057556
0,29,17,0,86.95,43.174645337281
0,43,5,0,96.55,59.71905717167413
0,42,17,0,68.9,48.759236641837795
0,44,107,0,87.6,59.41592910641848
0,27,107,0,88.15,69.25108777409014
0,29,17,0,78.65,55.68641051270475
0,33,5,0,82.7,50.30653405295432
0,27,107,0,84.15,52.693028601114726
0,42,17,0,102.85,68.49070240397214
0,31,107,0,103.9,68.8980176935829
0,29,17,0,81.5,47.22231854135344
0,33,5,0,101.9,54.309929304434114
0,42,17,0,77.35,50.155836098472555
0,29,17,0,74.75,36.1209590710231
0,31,107,0,81.85,42.07171196146434
0,30,107,0,105.5,67.20941350107061
0,26,5,0,68.0,47.593674944648285
0,29,17,0,74.35,45.97857052332555
0,33,107,0,78.55,45.07242709473861
0,27,17,0,81.9,48.87567471603199
0,30,107,0,76.2,45.805768425522906
0,26,5,0,75.0,46.827792017808804
0,33,107,0,64.3,38.13701061891675
0,27,17,0,77.8,57.69119243186542
0,40,17,0,88.95,50.08884212340267
0,27,17,0,62.95,38.12234460122747
1,9,107,0,103.65,71.78276805385596
0,34,107,0,92.8,78.51624035828512
0,26,5,0,108.65,67.57395558707667
0,40,17,0,83.05,44.36982734863151
1,9,107,0,74.0,49.36971157554631
0,27,17,0,82.9,40.70807497808085
0,40,17,0,79.2,59.03932676837667
0,27,17,0,67.3,43.969008224094914
0,26,5,0,96.25,74.3928936900491
1,17,107,0,82.4,40.186931628132676
0,34,107,0,119.0,57.73533078672565
0,29,5,0,57.95,36.87457403857454
0,40,17,0,89.75,37.57221117570243
0,27,17,0,88.2,45.96634924766045
1,17,107,0,82.35,43.57724539010554
1,19,107,0,84.85,58.20316052188955
0,40,17,0,81.25,44.704733059204564
0,27,17,0,81.85,49.793547457688256
1,23,107,0,88.9,48.0984735505685
1,19,107,0,76.65,57.984821062793756
0,29,5,0,113.75,62.734087938485914
0,40,17,0,69.9,40.8552000169018
1,16,107,0,60.65,32.79967105098208
0,27,17,0,71.9,60.08756767812859
1,23,107,0,84.4,56.80381751441118
0,40,17,0,75.5,55.106117723228486
0,27,17,0,79.9,41.34565464344151
0,37,5,0,98.25,58.51214448840154
1,16,107,0,84.35,50.177867840838275
1,20,107,0,62.65,47.1048941473344
0,40,17,0,80.95,57.65001027068882
1,20,107,0,72.45,52.50411011480309
1,7,107,0,74.0,39.67897494431502
0,27,17,0,82.5,47.6693656455866
0,37,5,0,88.0,56.84420074110231
0,40,17,0,71.75,43.496975091438976
1,7,107,0,81.0,56.664293035942464
1,10,107,0,83.95,57.4103190797796
0,28,17,0,94.2,70.29906041147949
1,10,5,0,78.0,52.26652345128964
0,40,17,0,71.35,53.90076163898946
1,10,107,0,92.0,38.71896040361675
0,28,17,0,72.5,47.23791964758375
1,22,107,0,94.8,48.54363202858142
1,10,5,0,81.35,59.59625120672219
0,38,17,0,90.15,53.13565063515317
1,18,107,0,68.95,48.0925368977678
0,28,17,0,74.25,47.467301764921345
1,22,107,0,92.6,45.11785735860668
1,6,5,0,68.65,42.70865190296249
0,38,17,0,70.3,44.27676116144188
1,18,107,0,84.2,63.17611140796479
0,28,17,0,103.15,56.661761913638856
1,4,107,0,102.5,58.06847138009621
0,38,17,0,74.9,66.150466442243
1,6,5,0,103.85,56.60135296876513
1,12,107,0,89.75,42.51300110740119
0,28,17,0,81.2,37.96618994509942
0,38,17,0,62.35,45.80079866000959
1,12,107,0,83.75,52.60265652687334
1,4,107,0,108.15,62.35828143204313
0,28,17,0,70.75,52.47442986325515
1,8,5,0,89.35,55.66844991365822
0,38,17,0,78.05,45.39125234528878
1,4,107,0,69.9,42.243529557479974
1,15,107,0,67.5,42.42826763770637
0,28,17,0,72.3,48.99742205893134
1,8,5,0,71.15,40.34231812351575
0,38,17,0,92.3,51.37488634895868
0,28,17,0,68.3,34.64420662436331
1,15,107,0,75.1,42.5823042070171
1,4,107,0,102.35,62.2746674862766
0,38,17,0,78.45,44.974232388639706
0,28,17,0,76.05,46.76759449380353
1,2,5,0,106.2,48.95927416042633
1,7,107,0,97.75,46.990340552747206
0,38,17,0,71.75,39.68941924493226
1,2,5,0,64.55,36.30205880778954
0,28,17,0,80.3,45.478855700088516
1,22,107,0,105.1,73.06514757032716
0,38,17,0,72.8,51.31184330306109
1,7,107,0,102.6,63.84141536486698
0,34,17,0,80.35,59.14413704982448
1,23,5,0,85.15,41.65810087391229
1,22,107,0,92.95,54.89269436579736
0,38,17,0,73.25,56.043099016457155
1,3,107,0,82.05,56.89554140333799
0,34,17,0,75.3,49.07684629339239
1,4,107,0,82.45,46.19577902795882
1,23,5,0,99.7,66.81955276398479
0,34,17,0,84.9,36.59867699650818
0,34,17,0,80.4,49.93089961979561
1,3,107,0,84.55,55.34435263349869
1,4,107,0,96.3,56.79797994925339
0,34,17,0,76.55,51.792577196269924
1,19,5,0,86.75,59.239811471323016
0,34,17,0,82.1,41.39654193541444
1,2,107,0,96.55,51.64705626705778
1,2,107,0,79.5,42.69660408041839
0,34,17,0,81.4,55.91572606210736
0,34,17,0,73.5,42.06698918329393
1,19,5,0,83.1,47.7404165086675
1,2,107,0,65.05,41.638134090354185
1,2,107,0,88.3,57.03378500133888
0,34,17,0,73.0,60.21015826166492
1,5,107,0,65.15,47.191965194801625
0,34,17,0,89.0,49.63763427926541
1,2,5,0,91.4,56.63865148558238
1,15,107,0,83.6,55.53225710294305
1,5,107,0,62.2,47.14099791275664
0,34,17,0,81.9,36.392451501867654
0,34,17,0,82.45,43.22703223434931
1,15,107,0,64.7,44.46181093454187
1,4,107,0,72.65,35.90964538364236
0,34,17,0,59.65,40.53753945743572
0,34,17,0,65.95,39.33857755703079
1,2,5,0,106.2,70.73717105186674
0,34,17,0,66.25,32.03267246520586
1,5,107,0,90.9,55.73801499685357
1,4,107,0,92.25,69.98110647280375
0,34,17,0,96.85,47.79481914226798
1,22,5,0,79.35,49.199138845694186
0,34,17,0,72.85,44.8263021943708
0,34,17,0,71.05,49.42562195120217
1,21,107,0,82.35,56.153244270525136
1,5,107,0,96.95,64.79723434643927
0,45,17,0,78.85,50.658064251254316
1,22,5,0,102.95,51.920460422903766
1,13,107,0,70.9,48.59055572087191
0,34,17,0,89.85,52.886447373495166
1,21,107,0,93.1,57.32630515878286
0,45,17,0,66.8,39.89934704649742
1,21,5,0,65.2,33.696165641618165
1,13,107,0,76.4,43.6051662801071
0,34,17,0,79.6,55.039124840043506
0,45,17,0,82.5,44.710177812216315
1,21,5,0,70.85,45.92244606542185
1,3,107,0,95.95,75.58297984404467
0,41,17,0,72.15,36.44935202658471
1,0,107,0,95.6,72.06897281150373
0,45,17,0,86.1,48.71496041690943
1,3,107,0,76.25,37.586216678598106
0,41,17,0,71.7,32.61917421265887
1,0,107,0,75.55,50.638528082042335
1,23,107,0,73.95,41.31327682604302
1,7,5,0,110.3,94.95212089868184
0,45,17,0,85.2,42.602940348241106
0,41,17,0,73.65,42.40441263036568
1,7,5,0,75.85,51.390430196579146
0,45,17,0,82.0,53.974652920558334
1,23,107,0,93.25,55.26193607671892
0,41,17,0,83.6,52.342395013884044
1,17,107,0,108.65,62.82329018344777
0,45,17,0,76.35,56.74808134943511
1,19,5,0,74.85,46.173898983824415
1,6,107,0,86.3,53.983525752136444
1,17,107,0,75.9,48.02729487105825
0,41,17,0,93.7,40.381209804352785
0,45,17,0,67.85,37.91580006721264
0,41,17,0,63.5,33.12099032335839
1,6,107,0,98.85,56.544602795166554
0,45,17,0,68.8,35.040728182772504
1,12,107,0,91.0,51.44440023743569
1,19,5,0,114.9,61.98633126067306
0,41,17,0,73.65,48.766117443634116
0,45,17,0,80.0,45.83953706021404
1,12,107,0,74.75,36.65037516861185
0,41,17,0,59.85,24.970034673162697
1,12,107,0,96.35,102.88740652311454
1,16,5,0,84.4,51.11534943017039
0,26,17,0,61.0,29.735677667001124
1,4,107,0,77.0,45.823459861562284
0,41,17,0,79.1,46.78607530136785
1,12,107,0,73.05,48.209493496176606
0,26,17,0,86.7,62.84157189229703
1,16,5,0,104.25,56.01021993209905
1,4,107,0,81.55,60.469631351526154
1,11,107,0,73.6,62.807475250708976
0,41,17,0,93.6,43.67029581811995
0,26,17,0,85.5,48.75340743827149
1,11,107,0,75.6,51.93761439913932
1,4,107,0,76.3,56.52116510886129
0,30,17,0,78.35,52.92723406019966
1,6,5,0,106.0,66.19429137415338
0,26,17,0,81.35,58.76292690929688
1,4,107,0,90.3,65.09757857894643
1,9,107,0,107.15,56.23379298681719
1,6,5,0,68.0,46.95910875151744
0,26,17,0,77.25,47.325162996355104
0,30,17,0,98.05,67.35567416413603
1,9,107,0,62.1,37.25855606434581
0,26,17,0,66.0,44.11110374593012
1,14,107,0,82.45,53.06250038745274
0,30,17,0,77.05,59.92405281073
1,22,5,0,90.8,67.86333014925931
2,41,107,1,86.8,61.42912047315398
0,26,17,0,94.55,50.69254590693108
0,30,17,0,84.35,60.989451201783545
1,14,107,0,93.15,68.77673642798275
2,41,107,1,80.05,40.542992125968155
1,21,107,0,61.7,35.25710081522213
1,22,5,0,107.8,64.5042634249861
0,30,17,0,76.3,48.62109137314577
0,26,17,0,97.9,53.28957634817921
0,30,17,0,64.05,39.08624068040205
2,37,107,1,101.7,57.486016606329216
1,8,5,0,89.05,55.14332998745418
1,21,107,0,100.2,69.45699161503128
0,26,17,0,95.1,62.30561350058445
0,30,17,0,74.4,47.85328454876701
2,37,107,1,73.8,39.02441880615129
0,30,17,0,63.6,36.76296763692621
1,8,5,0,83.4,38.60515373284819
1,17,107,0,83.25,54.03105831980246
0,26,17,0,87.15,50.85922262791469
2,41,107,1,76.4,52.75005612369176
0,30,17,0,72.15,39.46787501113705
1,17,107,0,77.45,39.75646256634855
0,35,17,0,86.05,47.12634194655
1,23,5,0,91.1,58.16211463613895
0,30,17,0,76.55,50.95971060811822
2,41,107,1,100.45,54.74195446773314
0,35,17,0,85.15,44.16866595938323
2,25,107,1,102.85,60.62331929303495
1,23,5,0,80.5,37.83134317356165
0,29,17,0,80.1,45.340698576096294
2,31,107,1,78.7,54.572115493846155
0,35,17,0,88.45,52.357551106738526
2,25,107,1,79.45,44.69248729991017
2,31,107,1,75.7,47.76598657710537
0,29,17,0,85.15,60.972189518967106
1,4,5,0,107.9,48.793765779527284
0,35,17,0,75.75,54.23232188319162
0,29,17,0,72.35,57.49533161826912
2,29,107,1,81.6,54.84274168738717
0,35,17,0,71.0,35.3984834643936
2,33,107,1,95.7,55.20879029933358
1,4,5,0,108.3,58.765457093163334
2,29,107,1,78.3,51.716942149194765
0,35,17,0,79.5,41.6672280663934
0,29,17,0,94.55,53.381915920735004
2,33,107,1,87.5,64.22288491938384
0,35,17,0,65.05,38.94729907532945
0,29,17,0,73.85,36.75133366717172
2,36,107,1,70.05,53.45581057481521
2,45,107,1,68.3,48.15446637207132
1,12,5,0,88.1,43.71065147800452
0,35,17,0,62.55,43.42867716152543
0,29,17,0,82.3,54.70600852210891
2,36,107,1,77.1,51.40745389327771
2,45,107,1,86.0,34.314336423869925
0,35,17,0,66.25,28.880652784574618
1,12,5,0,91.55,55.07456667770381
0,35,17,0,74.6,38.276555968923134
2,32,107,1,76.9,47.11676425312131
0,29,17,0,89.4,63.82822342242621
2,25,107,1,83.9,49.77835082168067
0,29,17,0,68.75,40.49025223823371
1,4,5,0,98.8,59.432934339560646
2,25,107,1,72.3,47.34209209794732
0,29,17,0,87.4,65.77025403470383
2,32,107,1,95.0,55.20392815923995
0,29,17,0,64.55,32.732528485478035
0,29,17,0,80.4,42.221720526413016
2,26,107,1,89.25,45.628794002310244
1,4,5,0,85.6,46.82149753669725
2,35,107,1,73.2,43.91690718666451
0,29,17,0,68.1,41.06464736434364
0,29,17,0,80.75,44.20749519684357
2,26,107,1,75.45,38.415286157027595
2,35,107,1,60.2,37.814784076295375
1,4,5,0,83.15,47.26774242212347
0,29,17,0,88.0,49.68214759321183
2,34,107,1,59.0,41.67796338089167
0,31,17,0,95.1,55.02812677933082
2,42,107,1,86.1,54.61530535433605
0,29,17,0,63.15,38.6975791436486
1,4,5,0,91.9,54.548771031551496
2,34,107,1,94.3,53.89082531035852
0,29,17,0,73.75,52.59365080751818
2,42,107,1,75.95,60.37904394215282
0,31,17,0,102.6,57.24499518459418
2,46,107,1,87.45,60.84274380469878
2,33,5,1,95.3,56.604909588070925
0,29,17,0,75.6,55.9881566423697
0,31,17,0,63.7,40.01460259770965
2,46,107,1,68.25,47.59464255564907
2,36,107,1,110.1,84.80373626327159
0,29,17,0,86.2,58.318183496365776
0,31,17,0,99.3,66.28098083954877
2,33,5,1,90.55,71.19171669735033
2,36,107,1,68.5,44.07947368106838
0,29,17,0,67.4,45.14701132499191
2,30,107,1,89.55,69.12267888936384
0,31,17,0,78.45,55.115643972708106
0,29,17,0,71.65,48.477097142551976
2,29,107,1,81.5,43.069710934716056
2,28,5,1,91.5,67.12243330386332
2,30,107,1,81.9,51.43406612251006
0,31,17,0,69.6,36.66835721780608
0,27,17,0,79.4,38.82402945545316
2,29,107,1,71.35,38.976747454158655
2,44,107,1,77.2,61.57545649124546
0,31,17,0,68.15,51.10080337199365
2,28,5,1,91.15,72.12071386516534
2,24,107,1,59.35,43.68581005315113
0,27,17,0,82.0,48.66534485107122
0,31,17,0,63.7,33.4146201849619
2,44,107,1,104.15,70.9390212565842
0,31,17,0,65.0,52.287665849605496
0,27,17,0,78.1,48.6857809135059
2,37,5,1,84.4,60.61040383161606
2,24,107,1,83.05,61.147341466502475
0,27,17,0,92.5,31.14904746368236
2,37,5,1,78.75,55.54692184375107
2,31,107,1,77.55,66.99055314390468
0,31,17,0,93.25,74.2548066847492
2,28,107,1,105.35,62.567248032143695
0,27,17,0,55.1,31.139583879855017
2,28,107,1,82.55,59.13274540343419
2,31,107,1,87.0,55.73055478677836
0,45,17,0,91.15,48.888998870158055
2,40,5,1,92.0,57.48134708892872
0,27,17,0,80.35,53.69139399823481
0,27,17,0,72.45,46.02799491385078
0,45,17,0,83.4,40.98574848587456
2,40,5,1,70.45,37.175933075041975
2,30,107,1,87.2,49.897368351658116
2,38,107,1,101.7,80.64809848640998
0,27,17,0,81.3,51.6833476184799
2,30,107,1,74.45,43.6944835732938
2,38,5,1,70.25,60.2310245288047
0,45,17,0,94.85,49.190579971115774
2,38,107,1,93.55,61.026719773520426
0,27,17,0,68.4,32.6002906025149
2,38,5,1,66.4,46.25148646259923
2,30,107,1,78.05,50.62085590575864
0,45,17,0,81.2,47.700380667133814
0,27,17,0,86.05,55.493456228734985
2,32,107,1,96.65,59.473368653098575
0,45,17,0,64.75,34.96295031510988
2,37,5,1,78.35,49.49776709477328
2,30,107,1,83.55,48.50119369122459
0,27,17,0,60.85,39.91606324856145
2,32,107,1,59.0,32.656102839003594
0,45,17,0,77.1,34.38160462866888
0,27,17,0,68.5,42.81600782786491
2,47,107,1,96.2,65.82880508521606
2,35,107,1,95.7,53.762734109672735
0,45,17,0,76.85,42.37461380044475
2,37,5,1,97.45,65.46471528517037
0,27,17,0,79.7,44.27794984080974
0,45,17,0,70.45,36.638310406918116
2,35,107,1,80.0,46.35787561546525
2,47,107,1,91.25,45.417217926800916
0,27,17,0,77.6,31.17252501465792
2,41,5,1,84.5,58.935736634334
0,45,17,0,66.55,43.640245790228754
2,36,107,1,81.85,53.04940596919263
0,27,17,0,68.85,43.106080899640084
2,46,107,1,95.45,60.61481059244428
0,45,17,0,74.55,45.39820886798346
2,41,5,1,94.45,60.79861061431897
0,27,17,0,83.7,36.65357022891925
0,32,17,0,66.7,39.03183585903071
2,36,107,1,98.4,66.5957166316589
2,46,107,1,79.45,56.65637419427849
0,27,17,0,77.95,33.52528503744756
2,47,5,1,83.9,65.7546476244115
0,32,17,0,68.15,53.1029536298173
2,35,107,1,84.25,39.421974903131854
0,27,17,0,76.6,42.29395875734997
2,46,107,1,90.9,62.58291342396564
0,32,17,0,70.3,43.738577456231205
2,35,107,1,93.85,58.84079769755174
0,27,17,0,75.5,53.123986058435435
2,47,5,1,103.7,98.09399359261182
0,32,17,0,78.25,35.929572924351824
2,46,107,1,81.55,51.687802694334195
2,35,107,1,75.8,35.92037978934141
0,32,17,0,66.8,42.01954432479198
0,27,17,0,85.3,53.13547729500903
2,42,107,1,86.45,58.86780462232842
2,29,5,1,93.1,65.50042185480865
2,35,107,1,81.1,64.05334947485079
0,32,17,0,79.7,41.6262821835082
0,27,17,0,83.6,44.64880501730907
2,42,107,1,73.0,41.91470034800628
0,27,17,0,61.3,39.796984810409946
0,32,17,0,85.25,48.51681748576846
2,31,107,1,105.25,72.4379044423567
2,29,5,1,112.2,78.09818381876414
0,27,17,0,72.85,46.073482497784816
2,34,107,1,112.1,68.91253037079152
0,32,17,0,87.7,57.28607803683286
2,31,107,1,91.7,56.3794475430822
0,27,17,0,78.45,45.47118810157066
2,34,5,1,87.5,61.56340334629777
0,27,17,0,65.15,44.93536293505665
2,34,107,1,86.4,53.115960531255524
0,32,17,0,90.55,55.59673882900914
3,13,107,1,77.65,63.229968744009525
2,34,5,1,80.75,42.806633770209515
2,45,107,1,81.2,52.00566770732023
0,32,17,0,91.95,52.79401381536397
3,13,107,1,81.0,62.11534262542294
0,27,17,0,105.55,65.98442798753435
0,27,17,0,70.4,45.35636669752109
2,45,107,1,83.15,64.40192461981896
0,24,17,0,85.7,45.67747342998919
2,42,5,1,99.7,88.80321236484517
3,11,107,1,87.65,63.11332747734949
0,24,17,0,78.2,41.79347720448857
0,27,17,0,100.2,44.582979995320606
2,42,5,1,72.1,47.516091457193966
3,11,107,1,90.65,61.78934927809587
2,38,107,1,95.5,61.61211432485455
0,24,17,0,82.7,52.8484426897978
2,38,107,1,56.95,33.30477285220306
3,9,107,1,70.25,39.54594263571635
0,27,17,0,83.45,74.69902768337822
2,28,5,1,88.95,53.067459550631355
0,24,17,0,80.65,45.54844153553214
3,9,107,1,89.15,60.35445738564624
2,28,5,1,58.65,49.066308517953004
0,27,17,0,96.65,60.73867665750764
2,28,107,1,108.85,66.00181416964394
0,24,17,0,87.15,45.84788923569351
3,22,107,1,67.25,44.058424130262594
0,37,17,0,75.2,47.59765584674589
3,22,107,1,66.3,45.05563811906107
0,24,17,0,75.2,61.00353742978655
2,41,5,1,97.85,85.04690656214059
2,28,107,1,97.35,66.59324685218307
0,37,17,0,81.5,48.18768132602925
3,5,107,1,70.25,40.00904502997449
0,24,17,0,70.2,42.28674048744632
3,10,107,1,81.4,64.64021886362114
0,37,17,0,83.8,55.069907725018986
2,41,5,1,88.45,80.01478481801776
0,24,17,0,86.7,39.87493606660441
3,5,107,1,96.1,84.58188184736792
3,10,107,1,79.4,44.47045145522563
0,37,17,0,80.85,55.78839249200595
2,31,5,1,74.5,41.365508133684216
0,24,17,0,76.8,44.18335004334361
3,13,107,1,74.15,52.01647006376669
3,8,107,1,67.7,43.148580509676094
0,37,17,0,74.1,47.90000549390145
2,31,5,1,89.55,57.208275993122385
3,13,107,1,68.15,54.615666732464035
3,8,107,1,77.25,46.28046649448737
0,37,17,0,76.25,53.49950811382337
0,24,17,0,115.35,64.94797513151747
3,19,107,1,72.7,40.45153045052157
3,13,107,1,90.45,51.09585934403357
0,37,17,0,84.95,43.3352597412558
0,28,17,0,74.35,41.39193285246726
2,40,5,1,107.8,69.6476848143569
3,19,107,1,67.35,38.50943151735005
0,37,17,0,79.8,41.678721063315805
3,13,107,1,74.25,94.72390628058278
0,28,17,0,100.5,40.185752908737506
0,37,17,0,80.95,48.546749037451136
2,40,5,1,95.6,66.55144428817533
3,17,107,1,97.85,56.959149720146854
3,11,107,1,81.85,65.32370811661922
0,28,17,0,76.55,46.96076189644645
0,37,17,0,76.05,46.70453037869813
3,11,107,1,83.2,46.08299149646383
3,17,107,1,90.25,43.987887088678356
0,28,17,0,95.45,46.87550701480185
2,41,5,1,106.9,93.02512394085012
0,37,17,0,89.75,58.626269484627876
3,3,107,1,79.2,61.432547519509896
3,18,107,1,81.85,55.060994886532306
0,37,17,0,63.45,45.622564823260774
0,28,17,0,89.2,49.99220991946224
2,41,5,1,83.5,58.05306102813909
3,3,107,1,76.8,64.59639879158982
0,37,17,0,62.8,38.66264346885764
3,18,107,1,77.95,54.99423414753299
0,28,17,0,93.85,34.91233381817347
2,46,5,1,70.45,57.13462863687559
3,10,107,1,74.4,53.10902391357453
0,37,17,0,73.2,48.49698851203899
3,1,107,1,72.45,49.264565038382834
0,28,17,0,94.75,59.78635207751718
0,37,17,0,86.1,49.92088477623474
3,10,107,1,88.15,79.86190383537401
3,1,107,1,84.4,38.74124688915312
0,37,17,0,76.15,44.925991773605894
2,46,5,1,117.05,93.08087880977489
3,18,107,1,65.2,40.362306543032005
0,28,17,0,93.2,63.22108242633857
3,20,107,1,64.35,57.70275465466828
0,28,17,0,70.25,34.01373561557618
0,37,17,0,91.9,52.76352408325481
3,20,107,1,72.25,61.75833632201534
2,35,5,1,84.1,73.05362125827418
3,18,107,1,102.5,62.918911892087024
0,28,17,0,68.65,48.26055924818287
3,5,107,1,72.7,38.70278107782301
0,37,17,0,93.65,53.49203088704945
2,35,5,1,83.7,64.04611825206814
0,30,17,0,67.7,44.3658237361764
3,17,107,1,97.0,67.30371069773354
3,5,107,1,91.7,55.190674269443285
0,37,17,0,96.55,72.0573419320737
0,30,17,0,95.5,51.1308949760576
2,45,5,1,91.25,72.58959980603282
3,6,107,1,78.3,50.82902196269578
0,30,17,0,59.9,44.461574184315246
0,37,17,0,84.75,44.613987657872975
3,17,107,1,124.65,101.29335978652354
0,41,17,0,63.25,34.378504606037886
0,30,17,0,60.95,33.77086099926353
2,45,5,1,80.95,75.79784401877627
3,6,107,1,71.25,37.56520646611842
3,6,107,1,110.25,84.82109655653262
0,41,17,0,76.25,53.969655216709754
0,30,17,0,84.9,47.69519450581335
2,36,5,1,90.9,67.02152050294231
3,6,107,1,81.55,55.566437238394364
3,8,107,1,82.95,59.26787982497238
0,41,17,0,88.7,69.74849555064931
0,30,17,0,94.4,50.30057025940215
2,36,5,1,75.0,55.74660716605375
3,8,107,1,99.9,64.91605915982659
3,16,107,1,96.95,68.65204025794824
0,41,17,0,90.6,60.07486557358419
0,30,17,0,85.05,58.746086095832354
0,41,17,0,71.35,42.25520833671214
3,2,5,1,91.6,52.82383831885792
3,16,107,1,80.45,52.09856549191916
3,8,107,1,83.7,59.43426266849256
0,30,17,0,73.2,49.813969716811044
0,41,17,0,72.1,42.00989858292172
0,30,17,0,89.45,39.756462566348546
3,1,107,1,85.0,48.320203903369006
3,8,107,1,109.4,51.43253117588026
3,2,5,1,105.75,66.01903632964311
0,41,17,0,74.35,50.409141819191575
0,30,17,0,82.35,36.23501505159717
3,13,107,1,72.2,54.91677914425559
3,10,5,1,74.0,39.85103842007
3,1,107,1,98.5,55.78766134096981
0,41,17,0,93.7,58.28703927433972
0,33,17,0,88.75,44.28719073454417
3,13,107,1,82.75,63.81871941184985
3,23,107,1,88.0,47.58040286548765
0,41,17,0,102.85,62.69414058074243
3,10,5,1,105.2,63.01010779399228
0,33,17,0,93.0,43.48018302387276
3,23,107,1,53.45,32.79357286195926
3,16,107,1,94.85,66.5695323070468
0,33,17,0,73.2,49.924785533102856
0,41,17,0,101.95,44.860573476401065
3,23,107,1,79.8,50.286128672250214
3,22,5,1,91.25,59.76610111179466
0,33,17,0,74.25,48.37232244731865
3,16,107,1,98.1,94.10123328237073
3,23,107,1,57.8,33.42013260233859
0,25,17,0,76.65,50.81159730861284
3,22,5,1,80.05,50.80558920765355
0,33,17,0,66.35,32.63074914055275
3,23,107,1,76.1,49.49736835109732
0,25,17,0,87.3,37.25177494888137
3,16,107,1,97.1,65.2710139584019
0,33,17,0,83.05,45.879103143622565
3,23,107,1,80.8,42.368806797851704
0,25,17,0,73.25,52.76349914576613
3,4,5,1,103.55,70.65220598485453
3,16,107,1,85.9,42.07499570003418
0,25,17,0,63.35,41.90499907371937
0,33,17,0,73.9,44.60457847634738
3,12,107,1,98.0,80.25092227704171
3,18,107,1,65.45,47.29134225872194
0,25,17,0,80.2,48.869967098521016
3,4,5,1,95.35,59.54589119237982
0,33,17,0,94.15,44.27934649829183
3,12,107,1,74.6,46.572411078708505
3,18,107,1,75.25,49.452662107046216
0,25,17,0,77.6,47.990569248990006
0,33,17,0,59.25,39.70930555132413
3,4,5,1,68.8,60.03998667554815
3,12,107,1,65.85,57.03763761993616
3,17,107,1,89.45,62.8452359706806
0,33,17,0,76.0,40.06967615751868
0,25,17,0,94.9,50.65871359556907
3,4,5,1,75.35,66.19689530006994
3,12,107,1,78.4,62.420812993238414
0,33,17,0,82.75,44.32045387379226
0,25,17,0,87.55,48.7080183607543
3,17,107,1,114.15,58.053763647882555
3,7,107,1,80.45,56.691663733234236
0,33,17,0,84.25,52.8302893583237
4,35,107,2,65.45,50.237829109986535
3,14,5,1,107.25,100.07253947959319
0,33,17,0,70.25,42.21981949149873
0,25,17,0,90.95,43.953893306988235
4,35,107,2,73.1,67.74246899296746
3,7,107,1,97.85,68.64038630120716
3,14,5,1,71.65,49.56789601939418
0,33,17,0,82.15,46.026622730763115
0,34,17,0,84.4,52.991955695379396
4,44,107,2,71.4,63.436997340502714
3,9,107,1,82.1,58.72227229218821
3,19,5,1,93.35,61.6512047946476
0,34,17,0,86.75,47.986703202142635
0,33,17,0,99.8,54.894731795932564
4,44,107,2,83.1,55.24100307790068
3,9,107,1,67.85,43.75563121654051
0,34,17,0,71.95,34.88699803048332
0,33,17,0,74.4,61.27796890958618
3,19,5,1,83.9,47.177046158174484
4,41,107,2,70.25,56.521886771502295
3,22,107,1,75.2,54.42870759559072
0,34,17,0,92.1,48.816412253085105
0,33,17,0,84.95,43.015878341301885
4,41,107,2,81.55,75.89221928082233
3,22,107,1,97.25,70.72174905553231
3,6,5,1,99.1,68.64086553251373
0,33,17,0,68.05,47.86546387092626
0,34,17,0,83.25,52.650661014494
4,40,107,2,58.95,39.7273271982371
0,33,17,0,65.65,45.45938036486963
3,6,5,1,82.7,54.4137173107935
0,34,17,0,89.75,53.779153660326905
3,14,107,1,100.75,59.88574648093607
4,40,107,2,93.6,59.5610257590791
0,33,17,0,90.2,45.01531902995269
4,34,107,2,68.15,40.443950819556896
3,14,107,1,83.75,52.923852944833065
0,34,17,0,94.25,50.33453873309742
3,14,5,1,92.15,60.87197523015869
0,33,17,0,83.45,72.43543404483167
4,39,107,2,58.9,38.39805367874509
4,34,107,2,66.0,55.862613427473725
0,34,17,0,91.0,59.00044602864412
3,14,5,1,80.45,62.0581009598009
0,33,17,0,85.4,46.11815489074032
4,28,107,2,61.4,63.64738387148531
4,39,107,2,80.75,46.80854060622069
0,34,17,0,80.15,39.53449526412945
4,28,107,2,67.3,35.98113540819909
0,33,17,0,84.5,48.943038857753606
4,24,107,2,77.5,51.33327637271846
0,34,17,0,75.25,44.41179904864069
3,7,5,1,110.15,74.41651981282537
4,37,107,2,65.55,38.09057764412556
0,33,17,0,74.5,58.9419875363636
0,44,17,0,60.6,35.566690507892496
4,37,107,2,55.95,39.727327198237106
4,24,107,2,74.4,63.18177618669218
0,33,17,0,71.2,50.9464114742664
0,44,17,0,72.45,42.89580399060029
3,7,5,1,97.05,44.66539340945126
4,42,107,2,73.45,50.07097593994896
4,40,107,2,84.35,54.559745137543345
0,33,17,0,71.45,45.18322348184696
0,44,17,0,83.85,43.18049632829496
4,40,107,2,69.9,51.51279861405932
0,33,17,0,67.45,33.78644231360453
3,5,5,1,85.15,66.35730634423884
4,42,107,2,87.3,35.75957729645378
0,44,17,0,92.25,52.146428449127754
0,33,17,0,74.9,40.88353162209372
4,43,107,2,72.15,56.70076115705568
3,5,5,1,76.1,53.78504977172902
4,36,107,2,69.2,45.897597689685355
0,44,17,0,70.2,40.43266006584281
4,43,107,2,64.5,55.51528950137118
4,36,107,2,80.25,45.807233398001095
0,44,17,0,80.7,63.84364123635016
0,33,17,0,108.4,65.93808898464808
3,15,5,1,93.1,77.10000341320219
4,35,107,2,76.1,39.34315964086153
0,33,17,0,68.15,38.488925269758475
0,44,17,0,83.4,44.17000649404764
4,44,107,2,79.1,59.16960457247587
4,35,107,2,69.1,46.209932857956446
3,15,5,1,80.35,57.73011163572857
0,44,17,0,67.85,37.58957722280837
0,42,17,0,86.6,57.86681623394043
4,30,107,2,86.6,64.22771987234172
0,44,17,0,71.45,36.53761580099409
4,44,107,2,98.15,58.005693912889186
3,10,5,1,75.7,55.66922990211682
0,42,17,0,86.25,54.915125900170516
0,44,17,0,74.25,44.24319751459866
4,30,107,2,80.3,67.5083620551441
4,29,107,2,97.75,53.8720462616843
0,42,17,0,83.0,50.55169318836439
3,10,5,1,112.7,70.78588916770885
4,29,107,2,69.25,51.607705463020686
1,23,17,0,93.75,60.550001086531346
4,29,107,2,66.35,49.538156479308164
0,42,17,0,79.5,49.4905626304014
4,29,107,2,82.15,57.26326552814961
1,23,17,0,88.95,44.58401294776319
3,21,5,1,93.65,63.15500980253185
4,43,107,2,71.0,60.67514881902248
0,42,17,0,103.5,63.30419458954974
1,23,17,0,81.25,34.82267107866126
4,45,107,2,95.7,57.09465824400738
3,21,5,1,71.85,53.65903563485985
4,43,107,2,76.25,49.86072708317798
1,23,17,0,75.15,44.06009651899503
0,42,17,0,92.65,47.71877595818409
4,45,107,2,85.6,62.07838847609911
4,42,107,2,70.05,65.94293785259782
1,23,17,0,81.65,58.037442542225314
3,16,5,1,100.25,71.59673250409656
0,42,17,0,74.65,51.16770671552826
4,34,107,2,81.5,58.555866261922986
4,42,107,2,88.1,53.595856084903474
0,42,17,0,65.85,44.74403812094323
3,16,5,1,63.35,46.64792543477599
1,23,17,0,86.85,71.11612075738488
4,34,107,2,92.2,55.9808237843902
0,42,17,0,88.6,53.4074704019657
4,28,107,2,81.05,70.09728202554234
1,23,17,0,80.95,46.614290783655164
0,42,17,0,58.15,35.00266907116175
4,47,107,2,71.9,46.94554516166913
1,23,17,0,73.8,33.063893488692145
4,28,107,2,66.3,49.948499793076344
3,4,5,1,124.5,69.83326005941808
1,20,17,0,62.5,43.99102779335565
4,47,107,2,69.8,47.96665508454805
4,47,107,2,67.45,49.18758401316974
1,23,17,0,95.9,41.67025949422188
3,4,5,1,81.15,91.53789839244325
1,20,17,0,83.45,49.789530710994384
4,44,107,2,79.2,48.34154800125762
1,23,17,0,91.05,47.09282546764758
4,47,107,2,88.65,58.117191043071266
1,20,17,0,77.5,59.57525095470256
4,44,107,2,68.3,48.44215215350323
3,6,5,1,83.7,68.30203819105716
4,27,107,2,62.8,43.50995046507964
1,20,17,0,82.2,47.80618766380946
4,44,107,2,67.1,45.893354638770965
1,20,17,0,81.35,48.06385555202907
3,6,5,1,74.6,54.64661592064917
1,20,17,0,70.45,43.114871045419555
4,44,107,2,76.55,43.50133089313113
4,27,107,2,90.95,54.02579793122229
1,20,17,0,104.05,51.370147997286885
1,20,17,0,76.8,55.53908059811767
4,34,107,2,69.65,41.03050854643344
1,20,17,0,80.5,40.02170463767458
3,0,5,1,96.85,63.2607594343486
4,41,107,2,83.2,64.7022329395858
4,41,107,2,61.65,39.107510383825925
4,34,107,2,70.75,52.982494626452855
1,20,17,0,86.0,49.20847167115156
1,20,17,0,91.8,48.80099222459788
3,0,5,1,81.85,63.93111012727108
1,20,17,0,68.45,38.12096397963779
4,43,107,2,72.8,68.13037038223887
4,28,107,2,91.7,65.79801628748713
1,20,17,0,90.3,55.19353509052916
3,5,5,1,83.55,46.56571474243346
1,20,17,0,86.55,62.502610471799294
1,20,17,0,86.5,45.66756305945691
4,28,107,2,89.7,53.930852414042775
4,43,107,2,89.2,50.31647213806879
3,5,5,1,78.15,52.30706402932993
1,20,17,0,73.7,54.81077496835434
1,20,17,0,83.75,46.422402713390554
4,44,107,2,71.7,57.48326987732582
4,28,107,2,88.2,48.87319790728054
3,12,5,1,88.25,43.379445775499185
1,2,17,0,81.2,49.58841120983601
1,20,17,0,73.95,49.421362310559374
4,28,107,2,60.55,36.075177353030874
4,44,107,2,70.95,50.844939716129495
1,20,17,0,56.75,37.961025719601025
1,2,17,0,79.7,50.73263249625432
4,34,107,2,62.55,48.07940252715732
5,1,107,2,95.9,60.93041760462244
1,20,17,0,75.25,45.24887320492953
3,12,5,1,104.55,75.62405284313353
1,2,17,0,82.25,45.523706952936536
1,14,17,0,91.45,52.96620074210185
1,2,17,0,79.35,45.486001316772985
4,34,107,2,101.05,76.9309156937163
4,35,5,2,90.6,54.09484847542275
5,1,107,2,108.0,67.29823646707949
1,14,17,0,68.95,46.92824870284197
4,36,107,2,76.85,58.702887044577466
1,2,17,0,96.1,38.409017581538684
5,17,107,2,73.25,70.37110277140154
1,14,17,0,86.55,50.44483698999699
4,35,5,2,107.0,64.87883443693126
1,2,17,0,70.65,35.95505234975586
4,36,107,2,72.55,52.77008223366123
1,14,17,0,62.45,29.85310527795797
5,17,107,2,116.1,83.72630851077878
1,2,17,0,78.55,37.818785362776914
1,14,17,0,71.7,35.288435559125126
4,46,5,2,84.4,44.16762329318186
4,39,107,2,87.5,57.31767432017531
5,19,107,2,98.55,66.00117622556354
1,2,17,0,108.2,62.13025366963049
1,14,17,0,100.4,70.8960692251619
4,39,107,2,81.85,79.37537401486686
1,2,17,0,62.65,39.660765446338445
4,46,5,2,111.55,90.45759401946015
5,19,107,2,74.2,39.05138315496379
1,14,17,0,92.7,51.00577882636644
4,24,107,2,90.6,63.938621883968175
1,2,17,0,81.8,51.34055542725407
5,19,107,2,93.3,54.67232533828003
4,33,5,2,80.75,60.20043276641089
1,14,17,0,79.15,45.17017530231763
1,9,17,0,69.35,38.4191221577019
4,24,107,2,78.7,55.375369786100464
5,19,107,2,71.95,44.86174668678733
1,14,17,0,92.35,46.46931641869775
4,33,5,2,81.65,63.36051817305391
1,9,17,0,81.9,53.97748068456541
5,3,107,2,68.35,54.19484826943764
4,35,107,2,78.4,58.52430893946639
1,14,17,0,79.65,42.30500157067409
1,9,17,0,72.45,42.865118931978145
4,41,5,2,77.95,36.230947806362565
5,3,107,2,62.7,42.95052233001425
4,35,107,2,82.4,54.79281551060273
1,7,17,0,86.65,40.83764388275524
5,4,107,2,73.05,51.36604961092082
1,9,17,0,84.6,56.83160721770385
1,7,17,0,51.0,29.501115054751477
4,41,5,2,87.05,87.60225603920195
4,45,107,2,83.8,60.92324765853474
1,9,17,0,78.75,56.54702281706513
1,7,17,0,79.4,58.73257860398848
5,4,107,2,95.15,53.143574152330125
1,9,17,0,63.7,32.79136600098457
4,45,107,2,88.4,48.63332190998267
4,47,5,2,87.15,54.23465099381624
5,12,107,2,54.7,46.45779068993137
1,7,17,0,90.0,58.69636409433498
1,9,17,0,87.8,44.54754999465533
5,12,107,2,84.25,66.11065285604606
1,7,17,0,72.9,47.5858227449709
5,5,107,2,94.25,57.56358040874181
4,47,5,2,99.85,63.686134159725285
1,9,17,0,75.55,54.22708101852315
1,7,17,0,81.9,49.134509257750814
5,20,107,2,77.55,67.53437721089281
5,5,107,2,81.95,52.38267592288604
5,20,107,2,57.8,33.544314758712524
1,7,17,0,72.75,48.94881859764609
1,9,17,0,94.05,59.33799262210555
5,12,107,2,62.15,51.36789392525052
4,42,5,2,115.05,75.02453984495585
1,9,17,0,62.65,39.40648490580679
5,9,107,2,78.1,57.30334793195356
1,7,17,0,93.0,38.339206262546774
4,42,5,2,59.3,49.35169170032787
5,12,107,2,88.25,62.629129761931395
1,7,17,0,68.75,48.78402995804435
1,23,17,0,92.95,45.28910058257889
5,9,107,2,86.6,64.61986007249995
5,0,107,2,71.0,37.93345974757711
4,25,5,2,76.45,65.31420011637671
1,7,17,0,78.4,46.529447382106426
1,23,17,0,83.45,48.04874169993808
5,18,107,2,70.1,59.390677985513406
5,0,107,2,81.6,56.0266853712069
1,23,17,0,72.6,43.977745568220726
5,18,107,2,52.4,37.39040124501418
1,23,17,0,85.35,40.85568310657972
4,25,5,2,98.4,72.87148023458113
5,3,107,2,70.45,64.29821557645117
5,0,107,2,89.85,63.978841074711234
1,23,17,0,92.8,61.49591342862591
1,23,17,0,75.55,51.48068109801762
5,3,107,2,74.55,48.78683493687508
1,23,17,0,74.25,66.41010940797302
5,0,107,2,74.05,65.0372160665277
4,27,5,2,95.1,90.04729751343838
1,23,17,0,91.1,54.159510998336636
5,19,107,2,71.65,59.47956305364585
1,23,17,0,86.75,50.92602994850266
5,0,107,2,93.9,76.23847626466504
1,23,17,0,73.3,58.082609046806866
4,27,5,2,81.8,62.53891420126899
1,23,17,0,84.95,41.921574649011355
1,23,17,0,101.6,52.63618927176085
5,0,107,2,88.45,61.08619880308911
5,19,107,2,97.2,82.5894092866379
4,26,5,2,82.15,67.67202251727775
1,23,17,0,78.6,48.93970511601092
1,23,17,0,88.1,55.07592845097432
5,19,107,2,79.2,52.70034455095596
5,13,107,2,88.9,60.207448393909395
4,26,5,2,85.65,50.6996055211478
1,23,17,0,80.7,48.585356251706784
1,23,17,0,82.7,44.77558075088415
5,19,107,2,88.7,65.28407559516937
1,23,17,0,61.15,34.70063703343666
5,13,107,2,86.4,57.74481065770964
1,23,17,0,73.05,49.34782563332291
5,12,107,2,54.6,50.85521243273837
4,24,5,2,82.3,49.578327183516286
5,6,107,2,75.2,58.44799757949481
1,12,17,0,96.65,51.34227251854384
1,23,17,0,83.85,46.61180672657723
5,12,107,2,74.25,40.392645239866184
4,24,5,2,86.6,71.00882080121418
5,17,107,2,47.6,43.31694696925029
1,12,17,0,78.75,36.28523695737195
1,23,17,0,79.55,47.53334009989863
5,6,107,2,85.85,64.11279123544692
5,17,107,2,77.8,53.24975908025559
4,35,5,2,80.7,54.85492829176552
5,12,107,2,71.55,53.200192916152005
1,8,17,0,85.2,46.23350345912868
1,12,17,0,95.5,55.39190516577975
1,8,17,0,69.9,33.01977079202541
1,12,17,0,71.0,40.09068667277647
5,14,107,2,95.3,56.357972396383985
5,12,107,2,80.45,60.15985284836427
4,35,5,2,88.8,59.90659396093222
1,8,17,0,75.5,57.860540139746
1,12,17,0,73.65,48.836219302782574
5,14,107,2,67.6,40.02814799086946
4,37,5,2,75.25,51.53524598706568
5,8,107,2,84.0,73.45890365582507
1,12,17,0,65.9,37.220396219503655
5,3,107,2,59.45,48.79438600149773
1,8,17,0,88.8,41.42031029897238
5,8,107,2,80.8,85.4792064588933
5,3,107,2,75.95,60.371198256680046
1,12,17,0,93.15,56.530639107432144
1,8,17,0,84.1,45.167407904838925
4,37,5,2,113.2,77.34720081350203
1,8,17,0,76.35,50.88612156984507
5,20,107,2,75.95,62.098796496516655
1,12,17,0,81.35,40.85568310657972
4,28,5,2,72.3,49.40711647014766
5,13,107,2,111.6,88.91947865462622
1,12,17,0,82.6,50.49689933159523
1,8,17,0,87.3,51.4485946818457
5,20,107,2,82.5,59.274117898384446
1,12,17,0,74.15,49.802002707563986
4,28,5,2,80.45,59.894183005486745
5,13,107,2,73.1,68.25871835581844
1,8,17,0,75.5,49.96367101257304
5,13,107,2,80.85,65.62595362715642
1,6,17,0,86.2,44.25238619792752
1,8,17,0,83.55,57.224833586017255
4,41,5,2,76.8,68.28778113712275
5,10,107,2,98.4,73.69596146901202
5,13,107,2,97.75,66.22519396566139
1,6,17,0,74.5,40.88172928673253
1,8,17,0,70.7,39.200026852837205
1,6,17,0,67.6,43.7473608226527
5,10,107,2,77.8,57.755929292333725
4,41,5,2,99.9,61.854583287612655
1,12,17,0,89.45,54.09102951214933
5,12,107,2,87.1,92.14056766987228
1,6,17,0,82.45,47.58645871076749
5,13,107,2,102.15,57.843049894111154
5,12,107,2,80.9,75.86754385457799
1,12,17,0,100.05,50.53031919446717
1,6,17,0,81.0,48.32238230446578
4,46,5,2,124.25,82.58321162382377
5,13,107,2,84.7,44.51386537390699
1,12,17,0,89.15,42.025399587943426
1,6,17,0,85.1,38.234594420842434
6,44,107,3,91.9,73.66988958576596
1,12,17,0,78.3,39.559548717557966
1,6,17,0,78.55,37.92301759034867
5,21,107,2,79.35,59.49548855076944
4,46,5,2,94.65,56.580892255434186
6,44,107,3,79.75,56.221249962700234
1,6,17,0,68.9,34.407618495419236
1,12,17,0,76.5,38.666591046508024
5,21,107,2,74.7,49.285526860273464
4,33,5,2,73.15,66.29938080206212
6,36,107,3,77.05,55.751775992481086
1,6,17,0,66.3,35.94747630406867
1,12,17,0,61.75,40.133822197873535
5,15,107,2,76.05,73.94697602443182
1,12,17,0,67.35,43.908127769360945
6,36,107,3,76.3,48.75189604949794
1,6,17,0,83.1,48.099567784468
4,33,5,2,83.95,57.32775115623828
1,12,17,0,78.85,44.16270753522824
5,15,107,2,77.05,63.44452612114651
6,31,107,3,74.65,47.55415195775288
1,12,17,0,82.35,74.31248035721931
4,38,5,2,83.3,57.59851971782097
5,16,107,2,67.8,54.743997508018126
1,12,17,0,96.7,49.074701382580756
6,31,107,3,83.35,63.052421799141406
1,12,17,0,88.15,51.62748655920655
4,38,5,2,88.65,80.11851418860357
5,16,107,2,92.75,61.983762729486365
1,12,17,0,77.0,45.929007002226015
6,31,107,3,71.5,52.47004157762689
1,12,17,0,100.9,61.78306700400242
1,12,17,0,61.75,34.07402931389551
6,31,107,3,55.45,47.61299579338663
5,22,107,2,73.05,53.50796792608506
1,10,17,0,60.6,36.91298445063243
1,12,17,0,64.7,40.0501002035674
4,31,5,2,89.05,91.7734481725171
1,10,17,0,70.65,45.01610822805543
5,22,107,2,71.15,52.691030895609785
6,44,107,3,75.5,60.25777958073132
1,12,17,0,72.45,33.147953814757
1,10,17,0,81.85,50.21666215405736
4,31,5,2,75.5,57.84871376453004
5,15,107,2,71.45,58.20967092737841
6,44,107,3,81.8,54.228172907097886
1,12,17,0,72.8,33.572545174199774
1,10,17,0,65.8,39.51495386492775
5,15,107,2,75.35,59.26859024368375
6,27,107,3,57.7,50.84455153753087
4,47,5,2,85.25,55.2076224714248
1,10,17,0,67.2,33.6774170781049
1,12,17,0,93.9,56.78667375176569
6,27,107,3,66.6,49.01600168366073
5,17,107,2,82.25,77.42628072798294
1,10,17,0,72.45,45.08877208819346
1,12,17,0,80.45,40.54818446192005
4,47,5,2,81.05,66.93789344569613
5,17,107,2,61.45,51.609337180499864
6,42,107,3,79.3,57.22448868503027
1,10,17,0,74.85,46.96502057802952
1,12,17,0,66.8,43.966015583809614
5,8,107,2,51.1,31.19024813859884
4,37,5,2,78.75,69.2355818165319
6,42,107,3,73.3,52.795633790763624
1,10,17,0,100.35,59.529095053551224
1,16,17,0,99.2,55.37584500959164
5,8,107,2,76.75,51.97355096585186
4,37,5,2,80.45,55.78386391855812
6,40,107,3,87.05,61.115486020966465
5,5,107,2,62.75,59.344555906919325
1,10,17,0,86.0,48.522376823807576
1,16,17,0,79.8,42.3526547977934
1,16,17,0,60.75,44.02854935033332
5,23,5,2,86.15,52.97097020265464
5,5,107,2,72.85,42.974012955199846
6,40,107,3,90.9,64.4228628916621
1,10,17,0,95.05,49.563860985495005
1,16,17,0,77.45,58.31716818624819
6,34,107,3,61.15,47.99481879931361
1,1,17,0,64.25,62.5265206890139
6,39,107,3,87.05,55.436521308040625
5,23,5,2,89.5,75.93175606389838
1,16,17,0,80.3,47.60815940682084
1,1,17,0,80.9,47.27511863660696
6,34,107,3,92.0,57.87736581500759
1,16,17,0,61.65,34.11786844702379
6,39,107,3,80.45,66.21931265439903
5,14,5,2,79.05,76.7302006006144
1,1,17,0,61.65,47.831144885447095
1,16,17,0,79.8,34.69809641373489
6,40,107,3,78.0,55.54230251277897
6,38,107,3,70.7,51.4526864932087
1,1,17,0,77.0,48.03945746658896
1,16,17,0,74.8,37.989749309933316
1,1,17,0,75.85,41.17009006292643
6,40,107,3,80.6,59.95384189436684
5,14,5,2,110.85,73.05677316486924
6,38,107,3,83.05,51.25424244314858
1,16,17,0,106.9,80.61728951298879
6,29,107,3,87.15,55.43538201318151
1,1,17,0,98.5,55.80841287268812
6,38,107,3,68.35,43.82053712226963
6,38,107,3,37.4,35.55188943087643
5,2,5,2,112.95,90.54889635759758
1,16,17,0,74.4,66.71100280116349
6,29,107,3,73.7,55.97941350927236
1,1,17,0,114.95,45.835489582453015
1,21,17,0,60.2,34.75265987548367
6,38,107,3,60.8,53.122103636215705
6,37,107,3,102.5,72.95600693135844
1,21,17,0,75.85,36.2015919975613
1,1,17,0,83.75,63.147175625467874
5,2,5,2,116.75,92.90848638367362
6,38,107,3,73.15,71.41743484612144
1,21,17,0,79.75,39.70002651464049
1,1,17,0,68.75,45.98726940543895
6,37,107,3,86.5,54.901346930078525
6,43,107,3,62.5,53.34544818543812
1,1,17,0,71.35,40.945760014412905
1,21,17,0,70.3,50.9624216560853
5,1,5,2,87.45,62.47481597875216
6,39,107,3,50.85,42.66056357117808
6,43,107,3,91.6,43.296286457993496
1,21,17,0,74.9,41.613383474677065
5,1,5,2,79.95,63.58870720663006
6,39,107,3,75.6,63.18260919955077
1,5,17,0,112.8,67.33779731598311
1,21,17,0,76.3,63.013031233731
6,30,107,3,85.6,68.77606682866544
5,22,5,2,68.3,45.79140346810684
1,5,17,0,77.2,46.95866043099701
6,27,107,3,75.9,58.586777743069206
1,21,17,0,83.45,52.559214726169365
6,30,107,3,85.2,93.69637413644026
1,5,17,0,84.0,57.6276614866598
5,22,5,2,78.6,61.46492367281736
1,21,17,0,80.45,40.562459958621055
6,27,107,3,78.25,72.36521045509733
1,21,17,0,69.8,34.0890474770818
1,5,17,0,85.65,51.76289567268288
6,34,107,3,90.9,59.95691435478787
5,13,5,2,79.2,52.343601629797575
6,28,107,3,74.6,45.20176987685328
1,21,17,0,74.9,45.13710108920201
6,34,107,3,68.2,43.161386251577866
1,5,17,0,90.55,47.76750161486694
6,28,107,3,66.85,67.04222942530916
5,13,5,2,76.25,73.01901338548386
1,3,17,0,81.0,48.4040015744675
1,5,17,0,76.95,57.63357482725171
6,35,107,3,75.1,63.95878607188753
1,3,17,0,62.35,35.97261385232412
6,28,107,3,74.2,51.648202699660935
5,9,5,2,101.45,61.03534351418641
1,5,17,0,96.1,53.09960848304469
6,35,107,3,81.15,55.404992174845916
1,3,17,0,81.65,55.258507323116746
6,43,107,3,47.85,45.52070090108801
6,28,107,3,93.85,66.49200585111915
1,5,17,0,79.0,52.181868195964896
1,3,17,0,77.4,41.970415645710304
5,9,5,2,81.05,63.217648268751496
6,43,107,3,60.8,58.59369464909666
6,40,107,3,50.15,39.97403762707148
1,5,17,0,71.9,51.25775936126005
1,3,17,0,73.45,38.93648674444062
6,40,107,3,61.55,47.26573811969935
6,45,107,3,73.45,61.62148890392735
1,3,17,0,62.65,41.301554705030554
1,5,17,0,79.8,50.91024093027795
6,27,107,3,53.65,37.24919638836451
1,3,17,0,63.95,43.062347700441094
6,45,107,3,73.85,46.295702881187125
5,2,5,2,129.3,91.18408217504448
1,13,17,0,81.9,41.70687183060769
1,3,17,0,67.45,44.44094247899174
1,13,17,0,72.1,35.70920565373938
6,27,107,3,90.75,83.6199894258481
6,36,107,3,93.5,46.469571255086684
5,2,5,2,85.1,66.63087635781572
1,3,17,0,94.75,65.07232817977886
1,13,17,0,78.75,56.152869355377604
6,36,107,3,65.2,49.83932076921637
6,30,107,3,79.45,69.17215366103085
1,13,17,0,62.5,52.77708833036907
1,3,17,0,79.35,39.16802535903892
5,17,5,2,97.05,54.11243168771752
6,30,107,3,70.85,34.956025005863104
6,28,107,3,99.1,65.15398763900149
1,12,17,0,88.65,45.155025365838
1,13,17,0,96.5,42.72371460294253
5,17,5,2,75.8,67.89046906211271
1,13,17,0,65.75,26.667297141669707
6,28,107,3,77.9,52.00495927768509
6,41,107,3,91.55,71.60525928934784
1,12,17,0,87.6,53.516746026483695
1,13,17,0,68.0,39.639161922204366
7,15,107,3,82.6,58.650077399329724
1,12,17,0,84.7,49.13365231156426
6,41,107,3,79.95,58.114655276399404
5,10,5,2,107.15,81.12840699195709
1,13,17,0,90.65,64.53336550310927
6,45,107,3,52.65,39.611634388742004
1,12,17,0,73.9,49.97041229831067
7,15,107,3,91.35,70.30256040856548
5,10,5,2,89.55,66.52540076819096
1,13,17,0,85.95,59.95917470728685
1,12,17,0,82.95,38.44815374391584
7,7,107,3,65.3,38.99136206635354
6,45,107,3,89.05,57.4304842946304
1,12,17,0,75.95,35.004473398334916
1,13,17,0,86.2,57.43243169609237
6,45,107,3,69.0,43.85022354861099
7,7,107,3,76.0,64.63175038550895
5,2,5,2,110.8,72.16034776436214
1,12,17,0,73.6,45.51390764891194
1,12,17,0,88.45,42.62748680814936
1,12,17,0,59.4,32.40760144748369
7,8,107,3,71.55,58.94553686064343
6,45,107,3,84.05,74.58832630547914
1,12,17,0,58.7,34.48584759304208
1,12,17,0,72.55,38.014505541686944
5,2,5,2,99.7,77.07487815173802
7,8,107,3,67.65,86.66163784330533
6,38,107,3,65.7,56.28414752981424
1,12,17,0,71.3,49.59637083497139
1,12,17,0,75.05,41.63560596665463
7,22,107,3,60.0,64.32156059903038
5,11,5,2,98.05,52.09452441172883
6,38,107,3,79.4,53.96529098947718
1,20,17,0,106.45,59.93020062846796
1,12,17,0,104.9,59.82245661780762
7,22,107,3,86.6,78.76173262642074
1,20,17,0,74.25,33.21045333214101
1,12,17,0,74.55,48.7458230329317
6,43,107,3,82.0,58.19025058511
5,11,5,2,99.5,118.5897395046868
7,14,107,3,71.45,49.82123305537404
1,20,17,0,77.15,39.09404989051538
1,12,17,0,80.7,44.688512594342825
6,43,107,3,74.6,48.85574900179421
5,3,5,2,67.75,52.014041626428046
1,20,17,0,81.3,42.752777687537446
1,12,17,0,65.5,44.46820271420444
7,14,107,3,76.15,80.15266683024339
6,43,107,3,85.45,55.521901795123775
1,20,17,0,70.85,36.27276054968434
1,12,17,0,70.25,63.96699395617613
7,17,107,3,91.1,59.57295394812367
1,20,17,0,66.9,32.69942861242299
1,12,17,0,76.7,49.52628223053844
5,3,5,2,114.05,89.71151131910494
7,17,107,3,64.7,42.910065068821865
6,43,107,3,100.95,74.9058883217011
1,20,17,0,84.7,55.24976780136966
1,12,17,0,79.95,45.54636157402234
7,17,107,3,65.1,57.68964150384456
1,23,17,0,58.7,33.668820497371314
6,42,107,3,62.75,53.575205380651106
5,17,5,2,99.6,80.41497634802009
1,20,17,0,83.85,53.804005916210166
7,17,107,3,65.65,55.91937334939899
1,23,17,0,79.8,39.73279170712908
6,42,107,3,61.95,61.7665170750217
5,17,5,2,66.5,60.42350536008318
1,20,17,0,62.55,50.55114658494535
7,18,107,3,67.35,63.45597313347097
1,23,17,0,86.2,60.287556540999496
1,20,17,0,71.25,43.209252176868446
6,38,107,3,76.15,42.63958501822356
5,4,5,2,70.15,54.684044627680066
7,18,107,3,71.45,58.40284329776384
1,19,17,0,62.7,47.94635159820763
1,23,17,0,78.3,38.32423995881787
7,17,107,3,47.05,56.18341673296021
6,38,107,3,82.85,62.207864623796816
1,19,17,0,71.25,45.48438135633397
1,23,17,0,85.5,43.00979080701461
5,4,5,2,120.1,83.53184076178754
7,17,107,3,69.15,65.21323323891927
6,39,107,3,83.8,54.87363473904097
1,23,17,0,77.9,52.1706713333116
1,19,17,0,107.85,60.45378835371518
7,0,107,3,60.4,63.065045786077086
1,23,17,0,68.35,38.022534869399976
5,0,5,2,88.9,55.634048643084135
6,39,107,3,75.0,51.52413844117399
7,0,107,3,65.4,55.773413775835216
1,19,17,0,77.2,51.008358448189135
1,23,17,0,81.25,63.05292263354315
5,0,5,2,71.65,74.53524422431946
7,15,107,3,79.55,67.9794667141251
7,21,107,3,72.4,53.25549143910939
1,19,17,0,80.25,48.37014629532951
1,23,17,0,74.6,33.677104513616555
7,15,107,3,68.65,69.35968417945459
5,15,5,2,78.3,54.54799914319787
7,21,107,3,72.4,55.7894538232338
1,23,17,0,68.3,40.52562542132414
1,19,17,0,100.85,49.98449759675493
7,5,107,3,61.2,55.82170866154794
1,16,17,0,64.1,24.768188425775854
7,6,107,3,78.8,68.5017095445531
1,19,17,0,91.0,60.011402425311076
7,5,107,3,64.25,58.30037916280061
5,15,5,2,101.7,114.35912961506742
1,16,17,0,101.2,58.634101807197844
7,6,107,3,83.25,58.3391851701392
1,19,17,0,74.1,43.812879625204175
1,16,17,0,93.05,47.183265320617544
1,19,17,0,69.55,34.471154989582075
7,4,107,3,110.95,69.29910381436173
7,0,107,3,81.2,61.50618282998702
5,10,5,2,114.35,80.56724879842533
1,19,17,0,75.45,43.773910759239854
1,16,17,0,88.1,64.57138033134136
7,0,107,3,78.45,66.22884965266866
7,4,107,3,98.55,71.19171669735033
5,10,5,2,84.15,57.539254335398574
1,3,17,0,75.45,41.00895280943316
1,16,17,0,85.55,48.77712470755982
7,6,107,3,95.05,74.30695582656125
1,3,17,0,80.5,48.416504363045895
7,12,107,3,93.8,70.8457182155258
1,16,17,0,71.25,48.87887822814785
5,14,5,2,103.25,75.98190574077489
7,6,107,3,57.3,47.215184890144464
1,16,17,0,74.75,44.62224486556123
1,3,17,0,79.75,54.46667257188227
7,20,107,3,68.95,58.57112185872381
1,16,17,0,64.95,38.902678841599474
7,12,107,3,121.35,102.14864040623402
1,3,17,0,98.55,45.402845957633886
7,20,107,3,59.55,55.493456228734985
5,14,5,2,118.55,77.25656163582141
1,16,17,0,107.6,74.70813384871754
7,8,107,3,81.3,72.99754862502684
1,3,17,0,81.45,51.88699766141599
7,10,107,3,89.2,61.36740091234794
5,1,5,2,81.25,57.14144500134824
7,8,107,3,68.5,48.076145742703666
1,16,17,0,90.1,53.0202543224856
1,3,17,0,74.85,46.26044689979141
7,10,107,3,61.25,44.3252037131306
5,1,5,2,69.7,48.19816550341659
1,20,17,0,61.75,44.665864747972925
7,0,107,3,77.05,68.61906670736256
7,23,107,3,64.9,62.69298626095099
1,3,17,0,82.4,55.81209074819012
1,20,17,0,64.85,48.857768869928634
6,37,5,3,79.5,61.65139687664916
7,0,107,3,59.2,40.15050632177304
7,23,107,3,85.1,64.04595389660705
1,3,17,0,91.05,62.11998152980374
1,20,17,0,94.85,43.62432324916192
7,17,107,3,89.25,54.99940191062368
7,4,107,3,59.2,44.056901006718455
1,3,17,0,67.35,35.75541916968671
1,20,17,0,63.95,36.93732244591755
6,37,5,3,110.7,78.12345156360237
7,17,107,3,74.25,59.39331434996438
7,4,107,3,77.6,74.30690270408049
1,3,17,0,83.25,55.58386267140567
1,20,17,0,77.75,52.28049349422785
6,39,5,3,82.4,49.24525090647935
7,22,107,3,40.7,46.338684532586015
1,20,17,0,75.55,38.67200129564704
7,2,107,3,75.6,48.373981697428604
7,22,107,3,54.4,47.73104473588387
6,39,5,3,62.75,43.25186336113771
1,6,17,0,92.8,68.13577775681668
1,20,17,0,87.6,53.67484954505425
7,6,107,3,65.2,57.54321030870262
7,2,107,3,95.65,72.46071530945505
1,6,17,0,85.45,58.614238435455434
6,47,5,3,89.1,53.99112987577828
7,6,107,3,73.7,51.17061245429224
1,20,17,0,97.25,55.76725600301007
1,6,17,0,75.35,38.19930420970077
7,13,107,3,96.4,71.07179468678133
1,20,17,0,66.1,47.61236018205003
7,5,107,3,74.35,49.81151314811931
6,47,5,3,106.5,79.14909315569207
1,20,17,0,59.45,40.18179084846112
1,6,17,0,93.3,54.992918204361345
7,13,107,3,96.6,50.60621971343256
1,17,17,0,69.2,28.803508558214883
7,5,107,3,93.05,81.10842321109118
1,6,17,0,86.5,44.825392240042746
6,47,5,3,96.85,59.999364031717256
8,30,107,4,54.85,49.330544610605585
1,17,17,0,90.65,68.2829060831325
8,30,107,4,47.25,53.8534805599513
1,6,17,0,82.8,57.9079123763711
6,47,5,3,76.2,62.14973430099449
7,21,107,3,92.2,95.12462739397252
1,17,17,0,67.15,31.77598397996098
8,27,107,4,57.65,42.57905959259168
1,6,17,0,58.6,33.47960887654328
7,21,107,3,53.2,40.10066281116482
6,29,5,3,77.2,69.06564383175427
1,17,17,0,92.5,54.93967984119158
8,27,107,4,68.5,58.76671094922255
1,6,17,0,78.3,53.618633838776994
7,10,107,3,61.95,55.468791604876905
1,17,17,0,80.55,52.40678441415366
8,25,107,4,76.3,46.894169764425264
7,10,107,3,68.3,47.91890078697109
1,6,17,0,88.65,44.31499092917239
6,29,5,3,99.25,48.30590570847202
1,17,17,0,69.85,33.94155192928605
8,25,107,4,58.25,50.94152995036771
1,6,17,0,60.6,43.399490659150416
7,18,107,3,83.6,65.48635856340417
1,17,17,0,79.1,42.68230250781255
8,29,107,4,56.75,59.0270901232735
6,28,5,3,99.3,94.1203596745314
1,12,17,0,87.55,56.370461656513164
7,18,107,3,72.6,58.95529082100667
1,17,17,0,79.55,56.411528310406446
1,12,17,0,70.65,46.429658171202774
8,29,107,4,80.6,78.53822401594618
6,28,5,3,92.95,57.45430678740326
1,17,17,0,93.15,64.77594989045336
1,12,17,0,79.15,47.59397905308257
8,37,107,4,67.45,65.72468494048728
7,18,107,3,88.05,92.15174841988677
1,12,17,0,61.6,37.50985835329441
6,36,5,3,88.0,48.00548214307897
1,17,17,0,85.55,56.04929691093838
8,37,107,4,62.35,61.885526749415575
7,18,107,3,67.65,50.40392110895634
1,2,17,0,72.95,33.201894365738895
1,12,17,0,82.8,43.639190498546384
6,36,5,3,73.35,65.9531532305517
7,20,107,3,72.45,55.145238855417546
8,41,107,4,81.15,59.10229757756773
1,2,17,0,89.85,65.35270702724925
8,41,107,4,54.3,45.94287070287459
1,12,17,0,92.35,44.76638188829226
6,33,5,3,71.3,57.41547563249183
7,20,107,3,98.6,70.82848074193407
1,12,17,0,69.8,35.73086532456365
8,35,107,4,60.45,68.87477194536702
1,2,17,0,99.65,57.095741384191925
6,33,5,3,93.5,59.60881248872342
7,4,107,3,65.0,63.193104220734654
1,12,17,0,82.55,57.140155481246744
8,35,107,4,73.9,77.2118752797167
1,2,17,0,96.8,55.605376491278626
6,34,5,3,76.05,74.12682943513275
7,4,107,3,78.35,69.00287942123178
8,43,107,4,64.65,62.80234239681125
1,12,17,0,93.35,61.957774245639946
1,2,17,0,83.0,53.77536121388875
8,43,107,4,77.7,58.31231701612853
1,2,17,0,70.45,45.27515293937957
1,12,17,0,83.55,48.38276661439647
7,3,107,3,87.65,64.34796443024277
6,34,5,3,119.85,84.03086838838014
1,0,17,0,73.65,46.13170504681478
1,2,17,0,82.45,50.3424849354269
7,3,107,3,75.0,54.66163862199985
8,37,107,4,99.05,90.62152352678578
1,2,17,0,71.0,46.13139129874466
1,0,17,0,93.2,62.981701603260184
8,37,107,4,53.15,45.85936740675091
6,40,5,3,91.2,83.45222396204025
7,22,107,3,76.55,66.18671754171957
1,2,17,0,81.9,42.60331096597021
1,0,17,0,77.5,44.09379954023851
8,31,107,4,71.65,52.70501324402292
1,2,17,0,73.15,33.78924618713381
7,22,107,3,83.8,50.6324214833061
6,40,5,3,95.7,56.78963952953687
1,0,17,0,67.85,44.66515773832522
1,19,17,0,69.0,38.5868807811807
7,2,107,3,55.65,60.10628743711995
8,31,107,4,80.15,61.932284753082065
6,30,5,3,77.65,48.530267278320885
1,0,17,0,79.15,43.10363887435174
8,40,107,4,67.75,39.70267788926771
1,19,17,0,86.4,53.438996208662765
7,2,107,3,79.75,77.91417342854015
1,0,17,0,82.4,55.29575980698321
1,19,17,0,88.9,54.390304863623385
8,40,107,4,80.65,66.32319194274116
6,30,5,3,104.0,65.22027453580915
7,7,107,3,82.75,60.46823872692872
1,19,17,0,73.95,44.12479312609921
1,0,17,0,90.85,49.86853770296036
8,34,107,4,62.25,37.064488608228146
6,47,5,3,88.2,71.25314397495586
7,7,107,3,73.3,55.60584974906678
1,19,17,0,89.45,46.82045774186637
1,0,17,0,89.35,62.5285408517793
8,34,107,4,80.4,73.12239199127936
6,47,5,3,82.05,70.59407683517455
8,38,107,4,87.8,58.916175957657714
1,0,17,0,81.25,55.22573294169456
1,19,17,0,101.1,53.94334259689805
8,44,107,4,91.4,67.54055312025119
8,38,107,4,66.8,40.98857350402349
1,19,17,0,76.6,37.76854720392004
1,0,17,0,68.55,54.05014728058224
6,24,5,3,92.4,85.76553104709066
8,44,107,4,68.8,54.25728182998986
1,19,17,0,68.5,43.13686907604921
8,39,107,4,79.95,62.36604592412867
8,42,107,4,61.7,51.727118002476274
1,11,17,0,98.5,87.06772923238672
6,24,5,3,76.6,63.22258090937213
1,19,17,0,90.7,54.71562848035285
8,39,107,4,52.85,52.675046524097056
8,42,107,4,67.85,66.33430088336057
1,11,17,0,78.8,45.95718831580906
6,46,5,3,67.25,49.84700276055248
8,41,107,4,62.0,49.84291112559222
1,19,17,0,95.0,62.87832862382965
1,11,17,0,70.4,52.343400529076895
6,46,5,3,65.15,53.48219083809212
8,44,107,4,93.4,70.17526929804139
8,41,107,4,73.35,56.06882518739568
1,11,17,0,57.6,28.739116933289083
1,20,17,0,83.65,55.89489666941169
8,44,107,4,67.45,46.26636268164457
1,11,17,0,60.7,30.49089596653574
6,41,5,3,86.8,66.60456756899359
1,20,17,0,70.9,35.12219271418901
8,25,107,4,72.45,68.8954012673522
8,38,107,4,66.25,57.55077849398007
1,20,17,0,75.95,47.13974186562645
1,11,17,0,87.3,74.07471335006797
8,25,107,4,87.9,62.45242399745501
8,38,107,4,69.15,51.93647435493724
6,41,5,3,117.1,78.09569029149601
1,11,17,0,79.3,52.880301774757996
1,20,17,0,93.8,46.416421776417835
8,41,107,4,74.85,53.89392603214109
1,20,17,0,75.8,44.05451168722677
8,31,107,4,87.95,68.16039519900256
6,27,5,3,75.3,59.65611981665374
1,11,17,0,81.15,44.0254412094213
8,41,107,4,47.7,41.838159363759885
8,31,107,4,55.9,40.96969354869138
1,11,17,0,71.6,29.97613085527603
1,20,17,0,89.05,54.20086909382834
8,46,107,4,67.35,41.669470081129
6,27,5,3,101.6,79.31973936310922
8,34,107,4,88.15,76.66349917179073
1,11,17,0,86.15,46.50101866456374
1,20,17,0,101.45,62.24102133514604
6,45,5,3,54.75,48.216480039177696
8,46,107,4,61.15,55.17271923123257
1,16,17,0,91.55,49.735590349049055
8,34,107,4,80.25,54.948660248980545
1,20,17,0,64.75,45.641480440955306
6,45,5,3,71.75,64.28135114683853
8,40,107,4,85.85,56.39921145398736
1,20,17,0,69.2,39.60409335569135
1,16,17,0,74.85,39.049597342758595
8,24,107,4,76.7,54.86164416056084
1,20,17,0,56.2,34.571969174919424
8,40,107,4,51.8,48.06202133428059
6,28,5,3,70.6,53.79923693452206
1,16,17,0,64.6,45.70085799033352
8,42,107,4,49.9,49.31093612022216
8,24,107,4,68.95,56.20027626828519
1,22,17,0,92.0,49.156035127679736
1,16,17,0,80.8,46.96314344361186
6,28,5,3,75.45,61.74776791192749
8,42,107,4,67.55,45.89286723618274
8,47,107,4,86.8,48.37202323222534
1,22,17,0,86.55,50.64892059950278
1,16,17,0,80.45,62.38207822933224
1,22,17,0,73.9,46.654271536822634
6,46,5,3,102.15,67.69846068373614
8,47,107,4,77.85,58.942679559757124
9,7,107,4,99.35,100.63497090187414
1,16,17,0,94.95,71.77558227229031
6,46,5,3,55.65,35.46721985454353
9,7,107,4,44.5,37.359561588772195
1,22,17,0,83.85,61.48365208479577
8,30,107,4,70.35,61.40484722852012
9,15,107,4,56.4,51.438670687579624
1,22,17,0,72.2,41.98947236479263
1,16,17,0,99.75,68.60786743285503
8,30,107,4,62.6,60.46173213390085
6,25,5,3,86.15,81.44244011958126
9,15,107,4,54.65,57.57857331736483
1,16,17,0,81.35,52.57503409914553
8,29,107,4,54.6,45.349403756307886
1,22,17,0,100.85,70.34522016455702
6,25,5,3,70.55,36.333940925227125
9,1,107,4,59.3,54.602004975718806
1,16,17,0,60.5,41.123050265731685
1,22,17,0,69.05,40.86882095578229
8,29,107,4,84.65,57.42113584826813
7,19,5,3,72.3,59.19735058082814
1,16,17,0,82.85,49.5647104936142
1,22,17,0,97.25,50.04090432099682
8,34,107,4,59.8,39.10929355160054
9,1,107,4,115.85,105.74063352821076
7,19,5,3,81.9,61.56289039416693
1,22,17,0,67.05,41.443017315472176
1,19,17,0,90.85,63.97061414184024
8,34,107,4,78.95,57.44148051896405
9,22,107,4,85.25,89.01204826787273
1,19,17,0,73.8,44.57353474877217
1,22,17,0,95.55,54.597546696377826
7,10,5,3,84.05,82.62373496125292
8,39,107,4,57.35,52.1034143744312
9,22,107,4,71.9,68.30958937074648
2,37,17,1,63.85,52.96003955317333
7,10,5,3,43.0,35.45048437053101
1,19,17,0,98.95,52.87768905691699
8,39,107,4,73.3,66.01124306151426
9,2,107,4,58.3,56.51185250621511
1,19,17,0,66.25,51.925934094428655
2,37,17,1,93.8,64.12701212601851
8,47,107,4,46.1,49.76566138042956
7,4,5,3,108.35,79.31899288051346
9,2,107,4,73.1,62.074573148584335
2,37,17,1,79.0,43.220365569948626
1,19,17,0,86.85,61.42712841459511
8,47,107,4,77.15,44.49515053410463
9,8,107,4,53.1,46.07990771189589
7,4,5,3,58.65,52.153896761109046
2,37,17,1,57.3,36.09942410970889
8,30,107,4,62.85,58.03562880271321
1,19,17,0,87.65,64.07666050171959
9,8,107,4,81.25,61.591075054067616
2,37,17,1,74.35,67.85454644815047
8,30,107,4,66.25,49.37490839431875
2,37,17,1,56.2,31.97466102038333
1,19,17,0,80.5,47.57542488125123
7,23,5,3,124.9,101.44373602617051
9,8,107,4,89.55,64.37184330533277
8,29,107,4,62.4,52.347422396704
2,37,17,1,77.75,58.21816952771613
1,19,17,0,74.95,60.33718849755492
9,8,107,4,60.2,62.847853038739096
7,23,5,3,68.15,67.46560527214473
8,29,107,4,65.4,58.817648622447365
2,37,17,1,76.55,34.49862697496663
1,19,17,0,81.1,76.51755904434786
9,17,107,4,61.95,54.8696781378146
7,19,5,3,64.25,62.61652295814916
1,19,17,0,58.5,37.2735266573165
2,37,17,1,77.75,49.201920159363915
8,27,107,4,90.1,52.77848445202488
2,35,17,1,60.35,43.57482976987614
2,37,17,1,67.2,40.15443870070183
7,19,5,3,63.25,67.74633414048085
8,27,107,4,77.25,73.95010764733634
9,17,107,4,111.2,108.09625340408428
2,35,17,1,69.1,57.89818650009687
2,47,17,1,100.5,50.08256341177773
7,20,5,3,80.2,57.99872956866337
8,30,107,4,79.4,62.78903692440852
2,35,17,1,78.15,64.68976572436851
9,6,107,4,79.25,55.465375638652645
8,30,107,4,52.05,41.026916710092195
2,35,17,1,66.9,44.17417678618179
2,47,17,1,92.2,70.28408519415292
9,6,107,4,45.8,57.64099418405546
7,20,5,3,84.6,74.46115200488599
8,44,107,4,54.1,43.58886869011641
2,35,17,1,74.75,54.48406333869324
2,47,17,1,82.3,60.214616165844646
9,4,107,4,75.7,69.21142284790552
8,44,107,4,74.15,56.94343915814969
7,19,5,3,98.0,87.5478816359789
2,35,17,1,75.0,47.612470723761575
9,4,107,4,67.45,56.15061981192334
2,47,17,1,88.2,53.95280588771908
2,35,17,1,66.7,49.51671700706636
8,34,107,4,77.75,60.36805969698668
7,19,5,3,70.55,64.47559717892457
2,47,17,1,84.5,36.23098412307229
9,13,107,4,80.75,64.15431642367857
2,35,17,1,55.5,30.313276577138694
8,34,107,4,51.0,43.24227950561933
2,47,17,1,43.05,19.701656355694936
7,14,5,3,82.95,77.33826927683889
2,35,17,1,76.6,48.132929968665124
2,47,17,1,70.65,49.020162339485104
8,32,107,4,67.75,56.51164295500251
9,13,107,4,91.25,68.74275081398535
2,35,17,1,76.0,49.104614425680374
8,32,107,4,62.85,39.290115269552686
2,47,17,1,79.65,51.46922943805714
7,14,5,3,81.85,71.98484855198788
2,29,17,1,66.95,56.861304018962166
9,15,107,4,61.05,66.16683459256609
9,18,107,4,113.9,90.71348765263775
2,47,17,1,83.25,57.86451962626967
7,0,5,3,71.75,71.0721464428928
2,29,17,1,73.3,46.680436564954455
9,15,107,4,86.45,72.69871134744375
9,18,107,4,89.4,72.56024719971819
2,47,17,1,93.95,58.454188090017624
2,29,17,1,71.3,56.97654180265308
7,0,5,3,80.4,73.98961520304547
9,4,107,4,46.95,31.483454301217364
2,36,17,1,89.95,62.828484153707166
9,13,107,4,95.15,112.18324999280136
2,29,17,1,103.65,58.407168810181616
9,4,107,4,74.7,61.72357734285983
7,4,5,3,101.7,79.23721879335028
2,36,17,1,74.2,48.90226558092547
2,29,17,1,63.75,51.36850868197875
9,13,107,4,70.15,62.36165741695351
9,19,107,4,85.5,71.91552061455967
2,36,17,1,82.2,45.5753857852425
7,4,5,3,93.5,57.09779238058895
2,29,17,1,80.15,59.113873160198196
9,2,107,4,68.15,71.30237687039907
9,19,107,4,56.45,55.047802193328216
2,36,17,1,67.95,54.26395042557696
2,29,17,1,62.4,44.624043554544606
9,0,107,4,52.55,55.06309777738721
9,2,107,4,78.75,53.654719711954705
2,36,17,1,69.9,43.929249337638595
7,10,5,3,93.35,85.40138973354621
2,29,17,1,79.9,49.00042964365882
9,0,107,4,72.5,75.42197083218208
9,11,107,4,74.25,64.97195751366812
2,36,17,1,89.75,42.11247471137013
2,29,17,1,62.6,37.59815225023138
7,10,5,3,100.35,92.89794910205725
9,23,107,4,62.2,64.25328171016882
2,29,17,1,56.45,44.7136797624031
2,36,17,1,82.8,60.43752755401321
9,11,107,4,83.8,63.36992479418807
2,37,17,1,73.05,51.11130784350645
2,36,17,1,66.55,35.942168461073834
9,23,107,4,90.75,60.289542603742
9,18,107,4,83.4,49.21852454000157
7,16,5,3,108.25,91.92323742638402
2,36,17,1,71.85,45.12587657699411
2,37,17,1,87.15,51.06680351316921
9,20,107,4,63.6,67.64878339435856
9,18,107,4,70.1,54.567100170823004
2,36,17,1,63.0,35.83441450837302
9,20,107,4,48.75,39.1553921809258
2,37,17,1,85.05,56.845566415091966
7,16,5,3,85.0,94.52095284282629
9,10,107,4,54.2,50.14883112454262
2,37,17,1,66.5,43.95272580014985
9,10,107,4,63.05,46.49784941263414
9,0,107,4,85.4,74.81021602062536
7,2,5,3,72.65,63.700181772854755
2,37,17,1,85.2,54.074607330009684
2,37,17,1,108.0,61.32141379219566
9,5,107,4,61.9,61.08484177549158
7,2,5,3,60.45,58.94732260336566
2,37,17,1,76.55,48.568427041269906
2,37,17,1,62.8,40.575595465358504
9,0,107,4,93.25,79.90051379849292
9,5,107,4,60.3,45.25495029624703
2,37,17,1,74.95,46.71129132064436
9,23,107,4,50.2,44.758533441004005
2,37,17,1,66.7,38.70957993762486
7,16,5,3,79.9,72.12116997036819
9,1,107,4,80.4,84.83259055959938
9,23,107,4,60.55,80.45428581041011
2,37,17,1,91.75,53.32213424085723
2,37,17,1,89.15,64.02571440650357
7,16,5,3,96.1,60.5135043649458
9,4,107,4,56.0,58.50056230049147
2,37,17,1,66.6,41.69109459370254
9,1,107,4,93.65,79.29311047260697
2,37,17,1,96.7,48.94583472413261
7,22,5,3,79.1,58.60564010939202
9,23,107,4,48.8,47.97652934947517
2,37,17,1,81.1,49.132366864259765
9,4,107,4,90.6,76.71917347669596
2,37,17,1,83.2,63.182775800804585
7,22,5,3,63.45,67.3978564394416
10,24,107,5,55.65,48.07918359058151
2,37,17,1,85.15,46.05063003169218
9,23,107,4,99.6,68.60443441245349
2,37,17,1,81.7,50.67450308742943
10,24,107,5,42.55,33.06051071022728
2,31,17,1,66.2,34.32445805912501
7,21,5,3,97.25,86.76761159011254
2,37,17,1,77.65,62.82412794963077
9,19,107,4,76.55,61.285762921269935
10,35,107,5,60.15,58.93642873112475
2,31,17,1,64.5,30.54332556946125
10,35,107,5,48.95,43.96466882922192
2,37,17,1,80.2,43.759630518982846
9,19,107,4,85.6,72.75799829427326
7,21,5,3,85.7,57.998275836441906
2,31,17,1,100.5,40.47156246577407
2,39,17,1,73.05,41.51153929616248
10,29,107,5,80.1,45.80266597618872
2,31,17,1,60.75,48.45711614678651
9,14,107,4,76.9,79.47055065275836
7,15,5,3,85.25,54.62491719854016
2,39,17,1,69.2,41.761982207442415
2,31,17,1,59.5,30.935416596516035
10,29,107,5,103.7,77.31146847586544
2,39,17,1,76.9,38.40353602140522
2,31,17,1,63.05,48.94516265544962
7,15,5,3,80.05,79.12446890151851
9,14,107,4,101.7,65.5415496982037
10,46,107,5,69.1,37.85693289770121
2,31,17,1,80.0,41.383953157563
2,39,17,1,92.0,65.0764732328132
9,19,107,4,74.2,59.38243582247639
10,46,107,5,57.35,51.50194171096853
2,39,17,1,63.35,33.4857000115446
7,12,5,3,114.35,113.5370447312937
2,31,17,1,88.7,60.504980221292094
9,19,107,4,62.45,61.532597266130324
10,37,107,5,55.3,42.85114995693323
2,39,17,1,63.2,43.136991086537314
9,12,107,4,65.0,54.234384121631095
2,31,17,1,77.25,42.403916154798225
2,39,17,1,73.3,43.47788306472009
10,37,107,5,67.15,46.924659660039374
7,12,5,3,103.2,68.55777432977702
2,31,17,1,61.35,31.633218715707535
2,39,17,1,70.3,41.46920226917929
9,12,107,4,75.85,63.721660367570465
10,37,107,5,64.5,62.633016347946274
2,42,17,1,67.8,45.457441056095774
7,5,5,3,64.8,65.5716562644498
9,7,107,4,52.25,39.970877556435745
10,37,107,5,63.2,47.492492481499255
2,39,17,1,93.1,54.38449856540488
2,42,17,1,103.45,70.91022864379856
10,39,107,5,63.3,63.555280537580245
2,39,17,1,74.45,51.82610092262494
7,5,5,3,107.0,79.84128993789723
9,7,107,4,89.9,113.40514236924828
2,36,17,1,58.6,45.30760363745164
10,39,107,5,64.6,40.97804290104641
2,42,17,1,75.95,52.283110888799705
9,18,107,4,77.6,66.26613011184523
7,10,5,3,76.15,80.25110263220193
2,36,17,1,73.25,38.507518062950005
2,42,17,1,71.8,37.40053475553525
10,42,107,5,67.7,64.42057533362916
9,18,107,4,71.8,55.81510831118644
7,10,5,3,67.2,45.94000664482228
2,36,17,1,81.35,66.92436815265108
2,42,17,1,83.55,55.150010736268456
9,22,107,4,46.45,41.573618912402665
10,42,107,5,79.9,75.21960830584145
2,42,17,1,56.25,44.289567501542436
2,36,17,1,77.95,47.55215972736509
8,24,5,4,72.65,61.639251848323504
10,27,107,5,52.4,53.78651758279401
9,22,107,4,78.25,73.47385858070095
2,36,17,1,71.75,51.50153293579564
2,42,17,1,79.25,35.986656883964784
8,24,5,4,63.55,47.11182106659141
10,27,107,5,73.4,79.35556226981127
2,36,17,1,78.55,52.66625305189573
2,42,17,1,67.15,50.92851026581022
9,20,107,4,83.3,62.57887654371629
8,34,5,4,81.9,72.38413609275679
10,31,107,5,53.45,67.09888617790752
2,36,17,1,86.0,51.89158739242097
2,42,17,1,83.25,61.99734714188647
10,31,107,5,61.7,49.582573339303075
9,20,107,4,89.5,86.44042670198391
8,34,5,4,72.15,50.1705250017116
2,42,17,1,80.8,60.4392692142939
2,36,17,1,92.25,56.725446809958875
10,42,107,5,54.0,56.67636655887346
9,7,107,4,67.65,65.60991179932945
8,38,5,4,82.05,54.79000581166336
2,28,17,1,65.7,43.56978673105336
2,36,17,1,83.45,32.68586528568097
10,42,107,5,64.8,54.94169158011255
9,7,107,4,76.7,71.14706784652404
2,36,17,1,73.35,36.31046681054927
2,28,17,1,79.45,53.12197979031002
8,38,5,4,82.35,58.609569004961706
10,35,107,5,75.9,51.71368545325207
9,12,107,4,47.25,45.19417172484452
2,26,17,1,68.9,39.86807191092563
2,28,17,1,74.7,63.77930698902271
10,35,107,5,61.65,50.7877679015435
8,37,5,4,93.7,43.2691697705373
9,12,107,4,77.65,58.25558477858356
2,26,17,1,73.0,54.837559161006084
2,28,17,1,90.1,42.72420736230038
10,38,107,5,79.2,50.78706839136783
8,37,5,4,69.9,65.15641100257781
2,26,17,1,76.55,56.982430348494724
9,10,107,4,73.2,63.52753236527492
2,28,17,1,99.35,52.13370967244252
2,26,17,1,71.05,35.37539287488736
10,38,107,5,78.5,55.83198479649268
8,38,5,4,71.15,51.09050277384449
9,10,107,4,87.55,91.88406596873786
2,28,17,1,76.1,52.58066484735119
2,26,17,1,94.0,60.45790183869138
10,36,107,5,77.45,77.896337999191
8,38,5,4,90.55,53.31384238144616
10,40,107,5,76.6,47.73104473588387
2,28,17,1,78.6,64.31943309517125
2,26,17,1,76.9,47.41074717158992
10,40,107,5,39.45,38.20646817655769
10,36,107,5,88.25,85.84127028539666
2,28,17,1,61.35,27.444249709279045
8,42,5,4,94.65,75.93506575045758
2,26,17,1,84.6,55.7243214404626
2,28,17,1,71.0,43.74687958796845
10,45,107,5,75.4,61.65984789232993
10,47,107,5,82.25,66.36888538591273
2,26,17,1,65.5,38.26706705579396
10,45,107,5,62.55,50.435445973306464
2,28,17,1,80.5,52.52317784108569
8,42,5,4,98.8,80.2231099398487
10,47,107,5,65.35,64.11032842316685
2,26,17,1,82.75,55.767256003010075
10,37,107,5,57.0,49.82390041567981
2,33,17,1,90.35,61.667422944627575
8,37,5,4,69.75,58.878889970943966
2,26,17,1,83.3,58.04000435271484
10,47,107,5,84.1,68.90260097451062
10,37,107,5,81.85,65.17932752677113
2,33,17,1,78.65,52.623063784858275
2,37,17,1,76.2,61.93426056375378
10,47,107,5,64.4,47.801563506690975
8,37,5,4,84.6,65.71261194337852
10,41,107,5,61.9,46.688102846104385
2,37,17,1,71.5,37.18729267965208
2,33,17,1,88.55,60.160727704165424
10,24,107,5,74.2,49.275380849819285
10,41,107,5,57.45,54.418916022396395
10,24,107,5,48.4,30.451687361423748
2,37,17,1,83.25,55.33712468516097
2,33,17,1,63.65,41.71743924118672
8,44,5,4,99.3,81.99749675254856
10,46,107,5,74.7,64.70996018673185
10,27,107,5,67.3,64.3780773408562
2,37,17,1,80.3,46.24090237691711
8,44,5,4,69.1,43.41101000292074
2,33,17,1,87.95,53.87360939712211
10,46,107,5,59.0,45.680814814375445
2,37,17,1,76.2,48.59781238308009
10,27,107,5,72.05,67.71183135363536
2,33,17,1,77.35,58.49091247454824
2,37,17,1,57.8,32.241849235198394
8,31,5,4,89.55,78.74774850582614
10,43,107,5,63.0,51.241430605773644
2,33,17,1,69.0,51.061366588593536
10,42,107,5,68.95,53.79637534258233
2,37,17,1,70.8,39.425612834405264
10,43,107,5,63.55,47.534447343064016
8,31,5,4,87.45,51.84742291722796
10,42,107,5,64.6,51.61945777565502
2,37,17,1,70.1,56.99852260319883
10,44,107,5,61.65,40.977882352621194
2,33,17,1,92.85,67.33441678822595
2,37,17,1,57.85,38.11378394119101
10,29,107,5,62.85,60.76293451213755
8,47,5,4,74.95,53.68472780968531
10,44,107,5,73.75,63.02871108512874
10,29,107,5,40.6,33.46703012313996
2,37,17,1,65.05,30.82800333258196
2,33,17,1,94.3,53.86151834004252
10,29,107,5,70.25,48.65547516115627
2,38,17,1,58.15,36.43490951791904
8,47,5,4,86.3,61.29059342268814
2,33,17,1,62.7,35.76840711254027
11,5,107,5,78.65,72.19584111071919
2,38,17,1,60.35,23.760371696543277
2,43,17,1,64.8,45.52570124319021
10,29,107,5,63.45,52.366597429237174
8,45,5,4,76.15,61.3448191953099
2,38,17,1,78.1,44.06562092344123
10,37,107,5,57.05,45.623718439102774
2,43,17,1,75.6,52.60218126355799
11,5,107,5,104.05,82.19007175283912
8,45,5,4,59.45,48.28149367593082
10,37,107,5,62.15,44.81338498355386
2,38,17,1,80.2,45.08658337022223
11,15,107,5,58.4,44.75241834100613
2,43,17,1,104.35,68.90823417300798
10,33,107,5,59.6,63.26502317943728
8,45,5,4,84.9,75.17061295899867
2,38,17,1,80.25,59.86377078527195
11,15,107,5,63.7,62.95871663240921
2,38,17,1,57.0,45.21061822182926
2,43,17,1,72.45,52.38569009105244
10,33,107,5,68.6,47.20883057448602
8,45,5,4,73.6,48.4555140526366
10,33,107,5,51.25,59.583532695041285
2,38,17,1,73.55,46.17868612933437
11,9,107,5,83.4,67.90039144139551
2,43,17,1,84.95,49.203631658862875
10,33,107,5,78.95,43.467440930570454
2,38,17,1,85.7,50.43401108066074
2,43,17,1,77.25,59.414578221705476
11,9,107,5,86.95,66.78754611295038
8,37,5,4,126.1,81.75953187629915
10,44,107,5,59.65,61.27013095602474
2,38,17,1,75.75,51.55872992596838
2,43,17,1,71.4,48.92034341661963
11,7,107,5,62.8,54.78532265988189
10,44,107,5,60.0,44.10394420839073
2,38,17,1,68.8,36.602559588381965
2,43,17,1,75.4,44.28306079850636
8,37,5,4,96.55,75.53561376839684
11,7,107,5,69.4,56.75283438319461
10,35,107,5,57.8,37.441322513754066
2,24,17,1,76.45,56.827972170865216
2,43,17,1,74.0,54.4957748241477
11,12,107,5,49.05,42.52488435579436
8,33,5,4,81.85,72.03308815727453
10,35,107,5,69.75,46.06731344913715
2,24,17,1,85.05,58.004060656402146
11,12,107,5,85.95,64.36611972475156
2,43,17,1,105.2,56.24626303376214
10,41,107,5,63.3,56.347698780826335
8,33,5,4,80.65,57.699106077176474
2,24,17,1,99.25,63.34938623887452
2,45,17,1,68.55,46.33570295593942
10,41,107,5,52.2,52.450076513917395
11,2,107,5,72.3,58.778889873294155
2,24,17,1,73.8,50.04482201513275
8,39,5,4,89.05,65.42370003535257
10,41,107,5,68.95,63.695389405976215
2,45,17,1,107.1,44.48524297005989
11,2,107,5,91.9,87.57006217580118
2,24,17,1,79.55,53.97024033766446
10,41,107,5,52.15,47.54640392622548
2,45,17,1,69.95,37.903582666383514
11,3,107,5,54.15,51.73543527562027
8,39,5,4,83.15,92.32794809807051
2,24,17,1,67.2,44.096306087089836
8,43,5,4,67.8,44.69145685463245
2,24,17,1,77.8,47.54897751958389
2,45,17,1,88.55,47.046980998281185
11,3,107,5,69.8,67.57109316548717
10,29,107,5,95.95,72.16317401701872
2,45,17,1,69.85,39.90023743498804
10,29,107,5,58.1,50.38577493489084
2,24,17,1,74.0,50.69412921475331
8,43,5,4,61.6,65.95644495861605
11,10,107,5,82.75,52.86215938397562
2,24,17,1,79.0,45.934736311423414
10,27,107,5,67.5,57.610762883336314
2,45,17,1,87.75,50.18688757245786
8,37,5,4,76.35,46.94708667604861
11,10,107,5,62.1,66.40458132578378
10,27,107,5,43.45,41.564756072524006
8,37,5,4,50.7,38.26101492587323
2,24,17,1,86.85,54.74464645779963
2,45,17,1,91.9,46.24522734976637
10,24,107,5,44.5,46.472968940075944
11,16,107,5,81.2,51.76932641917158
2,40,17,1,78.55,52.00857722783
2,45,17,1,80.0,50.29073368660317
8,35,5,4,83.7,67.814064679984
10,24,107,5,74.1,59.82861487528135
2,40,17,1,58.55,42.40466086596961
11,16,107,5,90.5,65.67022877505774
2,45,17,1,82.75,40.124641333042014
11,4,107,5,45.2,42.73122856573214
8,35,5,4,71.6,52.235700637137356
10,27,107,5,70.6,63.334866094102495
2,40,17,1,92.75,59.374702215319736
2,45,17,1,71.65,48.28345581317848
10,27,107,5,64.0,53.97562802832989
2,40,17,1,79.2,49.34049260522553
11,4,107,5,94.35,88.08744160447078
2,34,17,1,62.25,34.86194577412303
8,28,5,4,95.8,103.32350830484344
2,40,17,1,67.45,37.4228680439057
2,34,17,1,66.85,43.362941976324734
10,40,107,5,86.1,55.25434014865401
11,6,107,5,81.85,73.45050248833887
2,40,17,1,66.55,52.30525283070727
8,28,5,4,84.7,61.67410102175876
2,34,17,1,78.4,40.96905122033871
10,40,107,5,73.85,51.5152251383281
2,40,17,1,73.9,46.372519085292204
11,6,107,5,75.5,79.66541876729464
2,34,17,1,81.1,52.956685378862126
11,14,107,5,64.1,49.56112653237307
8,35,5,4,94.15,57.26602280952513
11,8,107,5,58.1,44.993449815676385
2,40,17,1,79.25,50.17849717705154
2,34,17,1,67.8,57.466328814084
11,14,107,5,62.35,58.11266281067637
11,8,107,5,51.35,57.02748644755716
8,35,5,4,69.5,59.95129602216154
2,40,17,1,73.8,52.843960965528645
2,34,17,1,79.15,47.04787595183174
11,1,107,5,70.0,70.93139754646553
2,40,17,1,85.6,48.360923764630684
9,15,5,4,87.75,69.89305740689994
2,34,17,1,74.1,64.75126497443486
11,20,107,5,107.05,102.17244195347804
2,31,17,1,90.4,58.323417703625516
2,34,17,1,58.9,32.20967491134825
11,1,107,5,99.2,87.63777123688405
11,20,107,5,61.8,59.00454933397309
9,15,5,4,86.5,70.7936214789529
2,31,17,1,57.2,38.096276928191735
2,34,17,1,84.35,46.43759253019046
11,2,107,5,67.45,64.94408526206459
11,10,107,5,74.3,62.165399074607926
2,31,17,1,64.4,30.947153597535813
9,20,5,4,68.25,63.419136245342095
11,10,107,5,42.1,44.1717938103158
2,31,17,1,73.7,45.04395514091588
11,2,107,5,71.0,76.3923391033696
2,34,17,1,105.8,63.89267316532097
11,6,107,5,69.85,67.00846372307244
11,5,107,5,48.95,49.58190990143164
2,31,17,1,85.85,41.273510046747255
9,20,5,4,101.15,82.97766027831321
2,27,17,1,86.6,60.476528722437344
11,5,107,5,45.85,49.439250334973835
11,6,107,5,79.3,71.45119792005258
2,31,17,1,93.75,53.58993915789949
2,27,17,1,67.4,42.95824165763526
9,8,5,4,92.15,103.60719087013217
11,0,107,5,78.7,51.82775115200046
2,31,17,1,61.35,36.08947214909079
11,3,107,5,65.3,56.15214295015585
2,27,17,1,88.8,47.46588802830712
2,31,17,1,81.0,41.38013762028449
11,0,107,5,90.2,88.29412569123129
2,27,17,1,73.25,40.41869682005568
9,8,5,4,99.45,91.7516527887846
11,3,107,5,79.35,86.0203617266223
2,31,17,1,87.65,56.29366141751195
11,2,107,5,88.3,78.66056324821426
11,4,107,5,71.1,57.938170310662805
2,27,17,1,96.1,51.88438564427847
2,31,17,1,84.1,57.418042277209075
9,16,5,4,93.5,97.39420711185737
11,2,107,5,74.45,56.27888731926687
11,4,107,5,64.75,72.93535349522675
2,27,17,1,79.15,49.65594786019834
2,43,17,1,79.9,44.25036425660364
11,5,107,5,51.15,66.7093262634717
9,16,5,4,86.7,75.6794486460388
11,14,107,5,62.75,71.3847064558612
2,27,17,1,92.1,61.26293633528394
2,43,17,1,79.0,52.47455523745219
11,5,107,5,56.6,54.110413434987386
11,14,107,5,72.05,65.92856979936296
2,43,17,1,74.95,45.56600186889112
9,2,5,4,82.5,75.95393340703296
2,27,17,1,83.55,49.18223363434359
11,12,107,5,66.65,58.18416767833886
2,43,17,1,65.95,50.3717496012868
11,15,107,5,82.75,60.69498808754614
2,27,17,1,76.7,60.309814161631486
9,2,5,4,74.55,54.04819973631722
2,43,17,1,69.55,52.117756343839176
11,12,107,5,68.15,62.19601865748406
2,27,17,1,68.05,46.55101898370274
9,6,5,4,61.15,39.79721624752957
11,15,107,5,84.4,76.04181675063295
2,43,17,1,71.65,46.40471278244325
11,9,107,5,62.2,67.63026416907559
2,36,17,1,81.35,56.768481803865335
9,6,5,4,67.5,66.19866432107777
2,43,17,1,81.0,42.92833685647696
11,13,107,5,87.75,72.51197723207706
11,9,107,5,74.95,56.72785911701586
2,36,17,1,84.9,45.681851746042085
2,43,17,1,70.7,49.84618446042944
9,5,5,4,67.8,61.178427570508866
2,36,17,1,52.55,38.62024966530546
11,13,107,5,84.0,92.85302477855159
11,13,107,5,77.4,81.51809615048673
2,43,17,1,74.45,39.59329422223441
2,36,17,1,64.1,43.345490872146875
9,5,5,4,75.65,72.73186154781496
11,13,107,5,44.75,40.409580677437326
2,43,17,1,74.25,66.08596873132673
12,44,107,6,77.65,89.72078031901323
2,36,17,1,76.6,46.88664942962808
2,31,17,1,76.1,43.85850454646888
12,44,107,6,49.6,49.254868848299225
9,14,5,4,85.25,90.81031416031296
11,19,107,5,94.3,74.49909925276737
2,36,17,1,90.45,47.10958668779357
2,31,17,1,81.25,66.61821704387819
11,19,107,5,67.95,55.699829915643186
12,27,107,6,73.45,64.58162929274286
9,14,5,4,81.85,82.654814869145
2,36,17,1,56.75,40.85516781072016
2,31,17,1,75.05,43.35590168046694
11,23,107,5,66.75,66.7854971650204
12,27,107,6,81.5,70.85530103111924
2,36,17,1,84.65,77.7562148472289
9,13,5,4,71.6,80.77414906945623
2,31,17,1,67.25,58.16480668619217
11,23,107,5,50.2,48.521942947170004
12,37,107,6,69.5,68.06614430096654
2,36,17,1,80.9,56.93662219844466
2,31,17,1,87.75,64.7016431907177
9,13,5,4,75.0,60.08853117648466
11,3,107,5,82.65,75.80534281961926
12,37,107,6,57.6,52.75404698868334
2,31,17,1,64.45,46.73719920442051
2,36,17,1,92.6,53.908694738613846
11,3,107,5,52.3,54.37017371200578
9,12,5,4,85.15,77.7826086636744
12,34,107,6,68.95,51.94073039228666
2,31,17,1,71.85,44.48686973644436
12,34,107,6,49.25,33.44417973122883
2,41,17,1,86.35,53.51760654706371
11,6,107,5,88.0,77.24261163782319
2,31,17,1,100.3,65.96179117289675
12,42,107,6,56.6,59.423015211634166
2,41,17,1,76.8,41.97568218310267
9,12,5,4,109.95,115.46768743724482
11,6,107,5,66.1,44.8774940664495
2,31,17,1,64.65,36.66961311925433
12,42,107,6,56.6,48.9085074937189
2,41,17,1,73.55,45.6675342471052
11,2,107,5,52.95,47.155370291923504
9,7,5,4,75.3,51.1366590103112
11,2,107,5,31.45,26.432585551689197
12,39,107,6,51.9,50.706482508857306
2,31,17,1,91.9,60.48218528494242
2,41,17,1,79.0,51.61395160225575
2,31,17,1,58.0,50.89411091978904
9,7,5,4,71.15,49.70362159843083
12,39,107,6,55.65,50.28788176719695
11,0,107,5,78.45,76.9336522082844
2,31,17,1,61.9,32.13114573612011
2,41,17,1,92.2,44.76441255706308
9,16,5,4,64.1,67.18074598855648
12,27,107,6,66.2,80.54328682535608
2,31,17,1,68.65,43.308288984175334
11,0,107,5,83.0,70.00225560275672
2,41,17,1,68.95,42.96445899626929
12,27,107,6,60.1,49.919830465299164
2,31,17,1,68.25,43.84287135237669
9,16,5,4,81.35,61.1256471282072
2,41,17,1,71.3,52.010221667425505
11,2,107,5,79.25,52.164592750659
2,31,17,1,84.55,52.91052526870742
12,38,107,6,90.25,73.46669492469287
2,41,17,1,71.45,42.41210725848532
11,2,107,5,78.9,81.37107982311005
2,31,17,1,70.25,53.650795844393976
12,38,107,6,50.55,39.12392591429659
9,19,5,4,122.85,101.7314705745629
11,12,107,5,72.7,50.507008372470864
2,41,17,1,104.15,69.51961101580957
2,31,17,1,83.7,46.60935076728025
12,30,107,6,76.45,60.018834763062415
11,12,107,5,59.9,57.43179020643348
2,41,17,1,75.05,43.080677070376986
9,19,5,4,85.1,73.80550542865313
2,31,17,1,85.45,59.98287036181335
12,30,107,6,63.7,49.99168351888774
11,13,107,5,69.6,56.753761758003414
2,27,17,1,82.4,51.72335317009034
2,31,17,1,71.35,48.23546958738755
12,31,107,6,76.6,53.978943262993525
9,22,5,4,96.2,60.56888205740809
11,13,107,5,68.85,62.90701157472955
2,27,17,1,80.2,46.33925243019652
2,31,17,1,85.4,52.38963336587236
12,31,107,6,62.4,42.61134022522025
11,16,107,5,57.35,67.07754742401555
9,22,5,4,71.8,54.452876778676114
2,42,17,1,72.5,55.49822187763269
12,38,107,6,60.65,47.553045173397244
2,27,17,1,96.9,56.84225633508189
11,16,107,5,80.9,62.33770507232529
2,42,17,1,67.7,48.42259150872713
9,19,5,4,74.75,78.31910098403434
2,27,17,1,70.25,39.98009373096619
12,38,107,6,79.6,65.3423373673729
12,27,107,6,63.05,63.31414991095883
2,42,17,1,88.4,42.96804197981271
2,27,17,1,80.1,43.35034753700305
9,19,5,4,86.5,84.81838182102298
12,31,107,6,66.1,66.0851922262389
2,42,17,1,64.4,42.5767418594756
12,27,107,6,71.25,53.141197221226236
2,27,17,1,72.4,41.77685080469679
2,42,17,1,68.3,37.784847979608244
12,47,107,6,58.5,53.677889204715235
12,31,107,6,72.35,60.13955262116343
9,17,5,4,97.75,92.41660536596451
2,27,17,1,81.35,44.74403812094323
12,47,107,6,50.95,48.897825804641386
2,42,17,1,85.95,50.12665537363697
12,33,107,6,66.8,59.798433353884334
2,27,17,1,69.3,45.58520073791262
12,35,107,6,56.3,53.021445512269146
9,17,5,4,75.4,61.45550380046055
2,42,17,1,71.85,39.15592984600498
12,33,107,6,65.3,61.23475105560652
2,27,17,1,79.6,43.939431996903714
12,35,107,6,59.3,62.907701812802074
2,42,17,1,93.7,68.67014980094488
12,31,107,6,65.35,58.76023986909587
9,13,5,4,100.1,95.86443278757879
12,28,107,6,71.15,59.26148567333193
12,31,107,6,50.75,55.60279716553457
2,42,17,1,80.8,52.743270960179814
2,27,17,1,107.55,60.99480133153714
12,28,107,6,76.9,68.30650735741376
2,42,17,1,67.85,46.2354102165725
2,40,17,1,70.15,47.505429052621814
12,46,107,6,67.9,63.42247650727454
9,13,5,4,97.7,95.32553642511981
2,39,17,1,66.25,48.09297464834459
12,46,107,6,54.05,53.90876796178795
12,42,107,6,56.85,102.15533837198494
2,40,17,1,88.4,48.107773745381756
9,12,5,4,83.3,76.10525951808975
12,42,107,6,54.0,48.620983124572874
2,39,17,1,86.0,55.839054433254866
12,24,107,6,67.55,47.80384811641048
2,40,17,1,63.6,43.12332376605007
9,12,5,4,40.55,51.88902632186867
12,31,107,6,62.15,48.44886072203513
2,39,17,1,80.9,52.8243364966924
2,40,17,1,70.95,27.55563749752012
12,24,107,6,62.7,57.815587044180035
12,31,107,6,42.95,30.86042432426495
2,39,17,1,64.25,38.44596344563572
12,44,107,6,60.05,43.883188244774516
2,40,17,1,73.1,41.59314214728445
12,41,107,6,45.35,53.3649549896993
9,6,5,4,104.0,90.41890812970715
2,39,17,1,77.55,48.91827233683803
12,44,107,6,58.8,65.00574873363934
12,41,107,6,56.5,50.45425233761143
2,40,17,1,90.85,60.45640012264602
9,6,5,4,73.6,76.84598404053327
2,39,17,1,75.15,49.982391636297386
12,37,107,6,55.2,41.862682791793404
12,29,107,6,69.6,51.750819978248195
2,40,17,1,66.5,34.119758128346135
2,39,17,1,77.7,53.44165534782572
12,37,107,6,49.8,40.98215272658653
9,15,5,4,68.9,65.84183600432974
12,29,107,6,57.45,58.87853241163003
2,40,17,1,92.0,68.84612896658903
12,31,107,6,67.75,47.20601545075417
2,39,17,1,88.35,43.89853732127493
12,33,107,6,62.6,59.55042091857074
9,15,5,4,75.1,67.6802855537089
2,40,17,1,59.5,39.469508551072146
2,39,17,1,66.9,45.73596995110545
12,31,107,6,80.65,72.50355708152314
2,40,17,1,49.9,34.2404808131514
12,33,107,6,66.0,58.613811916377024
2,39,17,1,67.75,38.83280626101161
12,45,107,6,43.3,41.44127106361991
12,41,107,6,69.45,48.24877964096196
2,37,17,1,79.6,55.89595597837864
10,24,5,5,114.5,81.2219182240853
2,25,17,1,77.35,49.480751174998396
12,45,107,6,41.4,46.58371072878542
12,41,107,6,69.8,67.38702045880787
10,24,5,5,52.8,36.053469064418024
2,37,17,1,82.5,50.82529415867447
2,25,17,1,65.35,46.55870657454668
13,16,107,6,62.2,52.71831799888516
12,36,107,6,67.65,51.94458079226562
2,25,17,1,79.9,46.70500931095981
10,26,5,5,67.5,50.714370433054306
2,37,17,1,81.3,45.38154041596997
13,16,107,6,67.45,71.4175822373705
12,36,107,6,48.7,56.274795704462115
2,25,17,1,78.55,50.45735562672805
13,9,107,6,41.75,43.119021324700775
2,37,17,1,78.5,46.06574249460164
12,26,107,6,43.25,35.57035282366482
2,25,17,1,68.85,47.350068081982954
10,26,5,5,108.5,74.36573914037791
13,9,107,6,61.95,64.44375352523356
2,37,17,1,84.05,49.605257573642014
12,26,107,6,86.35,69.1080580266189
2,25,17,1,77.25,53.065872668837386
10,43,5,5,65.65,38.89834930877361
2,37,17,1,71.1,53.854482294029104
12,30,107,6,74.4,66.28677727952433
2,25,17,1,71.0,63.81799779141667
13,20,107,6,104.8,101.11254802654837
10,43,5,5,59.6,63.383876415644416
2,37,17,1,80.1,48.97679364545492
2,25,17,1,66.2,52.11889242269468
12,30,107,6,65.75,49.89027433963669
10,43,5,5,54.25,45.29072752782847
2,25,17,1,60.1,51.32240713065016
13,20,107,6,81.85,80.22880110232103
2,37,17,1,84.2,74.02887061282595
12,40,107,6,71.7,54.768508046907854
13,18,107,6,64.35,62.28903341849612
12,40,107,6,46.95,40.307339020919855
2,25,17,1,90.8,56.824383202246814
2,37,17,1,82.35,38.12482959409717
10,43,5,5,104.9,69.58289263438552
12,43,107,6,43.9,40.81395530169088
13,18,107,6,58.7,60.30719604439293
2,25,17,1,67.55,47.279098530901976
2,37,17,1,78.75,34.92831003792286
10,37,5,5,83.0,63.93335345663112
13,23,107,6,59.85,58.04832378920895
2,25,17,1,88.1,45.88303206610203
12,43,107,6,86.8,60.44623535358553
2,37,17,1,76.2,52.90169632142443
2,25,17,1,67.1,35.01112605113438
13,23,107,6,56.8,57.54412494590106
10,37,5,5,67.95,47.556586792666494
12,47,107,6,54.55,46.16386716447125
2,37,17,1,59.55,51.1874522042062
2,25,17,1,72.75,48.65763855217066
12,47,107,6,51.8,44.9509674388017
2,37,17,1,55.45,38.81328448652057
10,47,5,5,65.2,40.78647866763277
13,13,107,6,95.15,92.90984594586416
2,25,17,1,70.05,36.850301719824564
12,28,107,6,57.7,42.19516061051751
10,47,5,5,51.65,37.40711303032029
2,37,17,1,88.4,54.7139932067801
2,25,17,1,71.95,44.94028201255997
13,13,107,6,76.6,70.9710096484918
12,28,107,6,67.65,57.931243274837634
10,34,5,5,75.95,47.89843970648511
2,25,17,1,58.5,33.98683955824511
2,37,17,1,79.85,58.88550442663242
13,1,107,6,70.8,76.55929934233642
12,38,107,6,74.1,68.7886924612346
2,37,17,1,73.15,43.93209473003104
10,34,5,5,64.4,72.6059298723705
2,25,17,1,92.5,46.28572588879461
12,38,107,6,50.85,41.144514247121435
2,37,17,1,67.25,39.519315730278954
13,1,107,6,87.85,64.28659105500682
2,25,17,1,81.5,76.38372656666162
10,39,5,5,89.15,88.6716444322298
12,40,107,6,62.4,38.45078878117764
2,25,17,1,75.3,51.395371489330785
2,37,17,1,97.7,53.54201498282496
13,5,107,6,75.15,85.77159080647674
2,24,17,1,77.35,51.20780676502569
12,40,107,6,83.8,69.542565534014
2,37,17,1,84.3,61.50233200542288
13,5,107,6,66.8,64.58906539361793
10,39,5,5,99.6,70.36625985737618
2,24,17,1,75.85,55.5292952555581
12,42,107,6,71.1,41.73840841290076
2,37,17,1,90.95,54.15715436044486
10,34,5,5,67.55,68.61062906760607
13,19,107,6,90.6,83.65996338562556
12,42,107,6,46.0,49.29609784919993
2,24,17,1,88.9,51.549567357416706
2,37,17,1,79.75,52.421244186925435
10,34,5,5,64.0,58.36455304918884
2,24,17,1,77.5,53.05756556003955
13,19,107,6,71.5,91.57711734408673
13,19,107,6,74.3,89.21004191764158
2,37,17,1,61.95,49.746171500401594
10,26,5,5,73.9,45.23726921815451
2,24,17,1,69.05,48.731784721116696
2,37,17,1,60.5,39.96511636810019
13,16,107,6,70.15,68.72850860259405
13,19,107,6,67.15,74.47095866316296
10,26,5,5,40.35,34.70670343259202
2,24,17,1,86.3,46.4996887369322
13,21,107,6,50.35,43.26938263581086
2,37,17,1,91.0,47.299716255964334
13,16,107,6,86.35,72.20313085499242
10,46,5,5,73.25,52.77147854067026
2,24,17,1,94.85,59.212618676480744
2,37,17,1,74.15,50.981188481118885
13,16,107,6,63.8,47.403752904951354
10,46,5,5,59.0,57.93190194666402
13,21,107,6,109.9,69.50645558810385
2,24,17,1,77.2,55.05748192379919
2,37,17,1,79.05,55.55412249613694
13,16,107,6,48.8,80.50145471062194
2,24,17,1,71.2,42.93520209510337
13,10,107,6,72.6,56.202079002564716
10,32,5,5,90.95,71.82982447570456
2,37,17,1,75.2,53.47758999411761
13,7,107,6,73.1,69.71286976252172
2,24,17,1,71.35,34.42654269753591
13,10,107,6,69.1,72.46189561272513
2,37,17,1,90.25,64.14200938870758
3,2,17,1,76.95,68.39165461554964
10,32,5,5,95.75,85.1789911088162
13,7,107,6,91.95,111.61846432802848
13,1,107,6,76.45,77.42260991671483
2,37,17,1,76.85,50.45297445720071
3,2,17,1,85.95,49.922545270807156
13,23,107,6,72.4,60.951576984046156
10,34,5,5,79.3,68.90962807986459
13,1,107,6,66.8,70.96744991450954
2,37,17,1,77.6,60.12478252504711
3,2,17,1,94.25,58.41221483649856
13,15,107,6,55.0,51.08609863440553
10,34,5,5,64.85,53.62371333261944
2,44,17,1,69.95,44.67010657086719
13,23,107,6,101.05,89.33583886248093
3,2,17,1,82.6,58.907063288396564
2,44,17,1,64.9,37.303731998992156
13,15,107,6,62.05,67.07142696998086
10,46,5,5,67.3,57.55829996392217
3,2,17,1,64.85,37.91024719129727
13,11,107,6,70.05,64.47559717892457
2,44,17,1,84.8,55.77737704010188
3,2,17,1,90.25,66.57712188052842
13,2,107,6,83.9,103.69078525774806
10,46,5,5,80.85,74.5507774677946
2,44,17,1,82.25,52.25028330318562
13,11,107,6,95.5,87.50067668911271
3,2,17,1,72.9,50.550547917276255
13,2,107,6,60.1,53.9813808056464
10,37,5,5,66.05,49.87719128545949
3,2,17,1,65.4,44.09009913920883
2,44,17,1,86.3,48.19161315983693
13,6,107,6,78.5,57.97685563631132
13,4,107,6,62.35,98.55603535686262
10,37,5,5,69.8,63.202764762977026
3,2,17,1,85.9,46.22132112257058
2,44,17,1,73.65,63.30567032057114
13,6,107,6,63.25,62.20498795366645
13,4,107,6,54.15,46.90446617720344
3,2,17,1,64.55,35.752769491548335
10,24,5,5,67.5,47.88747776105764
2,44,17,1,62.65,34.940965250427446
13,19,107,6,73.2,66.32741752691321
3,7,17,1,74.2,46.20617411467638
13,5,107,6,83.05,78.12774626752076
2,44,17,1,83.05,45.95819038167076
10,24,5,5,74.2,48.776180554382115
3,7,17,1,61.55,34.296654739431794
13,19,107,6,74.35,81.54706422803046
2,44,17,1,65.75,56.90978548730022
3,7,17,1,62.95,54.8284165662104
13,5,107,6,79.7,70.01360769991712
13,18,107,6,60.55,58.684235307995706
2,44,17,1,69.55,56.5205831161487
10,44,5,5,102.55,85.73120478381375
3,7,17,1,67.6,53.09812168350015
13,20,107,6,51.25,47.39850652766004
2,26,17,1,52.55,23.211782398283486
13,18,107,6,48.95,64.16383224544069
3,7,17,1,62.25,45.30467037618458
10,44,5,5,71.05,64.13921946581678
13,8,107,6,36.15,28.599365101528505
13,20,107,6,78.0,59.63838396624495
3,7,17,1,67.9,48.78405692976257
2,26,17,1,89.15,58.144353031689015
13,8,107,6,66.0,83.0934793818954
3,7,17,1,59.2,45.022333639159456
10,47,5,5,81.7,67.7154262141827
13,23,107,6,72.0,97.10168300346427
2,26,17,1,89.4,55.84037399965237
13,18,107,6,56.8,51.20608516470222
3,7,17,1,79.6,48.35221651698362
13,23,107,6,56.0,45.6012465203587
10,47,5,5,77.6,62.758014795344124
2,26,17,1,84.65,54.64745864943863
13,18,107,6,59.35,57.890345527239326
3,7,17,1,70.85,53.7834595978707
13,8,107,6,70.6,55.64965597850822
3,7,17,1,61.45,41.08460462073482
10,27,5,5,70.65,54.287029564596445
2,26,17,1,79.05,51.48477035927584
13,21,107,6,69.5,53.37208022335668
3,3,17,1,82.85,64.29068443610751
2,26,17,1,91.2,58.12472976734013
10,27,5,5,87.3,57.38888577526414
13,8,107,6,93.85,91.84384631135151
13,21,107,6,74.45,97.60795642720288
3,3,17,1,73.15,46.972864507074725
14,25,107,7,57.65,40.69433556858277
2,26,17,1,82.45,55.92803176263318
13,22,107,6,71.6,72.1032884862148
3,3,17,1,68.95,48.991379478005044
10,36,5,5,93.0,87.60257145949419
14,25,107,7,46.8,45.630783699741905
3,3,17,1,63.5,44.274859208073565
2,26,17,1,80.0,51.101550084636685
13,22,107,6,66.65,59.21884035196551
14,29,107,7,59.15,45.7755105752088
2,26,17,1,66.85,52.30203276717787
10,36,5,5,84.95,56.420857472168365
3,3,17,1,88.3,59.08165625016921
3,3,17,1,57.2,30.751294367280835
13,14,107,6,78.6,101.41441815898919
14,29,107,7,68.75,64.85033376532216
2,26,17,1,78.0,45.09872211983512
11,18,5,5,70.2,63.36161879909718
14,26,107,7,63.1,50.03356767947737
3,3,17,1,83.35,67.45156156750366
3,10,17,1,71.25,56.94214515397924
13,14,107,6,82.6,56.865862481716334
11,18,5,5,58.5,59.0053521212048
3,3,17,1,79.9,34.09259836325027
14,26,107,7,71.35,69.31110262698482
3,10,17,1,89.2,84.1456131389291
11,4,5,5,71.85,67.12304098876143
3,3,17,1,71.2,61.6241579423627
14,28,107,7,63.45,55.11086911614479
13,12,107,6,109.0,113.73052175624346
3,10,17,1,66.95,45.676753272027604
3,3,17,1,70.15,44.357726437869225
14,28,107,7,53.7,59.84198490938228
3,10,17,1,73.05,70.87830564091044
11,4,5,5,84.15,102.81115800595923
13,12,107,6,74.85,75.72962640730162
3,6,17,1,88.4,65.5321536186225
14,31,107,7,58.85,61.2641175996452
3,10,17,1,77.0,50.59124118076691
13,13,107,6,69.35,52.963020863120796
3,6,17,1,86.15,55.069597114159
14,31,107,7,61.45,49.47351763689763
11,8,5,5,86.4,92.26529255644463
3,10,17,1,83.6,45.50002891844078
13,13,107,6,63.95,61.13356817571453
3,6,17,1,87.9,58.321161637409475
14,34,107,7,66.25,57.95903725908497
11,8,5,5,85.35,82.58474116738643
13,9,107,6,52.95,59.77983729794203
3,10,17,1,97.05,60.064417174616075
3,6,17,1,77.95,53.30199463039772
14,34,107,7,70.05,48.5152987265493
3,10,17,1,58.0,41.144162468850396
3,6,17,1,73.95,38.00758234601977
14,41,107,7,50.1,36.07287944673875
13,9,107,6,87.4,93.5472861008918
3,10,17,1,67.25,43.928021269248845
11,21,5,5,97.1,90.82829376008571
14,41,107,7,46.25,60.46301609901274
3,6,17,1,95.7,52.15977478156091
13,9,107,6,73.05,72.29360822004726
11,21,5,5,79.25,65.50200880808723
3,10,17,1,98.0,65.28238256746005
3,6,17,1,60.05,46.47180809230927
14,41,107,7,75.4,52.5150604964649
11,7,5,5,53.15,44.05890196209233
14,41,107,7,39.65,35.61973876200785
13,9,107,6,73.75,70.88528538568866
3,0,17,1,80.35,51.93444754789699
3,6,17,1,101.05,55.1566906758898
14,27,107,7,48.15,58.501709376735306
11,7,5,5,68.95,75.17871689304233
3,0,17,1,85.55,53.93121837850016
3,6,17,1,81.45,58.31175290038698
13,21,107,6,91.1,89.68300901097798
14,27,107,7,56.8,53.598507441905504
3,0,17,1,79.8,59.12039455747551
3,6,17,1,80.7,63.991035556388276
14,46,107,7,45.4,41.211137993712846
13,21,107,6,62.9,69.22799859503151
11,6,5,5,92.4,86.39225111450435
3,0,17,1,76.4,45.55205235424866
3,4,17,1,79.0,50.541280678585686
14,46,107,7,67.2,45.56614625147189
13,8,107,6,59.6,58.28279515025267
11,6,5,5,51.2,49.95113401589281
3,0,17,1,72.6,53.86571998473318
3,4,17,1,85.65,43.67737581282484
14,44,107,7,73.85,48.70780224974228
13,8,107,6,70.5,55.382402677346796
11,11,5,5,76.2,75.10876324231064
3,0,17,1,79.1,58.01442651798367
3,4,17,1,73.6,46.26513976953638
14,44,107,7,48.2,42.152105522737536
13,5,107,6,70.5,81.64074060367037
3,4,17,1,56.0,43.623991467757136
14,44,107,7,56.65,57.42663511866799
3,0,17,1,89.65,63.957448848104434
11,11,5,5,73.6,90.5790727544317
3,4,17,1,67.75,47.141304941409366
13,5,107,6,52.35,44.94004778298353
14,44,107,7,66.5,45.96623474728059
3,0,17,1,74.4,57.6243734981356
3,4,17,1,65.8,44.16428659591725
14,32,107,7,56.7,42.17644640766867
11,17,5,5,80.5,70.51129062258865
14,34,107,7,50.95,58.74698200534936
14,32,107,7,41.75,32.712262307323805
3,0,17,1,80.6,71.35338298327483
3,4,17,1,82.1,72.7757189119963
14,34,107,7,57.25,65.77383498338114
14,29,107,7,58.4,64.44859232467051
3,4,17,1,72.05,66.44148593034008
3,0,17,1,86.95,66.87968380056202
11,17,5,5,98.0,109.74372059724563
14,45,107,7,76.85,63.923700406689626
14,29,107,7,65.5,64.2548380320604
3,4,17,1,93.05,61.33726865712061
3,11,17,1,73.85,73.76868184434795
14,35,107,7,45.35,46.282058590434595
3,4,17,1,65.35,49.04055786580607
14,45,107,7,72.35,68.15792420239151
3,11,17,1,85.65,49.24191090396152
11,5,5,5,100.4,115.94889981548361
3,18,17,1,67.2,39.75000827540463
14,35,107,7,78.1,69.31765173536436
14,36,107,7,77.45,74.72157090087666
3,18,17,1,69.95,53.45285675000768
3,11,17,1,96.55,80.65747917811727
11,5,5,5,95.15,106.39265655307726
14,36,107,7,55.65,49.105980984204486
14,26,107,7,70.7,63.07814702081021
3,11,17,1,82.15,56.51387812787787
3,18,17,1,81.6,58.38294632041647
14,28,107,7,56.15,54.775402662528236
14,26,107,7,58.2,69.5751014145298
3,11,17,1,77.55,48.05969424087419
3,18,17,1,84.8,65.22963485378325
11,9,5,5,83.8,93.37451472430793
14,28,107,7,66.35,72.40839948368885
3,18,17,1,59.95,32.584263234363846
14,37,107,7,80.5,63.77716139645503
3,11,17,1,90.2,66.36390902480528
3,18,17,1,51.35,39.010491166513546
14,47,107,7,49.4,54.86289130282201
3,11,17,1,56.6,33.823691478949456
11,9,5,5,91.7,92.37287138776759
14,37,107,7,69.3,64.5894728264599
3,18,17,1,79.25,51.077727147224515
14,47,107,7,55.7,43.5637463953687
3,11,17,1,64.45,52.823913045832604
3,18,17,1,61.0,41.573017565167
11,2,5,5,75.6,54.177486098932285
14,30,107,7,59.8,49.326623536115704
14,37,107,7,51.05,48.65396073021025
3,11,17,1,69.95,55.00954462636461
3,18,17,1,73.8,45.950316418359606
14,37,107,7,53.05,53.630779654185424
11,2,5,5,68.85,60.91691926412217
14,30,107,7,65.2,67.02049961333512
3,11,17,1,90.55,68.37780110686894
3,18,17,1,72.3,46.66803256146433
14,31,107,7,48.1,41.344381658658804
14,32,107,7,79.3,56.06866091536434
3,19,17,1,80.85,49.86537138293362
3,11,17,1,83.9,60.81802018273341
11,21,5,5,95.85,81.25934764042454
14,32,107,7,49.8,44.50972690854982
14,31,107,7,62.65,62.932942590966576
3,11,17,1,61.1,47.734903923979765
3,19,17,1,96.0,65.29931086925802
14,41,107,7,57.75,54.18668995630802
11,21,5,5,65.85,70.63343102913356
14,35,107,7,65.5,44.140326471976074
3,11,17,1,73.35,46.93363175244043
3,19,17,1,73.2,43.37425867711716
3,19,17,1,67.0,36.96370908707193
14,35,107,7,62.4,62.57828781025539
11,8,5,5,67.7,61.775570030810556
14,41,107,7,80.65,61.57432393799426
3,11,17,1,78.1,52.16159103159496
3,19,17,1,71.35,58.85689603203957
15,0,107,7,56.0,69.23263605220332
3,11,17,1,81.0,50.32421202353271
14,42,107,7,67.6,51.021564068538716
11,8,5,5,63.3,60.45189475068063
15,0,107,7,46.3,44.17203211368741
3,19,17,1,83.55,53.539434556517115
3,11,17,1,76.6,43.17577293368416
14,42,107,7,60.5,49.13193837435129
11,2,5,5,81.95,80.37116201854073
15,23,107,7,48.3,61.30604846952189
3,19,17,1,70.25,53.491637319845566
14,38,107,7,44.85,38.27363390941052
3,11,17,1,78.75,47.30625306391712
11,2,5,5,57.0,57.110235049143526
15,23,107,7,52.65,78.38452787716665
3,11,17,1,77.7,46.115529979207196
14,38,107,7,66.95,62.17502883414141
3,19,17,1,100.15,54.48348373589926
3,11,17,1,56.95,44.56157773829732
11,1,5,5,55.95,54.90419886157687
15,4,107,7,56.05,69.57349389409431
3,19,17,1,75.0,50.58499881647876
14,30,107,7,62.35,49.61035015100441
15,4,107,7,50.1,42.763609714212315
3,11,17,1,89.2,50.835752027589066
3,19,17,1,67.05,51.16791243697455
14,30,107,7,47.35,40.56609291929458
11,1,5,5,91.5,74.62009042300097
15,6,107,7,46.45,46.457082628118066
3,22,17,1,72.15,33.0299306052779
14,44,107,7,56.45,51.73462141188992
3,21,17,1,87.4,57.22016574968175
3,22,17,1,67.8,46.466286590104055
11,8,5,5,72.0,74.05971985676936
15,6,107,7,71.45,65.1245567719032
14,44,107,7,47.0,54.74918889089158
3,21,17,1,82.25,51.057114561718244
3,22,17,1,72.55,65.04207140483442
14,42,107,7,47.4,47.511106734719355
15,8,107,7,53.5,54.12607115750568
3,21,17,1,78.15,54.18902102824889
11,8,5,5,84.0,88.4420714366189
3,22,17,1,79.4,56.41052533367379
14,42,107,7,55.2,55.67726551059096
15,8,107,7,60.55,57.33509534216139
3,21,17,1,90.75,81.09310763106294
3,22,17,1,72.0,60.84579300424796
11,16,5,5,75.85,66.03529757876305
14,33,107,7,69.85,58.91231217933811
15,18,107,7,72.75,76.67764032829773
3,21,17,1,71.75,45.039018171966596
3,22,17,1,83.2,62.31465148320805
11,16,5,5,50.45,62.69346897908569
14,33,107,7,59.85,63.48582518956496
15,18,107,7,73.25,101.29730863572884
3,21,17,1,93.3,63.59998344918686
3,22,17,1,91.45,56.80296044916562
11,2,5,5,77.7,68.73220343822598
3,22,17,1,50.55,42.47658797874176
3,21,17,1,67.1,42.255986807228055
14,28,107,7,80.25,59.635626053030094
3,21,17,1,60.05,35.20836473579
3,22,17,1,59.75,43.212906210504926
15,22,107,7,98.95,81.69292631878426
11,2,5,5,67.55,87.54095282239412
14,28,107,7,61.85,65.0483828028273
3,22,17,1,77.45,45.92382136126144
15,22,107,7,64.4,48.25415171666307
3,21,17,1,103.8,63.64837617310974
14,39,107,7,63.65,48.64184358521396
3,22,17,1,66.65,56.45424323243886
11,9,5,5,98.45,82.46177742955888
15,9,107,7,59.9,58.83062217300747
3,21,17,1,70.15,52.24867160235297
14,39,107,7,61.85,61.78934927809586
3,22,17,1,78.65,55.201330075508714
11,9,5,5,56.65,54.11223716061198
15,9,107,7,60.25,47.346288689099794
3,23,17,1,82.65,51.75374382593012
14,25,107,7,47.7,41.77773267385894
3,22,17,1,74.1,48.3875799636316
11,3,5,5,79.35,62.19601865748405
14,25,107,7,52.2,49.59053390145723
3,23,17,1,102.55,60.3903747994749
15,5,107,7,81.65,106.89014281765624
3,22,17,1,86.9,54.52271376031712
14,40,107,7,53.05,54.68134965415538
15,5,107,7,59.5,61.665054507138976
3,23,17,1,90.4,61.27625108774542
11,3,5,5,80.35,83.31883909037872
3,22,17,1,99.65,67.12304098876143
14,40,107,7,55.7,40.17736990684655
15,2,107,7,54.1,60.52046195948502
3,23,17,1,85.15,60.694467796106686
3,22,17,1,76.7,49.28339103165434
14,47,107,7,56.25,56.580520173977675
12,44,5,6,83.7,87.29870078010747
3,22,17,1,58.1,30.447366146567717
3,23,17,1,59.1,35.875369061002814
15,2,107,7,60.95,56.17779576346961
3,22,17,1,65.4,48.054136138318
14,47,107,7,56.9,51.07466155180647
12,44,5,6,64.65,65.51438170757864
15,0,107,7,71.45,78.14997390308349
14,31,107,7,35.35,34.58365144643378
3,23,17,1,117.95,85.47481931447476
3,22,17,1,95.35,69.95808895707714
3,23,17,1,70.6,52.365516978456846
15,0,107,7,69.5,99.07652544743806
14,31,107,7,75.05,75.1969169300808
12,38,5,6,94.0,56.83031066716349
3,22,17,1,80.35,57.08652251303786
3,23,17,1,72.45,53.124952012362215
3,4,17,1,74.8,63.180276735869505
15,14,107,7,77.75,64.95575417158976
12,38,5,6,75.25,70.94836892157268
15,8,107,7,92.65,77.9488867615723
3,23,17,1,96.9,59.888404993217
3,4,17,1,75.8,50.923678702854716
15,8,107,7,52.3,63.47490179507752
15,14,107,7,77.05,86.09081802009096
12,27,5,6,69.6,57.619806536148296
3,23,17,1,71.2,48.07734995761901
3,4,17,1,79.1,57.184742168187704
15,1,107,7,61.5,65.41084732189626
3,1,17,1,82.6,59.71634705223652
3,4,17,1,78.15,52.03063368925332
12,27,5,6,79.0,81.6591117164263
15,4,107,7,98.1,113.29230939662696
3,1,17,1,73.45,57.16778168827172
15,1,107,7,88.4,87.44706669571147
12,47,5,6,62.95,52.37162248876067
3,4,17,1,92.35,79.69697544284126
3,1,17,1,65.75,50.57550374388147
15,8,107,7,47.95,40.58969923774413
15,4,107,7,65.85,68.62428218395554
3,1,17,1,65.65,40.66069484481492
3,4,17,1,97.9,44.02977461481695
12,47,5,6,76.6,70.01007446300703
15,8,107,7,55.9,86.69602066992464
15,21,107,7,65.2,52.38983428912622
3,4,17,1,64.8,49.17915690294223
3,1,17,1,81.2,64.88662176605071
15,21,107,7,53.35,58.69840399515942
12,32,5,6,65.2,64.440588713048
3,1,17,1,65.65,40.917471496711656
15,20,107,7,95.95,66.90958156544664
3,4,17,1,75.3,57.123227831546224
15,17,107,7,69.25,76.67558109882249
15,20,107,7,44.6,72.61897678619331
3,1,17,1,81.45,46.056572763687505
3,4,17,1,99.8,76.26242780515739
12,32,5,6,94.35,74.69818218037594
3,1,17,1,68.35,39.06172578180119
15,17,107,7,52.2,67.38545837196628
15,1,107,7,66.0,55.48731481395688
3,4,17,1,84.0,75.09082220183349
15,1,107,7,44.2,42.30291765475831
12,44,5,6,73.1,75.9756886323375
3,1,17,1,88.35,66.94481230638296
15,8,107,7,61.9,61.407097138257306
3,1,17,1,51.8,41.472375079525435
12,44,5,6,60.8,45.79657537184929
3,21,17,1,111.5,76.52553753314538
3,18,17,1,58.9,41.57035887314549
15,0,107,7,83.85,91.45679163868643
15,8,107,7,84.95,56.51033906333098
12,25,5,6,62.75,54.066114497364296
3,18,17,1,73.15,42.53701174766574
3,21,17,1,74.75,68.30648809439315
15,11,107,7,65.35,73.53357629073444
3,18,17,1,62.8,38.96638227201008
15,0,107,7,99.7,90.30713674659619
3,21,17,1,87.9,56.46041929855304
12,25,5,6,82.2,87.52178676132439
15,11,107,7,63.4,82.6765415720553
3,21,17,1,73.35,45.148031372830694
3,18,17,1,95.95,80.25975920327959
15,17,107,7,79.85,72.92193013584351
12,26,5,6,59.7,59.64994375080067
3,21,17,1,56.15,36.36695289899739
15,13,107,7,59.6,103.96679631902728
3,18,17,1,79.5,65.82312823412693
15,17,107,7,65.45,64.00285766646428
3,21,17,1,77.55,58.07569923905577
12,26,5,6,83.4,69.05024867518772
3,18,17,1,73.4,69.62183565520232
15,3,107,7,62.6,59.35034252550474
15,13,107,7,90.0,71.43270664721706
3,18,17,1,66.0,58.44025289040711
12,39,5,6,67.7,49.843016720393976
3,21,17,1,117.5,92.44998647917694
15,3,107,7,65.2,66.44712975465215
15,22,107,7,64.55,57.95867402500546
3,18,17,1,75.4,42.49383856266074
12,39,5,6,56.9,68.02081724698232
3,21,17,1,78.6,57.44232805720515
3,18,17,1,61.0,45.09171939386141
15,6,107,7,80.85,67.63701493615521
3,21,17,1,72.05,46.64476616434384
15,22,107,7,70.75,103.37864739317354
15,6,107,7,40.45,47.66160873668053
12,29,5,6,74.95,76.26372180242645
3,18,17,1,77.95,60.74838096174814
3,21,17,1,71.05,43.35347372714817
3,16,17,1,68.15,46.85956061523232
15,8,107,7,59.55,65.03155104700294
16,45,107,8,66.3,62.607465504060336
3,17,17,1,56.75,51.10966022603801
12,29,5,6,83.65,76.49098674112903
3,16,17,1,68.5,41.06028943420946
3,17,17,1,73.8,59.609783725404284
16,45,107,8,76.8,55.136767749794124
3,16,17,1,67.95,42.55086739174037
12,45,5,6,78.6,69.23978168958256
15,8,107,7,109.15,93.95310980539847
3,17,17,1,75.6,49.77782215954579
16,24,107,8,52.2,65.93745042402726
3,16,17,1,83.75,60.3288139239757
3,17,17,1,62.3,50.387028405919594
16,24,107,8,55.4,57.32492798443843
3,16,17,1,62.45,48.37515129855301
15,19,107,7,71.0,83.74962686484044
12,45,5,6,89.05,81.99773745273964
3,17,17,1,92.75,55.40651206263906
16,37,107,8,44.45,37.16743764443053
3,16,17,1,79.45,35.70857924335478
12,25,5,6,75.25,67.74089567881738
3,17,17,1,71.95,45.08176781664273
15,19,107,7,85.8,82.81723695488824
16,37,107,8,58.65,54.419689741663795
3,16,17,1,79.65,50.658064251254316
3,17,17,1,70.4,41.19708727568006
16,41,107,8,43.35,34.134833266111954
3,16,17,1,71.55,47.890747375777366
12,25,5,6,80.6,75.8318083517381
15,8,107,7,70.05,65.66700284890345
3,17,17,1,83.6,69.28917284600972
3,16,17,1,68.3,43.213180250571945
16,41,107,8,75.85,50.91714115264028
12,44,5,6,70.9,69.89759426625874
15,8,107,7,78.35,78.11885344241743
3,16,17,1,71.2,42.01202835279189
16,35,107,8,41.5,39.900534226736205
3,17,17,1,90.6,74.86436858887227
12,44,5,6,54.4,49.244182130320844
16,35,107,8,54.5,40.609177080530635
3,10,17,1,79.0,58.12146989846261
15,14,107,7,70.5,61.0353650720112
3,17,17,1,76.25,43.7021919238311
3,8,17,1,65.2,42.34022598950205
12,42,5,6,78.45,67.37598744516124
3,10,17,1,89.15,50.49885355655429
15,14,107,7,68.0,77.19558209338693
16,39,107,8,85.7,67.93580561243478
3,8,17,1,74.65,49.47436869627278
3,10,17,1,75.35,46.71895253872661
12,42,5,6,62.0,36.772415290755504
16,39,107,8,57.15,64.09472841448284
3,8,17,1,54.5,32.39639356146721
15,14,107,7,62.95,91.29851269901734
3,10,17,1,71.25,41.10560853012128
12,28,5,6,48.45,38.21060062338722
3,8,17,1,77.85,57.527361910842494
16,43,107,8,63.9,53.906253909229456
3,10,17,1,74.9,43.13369668221916
15,14,107,7,83.15,96.7695444695391
3,8,17,1,73.85,51.72119081138183
12,28,5,6,79.0,76.25028041363451
3,10,17,1,68.05,44.73133247806461
16,43,107,8,70.6,52.41373865695901
3,8,17,1,77.15,60.835650040001006
16,24,107,8,43.45,40.85336422402753
15,7,107,7,72.2,59.88902016932741
12,37,5,6,62.65,64.00680473693073
3,10,17,1,90.3,55.7391481059672
3,8,17,1,64.55,61.38615907772525
16,24,107,8,59.2,54.84485294662428
15,7,107,7,61.75,66.64744240364645
12,37,5,6,64.75,57.977196061536944
3,8,17,1,52.15,43.33501683639371
3,10,17,1,92.1,63.14552949130161
16,25,107,8,49.8,48.879658884157315
3,8,17,1,56.05,39.56137802932233
3,10,17,1,56.65,32.92139761693952
12,46,5,6,65.15,56.280570640132524
15,18,107,7,77.6,76.10823318074554
16,25,107,8,57.3,64.98995873857827
3,10,17,1,71.6,52.5381064711981
3,8,17,1,116.7,81.3789705151476
15,18,107,7,72.05,78.09809957927745
16,47,107,8,61.1,68.46812550761351
3,2,17,1,82.8,54.12519600061753
12,46,5,6,90.5,95.3539114093
3,0,17,1,64.15,38.83876929049117
3,2,17,1,68.5,49.221839397611
16,47,107,8,54.5,43.71859775282922
3,0,17,1,60.3,45.16997139460544
12,24,5,6,75.2,55.0937956197381
15,17,107,7,82.85,77.3537839716768
3,0,17,1,52.9,35.42211619581012
3,2,17,1,72.95,52.98309064915751
16,25,107,8,56.8,48.892578276526955
16,25,107,8,38.65,39.676686778059114
15,17,107,7,78.1,66.42677012676204
3,2,17,1,69.85,70.65801626962006
3,0,17,1,83.95,80.71292533287016
12,24,5,6,96.15,70.74957690035289
16,29,107,8,45.4,41.17280655966994
3,2,17,1,83.85,55.17939642179574
15,11,107,7,69.95,55.69132503550734
3,0,17,1,86.35,45.2563168024787
12,28,5,6,60.6,58.718238895145426
16,29,107,8,68.95,60.10383559001521
3,2,17,1,65.4,48.3293525281425
3,0,17,1,73.95,50.773464889074745
12,28,5,6,69.4,65.43248830906394
3,2,17,1,66.0,40.421463813698104
15,11,107,7,78.65,92.38892335066329
16,25,107,8,63.7,85.97374140123435
3,0,17,1,96.5,60.439182132471856
3,2,17,1,79.3,50.926262483381954
15,13,107,7,60.25,72.51705788440762
16,25,107,8,52.7,47.11587060808592
12,37,5,6,83.25,78.09567344306801
3,0,17,1,86.95,68.41781470071267
3,2,17,1,101.3,71.12413166614519
16,24,107,8,72.75,66.483773247787
15,13,107,7,77.8,70.86800183588166
12,37,5,6,87.0,57.243707997151596
3,0,17,1,91.1,50.62753567398923
3,2,17,1,76.8,61.1302319900546
16,24,107,8,65.65,49.5647104936142
15,6,107,7,76.35,83.7604824547509
3,12,17,1,63.85,40.395772316575794
3,0,17,1,88.05,63.77714076540691
13,4,5,6,81.2,73.4944322989665
16,40,107,8,44.55,50.95351338539659
3,12,17,1,87.75,47.098860194052975
3,12,17,1,83.8,47.88538948693839
16,40,107,8,57.3,49.490137241783096
15,6,107,7,80.5,79.92858654679452
13,4,5,6,76.25,93.98873112744616
3,12,17,1,63.05,43.86159451825949
16,34,107,8,47.65,44.10427237927481
3,12,17,1,101.45,67.55931117407718
15,22,107,7,73.05,69.72840167392337
13,15,5,6,52.15,54.61759404209754
3,12,17,1,95.75,56.96894352465903
16,34,107,8,78.65,72.07253290956271
3,12,17,1,87.75,71.54010652847299
3,12,17,1,79.05,35.39770286926897
13,15,5,6,84.6,65.2415753787011
15,22,107,7,80.6,95.00714654559857
16,31,107,8,45.45,37.74077091785069
3,12,17,1,76.15,44.21868502412932
16,31,107,8,37.65,37.239304363450245
3,12,17,1,77.2,52.17541264053909
16,31,107,8,53.95,46.29138262423318
3,12,17,1,61.2,54.50987356240587
13,13,5,6,84.25,67.08429496967936
16,32,107,8,50.5,45.21120028907601
3,12,17,1,73.95,47.12187446008041
16,31,107,8,51.65,50.16527945858464
3,12,17,1,81.3,55.73159361005021
16,32,107,8,67.15,50.85301315918675
3,12,17,1,84.65,56.0444137786227
3,12,17,1,68.5,48.494709423866674
13,13,5,6,86.8,67.69560352668485
16,32,107,8,58.85,46.35705249246843
3,12,17,1,60.15,38.72069350183643
16,32,107,8,45.75,36.043650437242135
16,41,107,8,74.4,57.98130370168791
3,12,17,1,88.1,62.24814518479541
13,0,5,6,60.9,76.3371331315032
3,12,17,1,76.5,66.1254788063453
16,37,107,8,37.65,42.1379626315374
16,41,107,8,69.55,42.532309700051
3,12,17,1,92.45,38.96756410954602
16,37,107,8,41.9,46.88384302552539
3,5,17,1,77.25,41.86177128045159
13,0,5,6,76.25,81.71572998092711
16,35,107,8,52.35,51.6845441622847
3,12,17,1,75.75,63.84840186764764
3,5,17,1,78.25,39.4179694528964
16,42,107,8,54.8,49.579919534551806
16,35,107,8,48.7,56.25982955051171
13,22,5,6,80.4,96.20449710464628
3,1,17,1,86.2,75.65823432418068
16,42,107,8,70.0,40.20343007099872
3,5,17,1,95.6,75.3653557153767
17,21,107,8,69.3,84.61435737322721
3,1,17,1,76.0,41.912188906657796
13,22,5,6,66.95,62.345788698364004
16,41,107,8,57.9,38.074580551997244
3,5,17,1,80.1,51.373656980780986
3,1,17,1,66.35,40.9598969468276
13,4,5,6,56.7,46.76267067246109
17,21,107,8,67.95,71.43600374866267
16,41,107,8,55.0,50.24047435243715
3,5,17,1,85.85,39.0253291567089
3,1,17,1,73.25,53.89939458697199
16,43,107,8,62.4,39.078059532711
3,5,17,1,76.25,45.267479903812905
13,4,5,6,83.95,77.25792413795017
3,1,17,1,72.95,55.88378448549322
17,9,107,8,89.65,78.9891898000173
16,43,107,8,57.6,42.82080163462122
3,1,17,1,72.45,37.57725375809147
13,19,5,6,59.4,47.73104473588387
3,5,17,1,96.85,48.49337990630105
17,9,107,8,80.9,96.18452660326783
3,1,17,1,78.0,45.49262519759023
16,42,107,8,63.1,62.22108290519168
3,5,17,1,79.85,54.30253943853533
3,5,17,1,58.05,49.372350028821
13,19,5,6,91.9,105.48828820001023
3,1,17,1,78.45,61.43415388167965
16,42,107,8,54.95,54.069618865038485
17,20,107,8,90.55,104.90821803141218
3,5,17,1,73.95,44.357963742358834
3,1,17,1,87.1,60.77906495531258
16,24,107,8,51.6,47.46233964113575
13,6,5,6,73.65,57.79025140882099
3,18,17,1,66.5,54.99425807348101
17,20,107,8,79.45,95.36217665742589
16,24,107,8,51.9,39.66955613830997
13,6,5,6,51.95,43.6667704565527
3,1,17,1,78.95,57.89961821526705
3,18,17,1,71.6,43.00354942511018
17,17,107,8,77.25,66.68612654581318
3,18,17,1,61.15,45.170175302317624
3,2,17,1,78.3,72.46276720895322
16,47,107,8,93.5,72.09460159365172
13,12,5,6,98.1,66.12898082734345
3,2,17,1,63.4,40.57403888669388
3,18,17,1,86.4,47.10279911226642
17,17,107,8,58.1,71.75902657322521
16,47,107,8,65.3,55.94085222240024
3,18,17,1,77.5,54.295972517111686
3,2,17,1,96.75,64.54527174985908
13,12,5,6,96.05,107.95343781854335
16,42,107,8,43.35,45.34809808580731
17,21,107,8,91.2,82.0850649919755
3,2,17,1,75.9,41.43720677438524
3,18,17,1,92.25,64.98815681580598
13,17,5,6,70.95,64.60037070123393
16,42,107,8,69.3,55.31070135344992
3,2,17,1,77.4,50.39151975439811
3,18,17,1,61.35,46.15679798252907
17,21,107,8,82.6,91.22003473383523
3,18,17,1,61.15,50.19464743953231
13,17,5,6,63.35,48.51399689509041
16,46,107,8,57.35,64.35941431155442
17,9,107,8,39.25,45.5167696106553
3,2,17,1,97.75,46.997060378395226
3,18,17,1,72.4,62.22319756963213
17,9,107,8,39.9,52.85720585243148
3,2,17,1,72.05,50.09934866684501
13,19,5,6,71.95,82.20864021692482
16,46,107,8,81.05,100.07338097090239
17,3,107,8,62.9,51.0581711590345
3,18,17,1,104.3,64.57724872299517
3,2,17,1,75.0,65.5286197016235
13,19,5,6,75.0,81.37114450402389
16,44,107,8,64.55,52.203523777009934
3,6,17,1,66.25,40.77263659290189
17,3,107,8,67.75,72.67583034124532
3,2,17,1,75.65,47.27776265968244
3,6,17,1,74.1,64.68376514771083
3,2,17,1,75.1,40.87451915055973
13,2,5,6,80.8,59.957528827978685
16,44,107,8,61.1,80.22396281988516
17,3,107,8,73.6,80.00157893178701
16,46,107,8,43.7,42.837637165169795
3,18,17,1,75.7,47.94525386752116
3,6,17,1,81.75,66.15124218112057
17,3,107,8,60.8,57.13750726836187
3,18,17,1,80.5,48.14725220338999
3,6,17,1,77.95,57.51473495411507
16,46,107,8,54.25,59.194483206674455
13,2,5,6,125.8,98.95804533660771
17,9,107,8,66.85,64.70440886304263
3,18,17,1,92.4,49.439383406136315
16,37,107,8,64.25,65.16123726653188
13,12,5,6,62.75,58.649606271393445
3,6,17,1,114.55,77.98682412332295
17,9,107,8,63.1,60.88807678632035
16,37,107,8,60.15,63.31980234035047
3,18,17,1,92.9,102.49154008733446
3,6,17,1,85.55,68.81131715365615
17,9,107,8,69.7,67.7154262141827
3,6,17,1,56.7,46.30459793015899
3,18,17,1,68.35,56.48500033777016
13,12,5,6,93.05,125.50800980939738
16,32,107,8,71.05,53.88923825774493
17,9,107,8,92.45,70.61196782415854
3,18,17,1,87.65,47.25215116239349
3,6,17,1,92.65,65.08478276347262
16,32,107,8,65.8,67.91837205909674
13,13,5,6,83.15,76.0154243350789
3,6,17,1,69.25,52.91788574365899
17,0,107,8,64.45,76.40300007887538
3,18,17,1,86.15,62.95969888913483
13,13,5,6,73.5,52.934418213284886
16,25,107,8,89.05,89.7314560816123
3,18,17,1,71.55,55.72817014193469
17,0,107,8,59.35,92.69660471838108
3,6,17,1,100.1,61.0564018799529
3,18,17,1,68.95,48.771729300357684
16,25,107,8,55.65,47.43668910963549
17,13,107,8,56.95,68.26455888673127
3,8,17,1,85.6,43.243983457391586
13,0,5,6,104.0,98.17278001993274
3,18,17,1,77.45,73.56663645974308
16,32,107,8,50.5,42.55831911995338
3,8,17,1,65.05,39.29841968163204
17,13,107,8,74.95,60.507915967556194
3,18,17,1,66.85,35.413757362447654
3,8,17,1,79.8,52.83599251706319
16,32,107,8,68.9,61.78391887521337
13,0,5,6,94.2,82.47717387572342
3,18,17,1,78.15,48.25837805637047
17,15,107,8,69.75,75.45083795007463
3,8,17,1,65.9,30.971803815389045
16,29,107,8,62.45,63.28671183381896
3,18,17,1,66.05,57.30020207551398
3,8,17,1,82.1,48.315737874069455
17,15,107,8,67.8,73.28143298989609
3,18,17,1,67.5,48.599870045310325
17,14,107,8,43.05,54.421817412930224
13,2,5,6,128.85,112.27422959690682
16,29,107,8,72.4,77.19176394572565
3,18,17,1,66.75,46.54242546774988
3,8,17,1,107.2,69.14789641737028
17,14,107,8,76.9,63.41002743216067
16,43,107,8,71.3,57.58115554314806
3,8,17,1,76.7,63.14652967920181
3,18,17,1,98.65,54.3732470981824
13,2,5,6,96.9,77.9587610282041
16,43,107,8,56.5,45.34023425287152
3,8,17,1,80.75,48.50488309655561
3,18,17,1,79.8,50.168767805856014
13,15,5,6,52.2,43.45184872815812
17,11,107,8,89.8,96.30630957085779
3,18,17,1,66.8,41.61679822784115
16,36,107,8,55.65,49.178809086413374
3,8,17,1,90.05,52.581240400976306
17,11,107,8,54.45,52.84184446360469
3,18,17,1,67.3,48.51706156763716
16,36,107,8,48.75,49.87972375730707
3,8,17,1,72.4,48.404436508281044
13,15,5,6,104.3,79.39183306798462
3,18,17,1,77.0,56.76822684343213
3,21,17,1,64.95,44.483556985758945
17,2,107,8,92.0,87.14718342521098
3,20,17,1,73.6,54.645652786118795
3,21,17,1,83.4,66.05611649435492
13,9,5,6,100.95,76.51520316766776
17,14,107,8,123.9,97.58877200299546
17,2,107,8,68.5,93.34965396152705
3,20,17,1,63.5,49.38729860154223
3,21,17,1,81.6,58.78005390302143
17,14,107,8,48.05,51.273749311134374
17,7,107,8,61.8,44.91465591306999
3,20,17,1,78.0,69.80876132617406
13,9,5,6,97.55,71.88402574908235
3,21,17,1,86.1,52.32479537013323
3,20,17,1,75.5,48.96346650954749
17,1,107,8,84.55,77.87606550762158
17,7,107,8,85.6,91.15192638781983
13,16,5,6,72.15,69.28755869182926
3,21,17,1,77.15,59.81310805113577
3,20,17,1,89.2,61.41883818675282
17,1,107,8,66.05,55.47258687619356
3,21,17,1,84.7,71.09896734759752
13,16,5,6,69.05,69.66345791317751
17,9,107,8,77.7,82.64706190848688
3,20,17,1,99.15,57.98754403454155
3,21,17,1,68.95,43.12707660904116
17,12,107,8,68.05,73.7524129846111
13,19,5,6,93.55,80.64899581715689
3,21,17,1,77.45,51.123663281971695
17,9,107,8,86.4,106.58497968633688
3,20,17,1,100.7,69.8028049504271
17,12,107,8,55.05,56.573636225626096
17,0,107,8,34.65,39.14383059543624
3,21,17,1,76.45,58.98213378018091
3,20,17,1,92.8,65.0033197532816
17,5,107,8,63.05,69.93491334993674
3,21,17,1,73.1,45.763580095507116
13,19,5,6,98.25,103.21203265225681
17,0,107,8,75.45,65.40197566627963
3,20,17,1,80.5,38.31242755638382
4,30,17,2,60.95,40.775992678871326
14,25,5,7,58.65,56.839825734019314
17,5,107,8,75.05,71.02073455577678
17,2,107,8,66.4,65.29237885727633
4,30,17,2,62.85,41.57209970261558
3,20,17,1,89.15,55.102082298985856
14,25,5,7,46.45,42.62872147668567
17,2,107,8,53.75,54.2604586086503
4,30,17,2,76.2,51.28927250102316
17,23,107,8,75.85,78.20975507872203
3,10,17,1,87.1,51.59549143909868
18,27,107,9,51.1,49.5929748845009
4,30,17,2,70.2,57.13934951640502
14,43,5,7,82.35,87.73721229360225
17,23,107,8,56.6,80.87313001173342
3,10,17,1,86.15,63.43689363205145
4,30,17,2,60.1,22.25427220959938
18,27,107,9,54.05,58.709342034341205
17,3,107,8,48.65,62.52096490483475
3,10,17,1,69.8,43.38760434186608
14,43,5,7,79.9,62.86485086027175
4,30,17,2,74.65,53.89490260048523
18,32,107,9,50.7,63.00217205946574
3,10,17,1,72.15,41.41608510305094
4,30,17,2,70.25,53.57815246023916
17,3,107,8,75.25,105.22851074534985
18,32,107,9,74.55,67.00547895900988
14,26,5,7,83.4,59.82025708649819
3,10,17,1,73.8,43.98157508967159
4,30,17,2,66.65,40.89431179078706
17,3,107,8,51.7,52.90517833574367
14,26,5,7,50.0,45.31875410560412
4,30,17,2,55.4,33.5502764911346
18,30,107,9,65.0,63.03132053527875
3,10,17,1,94.05,58.33521550848212
4,30,17,2,71.6,33.12400941915094
14,29,5,7,52.45,48.06735953463201
18,30,107,9,71.25,58.926247390945804
17,3,107,8,93.85,62.70757110337006
3,10,17,1,91.1,70.333715805063
4,35,17,2,75.55,46.87326137126525
18,34,107,9,32.7,39.580830022413096
14,29,5,7,76.25,53.42370358991557
4,35,17,2,66.45,47.06152188471239
3,10,17,1,78.55,54.341488463429606
17,17,107,8,58.8,56.93172272671519
18,34,107,9,70.2,67.00400616459633
3,10,17,1,75.45,63.45116232189919
4,35,17,2,85.25,49.62689741831965
14,26,5,7,87.6,83.9087223368973
17,17,107,8,66.8,63.97828579003644
18,36,107,9,69.35,75.40925184059245
4,35,17,2,87.3,53.081962443396016
3,10,17,1,93.9,64.25762293505073
17,10,107,8,58.95,56.9001664968427
14,26,5,7,75.7,65.14849434783181
18,36,107,9,52.65,47.442236345620174
4,35,17,2,69.45,37.25230476797799
17,10,107,8,47.1,55.032908814922536
3,0,17,1,87.6,55.78568010935385
14,29,5,7,58.75,55.81348167640239
18,44,107,9,51.6,48.37398169742861
4,35,17,2,77.95,50.47717045201826
3,0,17,1,69.55,53.49419545491288
17,12,107,8,48.95,49.65191998195777
18,44,107,9,57.95,57.39931688572058
4,35,17,2,72.8,39.67446480917842
3,0,17,1,75.85,51.28893899426946
14,29,5,7,90.4,66.88198561645729
17,12,107,8,70.95,91.474169491778
4,35,17,2,70.2,46.94520882453232
18,29,107,9,68.65,69.61493714487007
3,0,17,1,86.45,56.92236171451334
14,42,5,7,59.15,56.57531077664253
4,35,17,2,77.95,56.86222962472309
18,29,107,9,55.75,42.75250069632739
17,10,107,8,80.7,70.46843264895281
14,42,5,7,71.3,58.87998498283562
3,0,17,1,96.2,65.15455309856469
4,35,17,2,74.35,49.74595989943092
18,38,107,9,68.8,66.20748884338818
17,10,107,8,70.75,74.04115143123556
4,40,17,2,47.8,28.385689500539748
14,32,5,7,62.55,57.2946906697939
3,0,17,1,86.95,70.08601857717414
4,40,17,2,71.1,41.77496102237621
18,38,107,9,55.25,46.84787811855011
17,1,107,8,70.1,62.66527620704518
3,0,17,1,66.3,49.64304159645507
14,32,5,7,76.8,57.13290138836493
4,40,17,2,77.9,66.56765454467318
17,1,107,8,59.05,65.40680392742027
3,0,17,1,74.85,61.23747992339676
18,34,107,9,86.8,56.374312926143375
4,40,17,2,61.4,37.127660280372325
3,0,17,1,67.0,40.30671878170398
14,24,5,7,62.8,104.28786072567047
17,4,107,8,60.35,58.97838587143599
18,34,107,9,50.75,54.27694576986866
4,40,17,2,62.75,47.08991958281294
18,26,107,9,29.85,30.92822761100116
3,0,17,1,81.25,67.29892077026277
4,40,17,2,67.2,35.04072818277251
14,24,5,7,80.5,75.90679880790098
17,4,107,8,83.2,84.0028821560684
18,26,107,9,56.1,52.94674583708466
3,0,17,1,81.6,54.082198647302754
4,40,17,2,71.1,45.83827405587009
18,46,107,9,36.4,27.6964751699942
17,1,107,8,59.45,67.41034982224832
4,40,17,2,57.45,50.6135773338174
14,35,5,7,81.5,63.0342429912003
3,0,17,1,89.9,69.86746852358927
18,46,107,9,34.6,40.783639650696884
4,40,17,2,60.4,52.43181035251506
17,1,107,8,71.75,67.68104375828233
3,0,17,1,86.75,59.773145704140596
18,34,107,9,59.1,73.85326846631702
4,40,17,2,69.7,39.19868418844264
14,35,5,7,78.8,103.63783093060177
4,28,17,2,59.85,33.36918685822217
3,0,17,1,84.6,49.78945142983813
18,34,107,9,51.45,54.34439398774023
14,39,5,7,43.95,44.750154366096595
17,18,107,8,92.85,101.87674441515875
4,28,17,2,66.35,41.977782344072395
3,0,17,1,78.3,57.18032418309825
17,18,107,8,64.45,51.947823012995194
18,38,107,9,72.65,59.74443378609469
4,28,17,2,83.05,60.806401151956294
14,39,5,7,92.75,76.25640611571076
17,1,107,8,44.65,61.51873912197726
3,0,17,1,79.2,55.928149394887384
18,38,107,9,48.3,65.37028135330706
4,28,17,2,57.55,55.63837657020935
3,0,17,1,75.55,65.93894704074447
14,46,5,7,72.35,61.2005116937673
18,40,107,9,58.6,65.08326650489639
4,28,17,2,74.45,49.404320075326034
17,1,107,8,81.15,98.10374476462202
3,0,17,1,87.95,54.3986019557198
17,4,107,8,43.6,44.06263484488512
18,40,107,9,67.8,63.62521843618795
4,28,17,2,84.6,67.6480053776824
3,0,17,1,74.3,59.45551189533937
14,46,5,7,107.8,99.17533649260311
4,28,17,2,54.3,38.5037250419393
17,4,107,8,66.8,68.26465526093818
18,42,107,9,62.7,65.52066769147612
3,0,17,1,71.2,50.43140208034547
4,28,17,2,66.2,40.65852665153626
14,39,5,7,72.15,59.80518812206671
17,22,107,8,69.4,69.57116765170075
4,27,17,2,70.2,50.806754627603155
18,42,107,9,66.85,46.793246251321804
4,28,17,2,66.7,61.912586935554806
4,27,17,2,68.35,53.34818598011015
14,39,5,7,63.35,57.276131705605735
17,22,107,8,62.6,68.99839815074274
4,28,17,2,61.35,36.82429832825632
18,45,107,9,68.6,52.85869942841157
4,27,17,2,62.1,32.831146957216035
4,27,17,2,59.55,43.633008991865445
17,14,107,8,55.4,40.01236650942069
18,45,107,9,33.25,37.39810718542626
14,45,5,7,81.45,51.51747276410208
4,27,17,2,88.4,49.96567242670343
4,27,17,2,67.85,48.0266099486305
18,46,107,9,34.6,31.754651544881455
17,14,107,8,70.75,75.68485560811392
18,46,107,9,51.6,48.78675402628313
4,27,17,2,76.55,62.24102133514604
4,27,17,2,79.8,53.4874308894893
14,45,5,7,79.55,73.13180242764287
17,21,107,8,71.2,82.22856463605129
4,27,17,2,68.3,49.14222110097224
4,27,17,2,78.0,54.536322999591654
18,27,107,9,61.6,61.59750507592777
4,27,17,2,60.7,45.53783851745826
4,27,17,2,63.95,48.38276661439647
14,37,5,7,91.35,91.67808381849818
17,21,107,8,76.75,79.40427868625349
18,27,107,9,64.4,72.907583895461
4,27,17,2,74.6,40.11745912088388
4,27,17,2,72.95,47.45909596140327
18,38,107,9,50.85,44.81925690452358
18,27,107,9,39.6,40.37899401786449
14,37,5,7,77.0,51.287630600677765
4,27,17,2,75.4,37.19422705630256
4,27,17,2,88.85,59.0327964154806
18,38,107,9,55.65,51.699816756266934
18,27,107,9,46.45,47.491245730688426
4,27,17,2,58.9,38.15191241671421
14,25,5,7,68.35,56.929573297096425
4,27,17,2,65.1,53.34485621135862
18,24,107,9,32.9,36.44014558870911
18,39,107,9,52.95,46.60864500791334
4,40,17,2,73.8,63.18027673586949
14,25,5,7,53.5,48.494709423866674
18,24,107,9,46.25,49.28528658417449
4,27,17,2,80.5,52.765120058015995
18,39,107,9,53.55,48.78036166543382
4,40,17,2,71.6,56.78899077888434
14,46,5,7,52.9,55.59051414727062
19,13,107,9,48.95,53.48927585581008
4,27,17,2,78.0,52.37415996060412
18,27,107,9,55.65,56.10073177119134
4,40,17,2,62.3,49.674837429871985
14,46,5,7,53.9,51.24646329260195
18,27,107,9,63.85,53.3708722057266
19,13,107,9,73.15,74.79746336819044
4,28,17,2,91.0,46.390788559345424
4,40,17,2,85.1,49.336545651698245
4,40,17,2,63.0,44.735479855420536
14,44,5,7,75.1,68.67919320250762
18,28,107,9,58.85,57.13720789744446
4,28,17,2,78.95,56.169363254545196
19,12,107,9,93.9,96.77042827989179
18,28,107,9,41.35,39.03207183303171
4,40,17,2,82.6,60.338867634124696
4,28,17,2,81.7,65.08059780400235
19,12,107,9,55.8,52.99513383817722
14,44,5,7,109.15,88.62533497821039
18,35,107,9,60.85,62.593319804996185
4,28,17,2,60.4,50.86763007526185
4,40,17,2,111.05,75.02734589187432
18,35,107,9,31.4,27.849974014917482
19,5,107,9,49.1,64.58768010273036
14,38,5,7,56.15,39.89891833384116
4,28,17,2,79.05,52.491076935939674
4,40,17,2,84.6,55.06302608924852
4,28,17,2,59.1,39.90106185105987
18,29,107,9,63.85,55.97299630884051
14,38,5,7,73.55,60.200957327586536
19,5,107,9,76.5,81.10000324485682
4,40,17,2,70.55,50.2880910878824
18,29,107,9,44.55,43.05623617647286
4,28,17,2,83.7,54.68195122226057
18,34,107,9,31.65,34.181058158607456
4,40,17,2,63.3,52.870347872985725
19,1,107,9,67.15,68.4761003255112
14,43,5,7,91.55,85.73243260283705
4,28,17,2,83.2,43.57159866847113
4,28,17,2,63.7,38.101112015820554
18,34,107,9,56.9,57.688729173766774
19,1,107,9,55.95,45.84926676794183
4,28,17,2,61.4,40.17383280327212
4,28,17,2,72.15,63.2915351453307
18,45,107,9,37.05,47.372515904877744
14,43,5,7,65.4,63.19843435768926
19,23,107,9,46.65,46.79774510987064
4,28,17,2,79.15,65.83334221629966
18,45,107,9,49.3,41.42983923390686
4,28,17,2,82.7,63.70747291537436
19,23,107,9,55.85,69.56729040818567
4,34,17,2,57.7,28.086520460515352
15,13,5,7,76.35,78.54484136633772
18,32,107,9,42.15,41.39193285246726
4,28,17,2,85.45,44.68070936627667
19,20,107,9,59.75,60.9260768645517
18,32,107,9,40.4,47.714501822931425
4,34,17,2,104.35,66.97153755219648
15,13,5,7,84.9,90.16003315742164
4,28,17,2,83.1,50.552630209046804
4,34,17,2,50.25,39.26143815903576
18,33,107,9,63.7,59.6040443700187
19,20,107,9,67.95,80.10090675615285
4,28,17,2,90.8,58.00780346779125
4,34,17,2,75.35,48.274734592745304
15,17,5,7,71.45,70.67380591212888
18,33,107,9,47.3,50.20180328067488
19,6,107,9,54.25,48.12470095600869
4,28,17,2,80.25,62.83552046079468
4,34,17,2,82.85,30.6117882350471
19,6,107,9,54.15,53.507771201456045
18,46,107,9,69.35,42.43543082700686
15,17,5,7,72.5,92.91790377588845
4,34,17,2,59.75,50.68257771868481
4,28,17,2,74.4,49.97093892295907
18,46,107,9,61.35,48.64184358521397
19,17,107,9,77.4,81.948892931092
4,28,17,2,69.15,46.42285621272531
15,10,5,7,77.55,67.92292458522766
4,34,17,2,91.3,65.99130724253723
18,33,107,9,52.9,54.006724727476985
4,28,17,2,52.6,43.458873480688915
19,17,107,9,68.4,62.767239192029734
4,34,17,2,71.75,58.40861057646966
18,33,107,9,37.85,39.791925919978446
4,28,17,2,74.25,39.05175378499934
15,10,5,7,98.1,70.13738398014961
4,34,17,2,80.0,59.97543356724441
18,28,107,9,59.45,51.52258063984638
19,1,107,9,85.35,80.21108664675121
4,28,17,2,87.5,53.16063046634179
15,12,5,7,75.2,80.26705426263007
18,28,107,9,54.95,53.0396822646671
4,34,17,2,84.25,51.9462019279258
4,28,17,2,76.6,43.28048058882896
19,1,107,9,73.3,83.37177359022026
15,12,5,7,51.15,43.45145506618186
18,40,107,9,52.55,53.939025028754756
4,40,17,2,89.55,50.02470442323052
4,28,17,2,78.1,45.07175565578444
15,6,5,7,55.8,46.08984361234616
19,12,107,9,61.35,71.18565423188195
4,28,17,2,58.85,27.22281357514995
4,40,17,2,64.45,37.15469085635863
18,40,107,9,66.9,57.955427519321844
4,28,17,2,64.65,36.67822385644046
19,12,107,9,54.3,60.172646347165525
18,32,107,9,43.75,38.59080201291494
4,40,17,2,85.85,49.718444104884526
4,28,17,2,68.5,54.204777416172846
15,6,5,7,78.55,117.3149046034018
18,32,107,9,55.8,53.48841487944645
19,18,107,9,57.95,64.1523474567418
4,40,17,2,72.15,56.30768387314377
15,6,5,7,47.65,38.27638408924449
4,28,17,2,72.8,63.635971290656535
19,18,107,9,37.1,35.803410599080024
4,40,17,2,68.75,47.13237238157857
18,39,107,9,68.9,68.33655105817323
4,28,17,2,61.65,48.54544804938759
4,40,17,2,68.45,58.25847577820758
15,6,5,7,75.45,84.51065021640764
19,14,107,9,64.7,79.43955000667589
18,39,107,9,55.15,49.53390651601024
4,28,17,2,72.95,40.248537077043
4,40,17,2,76.7,55.91920863832786
4,30,17,2,70.95,51.09791941381814
18,37,107,9,61.25,57.64033218794668
19,14,107,9,91.2,77.37101320398051
15,10,5,7,96.95,106.66202155455926
4,40,17,2,82.7,54.82517669830167
4,30,17,2,73.2,44.62545886539844
18,37,107,9,58.4,49.30613285223356
19,8,107,9,57.4,75.57666027913226
4,40,17,2,65.15,40.294018101162884
4,30,17,2,91.6,49.69951815926547
18,30,107,9,67.05,57.66735371256884
4,40,17,2,65.65,59.717118236953766
15,10,5,7,98.05,91.55066184474325
19,8,107,9,61.75,69.69321872924299
4,30,17,2,69.95,52.9940165440749
4,29,17,2,77.45,55.906383215251246
18,30,107,9,70.2,74.0793315872994
15,12,5,7,74.3,67.40849548208219
4,30,17,2,82.7,54.15776175115379
19,20,107,9,89.2,89.08517509132837
4,29,17,2,80.85,48.88253912778005
18,39,107,9,57.45,61.4375806472673
15,12,5,7,52.1,71.92313148150087
4,30,17,2,74.15,50.86853540978787
19,20,107,9,49.55,54.37247271803705
4,29,17,2,83.85,45.728345464792056
18,39,107,9,75.05,70.72293977576382
15,0,5,7,56.7,48.041758151797374
4,30,17,2,85.45,55.43652130804062
19,7,107,9,54.1,63.34857618970735
4,29,17,2,68.9,44.84816489820785
15,0,5,7,72.55,63.82746067988374
4,29,17,2,63.35,45.795052594196925
4,30,17,2,88.35,62.9254153322554
18,43,107,9,76.3,88.8624602523769
19,7,107,9,66.05,66.71737326016996
4,29,17,2,62.95,32.979219932685204
4,30,17,2,76.8,52.996126968715465
18,43,107,9,64.55,68.06303193209567
4,29,17,2,64.0,33.8510669970993
15,19,5,7,80.4,89.81349095706467
19,13,107,9,74.3,81.51854809925484
4,30,17,2,77.15,39.80911691401461
19,4,107,9,56.65,48.0671405432027
4,29,17,2,68.4,48.738183453179595
19,13,107,9,69.65,75.78451098518191
4,34,17,2,85.35,51.11728001165041
19,4,107,9,60.85,48.82436298665485
4,29,17,2,99.2,48.24018853066065
15,19,5,7,115.3,121.76124178078999
4,34,17,2,87.8,45.46091438633968
19,3,107,9,73.5,82.92450593286961
4,29,17,2,71.35,52.044793460208766
15,20,5,7,44.35,41.5366356998633
19,14,107,9,85.4,98.81636344356397
4,34,17,2,73.7,56.12964316744997
19,3,107,9,58.3,62.8021957376785
4,26,17,2,85.55,49.450107764237856
4,34,17,2,82.5,48.59445495765519
4,26,17,2,48.7,37.26872542409845
19,7,107,9,57.2,39.84258499328788
19,14,107,9,89.15,90.14332155546872
15,20,5,7,99.3,99.03061727513739
4,34,17,2,54.55,31.1523843811606
4,26,17,2,62.2,44.877142230057856
4,34,17,2,66.85,42.54319786065131
19,10,107,9,58.55,56.12905711511266
15,23,5,7,46.55,49.7175972235607
19,7,107,9,72.9,66.32051361619412
4,26,17,2,60.85,45.92129995409194
4,34,17,2,67.7,48.71409609029749
19,3,107,9,77.25,56.334410349924525
19,10,107,9,80.55,65.59884065085939
15,23,5,7,77.3,67.20675091403433
4,26,17,2,86.6,82.54338572118174
4,34,17,2,80.2,65.2804476248843
4,26,17,2,62.05,50.36339000337029
19,11,107,9,59.6,68.16033728604465
19,3,107,9,57.5,80.03387440722572
15,12,5,7,65.45,65.10596625582991
4,34,17,2,75.95,35.024014317998564
4,26,17,2,59.55,40.17524113182147
4,34,17,2,64.55,38.7073704391785
15,12,5,7,64.15,71.07688572391538
4,26,17,2,63.1,36.399681895660336
19,11,107,9,78.45,74.15735403784805
19,6,107,9,87.7,78.90040357444649
4,40,17,2,54.8,48.724358978797625
4,40,17,2,44.8,31.512069534002197
19,0,107,9,47.45,52.810958790965465
4,26,17,2,79.3,48.56802066770837
15,10,5,7,81.1,70.20713713906272
19,6,107,9,76.95,69.26719813044343
4,40,17,2,80.8,63.70292895852385
4,26,17,2,75.4,49.968832391064694
19,0,107,9,66.25,84.25267448511494
15,10,5,7,54.2,45.55921537146089
4,39,17,2,67.85,52.53798124865676
4,40,17,2,77.6,40.924063182538724
19,18,107,9,65.45,59.67673883427895
4,40,17,2,67.4,40.47533361911854
4,39,17,2,70.55,45.364575792595105
19,18,107,9,55.55,68.7278959681622
15,13,5,7,99.6,111.76356623176493
4,40,17,2,65.1,37.17653476108424
4,39,17,2,81.0,55.48162332084192
4,40,17,2,61.55,34.099660439735516
19,5,107,9,45.85,48.79524890590757
4,39,17,2,89.65,47.726496006438936
15,13,5,7,89.35,104.98534985516088
4,40,17,2,93.1,72.64180324680389
19,5,107,9,80.55,76.01487042885616
4,39,17,2,71.35,49.8326409621561
4,40,17,2,67.8,44.3806501221327
15,11,5,7,73.0,67.4864508818739
4,39,17,2,71.8,50.19918221183331
19,18,107,9,83.9,66.16080887941854
4,40,17,2,73.15,46.56209775523888
4,39,17,2,89.75,43.31873910785882
4,41,17,2,79.65,52.405579252996574
15,11,5,7,81.8,107.39381536637653
19,18,107,9,97.8,115.01926612071286
4,39,17,2,90.6,63.97153972460599
4,41,17,2,93.1,57.15344074921198
4,39,17,2,76.85,67.80100527123085
19,18,107,9,73.45,79.61054875884358
15,3,5,7,109.2,111.81027163058529
4,41,17,2,85.05,60.21844008537409
4,39,17,2,56.75,45.16388286883086
19,18,107,9,39.25,35.81660156084635
4,41,17,2,79.15,40.948330728781656
4,37,17,2,77.1,46.24522734976637
4,41,17,2,55.7,40.40596620875632
15,3,5,7,102.9,107.43316159606546
19,17,107,9,65.95,80.77810737804487
4,37,17,2,77.25,52.19485253910531
4,41,17,2,69.2,36.940350210632964
19,17,107,9,50.05,52.04095047475391
4,41,17,2,62.8,53.60439887684003
4,37,17,2,73.6,56.02198816442288
15,2,5,7,91.5,79.11450728632451
19,16,107,9,59.45,54.14743518249138
4,41,17,2,57.15,37.627362664059135
4,37,17,2,73.75,50.81118297963032
15,2,5,7,74.2,58.71393629956583
4,41,17,2,89.7,69.24639454798161
4,37,17,2,90.7,60.05707811389885
19,16,107,9,105.15,100.26453169386208
4,41,17,2,62.45,45.56831193528655
15,8,5,7,76.1,90.47064077426036
4,37,17,2,57.85,42.43543082700687
4,47,17,2,58.7,42.23754877257662
19,22,107,9,68.4,69.51062016547884
4,37,17,2,56.95,35.439310614656506
4,47,17,2,75.9,51.11277520809924
15,8,5,7,79.15,79.45622760528691
4,37,17,2,65.55,43.61973840989155
19,22,107,9,43.75,47.0943901005987
4,47,17,2,66.5,34.80245000450097
4,37,17,2,67.55,47.77962018751466
19,23,107,9,57.8,65.20623153946981
4,47,17,2,67.8,41.91922056326404
15,15,5,7,94.05,79.34300950868158
4,37,17,2,66.2,57.94788947612192
19,23,107,9,77.05,88.98401689718158
4,47,17,2,95.65,43.988365686729864
15,15,5,7,82.0,92.80199634876283
4,25,17,2,102.8,73.54382867951671
4,47,17,2,87.4,52.13989279863002
19,16,107,9,66.65,86.97142603963917
16,46,5,8,64.65,46.689652860248664
4,25,17,2,96.7,59.09768897431831
4,47,17,2,59.45,49.773671966739926
19,16,107,9,43.05,47.46131388604274
4,25,17,2,71.5,51.329175042331585
4,47,17,2,76.55,47.496786594906666
16,46,5,8,73.5,62.47904912006398
19,9,107,9,71.6,85.18981901118171
4,25,17,2,65.4,49.70481285602665
4,47,17,2,82.55,46.80246844592258
16,37,5,8,54.9,40.68350241094113
4,25,17,2,62.25,68.61170300665685
19,9,107,9,67.3,67.59873869891517
4,47,17,2,89.85,55.90054608527164
4,25,17,2,72.75,33.833765445343595
19,18,107,9,37.2,42.19079470565513
16,37,5,8,93.6,70.1715191887931
4,40,17,2,81.9,48.57538904684791
4,25,17,2,75.8,46.57263709857741
19,18,107,9,45.65,53.80791861114085
4,40,17,2,53.8,50.97532943028732
16,29,5,8,78.6,62.51601899976475
4,25,17,2,66.05,60.729317466936855
4,40,17,2,65.15,52.538983020630546
19,23,107,9,76.55,79.59401921461715
16,29,5,8,72.05,61.028444619141155
4,25,17,2,79.25,55.356143575749094
4,40,17,2,57.9,42.702027561870366
19,23,107,9,60.3,67.06014582369127
4,25,17,2,64.1,44.43907716129318
4,40,17,2,65.1,34.56633592018929
16,40,5,8,78.3,71.18478548264738
19,10,107,9,41.05,46.38565454284784
4,36,17,2,74.55,42.57807070856027
4,40,17,2,75.3,81.18212144373454
19,10,107,9,41.2,70.71038038885693
4,36,17,2,65.05,31.852414599045293
16,40,5,8,66.85,76.34773287917247
4,40,17,2,88.85,54.9672390467363
4,36,17,2,75.45,52.299215048955
16,27,5,8,65.85,55.44677390833578
4,40,17,2,68.75,41.585517468920536
4,36,17,2,62.4,39.59851140211154
19,8,107,9,120.65,95.39076144166715
4,40,17,2,66.35,46.86742219450409
4,36,17,2,60.65,40.914898843433804
16,27,5,8,64.95,75.2319046261904
4,40,17,2,54.3,36.69375395005761
19,8,107,9,56.8,65.05430929534751
4,36,17,2,77.75,48.49511641175299
19,0,107,9,47.4,49.537226830993106
4,28,17,2,79.6,58.773785778498585
4,36,17,2,61.75,51.422783195573416
16,45,5,8,89.25,88.75387315492208
4,28,17,2,82.15,58.466612154648615
4,36,17,2,75.35,50.51552653444911
19,0,107,9,78.15,88.22595095011802
16,45,5,8,63.05,59.6273294811417
4,28,17,2,78.7,57.77825123512717
4,36,17,2,72.55,34.26594903337561
16,33,5,8,74.95,78.97599568689742
4,36,17,2,71.05,43.57990241770674
4,28,17,2,85.5,43.86042455454876
4,47,17,2,70.6,40.92277708331299
16,33,5,8,49.75,73.23205725996175
4,28,17,2,79.0,52.26450944348776
4,47,17,2,55.6,44.29969704066538
4,28,17,2,92.15,63.35719541241008
4,47,17,2,79.75,36.86943535176386
16,31,5,8,104.85,86.27695612325887
4,28,17,2,81.45,57.25241893303907
4,47,17,2,72.25,44.48166387459704
16,31,5,8,52.25,51.49233463648536
4,28,17,2,66.25,54.021316455441436
4,47,17,2,73.7,46.4385275617699
4,28,17,2,59.0,43.53220223672296
4,47,17,2,82.5,43.36078752440783
16,24,5,8,97.3,109.93016922238934
4,28,17,2,66.95,43.15513630465884
4,47,17,2,59.05,56.01454228473549
4,42,17,2,58.55,42.92401487083401
16,24,5,8,78.0,80.003289406058
4,47,17,2,87.1,50.015681751353064
4,42,17,2,80.2,53.145876702960834
4,42,17,2,60.7,35.22125554413504
4,47,17,2,83.3,58.648013382246894
16,43,5,8,70.5,78.012482132163
4,42,17,2,76.25,40.336577367002896
4,47,17,2,74.55,46.33911045644637
16,43,5,8,80.55,82.19839606579605
4,42,17,2,69.45,46.1650072537289
4,46,17,2,74.65,43.4756737788653
4,46,17,2,59.3,37.21643666304898
4,42,17,2,67.15,61.43740931352733
16,37,5,8,60.55,50.4625708087844
4,46,17,2,66.5,46.47749880035329
16,37,5,8,39.8,52.52327804737729
4,42,17,2,79.5,57.86417853814859
4,46,17,2,60.4,34.506139804540965
4,42,17,2,72.9,45.98271986644319
16,46,5,8,64.75,67.02307144008813
4,46,17,2,60.95,52.187390088128815
4,42,17,2,78.35,59.891370962681044
4,46,17,2,110.3,62.88008638001299
16,46,5,8,89.6,86.17937230292594
4,42,17,2,72.7,67.9853699432149
4,46,17,2,67.1,44.3406668515721
4,28,17,2,79.4,50.10137092356907
16,35,5,8,81.35,57.172200642583185
4,46,17,2,68.95,55.278695810649474
4,28,17,2,68.05,58.74966965192677
4,46,17,2,74.7,44.1601153697959
4,28,17,2,66.25,42.86438222064905
16,35,5,8,88.85,66.06079735643843
4,46,17,2,88.9,59.72031303897932
4,28,17,2,84.0,53.18784981949405
16,35,5,8,51.3,85.63699397364496
4,33,17,2,69.95,37.78537032405949
4,28,17,2,75.45,56.4842549090592
16,35,5,8,76.05,69.84831309419909
4,28,17,2,66.3,39.15031760306744
4,33,17,2,86.85,61.155776075268804
16,36,5,8,63.05,57.588810133840916
4,28,17,2,84.6,45.22272367783817
4,33,17,2,88.4,48.71117887475544
16,36,5,8,60.95,44.87464997664401
4,28,17,2,68.3,38.82497839495112
4,33,17,2,80.6,54.08901046082817
4,33,17,2,59.9,35.00962273733503
16,33,5,8,61.55,67.16944402424599
4,28,17,2,88.4,56.46741025629413
4,33,17,2,71.8,54.59381110095095
4,28,17,2,69.05,49.90040079999358
16,33,5,8,76.35,57.147339579831986
4,33,17,2,64.85,52.089270538789066
4,44,17,2,65.7,55.11051098522523
4,33,17,2,56.5,42.49148521515192
4,44,17,2,74.6,58.08378703037082
16,35,5,8,88.75,85.46582881325637
4,33,17,2,74.3,58.820959386581706
4,44,17,2,71.95,60.32410271542423
4,33,17,2,75.65,59.3218473999872
16,35,5,8,89.7,63.547826995023776
4,44,17,2,73.5,56.606211301364596
4,40,17,2,81.2,60.155587744133186
4,44,17,2,60.7,37.010809231898726
16,32,5,8,50.65,47.925682599537154
4,44,17,2,61.0,35.60603142283917
4,40,17,2,69.75,42.249727498342644
16,32,5,8,69.95,53.41838339196092
4,44,17,2,65.5,49.47141652137706
4,40,17,2,89.35,48.49989148115911
4,40,17,2,54.6,47.14635667120441
4,44,17,2,83.05,66.66844515171603
16,42,5,8,81.7,65.86117776689167
4,40,17,2,51.15,36.203045815453
4,44,17,2,78.65,48.83837468738352
16,42,5,8,78.1,68.9514703480491
4,40,17,2,72.95,47.35695913957491
4,44,17,2,63.3,50.3556822696516
4,40,17,2,66.45,47.087237068412094
16,35,5,8,74.55,73.48431626437105
4,42,17,2,82.65,54.70425269718886
4,40,17,2,73.75,47.25727457228146
4,42,17,2,58.55,39.250175996923545
16,35,5,8,40.35,37.586776790164976
4,42,17,2,54.9,48.352760765898466
4,40,17,2,87.9,58.53824660672262
17,19,5,8,60.25,63.65439167054672
4,42,17,2,66.3,44.05391433710576
4,40,17,2,69.85,47.83994697233463
4,42,17,2,63.15,42.58771134840116
4,36,17,2,61.6,47.24115066115001
17,19,5,8,60.3,70.53860458530566
4,42,17,2,65.05,39.93346439951546
4,36,17,2,72.7,46.14177237487455
4,42,17,2,64.5,46.78675026115834
4,36,17,2,67.75,40.00641395944827
17,2,5,8,95.6,71.71684086152914
4,42,17,2,66.95,50.31111104653565
4,36,17,2,69.25,50.348130159185814
17,2,5,8,68.85,57.49350077686127
4,42,17,2,79.7,43.18393950971759
4,36,17,2,79.55,49.44797904443565
4,36,17,2,53.1,44.0309699619424
4,42,17,2,81.35,44.91661865700654
17,15,5,8,84.15,71.13683996355194
4,29,17,2,67.85,43.857754520483
4,36,17,2,81.1,69.14508012334036
4,29,17,2,48.45,40.792768967060816
17,15,5,8,82.5,83.94515753564473
4,36,17,2,84.5,50.45842478297303
4,29,17,2,76.7,51.46291459825579
4,36,17,2,73.3,39.732129382442594
4,29,17,2,74.25,54.44830962530087
17,9,5,8,84.95,101.5803933630377
4,36,17,2,84.05,56.21900315542312
4,29,17,2,65.75,36.631701829799944
4,29,17,2,58.55,40.49883039246806
4,39,17,2,75.15,61.01447196750689
17,9,5,8,82.0,88.92930367787424
4,29,17,2,52.8,32.660292969324466
4,39,17,2,68.15,53.10097134605671
4,29,17,2,62.85,39.15592984600498
17,2,5,8,80.85,83.9644504976268
4,39,17,2,71.85,49.37853251853694
4,29,17,2,70.65,52.45577084303349
4,39,17,2,69.35,47.74413714351687
4,29,17,2,47.35,32.717732195248495
17,2,5,8,78.4,87.67607847550042
4,38,17,2,59.1,37.010524818873094
4,39,17,2,80.15,60.316075364436806
17,8,5,8,31.5,30.722013366040287
4,39,17,2,76.05,63.06093544300915
4,38,17,2,86.25,58.56249473403336
17,8,5,8,66.3,74.9217837762191
4,39,17,2,71.7,42.13399677470114
4,38,17,2,87.15,51.029686922108596
17,18,5,8,52.9,61.77028752606411
4,39,17,2,76.95,63.67638164144825
4,38,17,2,90.2,61.89005531883471
4,39,17,2,53.4,36.58069666396544
4,38,17,2,74.4,60.36851741377158
4,39,17,2,74.05,39.51345540312485
17,18,5,8,101.7,93.7112586619132
4,38,17,2,59.15,39.32492848054527
5,9,17,2,90.55,65.24970256032228
4,38,17,2,55.25,51.65765343000722
17,0,5,8,82.9,64.44083373631645
5,9,17,2,65.05,47.917115939922766
4,38,17,2,75.95,45.240265018535965
17,0,5,8,49.9,48.552630152617304
5,9,17,2,69.75,58.51394345749881
4,38,17,2,66.1,48.86382797336416
17,7,5,8,56.4,55.241479457302546
5,9,17,2,71.7,58.31863473963307
4,38,17,2,64.75,41.20919033930481
5,9,17,2,59.4,33.52830697218475
17,7,5,8,43.85,48.467324858582494
4,40,17,2,63.6,40.38942018843419
5,9,17,2,74.55,46.51029880291935
4,40,17,2,65.4,50.79618717560352
4,40,17,2,53.0,33.04860853826965
17,15,5,8,90.35,123.13846506655574
5,9,17,2,88.35,55.71192350882019
4,40,17,2,75.35,45.7617111844205
5,9,17,2,69.3,40.43851733447365
17,15,5,8,80.8,81.67754313537827
5,9,17,2,71.5,47.41141323840872
4,40,17,2,82.1,52.12020519408653
17,1,5,8,64.1,45.889914039212535
5,9,17,2,102.2,62.05057360097912
4,40,17,2,103.2,83.45663859942952
4,40,17,2,63.3,46.07556722099948
17,1,5,8,84.0,69.96766170317917
5,19,17,2,89.3,58.67582663737211
4,40,17,2,55.2,39.247661680263455
5,19,17,2,61.6,52.34340052907691
4,40,17,2,75.3,56.14276913651293
17,5,5,8,78.8,102.89678016546996
5,19,17,2,80.65,71.88900435649684
4,40,17,2,70.65,62.87269928824014
5,19,17,2,88.8,61.97079108231894
17,5,5,8,80.55,87.52592097261967
4,47,17,2,77.3,50.70150002971469
5,19,17,2,76.15,44.39330793569775
4,47,17,2,59.05,36.88313692561526
17,4,5,8,54.3,53.635318293276235
5,19,17,2,45.0,44.3063497884778
17,4,5,8,43.55,64.3955498625896
4,47,17,2,93.05,54.68038713142131
5,19,17,2,70.0,54.622147040998136
4,47,17,2,88.45,56.52058311614871
17,19,5,8,75.55,68.53003567395602
5,19,17,2,89.0,57.97549391541949
4,47,17,2,66.05,50.106701936441276
5,19,17,2,78.65,69.17732743882888
17,19,5,8,72.6,88.88751022322658
4,47,17,2,86.3,58.941630359820245
5,19,17,2,78.9,68.47658070656828
17,7,5,8,71.5,83.15901065207294
4,47,17,2,77.25,56.21001502822859
5,12,17,2,58.2,47.265877310113865
4,47,17,2,54.3,36.21877965917681
5,12,17,2,78.35,67.47262602832274
17,7,5,8,72.2,73.22251595039099
4,47,17,2,49.7,38.57610386591269
4,47,17,2,63.95,48.67450970206934
5,12,17,2,67.2,80.22901430805506
17,22,5,8,60.6,49.64866034128424
4,28,17,2,66.45,38.359072213136635
5,12,17,2,100.4,90.82510666109896
17,22,5,8,92.4,108.33301484433615
4,28,17,2,98.85,59.34668438395207
5,12,17,2,89.35,75.47134346366524
4,28,17,2,61.05,39.96771723594721
17,10,5,8,63.85,55.30039973206628
4,28,17,2,75.3,56.312193687466454
5,12,17,2,94.45,47.456877933107805
17,10,5,8,59.85,61.23318243876393
4,28,17,2,61.6,48.71874166554063
5,12,17,2,74.15,59.19928431288588
4,28,17,2,65.3,45.744254744232784
5,12,17,2,74.6,46.340161051897404
17,16,5,8,85.1,99.07036308657229
4,28,17,2,83.35,59.80518812206671
5,12,17,2,65.9,32.68493939351723
5,12,17,2,54.15,37.26614803643762
4,28,17,2,79.6,61.6316733335607
17,16,5,8,90.65,95.60735217269477
4,28,17,2,69.6,41.81462851556542
5,21,17,2,91.25,62.28362545645525
17,21,5,8,71.7,90.61840175616709
4,28,17,2,81.0,55.498696049167634
5,21,17,2,77.15,60.0344418690331
5,21,17,2,57.95,37.07102003338712
5,11,17,2,69.8,61.081136721232475
17,21,5,8,79.3,91.78011480535535
5,21,17,2,58.0,41.60718561422825
5,11,17,2,76.45,64.24089122407283
17,20,5,8,62.45,79.87653301386953
5,11,17,2,51.3,43.639793525489644
5,21,17,2,72.5,57.70934431314076
5,21,17,2,72.85,46.511204083136334
17,20,5,8,65.7,67.88698038109486
5,11,17,2,87.4,70.63575954370272
5,21,17,2,79.3,55.244051835088044
5,11,17,2,91.5,74.31688906298487
18,34,5,9,80.65,74.3259358289023
5,21,17,2,79.75,54.2691877297063
5,11,17,2,51.3,28.745892155044928
18,34,5,9,69.55,59.669682860155866
5,21,17,2,82.35,55.93631246901765
5,11,17,2,85.35,56.95822568939635
18,34,5,9,54.9,58.94413055017258
5,11,17,2,82.05,59.55490611280705
5,21,17,2,90.65,62.55042176642692
5,11,17,2,53.7,46.795298909185306
18,34,5,9,57.8,50.633460956377974
5,23,17,2,89.7,56.89149413807971
5,11,17,2,94.05,64.3710256821221
18,41,5,9,60.95,59.304277825643005
5,23,17,2,61.4,58.6859617392708
5,13,17,2,65.95,49.69218407249512
18,41,5,9,50.6,36.774419026503224
5,23,17,2,84.15,65.056473443018
5,13,17,2,84.2,56.793809892498516
18,31,5,9,87.55,77.60661596864834
5,13,17,2,64.6,53.47542475410157
5,23,17,2,96.35,88.81279839017988
5,23,17,2,58.85,41.967750776794766
18,31,5,9,62.3,47.334309354898835
5,13,17,2,104.15,67.75829721964139
5,23,17,2,72.95,51.66132117225766
18,27,5,9,67.35,43.77607493645479
5,13,17,2,74.55,64.28511737400402
5,23,17,2,73.75,63.64612279918095
5,13,17,2,69.85,71.79743068266147
5,23,17,2,69.35,42.7985181740529
18,27,5,9,94.05,102.54266121191243
5,23,17,2,42.2,32.57800355745382
5,13,17,2,102.6,84.38096567604008
5,23,17,2,61.1,43.723894467080825
18,24,5,9,76.35,55.17462708242087
5,19,17,2,61.7,44.25892713994485
5,13,17,2,81.25,53.521146829031395
18,24,5,9,44.75,35.58366715813665
5,19,17,2,73.4,62.66653602076713
5,13,17,2,80.9,48.68361877307505
18,41,5,9,75.2,58.147362704371076
5,19,17,2,76.55,43.40928229622881
5,13,17,2,78.95,56.86685742754043
18,41,5,9,52.95,47.551052896638865
5,19,17,2,66.75,51.30494487299496
5,1,17,2,60.95,48.54241227497542
18,30,5,9,60.25,74.4374516659881
5,19,17,2,91.45,66.10237275779537
5,1,17,2,92.75,71.94213683670773
18,30,5,9,52.1,53.26092672672411
5,19,17,2,70.45,62.77820188233291
5,1,17,2,88.4,57.51192096106318
5,19,17,2,52.0,36.35352730297875
18,30,5,9,63.75,51.80314459059106
5,1,17,2,74.0,68.9813094441645
5,19,17,2,70.2,63.9733497144257
5,1,17,2,70.7,52.3943548586356
18,30,5,9,73.25,84.8502550937455
5,19,17,2,88.35,71.89998535978182
18,37,5,9,47.25,52.067643250719634
5,1,17,2,79.1,69.09177725468152
5,1,17,2,52.05,43.97424485453179
5,19,17,2,91.9,75.02694252908856
5,1,17,2,51.65,49.50308337020932
18,37,5,9,94.4,74.48588704191589
5,21,17,2,69.7,41.56554747434593
5,1,17,2,73.2,61.17670695358006
18,35,5,9,59.05,66.84111167931243
5,21,17,2,90.3,46.418122595201524
5,1,17,2,88.1,47.633358501214914
5,21,17,2,64.4,41.63298287605507
18,35,5,9,75.2,62.930705416438215
5,7,17,2,96.6,76.85351753755151
18,30,5,9,38.55,51.04433057853268
5,21,17,2,98.95,38.95135292562817
5,7,17,2,80.1,61.311886028901874
18,30,5,9,49.45,53.270387745222166
5,21,17,2,85.0,70.39662073229307
5,7,17,2,79.1,57.94634541857166
18,29,5,9,86.9,72.25532214963386
5,7,17,2,62.05,42.141959337958
5,21,17,2,85.25,67.09449345983305
18,29,5,9,48.25,53.68511996133713
5,7,17,2,74.2,53.19141204921593
5,21,17,2,87.3,74.15140982440839
18,44,5,9,31.15,29.435522757375992
5,7,17,2,60.2,45.57076625252317
5,21,17,2,74.5,44.185613281390935
18,44,5,9,49.85,48.20490802703328
5,7,17,2,74.25,56.71059958476156
5,21,17,2,65.4,39.013358036231104
18,41,5,9,37.05,40.347797174593126
5,7,17,2,69.4,34.219723460077965
5,21,17,2,57.75,46.591025790494534
18,41,5,9,69.35,62.97892295714579
5,7,17,2,101.55,59.19946212415678
5,5,17,2,83.2,68.63373422511856
18,28,5,9,42.6,54.15125016781093
5,7,17,2,75.9,37.67995418479727
5,5,17,2,78.8,53.86689247824825
5,10,17,2,55.25,38.72286826044514
18,28,5,9,58.1,60.12522020968537
5,5,17,2,76.15,54.02462888642355
18,36,5,9,34.55,33.39157630931868
5,10,17,2,90.2,63.197768115154524
5,5,17,2,50.95,37.2169669852199
18,36,5,9,61.15,68.38611354884696
5,10,17,2,74.75,53.56341544080447
5,5,17,2,81.3,50.893180186285115
18,46,5,9,33.8,36.72027978336251
5,10,17,2,78.6,81.15962179881271
5,5,17,2,88.6,74.08132089307774
18,46,5,9,64.85,79.80454742352521
5,10,17,2,89.65,61.556371255177666
5,5,17,2,67.9,57.400623506608085
5,10,17,2,55.6,43.15748395183194
18,27,5,9,81.5,71.80859060175548
5,5,17,2,70.1,51.503602326745835
5,5,17,2,73.3,56.772955014272696
18,27,5,9,58.6,47.0815641648674
5,10,17,2,97.6,80.02723220714836
5,10,17,2,62.85,48.15684353181142
5,5,17,2,88.65,39.58771074595326
18,29,5,9,60.65,61.84383984129534
5,10,17,2,67.25,41.503170455939106
5,10,17,2,96.8,61.55835913137523
18,29,5,9,76.8,61.59596705868605
5,10,17,2,65.65,45.68919600495228
5,10,17,2,77.35,55.82705908711105
5,4,17,2,79.85,58.50800664956261
19,1,5,9,82.6,80.82104988963678
5,10,17,2,83.5,58.57473858242988
5,4,17,2,91.35,74.19481823302473
19,1,5,9,70.8,66.8986664960324
5,10,17,2,111.6,62.059733534037896
5,4,17,2,83.9,57.30334793195356
19,9,5,9,57.8,56.52907961487842
5,10,17,2,76.2,72.35410001840728
5,4,17,2,76.1,60.689806653003494
5,10,17,2,79.0,60.4300378428163
19,9,5,9,87.05,85.34787944826626
5,4,17,2,71.35,51.58363163476937
5,10,17,2,77.25,61.971024638429554
5,4,17,2,56.8,60.841121827783205
19,19,5,9,50.2,57.39026141483551
5,10,17,2,59.0,66.0948282075797
5,4,17,2,66.35,44.64394224245176
5,10,17,2,68.65,59.764692093682136
19,19,5,9,86.05,104.76011444699442
5,4,17,2,90.45,54.230963189132574
5,10,17,2,77.05,58.219615974433616
5,4,17,2,71.9,53.798747784292296
19,8,5,9,78.6,78.54894551873541
5,4,17,2,62.2,48.50892484351394
5,7,17,2,87.85,82.26867089315542
5,13,17,2,80.8,77.74018807608626
19,8,5,9,86.1,95.81995177359846
5,7,17,2,98.6,65.60439651506034
5,13,17,2,78.35,61.56235606448576
19,12,5,9,67.7,75.90929490274283
5,7,17,2,82.7,45.75460862608613
5,13,17,2,86.0,61.62962377230441
5,7,17,2,60.8,49.230499746225995
19,12,5,9,69.75,84.6913125477025
5,13,17,2,73.05,58.15087002109707
5,7,17,2,80.25,52.449349000023986
5,13,17,2,77.2,50.409481146642285
19,23,5,9,65.55,78.47056102366301
5,7,17,2,67.8,47.18563563762086
5,13,17,2,84.6,60.98955907193848
19,23,5,9,61.45,59.70671742160306
5,7,17,2,79.65,70.89300685577267
5,13,17,2,71.4,67.004634560839
19,18,5,9,48.55,50.94628233944579
5,7,17,2,57.55,37.60525579168283
5,7,17,2,61.25,39.4246449772087
5,13,17,2,87.05,63.580429792756036
19,18,5,9,65.9,79.26165861446371
5,7,17,2,78.15,75.32824660671523
5,13,17,2,67.45,56.44044369253777
19,19,5,9,57.85,51.22219399727755
5,20,17,2,64.6,48.46528871807446
5,13,17,2,81.3,81.42552296100827
19,19,5,9,63.55,98.02119802959916
5,20,17,2,69.35,70.54321184098512
5,0,17,2,85.85,62.89362364132665
5,20,17,2,88.15,65.11388808121222
5,0,17,2,58.3,50.43714170289485
19,2,5,9,90.1,116.45776284265378
5,0,17,2,83.3,57.9710454042633
5,20,17,2,84.6,68.48311355440305
19,2,5,9,55.65,52.042770871659016
5,0,17,2,64.45,49.849747927357186
5,20,17,2,78.9,69.28347566339322
5,0,17,2,62.2,39.81351264927128
19,5,5,9,100.45,105.23231192786847
5,20,17,2,101.0,69.26683720830701
5,0,17,2,86.25,56.66231923467862
19,5,5,9,58.05,64.88327576258932
5,20,17,2,65.6,56.415190190324864
5,0,17,2,83.9,61.90221490808156
19,18,5,9,60.05,73.52226658782035
5,20,17,2,85.25,63.6428149498185
5,0,17,2,79.35,65.1098464539977
19,18,5,9,50.25,39.58053083338614
5,0,17,2,73.45,44.386431070293256
5,20,17,2,83.55,59.42662437166127
5,20,17,2,58.8,32.347781181534245
5,0,17,2,69.25,70.57573386459623
19,14,5,9,79.55,78.80787764524159
5,12,17,2,71.0,58.699950685893384
5,18,17,2,73.85,68.0505036912408
5,12,17,2,66.5,59.63706018381876
5,18,17,2,68.4,58.677889676113146
19,14,5,9,100.4,97.98732463677986
5,12,17,2,55.0,52.60278159545317
5,18,17,2,70.5,46.75749306683087
5,12,17,2,50.2,40.790349735923414
5,18,17,2,66.55,38.29040693382475
19,8,5,9,78.15,93.02307297258652
5,12,17,2,66.05,56.073706193864055
5,18,17,2,64.05,44.12360032072584
5,12,17,2,56.9,39.448700865807986
5,18,17,2,71.1,49.930372572845464
19,8,5,9,75.5,105.42071103815167
5,12,17,2,99.95,53.26544747523334
5,18,17,2,81.05,66.84426125822542
19,4,5,9,65.95,94.40476961634825
5,12,17,2,77.75,58.71866465568992
5,18,17,2,74.55,56.4618874714803
19,4,5,9,50.1,45.23028794257694
5,18,17,2,72.95,58.74160634328511
5,12,17,2,89.6,69.85729815318624
5,18,17,2,84.55,51.37936817132155
5,12,17,2,80.25,63.5443276693315
19,11,5,9,121.25,113.36753224985121
5,10,17,2,64.15,43.85655445222587
5,12,17,2,79.85,50.70479578688266
5,10,17,2,73.4,53.50395951899753
19,11,5,9,78.65,65.13974855727695
5,12,17,2,80.2,57.32052080418634
5,10,17,2,70.15,30.508454393392082
5,12,17,2,60.95,48.39690616471046
19,2,5,9,73.4,85.86120991705772
5,10,17,2,72.1,66.23792839374384
5,12,17,2,85.3,58.19757636480099
19,2,5,9,75.05,82.00094672110741
5,12,17,2,72.1,64.44246720096437
5,10,17,2,108.85,87.28614467732882
5,12,17,2,74.1,60.84657149879437
5,10,17,2,76.1,40.83071599202067
19,1,5,9,71.15,69.20242998471566
5,10,17,2,78.75,48.78942400497102
5,12,17,2,100.55,62.986610941490866
5,10,17,2,52.65,34.57756345864818
19,1,5,9,93.7,71.28305327502832
5,10,17,2,78.85,55.3441624364257
5,12,17,2,104.25,53.25003088706789
19,1,5,9,78.4,108.20711135303641
5,10,17,2,72.8,62.22675004411392
5,12,17,2,68.35,45.620026765722784
5,12,17,2,62.95,58.478493572648695
5,17,17,2,71.15,50.66637523000209
19,1,5,9,64.95,76.19744090190956
5,10,17,2,83.35,54.37711883349079
5,17,17,2,83.45,76.49938080244763
19,10,5,9,75.9,120.75852372661558
5,17,17,2,79.85,52.26277229942029
5,10,17,2,92.1,63.87479529269906
5,17,17,2,65.35,41.18670582654196
5,10,17,2,70.6,47.59411728354671
19,10,5,9,92.9,81.53907684436695
5,17,17,2,67.15,49.81785243316528
5,10,17,2,86.95,54.553185058253014
19,13,5,9,57.45,51.16996960594841
5,10,17,2,76.6,65.76385185287063
5,17,17,2,109.75,84.92155823247462
19,13,5,9,82.6,84.19676203300281
5,10,17,2,69.8,55.37299360746746
5,17,17,2,94.45,61.77418554703898
5,10,17,2,66.9,45.01917720027181
5,17,17,2,79.1,63.5178383564309
5,10,17,2,60.05,55.415630513990884
5,17,17,2,72.95,52.9373761105864
5,10,17,2,65.2,47.52351218635167
5,10,17,2,58.3,45.94745282442359
5,17,17,2,76.3,42.576371010468385
5,20,17,2,77.3,48.46713482242103
5,12,17,2,89.95,53.500098376692634
5,20,17,2,74.8,46.35174441729583
5,12,17,2,73.4,49.97725798590268
5,20,17,2,68.1,58.91823058049896
5,12,17,2,70.35,51.62544762135495
5,12,17,2,71.85,35.90378223735445
5,20,17,2,79.15,71.23886801311117
5,20,17,2,46.2,35.68959748191414
5,12,17,2,70.2,61.65233593559769
5,20,17,2,76.5,55.018178813915675
5,12,17,2,61.95,55.49250779206714
5,12,17,2,55.55,51.94579664875383
5,20,17,2,67.25,54.61624493249528
5,12,17,2,71.3,53.37168577162674
5,12,17,2,73.6,64.76630052898287
5,20,17,2,130.7,91.25678056999381
5,12,17,2,73.1,53.89648948630484
5,20,17,2,84.85,75.38063062673469
5,14,17,2,67.35,59.66333176998027
5,20,17,2,79.0,83.82688929228527
5,14,17,2,108.7,73.34711991619031
5,17,17,2,77.8,59.5161190019362
5,14,17,2,86.75,76.53542351507294
5,17,17,2,97.2,58.1455523936087
5,14,17,2,70.75,50.15331756880989
5,17,17,2,57.55,40.04139305637027
5,14,17,2,47.9,41.09155374859515
5,17,17,2,73.85,40.23912079190179
5,14,17,2,71.1,44.96302574572274
5,17,17,2,71.25,65.56063886526009
5,14,17,2,62.05,50.78590251966427
5,17,17,2,60.75,55.11698085841938
5,14,17,2,65.6,41.53299259244643
5,14,17,2,49.8,46.38806561583428
5,17,17,2,72.4,59.33703911155591
5,17,17,2,63.7,41.1199784968201
5,14,17,2,72.25,62.406877994758155
5,5,17,2,64.95,69.77895550650602
5,17,17,2,89.6,67.28916390435661
5,5,17,2,78.9,50.60569969978938
5,17,17,2,81.2,80.94546572262483
5,5,17,2,63.15,53.648245176578854
5,23,17,2,52.8,46.82397046947552
5,5,17,2,56.95,44.82184030605004
5,23,17,2,64.55,40.717867537999894
5,5,17,2,65.05,51.966056735445875
5,23,17,2,83.15,104.3800116981468
5,5,17,2,85.6,61.79030753494563
5,23,17,2,48.2,39.83597950544074
5,5,17,2,94.0,64.42131062899836
5,23,17,2,73.05,46.905812679857654
5,5,17,2,89.85,52.6850373246023
5,23,17,2,83.65,54.67441911226088
5,5,17,2,72.0,51.87738580436313
5,23,17,2,62.85,47.49102408267327
5,5,17,2,54.35,47.43779860872662
5,23,17,2,70.7,56.091185159805455
5,9,17,2,67.25,43.05428030558145
5,23,17,2,71.95,38.83632998000441
5,9,17,2,50.6,55.353790342334804
5,23,17,2,64.95,36.12183331594983
5,9,17,2,78.65,65.42193017152904
5,5,17,2,76.1,40.937564785002984
5,9,17,2,71.8,40.18064472512002
5,5,17,2,68.6,48.124181469457355
5,9,17,2,69.3,61.885377917566274
5,5,17,2,53.05,38.92567141022544
5,5,17,2,54.0,36.81961719690084
5,9,17,2,84.0,85.27293641132881
5,5,17,2,69.6,43.64980255577217
5,9,17,2,73.1,52.24829385277874
5,5,17,2,68.15,47.014303534585146
5,9,17,2,99.6,52.08434455158691
5,5,17,2,73.1,66.09793372039147
5,5,17,2,68.4,45.21690415157402
5,9,17,2,95.0,69.7476654957373
5,5,17,2,83.6,46.402586134826585
5,9,17,2,83.65,62.31606618893042
5,5,17,2,51.05,38.49193353637124
5,21,17,2,81.15,56.01059580209144
5,7,17,2,74.4,60.09676407787344
5,21,17,2,56.85,39.1209662457358
5,7,17,2,75.5,63.290890672396635
5,21,17,2,77.3,51.651769216144906
5,7,17,2,71.85,52.036702634319866
5,7,17,2,61.85,41.19820512186372
5,21,17,2,87.7,89.67256225319221
5,7,17,2,69.1,46.40768992538334
5,21,17,2,77.85,51.35764689641497
5,7,17,2,79.35,56.17292380160617
5,21,17,2,69.8,42.83702284608245
5,7,17,2,73.65,56.49059073956709
5,21,17,2,80.0,57.50423325378109
5,21,17,2,55.6,39.126515440635856
5,7,17,2,77.8,53.95670779235398
5,7,17,2,59.45,60.21931409002999
5,21,17,2,68.4,56.54658070541211
5,7,17,2,66.15,62.659711726788295
5,21,17,2,70.6,59.793856399783195
5,3,17,2,49.25,39.504663282359864
5,19,17,2,80.85,44.16389928437026
5,3,17,2,77.65,67.5638294698545
5,19,17,2,65.5,52.62528909784324
5,3,17,2,64.2,60.77707323965959
5,19,17,2,80.5,54.76600943535767
5,3,17,2,67.5,49.20472805694484
5,19,17,2,65.2,42.48541545419779
5,19,17,2,65.15,50.15163847877019
5,3,17,2,96.15,68.93343471097774
5,19,17,2,55.45,45.87107218234488
5,3,17,2,86.7,43.09121292768338
5,19,17,2,77.8,61.797291713778975
5,19,17,2,47.1,36.456029751786716
5,3,17,2,95.75,83.61873058868544
5,19,17,2,77.55,49.26456503838284
5,3,17,2,87.1,74.55616039356894
5,19,17,2,86.25,72.837869704968
5,3,17,2,57.0,50.58916047825598
5,12,17,2,82.7,48.049426306887916
5,3,17,2,71.55,52.145015404916194
6,46,17,3,72.6,44.46453347154455
5,12,17,2,76.8,63.87042804731599
6,46,17,3,62.55,45.56369168537597
5,12,17,2,69.6,57.2633804175243
6,46,17,3,58.15,45.822627138726304
5,12,17,2,87.25,83.9196827799935
6,46,17,3,64.85,48.51725140824165
5,12,17,2,70.8,55.716009227245685
6,46,17,3,61.4,41.63677524294574
5,12,17,2,62.45,49.60419655421781
6,46,17,3,53.35,47.07807065760135
6,46,17,3,66.0,61.235524605282926
5,12,17,2,80.8,62.88134189006097
5,12,17,2,62.05,48.610671343040025
6,46,17,3,70.75,57.488557213817046
6,46,17,3,60.35,48.80819064136889
5,12,17,2,73.4,62.37695255882829
6,46,17,3,69.6,55.05251081802192
5,12,17,2,71.4,46.77763748225269
6,43,17,3,60.3,46.89641440675957
5,6,17,2,78.4,65.31494549690107
6,43,17,3,74.25,55.61983269908032
5,6,17,2,75.95,63.32828003847553
6,43,17,3,50.35,38.49576189933804
5,6,17,2,64.75,65.944055236637
6,43,17,3,59.65,56.582752626015306
5,6,17,2,86.95,63.01000338292158
6,43,17,3,87.45,78.8332517339439
5,6,17,2,75.35,60.62592375856179
6,43,17,3,73.65,54.47575510937726
5,6,17,2,82.1,49.29278798534752
6,43,17,3,61.6,54.18428593333369
5,6,17,2,74.2,50.69890479456555
6,43,17,3,63.45,44.93325459413165
6,43,17,3,65.1,39.101621988163906
5,6,17,2,84.25,68.85979271412003
5,6,17,2,61.4,47.18318166019485
6,43,17,3,71.9,52.24527175785989
6,42,17,3,68.1,55.41888334835832
5,6,17,2,76.15,66.57901913871729
6,42,17,3,60.75,36.2504083461574
5,13,17,2,85.2,51.33235360195156
6,42,17,3,61.0,52.62278873964056
5,13,17,2,72.95,56.028634596399385
6,42,17,3,83.65,44.08517473685396
5,13,17,2,94.9,83.62692842556599
6,42,17,3,91.35,78.11211577968521
5,13,17,2,63.75,48.38211392000582
6,42,17,3,67.65,53.689433440462885
5,13,17,2,67.65,62.9663861871847
6,42,17,3,63.65,55.7544192253663
5,13,17,2,65.45,51.15865415290791
5,13,17,2,57.65,39.85272228699328
6,42,17,3,68.15,47.827843685231585
6,42,17,3,58.3,44.75794548692473
5,13,17,2,63.75,58.77510661746805
5,13,17,2,51.4,33.88277003527247
6,42,17,3,64.55,34.48184114024442
5,13,17,2,77.4,56.216124302364946
6,34,17,3,69.25,54.027161784849625
6,34,17,3,53.05,36.918794243867886
6,34,17,3,62.65,40.74345281598531
6,34,17,3,55.0,50.07362999676209
6,34,17,3,83.9,53.30241428322973
6,34,17,3,56.95,42.654641260390775
6,34,17,3,74.55,42.01562992381212
6,34,17,3,73.05,61.49922977694838
6,34,17,3,60.5,42.495200967440525
6,34,17,3,60.6,49.553161246016224
6,34,17,3,72.85,51.52033323690856
6,34,17,3,57.55,43.304886074145685
6,34,17,3,75.1,65.56226449960214
6,34,17,3,62.55,42.171922562666964
6,34,17,3,74.9,66.36811219094207
6,34,17,3,54.2,36.66146693593612
6,34,17,3,69.45,54.02287527179184
6,34,17,3,78.7,73.71645535071315
6,34,17,3,85.0,63.168946401484995
6,34,17,3,77.65,45.17833085614571
6,46,17,3,66.6,55.358544246147154
6,29,17,3,75.55,44.1665210192898
6,29,17,3,63.3,34.19618322808001
6,46,17,3,72.1,59.08236890807167
6,29,17,3,59.9,35.05319266185997
6,46,17,3,95.2,53.70543440109694
6,29,17,3,56.95,45.12960867265933
6,46,17,3,66.85,47.2588337606955
6,29,17,3,87.85,55.04665485319081
6,46,17,3,62.05,41.70381151329986
6,29,17,3,59.8,45.12625563204221
6,46,17,3,83.1,64.08702964267461
6,29,17,3,67.25,46.818659123316024
6,46,17,3,51.2,40.92046200284541
6,29,17,3,71.45,54.25813060585579
6,46,17,3,88.5,62.30189656655304
6,29,17,3,63.55,40.94216074312383
6,46,17,3,67.5,46.12625693623284
6,29,17,3,68.7,50.33372835908657
6,46,17,3,76.8,56.76414732075724
6,40,17,3,84.7,72.35009911607075
6,43,17,3,69.75,44.43194085813777
6,40,17,3,60.75,45.0845696558438
6,43,17,3,75.7,53.62354157015663
6,40,17,3,90.7,65.79561655532028
6,43,17,3,50.55,43.001193373893095
6,40,17,3,69.55,47.94456777307903
6,43,17,3,72.95,65.24486267334125
6,40,17,3,63.95,54.83033639759731
6,43,17,3,68.8,49.816082797256925
6,40,17,3,55.95,42.276626614415875
6,43,17,3,55.1,26.93442328869762
6,40,17,3,58.5,52.6412885780534
6,43,17,3,72.15,59.94846470972073
6,40,17,3,51.4,37.69182516422528
6,43,17,3,72.1,71.50553898309667
6,40,17,3,82.0,78.08295184239036
6,43,17,3,50.3,51.45984638019904
6,40,17,3,63.4,43.61240769853412
6,43,17,3,80.8,69.5803965132951
6,29,17,3,62.15,51.936474354937225
6,35,17,3,60.7,52.305881726225536
6,29,17,3,77.85,41.963988320814714
6,35,17,3,83.65,47.7727900973369
6,29,17,3,62.75,39.89970979976249
6,35,17,3,68.25,57.37492116724317
6,29,17,3,60.1,49.402642162455024
6,29,17,3,50.25,33.40954008095671
6,35,17,3,74.8,65.40449043010008
6,29,17,3,96.2,71.85189445548464
6,35,17,3,74.3,59.0362065533561
6,35,17,3,67.2,47.07172578545484
6,29,17,3,67.15,56.859267633249324
6,29,17,3,77.6,43.08180712624713
6,35,17,3,92.55,72.33072798283116
6,29,17,3,47.7,34.13456343726446
6,35,17,3,64.2,48.41443890759081
6,29,17,3,61.55,35.66433424083654
6,35,17,3,74.0,45.376785161345964
6,36,17,3,80.6,60.9576211719861
6,35,17,3,68.25,53.2312482426787
6,36,17,3,84.45,45.68827443724081
6,28,17,3,89.55,59.68026650850611
6,36,17,3,61.05,36.78454337869301
6,28,17,3,62.7,41.52881054476708
6,36,17,3,63.15,54.13265868994525
6,28,17,3,74.65,58.93017723945589
6,36,17,3,62.15,53.88806625042809
6,28,17,3,61.5,43.817204023317736
6,36,17,3,84.7,33.664130528063936
6,28,17,3,69.1,48.88751858791987
6,36,17,3,60.75,50.82464694262131
6,28,17,3,48.85,28.056850181466615
6,36,17,3,74.2,66.20907872235617
6,28,17,3,57.65,48.67104943014459
6,36,17,3,60.55,44.70661672445555
6,28,17,3,80.75,46.78717210608277
6,36,17,3,67.2,46.807106972743945
6,28,17,3,66.35,56.14293319170652
6,32,17,3,51.45,42.8896687351456
6,28,17,3,66.4,54.42077776577233
6,32,17,3,49.95,40.598774936145425
6,32,17,3,49.4,31.936450054839582
6,37,17,3,65.0,53.60675526952098
6,32,17,3,57.8,45.606555392145566
6,37,17,3,63.1,38.838261113440566
6,32,17,3,48.3,41.139173289546896
6,37,17,3,70.65,53.674726974521946
6,32,17,3,61.5,30.625926409188875
6,37,17,3,66.8,53.76420252997538
6,32,17,3,59.2,40.44567506642642
6,37,17,3,67.35,54.68596952745645
6,32,17,3,57.35,40.1618763977665
6,32,17,3,66.7,59.524519494512774
6,37,17,3,85.05,65.638944633743
6,32,17,3,49.45,48.14066559791759
6,37,17,3,56.1,46.62041567698358
6,32,17,3,54.5,40.0558820176329
6,37,17,3,52.95,40.85722895516455
6,32,17,3,47.3,34.90905477470219
6,37,17,3,75.4,59.56544388538675
6,32,17,3,81.25,81.37171045982686
6,37,17,3,79.9,62.687109394280796
6,32,17,3,71.05,52.71619645252351
6,26,17,3,51.45,35.67318763146172
6,32,17,3,77.75,58.01077486122729
6,26,17,3,71.0,37.60878956615832
6,26,17,3,53.15,46.968382422310654
6,32,17,3,57.85,43.07554563298006
6,32,17,3,48.25,29.684082213235182
6,26,17,3,81.1,47.60904381135562
6,32,17,3,58.8,56.37618011368388
6,26,17,3,75.9,57.66682892178775
6,32,17,3,75.25,53.643928385527275
6,26,17,3,50.45,51.538922440382755
6,32,17,3,69.85,63.974727740520194
6,26,17,3,72.25,56.74492789761269
6,39,17,3,69.2,46.022420165553406
6,39,17,3,58.35,41.61638720757157
6,26,17,3,99.55,69.65816912836418
6,39,17,3,56.15,40.0674103034006
6,26,17,3,99.65,51.204723260755216
6,39,17,3,62.8,41.887820111390496
6,39,17,3,52.6,46.23555250875103
6,26,17,3,77.65,41.81950564786221
6,39,17,3,58.4,45.47341617854731
6,45,17,3,90.85,45.774360784866865
6,39,17,3,52.25,32.20799998692708
6,45,17,3,75.25,43.908846968524045
6,39,17,3,92.5,73.82233294948936
6,45,17,3,83.4,48.70577616237059
6,39,17,3,60.25,44.636396524997885
6,45,17,3,56.15,47.014303534585146
6,39,17,3,59.25,49.81531681595213
6,45,17,3,55.1,41.62350044714746
6,32,17,3,64.5,41.86129980127984
6,45,17,3,68.4,44.15570535943768
6,32,17,3,81.8,52.72330953592587
6,45,17,3,75.3,51.36566537043366
6,32,17,3,68.65,54.84646032814074
6,45,17,3,78.7,59.150210214512775
6,32,17,3,48.9,36.30267497755938
6,32,17,3,55.95,38.53566359128973
6,45,17,3,80.2,45.74022760167064
6,32,17,3,60.35,46.18529613358962
6,45,17,3,67.25,42.56125616468327
6,32,17,3,67.85,54.269575658054144
6,31,17,3,81.25,63.41083669631175
6,32,17,3,69.5,55.560777532356404
6,31,17,3,65.0,42.09888109527003
6,32,17,3,64.35,45.941925583455784
6,31,17,3,64.15,53.64432083543174
6,31,17,3,51.0,35.19419808643704
6,32,17,3,72.6,56.18147287795899
6,31,17,3,61.4,33.89829991079354
6,30,17,3,90.15,40.36709837948409
6,31,17,3,71.75,50.85259916764593
6,30,17,3,78.65,52.952088572694905
6,31,17,3,55.0,53.34396823792191
6,31,17,3,70.05,51.86467715933557
6,30,17,3,85.25,51.34698781715181
6,31,17,3,49.2,45.05038115382891
6,30,17,3,73.35,63.256599406078195
6,31,17,3,65.0,56.35414335862281
6,30,17,3,69.25,63.53604447373492
6,31,17,3,68.2,49.35649053462712
6,30,17,3,51.45,38.2367624152464
6,31,17,3,66.9,49.329077578410505
6,30,17,3,63.55,46.873261371265244
6,31,17,3,72.95,60.626965513444766
6,30,17,3,60.6,48.365276800613884
6,31,17,3,75.2,36.41081389396635
6,30,17,3,82.9,47.87582622620842
6,31,17,3,76.85,60.57815743231826
6,30,17,3,61.2,48.28490011325868
6,38,17,3,67.05,66.97876725618273
6,31,17,3,92.55,66.16763002524645
6,38,17,3,60.7,43.895929555927474
6,31,17,3,66.05,51.575672559841614
6,31,17,3,64.8,47.70920687930823
6,38,17,3,79.55,69.22311372427717
6,38,17,3,56.8,47.49138426017259
6,31,17,3,82.9,62.84056685060426
6,31,17,3,71.85,55.3470153238922
6,38,17,3,96.0,52.62778933725333
6,37,17,3,47.6,36.41197027005499
6,38,17,3,72.65,47.456656124576625
6,37,17,3,59.4,43.23546302698624
6,38,17,3,71.35,45.90983726713411
6,37,17,3,60.0,36.24042523277882
6,38,17,3,67.9,55.58862056970028
6,37,17,3,57.45,56.975964461479634
6,37,17,3,71.35,58.76023986909588
6,38,17,3,79.0,46.82891594326152
6,38,17,3,70.35,43.75081954119621
6,37,17,3,75.15,52.51393298825309
6,37,17,3,72.9,57.25464816800559
6,40,17,3,77.9,54.57770896427839
6,40,17,3,43.6,33.174816066598346
6,37,17,3,70.55,58.043971535198615
6,40,17,3,79.05,52.386694775235476
6,37,17,3,72.6,54.59169013301335
6,40,17,3,81.9,68.34117199370877
6,37,17,3,79.9,47.70181503773978
6,30,17,3,55.35,31.65484082045621
6,40,17,3,69.45,60.59223069876725
6,40,17,3,66.6,43.074476506578584
6,30,17,3,80.8,75.56565635957007
6,40,17,3,61.05,42.33758439769065
6,30,17,3,59.4,40.380297436406174
6,30,17,3,67.9,43.91007557317689
6,40,17,3,71.0,53.809605873027216
6,30,17,3,64.35,50.5030223170643
6,40,17,3,78.3,47.86395193396427
6,30,17,3,79.3,51.04188166800403
6,40,17,3,84.05,66.44703074432176
6,30,17,3,51.25,39.69074530867233
6,26,17,3,57.3,61.84964791628503
6,30,17,3,62.75,49.21154656977846
6,26,17,3,62.9,47.81862662845493
6,30,17,3,97.8,64.92635504128788
6,26,17,3,60.9,41.59187673724661
6,30,17,3,61.75,45.52717522766513
6,26,17,3,76.2,34.08132688299068
6,42,17,3,64.5,49.73244202202105
6,26,17,3,56.9,51.39107028719248
6,42,17,3,77.5,61.92822670768068
6,26,17,3,88.25,67.27623730012817
6,42,17,3,63.9,59.02800405873382
6,26,17,3,66.45,46.234499536259946
6,42,17,3,76.7,48.760531925771794
6,26,17,3,68.75,61.556029248499335
6,42,17,3,66.85,37.42399314821836
6,26,17,3,70.0,44.43682683256499
6,42,17,3,69.8,35.057246416622476
6,26,17,3,79.95,46.50690384516215
6,42,17,3,77.65,60.730877432194326
6,47,17,3,78.75,52.304649083895725
6,42,17,3,83.15,44.12694009451894
6,47,17,3,74.5,64.51968283930269
6,42,17,3,61.25,34.069395125398486
6,47,17,3,70.1,41.591876737246615
6,42,17,3,60.7,58.896966234084985
6,47,17,3,53.85,58.97303130289838
6,38,17,3,57.6,39.424010850989625
6,47,17,3,47.5,40.71789985278038
6,38,17,3,70.3,46.894169764425264
6,47,17,3,57.8,36.056388586417484
6,38,17,3,46.2,46.23691849138464
6,47,17,3,55.0,38.61551365367088
6,38,17,3,70.7,52.867361336999245
6,47,17,3,72.05,57.195394551438646
6,38,17,3,53.85,40.661989233448146
6,38,17,3,73.6,44.336512219495496
6,47,17,3,84.35,62.529382567002266
6,38,17,3,54.15,40.880152178107934
6,47,17,3,62.2,46.39146927025087
6,38,17,3,55.95,41.64571754062696
6,38,17,3,70.6,38.33289092040658
6,38,17,3,71.2,63.63597129065654
6,38,17,3,67.05,56.490777076765745
6,38,17,3,70.65,51.246848426846796
6,38,17,3,54.7,39.77581915528182
6,42,17,3,70.85,53.152486697286925
6,38,17,3,75.3,61.4723729131953
6,42,17,3,57.0,45.47411062178243
6,42,17,3,60.55,48.938710326499745
6,38,17,3,90.55,61.33641058260497
6,38,17,3,65.75,50.441080793128805
6,42,17,3,79.9,51.11071573709268
6,42,17,3,50.05,29.263728222386227
6,38,17,3,65.2,54.446110488890035
6,38,17,3,45.9,33.77464012820083
6,42,17,3,64.05,61.47440631335081
6,42,17,3,44.65,33.933797777126976
6,38,17,3,64.5,47.57431859179576
6,42,17,3,53.75,52.60165596752934
6,38,17,3,62.45,45.404005156049024
6,26,17,3,53.3,42.82534910909413
6,42,17,3,79.6,58.84269842465364
6,42,17,3,58.15,37.89497258698601
6,26,17,3,104.7,55.30784659283746
6,45,17,3,60.7,37.11731047425318
6,26,17,3,71.8,50.49606550592777
6,45,17,3,72.95,50.667621759234386
6,26,17,3,60.95,64.41434541107161
6,45,17,3,86.3,46.49176497538371
6,26,17,3,67.3,47.105815933245886
6,45,17,3,66.25,70.28279343218779
6,45,17,3,48.8,39.01362784841647
6,26,17,3,85.5,76.271330062309
6,45,17,3,75.1,50.1890111688332
6,26,17,3,68.05,39.30779352213689
6,45,17,3,66.7,42.55164045325583
6,26,17,3,80.1,64.38363636498754
6,45,17,3,45.2,30.419176776985168
6,45,17,3,54.1,26.32169407442022
6,26,17,3,69.0,57.540832183946144
6,45,17,3,69.3,44.32784559096959
6,26,17,3,73.35,59.08626610393707
6,42,17,3,62.55,50.06361742297178
6,43,17,3,72.45,48.21822651675456
6,42,17,3,85.65,56.9646935898849
6,43,17,3,70.7,60.468434566700736
6,42,17,3,64.8,62.18613824216523
6,43,17,3,52.1,47.84173469835065
6,43,17,3,57.4,46.41732888752467
6,42,17,3,83.4,60.214878385224424
6,42,17,3,54.15,35.5383780692011
6,43,17,3,59.4,48.06837235701488
6,42,17,3,53.9,43.686563031139045
6,43,17,3,62.1,53.822221980770806
6,42,17,3,69.4,59.28201999541549
6,43,17,3,80.2,53.24185136565131
6,42,17,3,62.35,61.986649666215264
6,43,17,3,76.75,52.093918222662744
6,42,17,3,83.75,62.11862590407588
6,43,17,3,67.95,43.71254787935911
6,42,17,3,68.9,57.07142339578585
6,43,17,3,68.75,46.27932924956317
6,41,17,3,69.0,57.0124640112281
7,6,17,3,66.25,46.55599345214094
6,41,17,3,67.15,57.114174662411266
7,6,17,3,74.85,58.07461171902735
6,41,17,3,89.1,58.640654121432455
7,6,17,3,60.9,57.222465224034075
7,6,17,3,62.0,62.579633478599
6,41,17,3,77.2,74.18227905851766
6,41,17,3,64.15,51.07710889069171
7,6,17,3,78.65,54.464160113253435
6,41,17,3,62.1,47.334086972008706
7,6,17,3,73.45,57.48819100705081
6,41,17,3,62.35,47.40894319363006
7,6,17,3,57.95,54.716951092345276
6,41,17,3,61.85,55.15459135347139
7,6,17,3,61.05,58.20605412534082
6,41,17,3,67.95,52.83786022999238
7,6,17,3,94.85,87.81636042272953
6,41,17,3,75.1,39.722590682460726
6,46,17,3,66.05,40.65836484143143
7,6,17,3,68.35,54.213297067669366
7,15,17,3,67.2,45.01414982214511
6,46,17,3,79.95,65.0962647485286
6,46,17,3,70.9,52.545619277568306
7,15,17,3,79.75,66.365713246652
6,46,17,3,75.05,57.41673605271697
7,15,17,3,83.95,49.34355927682217
6,46,17,3,62.05,61.36300531307631
7,15,17,3,71.55,50.007867802029544
6,46,17,3,67.4,45.17498143185474
7,15,17,3,74.4,44.129474575568985
6,46,17,3,51.0,33.08998894561696
7,15,17,3,60.85,41.48211409118012
6,46,17,3,57.9,49.99778942481778
7,15,17,3,66.65,57.220050773538425
6,46,17,3,57.05,43.76068290624647
7,15,17,3,41.7,35.40160567277318
6,46,17,3,39.45,34.44213301054088
7,15,17,3,61.35,63.6232951379487
6,40,17,3,78.0,47.077763216551446
7,15,17,3,73.95,77.66424023014913
6,40,17,3,87.7,48.66328995735578
7,8,17,3,60.35,54.47961955968874
6,40,17,3,60.1,42.55139307509895
7,8,17,3,64.4,47.77182609468736
6,40,17,3,74.0,55.12378414937937
7,8,17,3,67.55,51.830162931189825
6,40,17,3,69.75,49.800523142464655
7,8,17,3,51.6,37.647114938038676
6,40,17,3,79.8,43.951648074003465
7,8,17,3,85.5,73.74743528100701
6,40,17,3,82.75,51.75333703962327
7,8,17,3,80.15,50.54781477915112
6,40,17,3,61.25,47.837306516325114
7,8,17,3,58.6,46.30493892039004
6,40,17,3,66.4,51.07002416703023
7,8,17,3,69.9,53.266855498863855
6,40,17,3,56.3,68.18326697025336
7,14,17,3,73.0,54.41071875825087
7,8,17,3,72.05,76.44500947533601
7,14,17,3,65.65,45.52070090108803
7,8,17,3,79.2,64.42997014302877
7,14,17,3,85.95,56.222747784335944
7,11,17,3,69.1,54.93623097450543
7,11,17,3,66.2,49.19627713771161
7,14,17,3,95.65,60.97477908291695
7,14,17,3,52.7,40.34339442441861
7,11,17,3,69.1,62.60645670418213
7,14,17,3,61.55,55.00858784628183
7,11,17,3,88.2,60.26048718513214
7,14,17,3,57.45,36.16260790549149
7,11,17,3,68.75,57.57089451048022
7,11,17,3,38.5,29.114113054451245
7,14,17,3,95.0,71.82361435452387
7,11,17,3,63.1,59.655061107918364
7,14,17,3,109.2,69.70660317585263
7,11,17,3,62.0,65.28157634835664
7,14,17,3,79.95,59.004437834882616
7,11,17,3,82.1,60.773869038384724
7,6,17,3,79.35,66.68249592777624
7,11,17,3,81.5,67.1334099896773
7,6,17,3,51.35,53.60113411997332
7,16,17,3,71.45,58.913384235717295
7,6,17,3,67.5,51.28403876040719
7,16,17,3,71.85,55.95230581768538
7,6,17,3,73.65,58.919458853412316
7,16,17,3,58.4,56.65816241655789
7,6,17,3,83.75,64.78049982745377
7,16,17,3,58.3,45.639433549692995
7,16,17,3,63.7,49.654702432742575
7,6,17,3,67.1,71.94654448378945
7,6,17,3,54.0,45.73148172815562
7,16,17,3,62.1,45.81530426902301
7,16,17,3,63.7,52.364210357034786
7,6,17,3,75.45,90.87207607690229
7,16,17,3,68.6,71.70289577944459
7,6,17,3,64.4,52.99195569537939
7,16,17,3,83.25,82.23898102481571
7,6,17,3,104.05,56.84001092632956
7,2,17,3,74.2,65.88155240557421
7,16,17,3,100.1,74.62460438050823
7,2,17,3,85.15,53.28204496628741
7,1,17,3,78.2,49.360755773451395
7,2,17,3,64.6,58.73526690964611
7,1,17,3,76.45,43.075790001003185
7,2,17,3,76.3,62.868367077150715
7,1,17,3,82.7,46.55963917385958
7,2,17,3,53.8,40.7063941699064
7,1,17,3,60.45,49.441592335113754
7,2,17,3,58.1,49.13558041946686
7,1,17,3,72.1,54.47346046229156
7,2,17,3,66.15,39.89100281094921
7,1,17,3,59.15,53.0523822571418
7,2,17,3,57.3,44.046745503767745
7,1,17,3,51.4,55.49243665866358
7,2,17,3,87.0,58.544629849462076
7,1,17,3,75.95,63.225140735728154
7,2,17,3,64.9,61.28870420524401
7,1,17,3,63.95,52.90157195953135
7,6,17,3,84.05,66.63685956459517
7,1,17,3,76.95,61.99276273549153
7,6,17,3,74.45,72.53636111779062
7,7,17,3,81.2,54.050268999768804
7,6,17,3,84.6,59.85456057020745
7,7,17,3,75.1,59.773167717190375
7,6,17,3,59.0,46.62165749271921
7,7,17,3,52.1,38.91678030713338
7,7,17,3,46.45,36.69142306201532
7,6,17,3,80.85,81.30014242235211
7,7,17,3,61.15,52.317125102086486
7,6,17,3,61.8,56.44801987110284
7,7,17,3,77.1,53.344856211358625
7,6,17,3,77.85,69.61947322862748
7,7,17,3,77.55,43.41413182484781
7,6,17,3,99.7,73.55921352717715
7,7,17,3,66.8,70.47627446990862
7,6,17,3,59.4,51.84227090542599
7,6,17,3,58.85,49.80728650984396
7,7,17,3,70.8,80.28278966123109
7,10,17,3,66.05,56.37793054584017
7,7,17,3,74.15,64.78894886272536
7,10,17,3,77.9,62.136437314230236
7,22,17,3,65.75,61.017577277716505
7,22,17,3,62.95,59.72522609064739
7,10,17,3,70.95,66.68423233497752
7,22,17,3,40.55,41.73408930989529
7,10,17,3,62.55,53.036705264025954
7,22,17,3,64.6,71.93739968670128
7,10,17,3,79.8,68.5362754505348
7,22,17,3,67.05,69.34997059157726
7,10,17,3,53.4,52.7949359613012
7,22,17,3,73.1,51.37160796844068
7,10,17,3,68.6,52.23066250071081
7,22,17,3,36.5,33.31113295802724
7,10,17,3,66.25,60.25286627818499
7,22,17,3,72.1,54.26824214274089
7,10,17,3,85.95,59.14075538381651
7,22,17,3,69.6,68.2768358653905
7,10,17,3,48.3,54.931632148756655
7,22,17,3,69.05,60.821113889313494
7,8,17,3,57.1,45.96898267768227
7,15,17,3,79.5,70.00714249274856
7,8,17,3,83.05,67.64417351499179
7,15,17,3,71.3,53.85858676590997
7,8,17,3,80.65,74.14869484602154
7,15,17,3,67.3,48.92217234923671
7,8,17,3,112.4,76.48694419035806
7,15,17,3,83.0,81.40283196935827
7,8,17,3,58.3,37.26731317896351
7,15,17,3,67.85,58.354880732147485
7,8,17,3,71.75,41.84416578839057
7,15,17,3,66.85,64.72148833758057
7,8,17,3,50.95,39.08085410907414
7,8,17,3,62.35,55.714757564996326
7,15,17,3,74.15,57.707315052134554
7,8,17,3,61.8,55.04696559350599
7,15,17,3,86.55,87.46155546416108
7,8,17,3,53.05,43.223379394903745
7,14,17,3,55.8,39.028464646096175
7,15,17,3,69.15,71.2802290444663
7,14,17,3,80.25,70.76861852842015
7,15,17,3,67.5,39.140099238773686
7,14,17,3,61.2,41.81236281544642
7,2,17,3,62.55,49.72924057756214
7,14,17,3,63.7,49.31114958794016
7,2,17,3,94.5,57.15859745618234
7,14,17,3,77.75,72.90937056229106
7,2,17,3,47.25,44.78119318595581
7,14,17,3,44.65,39.31288124239874
7,2,17,3,59.65,48.360787725942636
7,14,17,3,65.25,51.800096525006595
7,2,17,3,72.5,64.63622904581577
7,14,17,3,66.0,63.158114034707005
7,2,17,3,56.2,47.91505641840514
7,14,17,3,65.25,49.93772437536049
7,2,17,3,84.95,66.54359473307706
7,14,17,3,77.8,67.89512035795396
7,2,17,3,66.9,56.57961321517625
7,6,17,3,50.25,36.769373697484475
7,2,17,3,78.9,69.23712116609428
7,6,17,3,89.5,79.62114239188907
7,2,17,3,39.7,36.88260180341774
7,6,17,3,60.8,53.46873163969662
7,12,17,3,56.0,34.94958775451473
7,6,17,3,92.25,67.95422220722912
7,12,17,3,91.75,55.8945200213854
7,6,17,3,82.35,52.29096228644205
7,12,17,3,68.2,76.35140366820549
7,12,17,3,40.2,32.85630597168926
7,6,17,3,61.75,65.54458105185476
7,12,17,3,59.1,47.48174164322202
7,6,17,3,84.7,49.422027903610584
7,12,17,3,74.75,48.450598823087724
7,6,17,3,61.6,58.52251028900175
7,12,17,3,47.3,37.1612418352353
7,6,17,3,73.5,64.27449359050438
7,12,17,3,73.4,55.257673913365096
7,6,17,3,65.2,69.95908578741239
7,12,17,3,53.8,47.12983187569821
7,18,17,3,74.0,71.36415140154864
7,12,17,3,76.1,65.70099734883466
7,18,17,3,76.55,49.43520480067025
7,17,17,3,77.6,58.276473541396214
7,18,17,3,71.75,60.26946071383784
7,17,17,3,86.2,64.53118381225103
7,17,17,3,70.6,68.45236530456398
7,18,17,3,104.15,94.15568015400427
7,18,17,3,55.55,49.848692111861446
7,17,17,3,62.4,37.86179855043451
7,18,17,3,74.5,65.07687761409576
7,17,17,3,70.5,53.219011244993425
7,18,17,3,62.45,60.25950460082494
7,17,17,3,76.15,58.73515489936696
7,18,17,3,54.95,55.55222767810486
7,17,17,3,73.55,60.885116148538735
7,18,17,3,62.3,40.2715780669196
7,17,17,3,69.0,66.80214304788038
7,18,17,3,66.45,54.99136295819554
7,17,17,3,73.25,67.48869301009263
7,12,17,3,72.95,72.69653940941937
7,12,17,3,73.1,49.54625696202861
7,17,17,3,94.2,96.64835882288895
7,12,17,3,72.15,55.55866979575452
7,9,17,3,66.95,52.203523777009934
7,12,17,3,80.3,56.15120563920994
7,9,17,3,89.35,63.119164659938434
7,12,17,3,72.1,65.92012710769555
7,9,17,3,41.95,43.648687205193724
7,12,17,3,86.45,64.16793345753412
7,9,17,3,81.7,61.71334411701624
7,12,17,3,66.25,50.8474239889868
7,9,17,3,106.6,62.16649969405167
7,12,17,3,68.75,56.78108932790176
7,9,17,3,66.4,49.460670180829965
7,12,17,3,60.45,33.198723818211676
7,12,17,3,39.15,35.87738622175902
7,9,17,3,70.85,59.55031044154355
7,8,17,3,66.15,55.743090201953805
7,9,17,3,62.8,58.45970271995286
7,8,17,3,59.2,37.09816281449159
7,8,17,3,75.6,51.31779213366144
7,9,17,3,100.15,73.98881494416644
7,8,17,3,67.3,45.918807063176885
7,9,17,3,69.7,49.65682229059769
7,8,17,3,70.1,55.064459834289714
7,7,17,3,73.65,64.09965514317284
7,8,17,3,77.0,67.53634499095166
7,7,17,3,61.9,43.164190811609714
7,8,17,3,92.45,52.718193204403754
7,7,17,3,74.9,74.11719027821307
7,8,17,3,56.65,38.753302066438565
7,7,17,3,64.85,52.232551858818944
7,8,17,3,56.8,65.77921604243923
7,7,17,3,66.95,49.18651398396452
7,7,17,3,60.95,67.01568944343516
7,8,17,3,92.6,54.59361828908886
7,7,17,3,81.5,38.453663161346746
7,7,17,3,76.7,72.29115109275678
7,7,17,3,65.65,53.76584221858414
7,7,17,3,81.8,53.055680781212246
7,7,17,3,56.35,52.6300644518941
7,7,17,3,67.85,49.90968158373156
7,7,17,3,57.4,60.64859958464785
7,7,17,3,58.75,35.298538809776005
7,0,17,3,71.8,67.1287843194745
7,7,17,3,88.35,90.10068928996223
7,0,17,3,52.9,57.41070870215949
7,7,17,3,83.25,52.7275769253723
7,0,17,3,76.55,56.63035730437389
7,0,17,3,56.75,44.91263449010874
7,7,17,3,88.2,59.57533929934079
7,0,17,3,51.9,42.45728503604038
7,7,17,3,96.7,82.31396888550698
7,0,17,3,89.5,70.07927841493444
7,7,17,3,61.05,41.50646747321751
7,0,17,3,53.3,39.701650502612345
7,7,17,3,52.95,36.65410869480428
7,10,17,3,60.3,51.11195142965458
7,0,17,3,71.75,60.40466607978663
7,10,17,3,61.7,58.95948653636308
7,0,17,3,66.15,52.814745747954255
7,0,17,3,58.7,47.46311587349752
7,10,17,3,94.1,66.4212236214331
7,4,17,3,67.65,59.06488403709762
7,10,17,3,80.4,78.10748329941518
7,4,17,3,60.8,48.776180554382115
7,10,17,3,85.85,59.05686376615962
7,4,17,3,99.35,74.48226563912273
7,10,17,3,56.7,52.74576560704834
7,4,17,3,77.9,64.4400169884652
7,10,17,3,96.1,64.6756278833477
7,4,17,3,48.95,37.74495435084494
7,10,17,3,61.4,56.442238756001466
7,4,17,3,74.85,59.36175891137855
7,10,17,3,55.8,45.83678136950488
7,4,17,3,48.05,32.04679965957681
7,10,17,3,81.2,73.40772940802695
7,4,17,3,94.25,47.3318352864005
7,5,17,3,74.75,68.40735186713256
7,4,17,3,69.85,51.64379516405982
7,5,17,3,85.15,73.58509216868376
7,4,17,3,64.9,49.42820417960836
7,5,17,3,65.45,49.23571125877938
7,19,17,3,82.55,52.2740501184811
7,19,17,3,54.9,46.132418102674826
7,5,17,3,77.25,72.11166414154619
7,5,17,3,58.9,45.336055129850486
7,19,17,3,87.0,61.384894421656334
7,5,17,3,70.1,42.39277495542198
7,19,17,3,77.35,70.10088594680039
7,5,17,3,87.75,77.02827573792558
7,19,17,3,69.55,58.361374212744515
7,5,17,3,87.8,68.0925067366756
7,19,17,3,98.6,86.97452742644039
7,5,17,3,78.05,71.9740267479581
7,5,17,3,73.2,66.63300904759473
7,19,17,3,92.1,84.42243403516066
7,14,17,3,48.55,46.85866206504744
7,19,17,3,64.2,47.64407512731086
7,14,17,3,64.2,78.22141314041961
7,19,17,3,60.0,46.49051969006834
7,14,17,3,61.4,49.703753961795854
7,19,17,3,63.65,65.32934780181513
7,14,17,3,65.05,50.00576282579313
7,11,17,3,49.9,39.35653493519549
7,14,17,3,59.85,50.65390825052526
7,14,17,3,61.4,45.10502364365567
7,11,17,3,111.35,81.35773828559499
7,14,17,3,82.3,60.99447774831321
7,11,17,3,66.05,58.406447913691316
7,14,17,3,79.4,62.11568155254229
7,11,17,3,77.45,69.66874629650168
7,14,17,3,71.25,57.2711693795863
7,11,17,3,68.95,50.62085590575864
7,14,17,3,45.5,37.06537609768931
7,11,17,3,65.5,42.345073658666536
7,11,17,3,52.25,57.42626851702514
7,11,17,3,86.9,66.32606854337932
7,11,17,3,50.55,62.939799976268056
7,11,17,3,80.95,59.19412755368649
7,11,17,3,62.45,46.39473087142094
7,11,17,3,77.85,51.56832463114501
7,11,17,3,68.15,70.99316127183252
7,11,17,3,66.7,57.40539127441273
7,11,17,3,60.75,46.60570893424064
7,20,17,3,93.15,60.481641407690155
7,11,17,3,71.55,65.04288059264807
7,20,17,3,75.9,79.25966651987696
7,11,17,3,64.35,52.73596096543012
7,20,17,3,71.25,70.87266194045709
7,11,17,3,67.5,53.411510685284036
7,20,17,3,79.2,61.813471534592644
7,11,17,3,83.25,79.54202795080295
7,20,17,3,70.4,79.34892961835685
7,11,17,3,65.05,69.35148842936553
7,20,17,3,70.0,67.36858552611501
7,14,17,3,66.35,61.17728766720366
7,14,17,3,65.65,79.89089599671476
7,20,17,3,89.3,64.59110253212737
7,14,17,3,79.0,55.90499459844918
7,20,17,3,87.35,62.07573896798211
7,20,17,3,68.3,35.34655495756865
7,14,17,3,89.1,88.04956737991093
7,14,17,3,66.05,76.44087842729729
7,20,17,3,91.6,61.5256899702538
7,14,17,3,58.7,51.99200343372654
7,9,17,3,78.9,48.80562952861289
7,9,17,3,60.1,42.987023745850514
7,14,17,3,93.0,82.88101807950198
7,9,17,3,53.55,56.19933976012249
7,14,17,3,50.55,55.69888499309196
7,9,17,3,54.3,44.9328153439871
7,14,17,3,70.45,65.95331283327785
7,9,17,3,65.65,51.50091976695275
7,14,17,3,62.0,42.2473916977505
7,9,17,3,70.55,52.86076547228378
7,10,17,3,66.05,53.733724586098965
7,10,17,3,59.45,52.74813541229381
7,9,17,3,115.3,88.02637164658758
7,10,17,3,92.4,79.37015215199968
7,9,17,3,73.1,57.65587567629166
7,10,17,3,58.6,40.4831348900541
7,9,17,3,67.1,42.27093066100353
7,10,17,3,64.7,68.4505968602635
7,10,17,3,65.2,43.345126600345736
7,9,17,3,77.05,67.67995505162125
8,45,17,4,56.55,49.77684411979445
7,10,17,3,87.55,73.16274217185455
8,45,17,4,52.35,35.796611130399654
7,10,17,3,71.4,69.46593258190438
8,45,17,4,68.15,54.799418936604376
7,10,17,3,76.95,54.65631855416843
8,45,17,4,67.15,53.61880561696124
7,10,17,3,63.85,56.242215835662655
8,45,17,4,72.15,57.63156572939045
7,19,17,3,77.75,65.89055918319167
8,45,17,4,60.45,52.04904064033215
7,19,17,3,67.25,53.582081647545294
8,45,17,4,51.5,40.26425867088316
8,45,17,4,70.8,49.223015583747966
7,19,17,3,85.7,66.1927806526234
8,45,17,4,66.45,55.15096506289279
7,19,17,3,89.95,59.17545276993084
8,45,17,4,65.9,49.99042013489342
7,19,17,3,72.45,72.15515081734418
8,45,17,4,72.8,44.84546565120809
7,19,17,3,93.1,74.79438481597398
8,45,17,4,66.65,43.61829046578849
7,19,17,3,71.9,54.150764197358235
8,45,17,4,67.5,47.05931307794899
7,19,17,3,71.7,55.612474935225215
8,45,17,4,66.55,47.8467674759198
8,45,17,4,62.95,45.96162587019283
7,19,17,3,75.4,68.77453629145938
8,45,17,4,50.6,42.98273827333112
7,19,17,3,68.95,57.66644102988003
8,45,17,4,71.95,67.78019816405006
7,9,17,3,65.7,48.87912050203678
8,45,17,4,76.8,78.56180939067558
7,9,17,3,87.15,78.93453316714928
8,45,17,4,64.95,48.7350246904518
7,9,17,3,71.7,56.56956592969124
8,45,17,4,69.15,52.1478414550502
7,9,17,3,71.75,63.37264477093533
7,9,17,3,57.3,62.53007697353162
8,29,17,4,74.25,51.78993501078229
7,9,17,3,65.25,48.03822491133055
8,29,17,4,83.7,46.2169939125836
7,9,17,3,71.55,64.52047818532623
8,29,17,4,81.5,56.31163290120435
7,9,17,3,62.9,51.58324901503752
8,29,17,4,56.05,43.86759384185192
7,9,17,3,64.2,42.86650023159417
8,29,17,4,66.4,41.493690071979294
7,9,17,3,72.65,66.43498998823468
8,29,17,4,82.05,56.8835144002752
8,26,17,4,63.95,41.84743593981407
8,29,17,4,43.8,48.19871149184057
8,26,17,4,51.85,36.362610930517775
8,29,17,4,57.75,44.75768090506924
8,26,17,4,70.55,53.24864712884855
8,29,17,4,60.85,41.87735853530803
8,26,17,4,56.75,58.03163837624765
8,26,17,4,64.45,62.430993483753106
8,29,17,4,84.45,60.01445001436167
8,26,17,4,58.3,51.202487604042304
8,46,17,4,66.2,57.79054739679364
8,26,17,4,60.35,54.741762177662764
8,46,17,4,57.2,36.89758229135573
8,26,17,4,68.4,35.508931419099554
8,46,17,4,69.3,51.10165307862771
8,26,17,4,66.75,41.40032417874603
8,46,17,4,76.15,59.10229757756772
8,26,17,4,69.6,64.53509856944841
8,46,17,4,50.6,37.911809019854154
8,46,17,4,58.05,56.14312068276932
8,43,17,4,89.95,53.59445670471606
8,46,17,4,66.45,42.85775124881453
8,43,17,4,70.4,49.309335082880494
8,43,17,4,56.25,42.96862380364244
8,46,17,4,72.45,43.338903150815774
8,46,17,4,63.25,60.20130703249766
8,43,17,4,75.05,59.206574137106024
8,46,17,4,67.9,56.36618994061114
8,43,17,4,68.35,59.052407589405384
8,43,17,4,64.2,48.82147931090642
8,31,17,4,68.05,49.91305598633224
8,31,17,4,43.5,45.45848308303442
8,43,17,4,55.7,52.02944510462068
8,31,17,4,61.75,51.1281928613085
8,43,17,4,73.85,75.95308454981652
8,31,17,4,66.6,46.00503404949003
8,43,17,4,73.25,56.04967251887993
8,31,17,4,53.5,48.24989773646103
8,43,17,4,77.55,61.7273077844465
8,31,17,4,56.45,62.756400386523794
8,34,17,4,65.0,50.765715741402104
8,31,17,4,64.6,54.549253456225955
8,34,17,4,69.25,54.97260083082538
8,31,17,4,78.4,56.46834231859942
8,34,17,4,45.15,37.90330495241529
8,31,17,4,66.0,40.718546143004666
8,34,17,4,50.85,40.37100966105048
8,34,17,4,60.45,49.97733696913348
8,31,17,4,65.05,57.30112059159603
8,27,17,4,52.1,38.35279444975637
8,34,17,4,73.2,40.64687467755217
8,27,17,4,80.55,59.018708006333405
8,34,17,4,73.4,70.74148637636081
8,34,17,4,46.0,46.40666921217705
8,27,17,4,84.6,76.20153334553397
8,34,17,4,75.55,46.33911045644636
8,27,17,4,66.35,44.977508999381826
8,34,17,4,65.0,49.74143671342626
8,27,17,4,77.65,58.65445197802214
8,28,17,4,59.0,45.83035078014982
8,28,17,4,53.9,47.677535259501965
8,27,17,4,62.35,52.061982290343124
8,28,17,4,53.95,44.516673399146924
8,27,17,4,60.15,60.110665486776625
8,28,17,4,59.6,43.02068046147598
8,27,17,4,78.2,60.15908733910185
8,28,17,4,79.45,51.71630609188435
8,27,17,4,65.5,43.65233459724089
8,28,17,4,65.15,49.0083505236876
8,27,17,4,79.25,37.33472350168631
8,28,17,4,68.75,51.378753544529225
8,24,17,4,71.1,51.13954078380981
8,28,17,4,71.7,47.83205267556364
8,24,17,4,63.65,52.31209480758628
8,28,17,4,62.35,56.93974192535752
8,28,17,4,39.75,33.94403288386712
8,24,17,4,66.3,39.62070165961224
8,24,17,4,62.95,45.49317473389191
8,37,17,4,86.15,57.28807628303229
8,24,17,4,62.75,37.289585112933835
8,37,17,4,64.1,39.16752145390496
8,24,17,4,59.95,42.798764123819225
8,37,17,4,64.4,46.18657813694364
8,24,17,4,62.85,46.17959791030986
8,37,17,4,68.65,38.61861427370294
8,24,17,4,48.8,39.798968513478364
8,37,17,4,67.65,41.199482623220554
8,24,17,4,64.05,49.22395116628745
8,37,17,4,62.4,61.311456815525965
8,24,17,4,53.95,44.92622607646545
8,37,17,4,65.25,46.03531253288067
8,30,17,4,71.1,65.93130396181515
8,37,17,4,82.6,49.833829135596126
8,30,17,4,46.9,33.18354062515109
8,30,17,4,38.65,37.33105804470109
8,37,17,4,81.25,51.61688320287217
8,30,17,4,79.6,50.72983135664541
8,37,17,4,69.4,35.451078225752475
8,30,17,4,67.35,66.69670156761877
8,26,17,4,75.3,45.208406297944194
8,30,17,4,64.25,50.69399943728418
8,26,17,4,74.45,57.484528811077325
8,30,17,4,66.05,56.51220175650938
8,26,17,4,63.95,43.45654211544654
8,26,17,4,52.05,39.149477377704144
8,30,17,4,73.0,66.71936513644691
8,26,17,4,67.2,56.85123708323977
8,30,17,4,63.5,71.45591206066194
8,26,17,4,64.4,43.34245518025752
8,30,17,4,85.0,60.05348493327909
8,26,17,4,62.6,43.198927861939495
8,29,17,4,66.4,48.19630909650983
8,26,17,4,78.85,53.12079085492451
8,29,17,4,50.65,44.85329888706774
8,26,17,4,62.35,56.82408218167254
8,29,17,4,78.45,54.40053695555433
8,26,17,4,51.1,42.20613574750527
8,29,17,4,58.8,48.16484850571989
8,25,17,4,58.85,32.33911595966457
8,25,17,4,45.05,37.626243640925885
8,29,17,4,63.55,52.637264166627894
8,25,17,4,64.1,46.999328102700176
8,29,17,4,74.1,61.1907285718833
8,25,17,4,63.75,45.97925733701185
8,29,17,4,42.3,36.28266223621647
8,25,17,4,64.35,50.11699470134594
8,29,17,4,48.05,37.89386146649751
8,25,17,4,73.0,49.95787699336522
8,29,17,4,69.95,48.74258378137346
8,29,17,4,52.9,50.0546017654195
8,25,17,4,58.8,53.46282525466201
8,25,17,4,51.3,50.07163289780584
8,27,17,4,81.75,65.59916158000803
8,25,17,4,66.45,47.194418715508476
8,27,17,4,54.6,53.733651124392196
8,25,17,4,85.35,69.75240044916772
8,27,17,4,61.1,53.922849370285746
8,27,17,4,62.4,41.81840440964267
8,35,17,4,64.1,59.4314288642138
8,27,17,4,69.25,38.44459444584197
8,35,17,4,67.65,59.88434027795844
8,35,17,4,73.0,47.563807558622585
8,27,17,4,82.55,51.509299109353464
8,35,17,4,57.4,34.46187825165046
8,27,17,4,56.65,52.19021384371434
8,35,17,4,54.9,43.83089513597746
8,27,17,4,71.85,47.53311864817048
8,35,17,4,54.6,46.80013495257196
8,27,17,4,77.85,55.87606115794416
8,35,17,4,65.45,44.497752752245816
8,27,17,4,58.9,50.746947017322604
8,35,17,4,63.35,41.26458274929827
8,35,17,4,58.15,43.119509566588974
8,35,17,4,64.1,44.852858853906085
8,35,17,4,39.9,44.36558647372865
8,35,17,4,68.3,45.290988995721065
8,43,17,4,68.8,72.93587666754378
8,35,17,4,73.05,64.07928887837235
8,43,17,4,55.3,53.86835805925404
8,35,17,4,66.6,45.0291133893571
8,43,17,4,87.15,51.06680351316921
8,35,17,4,44.2,36.1686109914748
8,35,17,4,49.55,39.28234503665671
8,43,17,4,63.9,54.07489932345788
8,35,17,4,71.4,46.55319537904998
8,43,17,4,90.0,59.77413628335463
8,35,17,4,68.1,51.18788919265962
8,43,17,4,63.4,33.68335525229978
8,43,17,4,51.4,55.93548915821172
8,35,17,4,87.3,51.546708506894376
8,43,17,4,65.7,65.56724149981252
8,35,17,4,55.1,42.14124120770906
8,43,17,4,61.25,40.821659627418896
8,28,17,4,58.75,45.944904075711335
8,43,17,4,50.35,39.5863812307638
8,28,17,4,73.7,59.253336570499066
8,39,17,4,68.55,43.7931441401986
8,28,17,4,66.6,56.33116366630464
8,39,17,4,64.0,64.75784853875567
8,28,17,4,67.85,62.00447776699594
8,39,17,4,68.4,44.26285124119322
8,28,17,4,64.45,49.683710133519405
8,39,17,4,68.85,37.14023920791373
8,28,17,4,57.5,46.09772228646444
8,39,17,4,61.5,44.37104318904628
8,28,17,4,67.8,60.663524113710515
8,39,17,4,71.2,61.00267466094805
8,28,17,4,71.15,63.328944907979434
8,39,17,4,48.05,40.424686308713575
8,39,17,4,62.2,51.37437411579311
8,28,17,4,65.7,57.22908719394913
8,39,17,4,70.0,47.907806198331
8,28,17,4,71.0,77.17648946613075
8,39,17,4,68.0,41.44114406061483
8,40,17,4,82.35,52.76489562698211
8,43,17,4,86.7,53.96304778564485
8,40,17,4,59.05,34.722167953173965
8,43,17,4,60.35,37.84215833390613
8,40,17,4,80.45,49.592523842335666
8,43,17,4,53.4,52.76003272015266
8,40,17,4,61.75,52.27143227020805
8,43,17,4,46.75,42.20361047164218
8,43,17,4,58.2,45.60540134215407
8,40,17,4,60.7,35.63129907376674
8,40,17,4,52.6,35.04493356279981
8,43,17,4,72.1,51.29368484777788
8,40,17,4,72.05,46.094268395836025
8,43,17,4,66.95,54.50202796806353
8,40,17,4,56.95,66.50561907403805
8,43,17,4,65.2,51.07847419721726
8,40,17,4,49.8,46.16172942121964
8,43,17,4,68.5,46.47976356493901
8,40,17,4,65.4,61.65131150694457
8,43,17,4,72.45,51.50418991642688
8,27,17,4,78.75,50.1680072094599
8,33,17,4,62.5,47.30138531408545
8,27,17,4,56.8,50.249482846252164
8,33,17,4,54.7,38.412032106181464
8,27,17,4,54.85,51.333045681581844
8,33,17,4,58.15,58.95517922875595
8,27,17,4,67.65,55.31181942786779
8,33,17,4,69.45,49.30941513598221
8,27,17,4,61.25,42.28832736795045
8,33,17,4,57.65,60.11504321758932
8,27,17,4,52.85,39.44786699590125
8,33,17,4,53.2,70.17166919701096
8,27,17,4,62.75,39.80726593290014
8,33,17,4,63.75,42.69460091590529
8,27,17,4,57.15,49.713150859918876
8,33,17,4,54.15,35.48947212313742
8,27,17,4,70.5,59.54874164563805
8,33,17,4,85.4,47.95655929012598
8,33,17,4,53.6,41.7264273194112
8,27,17,4,62.85,49.770288113967844
8,34,17,4,70.7,56.738643658537754
8,29,17,4,68.7,59.6040443700187
8,29,17,4,51.1,50.59633854029569
8,34,17,4,75.35,53.34325291523706
8,29,17,4,43.6,46.1352702159068
8,34,17,4,72.45,51.377319386752944
8,29,17,4,76.65,53.058334332178795
8,34,17,4,72.65,63.331438106453724
8,29,17,4,66.4,65.16893027880856
8,34,17,4,48.7,33.6985084786287
8,29,17,4,65.3,55.21260344294017
8,34,17,4,74.75,53.113458498616055
8,29,17,4,60.45,42.59907955516608
8,34,17,4,55.8,54.23205499954509
8,29,17,4,41.65,43.77727721090018
8,34,17,4,67.45,52.29217008914029
8,29,17,4,60.55,43.74624795941152
8,34,17,4,60.35,58.52239787151223
8,29,17,4,75.45,52.736160569185806
8,32,17,4,62.45,41.2814154694082
8,34,17,4,94.0,66.94616847650214
8,42,17,4,60.9,48.6360273654699
8,32,17,4,76.45,51.69289373944831
8,32,17,4,60.45,39.051214685602964
8,42,17,4,82.8,50.50648733734999
8,42,17,4,56.0,42.38296579374412
8,32,17,4,63.25,57.550778493980054
8,42,17,4,58.1,49.95355737819721
8,32,17,4,58.75,49.1066240574099
8,42,17,4,43.85,41.78551121343882
8,32,17,4,63.2,61.675381081748874
8,42,17,4,56.8,42.14960822693623
8,32,17,4,59.8,48.10142792496968
8,42,17,4,58.45,55.242503659105786
8,32,17,4,67.9,57.612041869916844
8,42,17,4,72.1,40.043266074269425
8,32,17,4,63.8,53.64758296414422
8,42,17,4,72.95,44.96721027593328
8,42,17,4,43.4,37.2733854534022
8,32,17,4,69.2,65.7528066241082
8,43,17,4,63.55,44.663036642230935
8,28,17,4,72.5,45.20770777318027
8,43,17,4,66.9,56.78203941388509
8,28,17,4,58.5,47.48905691120628
8,43,17,4,56.8,47.0314564386097
8,28,17,4,65.05,50.10250020024739
8,43,17,4,75.25,41.58172042718063
8,28,17,4,86.6,45.68703605135592
8,43,17,4,69.75,56.92550533719254
8,28,17,4,64.5,44.16297568158911
8,43,17,4,65.0,40.69397989875161
8,28,17,4,45.2,33.001754339333
8,43,17,4,88.4,54.06565209855611
8,28,17,4,87.1,56.1388316680409
8,28,17,4,54.0,44.2005001162466
8,43,17,4,74.1,42.08875334213092
8,28,17,4,46.8,45.26018350080252
8,43,17,4,62.8,52.87184107771705
8,28,17,4,60.5,56.421813624090284
8,43,17,4,51.75,57.26933137194351
8,41,17,4,64.45,36.331043707029735
8,45,17,4,61.15,46.645668834872886
8,41,17,4,71.05,53.12098901267004
8,45,17,4,71.95,56.252695841832185
8,41,17,4,50.25,36.77509884061281
8,45,17,4,80.6,50.683122904655555
8,41,17,4,65.0,65.87707851509667
8,45,17,4,49.3,44.42509959115692
8,41,17,4,54.45,46.20375354995807
8,45,17,4,43.65,40.8350662002518
8,41,17,4,58.1,46.661039761014194
8,45,17,4,69.2,56.60723405509601
8,41,17,4,59.05,43.12707660904116
8,45,17,4,57.9,47.73159606757242
8,41,17,4,58.45,26.48033033662613
8,45,17,4,77.85,55.88924668249557
8,41,17,4,64.3,49.447579899270465
8,45,17,4,50.9,39.430017953197456
8,41,17,4,56.0,41.63374137706857
8,45,17,4,56.2,34.61000767955632
8,35,17,4,89.5,47.81268274818877
8,42,17,4,64.95,69.50007572884932
8,35,17,4,88.2,82.78354781883708
8,42,17,4,90.65,72.05865666247186
8,42,17,4,73.3,49.88734677672338
8,35,17,4,74.4,63.03916911020689
8,42,17,4,54.25,48.74085609251831
8,35,17,4,63.2,49.8752127023561
8,35,17,4,60.6,47.97301873257289
8,42,17,4,66.85,71.98265507453131
8,35,17,4,61.4,42.169332832983585
8,42,17,4,58.25,43.806842772382154
8,35,17,4,54.85,40.837643882755245
8,42,17,4,68.1,57.36668756434576
8,35,17,4,71.75,64.91117412522892
8,42,17,4,82.45,69.30062276624557
8,35,17,4,56.9,53.78113541304041
8,42,17,4,60.7,55.922973341627866
8,35,17,4,63.5,51.31379213386879
8,42,17,4,55.35,40.423123918970205
8,38,17,4,61.45,40.92801768445361
8,34,17,4,61.15,50.5374014702816
8,34,17,4,53.1,49.5929748845009
8,38,17,4,77.05,60.81938316376657
8,38,17,4,61.65,44.25675684362547
8,34,17,4,68.95,54.3356769487018
8,34,17,4,62.85,46.55305405776578
8,38,17,4,85.15,62.72938956971823
8,34,17,4,39.7,47.25752515960316
8,38,17,4,48.9,41.02746191977939
8,34,17,4,67.25,53.69688317917433
8,38,17,4,60.0,33.3135028732226
8,38,17,4,55.65,42.56422391979839
8,34,17,4,90.0,58.34110223955591
8,34,17,4,59.5,32.464555570976984
8,38,17,4,76.0,63.70573798828155
8,34,17,4,61.35,44.719329389567456
8,38,17,4,58.85,51.280728913449906
8,34,17,4,69.2,37.91763927805966
8,38,17,4,76.45,48.181100247427224
8,30,17,4,50.15,37.314135884971336
9,11,17,4,44.8,38.027137124621106
8,30,17,4,75.1,43.43161593997965
9,11,17,4,89.45,57.83049186608812
8,30,17,4,57.15,44.62389612374919
9,11,17,4,64.15,50.93574383475714
8,30,17,4,88.95,67.5920230422745
9,11,17,4,59.4,56.09240496481535
8,30,17,4,75.5,59.41601768794958
9,11,17,4,67.6,56.885295482270834
8,30,17,4,75.15,51.4477507052697
9,11,17,4,49.2,42.792768695558586
8,30,17,4,60.75,39.71063095099744
9,11,17,4,87.5,79.48220588679946
8,30,17,4,62.2,43.97200066070753
9,11,17,4,65.95,53.89509791203063
8,30,17,4,79.0,61.17791139051139
9,11,17,4,66.3,70.75316619286934
8,30,17,4,82.35,59.414046717661144
9,11,17,4,77.15,65.42675696009843
8,34,17,4,63.6,51.683653121659276
8,34,17,4,59.25,47.5780522156128
9,20,17,4,83.3,47.84525494814122
9,20,17,4,44.5,42.24053927087978
8,34,17,4,76.45,47.94895860786705
9,20,17,4,67.5,50.63335701003108
8,34,17,4,61.45,62.851098051790544
8,34,17,4,66.85,54.15307251816737
9,20,17,4,77.8,60.83420090705556
8,34,17,4,56.3,42.46497008371166
9,20,17,4,56.35,43.27789638821964
8,34,17,4,61.7,40.94553506922657
8,34,17,4,67.2,47.20236390155409
9,20,17,4,105.2,81.63048965984011
8,34,17,4,62.05,45.574086588993225
9,20,17,4,56.05,54.83225616176553
8,34,17,4,56.65,63.333100184243065
9,20,17,4,90.2,82.08314141931434
9,22,17,4,81.65,58.19140377825758
9,20,17,4,68.05,46.892345913412754
9,22,17,4,77.0,55.52998241822539
9,22,17,4,77.0,61.23982192555498
9,20,17,4,108.15,95.05581462875821
9,22,17,4,54.8,51.22047288053151
9,13,17,4,80.45,73.60883456702592
9,22,17,4,57.55,42.99752134839011
9,22,17,4,56.75,52.881073123914966
9,13,17,4,77.15,69.99043167687844
9,22,17,4,69.0,84.86521821781815
9,13,17,4,76.15,60.76986354920894
9,22,17,4,80.5,70.20908623158176
9,13,17,4,68.55,86.27707812928249
9,22,17,4,53.95,47.31804484994126
9,13,17,4,70.15,64.85065839863803
9,22,17,4,80.95,67.06907280047778
9,13,17,4,44.1,41.665206991976056
9,18,17,4,41.75,43.34424626418743
9,13,17,4,65.85,64.99091029561465
9,18,17,4,61.25,55.76631222294844
9,13,17,4,79.0,64.23066983434332
9,18,17,4,70.4,56.32929498657169
9,13,17,4,52.0,56.862715561716115
9,18,17,4,60.6,47.50113572049454
9,18,17,4,61.3,56.3271459282383
9,13,17,4,69.6,54.40820371579039
9,18,17,4,56.55,53.90681530977419
9,19,17,4,53.35,48.33792779130995
9,19,17,4,69.55,55.32818354814155
9,18,17,4,83.6,69.21621349457304
9,19,17,4,59.0,46.50749798065956
9,18,17,4,78.7,68.68394434310187
9,19,17,4,59.75,51.178608812667036
9,18,17,4,51.5,66.98585868045504
9,19,17,4,73.95,73.18288195012762
9,18,17,4,76.0,54.20429192562056
9,19,17,4,50.95,43.81837514102959
9,7,17,4,66.6,52.25383390618086
9,19,17,4,41.6,56.91304540122682
9,7,17,4,80.7,58.70452327233038
9,19,17,4,96.55,66.82929943638415
9,19,17,4,53.85,61.7757191272122
9,7,17,4,118.9,103.50789443576907
9,7,17,4,55.75,46.46206715386785
9,19,17,4,79.45,58.49379184332749
9,19,17,4,60.85,52.6040572779825
9,7,17,4,87.8,79.93984580525797
9,19,17,4,55.3,42.7072038789464
9,7,17,4,78.2,65.12546595449028
9,19,17,4,78.15,92.3091345197726
9,7,17,4,91.2,73.3976910579044
9,19,17,4,50.3,33.945932242162286
9,19,17,4,63.9,62.07881238690396
9,7,17,4,68.55,74.9072935806584
9,7,17,4,47.85,43.2961345059567
9,19,17,4,51.55,56.53454928765148
9,7,17,4,56.05,53.41936865377969
9,19,17,4,67.4,66.76068808576055
9,19,17,4,64.85,52.91331043369552
9,19,17,4,64.05,49.01071311458343
9,19,17,4,69.1,54.431898542558365
9,19,17,4,55.3,48.013265710744214
9,19,17,4,52.5,53.99171476400703
9,19,17,4,90.9,93.8206014858032
9,23,17,4,63.65,51.20780676502569
9,19,17,4,68.55,67.28140041724208
9,23,17,4,55.45,49.16831992462755
9,19,17,4,79.9,65.98636222735725
9,23,17,4,75.8,51.861759565822275
9,19,17,4,68.95,67.23444840728285
9,23,17,4,53.65,44.91896211951848
9,19,17,4,47.4,37.60095183565661
9,23,17,4,60.15,57.58314354958951
9,19,17,4,74.0,67.20197365522753
9,23,17,4,70.35,79.47146127947275
9,19,17,4,78.35,62.8216146175653
9,23,17,4,57.4,43.755781572869104
9,19,17,4,69.15,67.41565880885226
9,23,17,4,80.9,70.23262100072571
9,23,17,4,74.25,57.284952557139164
9,23,17,4,73.4,55.2519587649924
9,23,17,4,87.75,65.89694905484504
9,23,17,4,71.5,64.32933357259918
9,23,17,4,61.7,52.64488779099368
9,14,17,4,71.9,63.76676250210606
9,23,17,4,81.9,60.98567562615788
9,14,17,4,75.55,83.14000557081884
9,23,17,4,87.5,57.5732942476485
9,14,17,4,85.8,72.38028228155714
9,23,17,4,83.4,71.68527706139122
9,14,17,4,82.5,91.04741390587306
9,23,17,4,82.9,82.42438320890501
9,23,17,4,54.95,54.59079833779585
9,14,17,4,62.55,64.39064577372939
9,23,17,4,61.45,43.265976665760185
9,14,17,4,76.2,45.75863450299787
9,23,17,4,53.3,46.10754019851737
9,14,17,4,86.15,62.556311474248204
9,14,17,4,73.7,77.41623656708279
9,14,17,4,56.9,60.92350682791107
9,14,17,4,69.85,61.12736918237111
9,14,17,4,43.55,39.3104713517243
9,14,17,4,62.45,62.295116814621736
9,14,17,4,56.45,49.44052780334859
9,14,17,4,86.8,89.45425175973882
9,21,17,4,59.15,49.310269027647244
9,14,17,4,70.65,55.90807775174118
9,14,17,4,60.05,46.6413809942698
9,21,17,4,77.25,63.377627631606146
9,14,17,4,57.5,49.46716082412655
9,21,17,4,51.9,58.24982493761812
9,14,17,4,88.05,55.96660188287109
9,21,17,4,64.0,78.98500857091406
9,14,17,4,39.5,39.004048372876426
9,21,17,4,69.15,53.960292418543624
9,14,17,4,56.6,72.76812488995438
9,21,17,4,65.1,72.47424224835802
9,12,17,4,72.9,64.26335617883974
9,21,17,4,67.75,57.77531343147576
9,12,17,4,71.05,58.50638741557243
9,21,17,4,53.75,39.131189606246316
9,12,17,4,54.5,59.68381602023149
9,21,17,4,80.05,79.43582315303341
9,12,17,4,71.9,68.68455736956184
9,12,17,4,73.4,84.97516665101882
9,21,17,4,83.7,71.84933065651673
9,12,17,4,66.8,48.023678370263625
9,14,17,4,64.55,56.12999479591525
9,12,17,4,59.35,51.44365850131579
9,14,17,4,60.7,68.41291044670935
9,12,17,4,69.45,82.46879792733095
9,14,17,4,88.9,62.663596416017114
9,12,17,4,68.8,68.958110854573
9,14,17,4,68.05,63.82910984149704
9,12,17,4,64.8,70.5762745284546
9,14,17,4,76.75,54.14685197633717
9,22,17,4,77.25,55.95381083865889
9,14,17,4,54.9,43.28108861360752
9,22,17,4,49.6,39.4346895111665
9,14,17,4,63.85,36.26695610694614
9,22,17,4,56.55,66.8568580901332
9,14,17,4,60.3,41.25287868743223
9,14,17,4,52.5,47.79616809128663
9,22,17,4,87.1,75.01150788905309
9,14,17,4,60.35,58.20044763799638
9,22,17,4,83.25,80.28296994480147
9,22,17,4,87.65,60.433761042021956
9,0,17,4,97.8,103.73985682820677
9,0,17,4,51.25,59.74848599711434
9,22,17,4,69.4,47.884070530044916
9,0,17,4,63.7,52.216250747303405
9,22,17,4,66.9,75.50245726220822
9,0,17,4,76.3,59.76101528060263
9,22,17,4,73.1,74.80423573709263
9,22,17,4,66.5,62.32639045675933
9,0,17,4,71.15,76.08808953062926
9,9,17,4,65.75,49.88605437447054
9,0,17,4,62.95,46.15588575115512
9,0,17,4,51.7,33.95058328310661
9,9,17,4,65.35,46.58356950007611
9,0,17,4,65.0,46.01372792868164
9,9,17,4,79.85,54.62915647199859
9,0,17,4,66.95,64.52374104075753
9,9,17,4,94.15,87.94632035030172
9,0,17,4,76.9,66.16717265262363
9,9,17,4,68.9,58.54094383645653
9,23,17,4,60.4,64.66789653379227
9,9,17,4,89.2,77.83423681807788
9,23,17,4,73.4,77.32392562256658
9,23,17,4,62.05,42.91420449418142
9,9,17,4,84.6,73.33154702768573
9,23,17,4,66.0,60.54489417387989
9,9,17,4,71.45,60.00129384569882
9,9,17,4,76.4,81.42571687385413
9,23,17,4,107.0,84.79572978324843
9,9,17,4,43.3,42.680082868759875
9,20,17,4,64.9,46.119866709078394
9,23,17,4,82.15,57.78205421645794
9,23,17,4,71.45,50.617736645941555
9,20,17,4,89.85,64.07583911190503
9,23,17,4,78.15,52.98885185633514
9,20,17,4,82.55,87.85662662602783
9,23,17,4,70.0,71.33759619989272
9,20,17,4,72.3,59.41743497448681
9,20,17,4,48.75,53.76936615622417
9,23,17,4,61.85,57.27429385721054
9,21,17,4,49.4,62.45790161127901
9,20,17,4,72.65,51.361745953271694
9,21,17,4,65.1,52.33384735472225
9,20,17,4,70.15,93.49431449080346
9,21,17,4,66.3,43.192470103991624
9,20,17,4,64.3,80.10723076634613
9,21,17,4,59.3,94.82676726259145
9,20,17,4,66.65,51.8330061477799
9,21,17,4,59.4,68.1155365228042
9,20,17,4,69.55,67.5569740059611
9,21,17,4,59.2,68.72722589299941
9,9,17,4,87.65,67.28124396496905
9,21,17,4,57.0,49.9557699106762
9,9,17,4,87.2,57.40493285240802
9,21,17,4,73.3,63.785908359630334
9,21,17,4,58.65,59.15926318889234
9,9,17,4,77.0,56.28498911788115
9,9,17,4,59.2,51.92362812722871
9,21,17,4,65.75,63.33193673437056
9,9,17,4,88.7,61.38583755746579
9,18,17,4,66.85,72.66235903858772
9,18,17,4,79.45,79.00198198712953
9,9,17,4,84.45,93.48879752760699
9,9,17,4,64.25,57.697829020546436
9,18,17,4,65.55,67.23209994606664
9,18,17,4,50.1,30.08566715931446
9,9,17,4,63.15,49.485005703482386
9,9,17,4,72.75,66.95235933895557
9,18,17,4,78.65,44.50461241619557
9,9,17,4,71.65,58.129868217185624
9,18,17,4,70.75,80.14977755493314
9,14,17,4,71.9,53.06391379617999
9,18,17,4,89.65,58.3079619010357
9,14,17,4,69.6,81.48968291171975
9,18,17,4,78.9,79.13339836530531
9,14,17,4,67.45,55.29678300341093
9,14,17,4,72.7,63.4342593805421
9,18,17,4,99.95,95.15443126556788
9,14,17,4,61.9,70.26783347345093
9,18,17,4,67.15,51.40169462698984
9,14,17,4,55.05,45.81251839950805
9,7,17,4,47.5,48.82568349159132
9,14,17,4,55.3,54.17039393383962
9,7,17,4,69.45,55.06405361031823
9,14,17,4,58.55,56.93345607858908
9,14,17,4,43.45,41.070510614128764
9,7,17,4,55.05,51.068040268274494
9,7,17,4,73.15,60.578157432318264
9,14,17,4,88.85,96.25802768983397
9,7,17,4,62.8,57.86154072211387
9,11,17,4,75.3,60.413574633520895
9,11,17,4,58.25,54.915125900170516
9,7,17,4,75.05,73.0353014860478
9,11,17,4,54.7,40.879926871909056
9,7,17,4,55.75,57.98627333030502
9,11,17,4,53.15,52.17508479805482
9,7,17,4,73.3,73.7428676301362
9,11,17,4,71.9,50.669101972867466
9,7,17,4,66.15,48.85776886992865
9,11,17,4,64.2,56.0841473051643
9,11,17,4,60.8,54.021048529351276
9,7,17,4,73.05,76.9767394805251
9,16,17,4,54.75,51.49948901126158
9,11,17,4,75.75,71.29617617265393
9,16,17,4,58.75,62.74247700762723
9,11,17,4,86.45,80.67574800266479
9,16,17,4,62.15,41.88238544455552
9,11,17,4,64.4,57.03037048708992
9,16,17,4,48.3,49.96746309771042
9,16,17,4,59.6,58.553079832701684
9,23,17,4,104.4,60.42690233923785
9,16,17,4,46.95,48.15269025659281
9,16,17,4,46.95,45.89745434977275
9,23,17,4,76.15,81.6760449323391
9,23,17,4,70.6,66.78827505041978
9,16,17,4,114.0,95.47719485218502
9,23,17,4,63.65,62.002780073494336
9,16,17,4,54.85,53.705115898620036
9,23,17,4,56.55,78.34033376707583
9,16,17,4,59.05,51.268616644411026
9,23,17,4,72.9,65.53175204674288
9,1,17,4,49.3,40.99306744984288
9,23,17,4,59.2,50.022731674814864
9,1,17,4,84.95,79.7010697940485
9,23,17,4,86.15,89.54403503598839
9,1,17,4,42.15,44.7640304379826
9,23,17,4,67.7,64.16844609061536
9,1,17,4,75.55,64.76473618128603
9,23,17,4,85.55,65.59402652520635
9,1,17,4,58.6,55.71676493423539
9,11,17,4,59.85,49.415824228788566
9,1,17,4,77.15,63.81245135056653
9,1,17,4,45.0,32.3549394260468
9,11,17,4,101.35,84.78100271318233
9,1,17,4,60.1,52.14443503637908
9,11,17,4,97.65,54.02268042220785
9,11,17,4,64.2,44.76441255706309
9,1,17,4,78.1,68.508854594824
9,11,17,4,70.2,60.81516431389721
9,1,17,4,74.85,62.233241244446475
9,5,17,4,57.9,57.72065214644171
9,11,17,4,80.8,92.61158276996402
9,11,17,4,64.5,42.58922522496926
9,5,17,4,89.4,67.50079921554146
9,11,17,4,68.15,49.66230700281759
9,5,17,4,59.6,50.56460172263222
9,11,17,4,62.15,50.96776587113405
9,5,17,4,44.1,42.65146384851348
9,11,17,4,66.8,65.21914475140917
9,5,17,4,83.9,96.59296040602544
9,21,17,4,74.8,61.08458329062639
9,21,17,4,75.6,57.29002852522464
9,5,17,4,101.1,85.36170717969259
9,21,17,4,59.8,38.134940464232095
9,5,17,4,41.85,26.67795265560565
9,21,17,4,60.5,65.88946086159439
9,5,17,4,65.6,60.859977342299956
9,21,17,4,45.5,46.24818630867708
9,21,17,4,64.45,50.80351728395439
9,5,17,4,62.5,46.709065951967645
9,21,17,4,68.65,61.241777106464625
9,5,17,4,62.25,70.6048119725859
9,21,17,4,49.15,43.12073014712358
9,6,17,4,84.75,66.32128736608433
9,21,17,4,67.2,77.00963712761097
9,6,17,4,60.6,58.902595778740384
9,21,17,4,91.0,79.00233174440253
9,6,17,4,56.35,48.18634333720008
9,22,17,4,70.4,80.4758218021838
9,6,17,4,75.9,63.134693106755584
9,22,17,4,50.85,54.74656922680418
9,6,17,4,62.05,51.022672978733056
9,22,17,4,94.25,104.09958541805308
9,6,17,4,68.55,75.57949805546338
9,22,17,4,65.25,44.303825425897706
9,6,17,4,75.3,62.43995009944397
9,22,17,4,60.15,66.84331640013399
9,6,17,4,86.85,83.8559384960459
9,22,17,4,79.4,75.24164580309161
9,6,17,4,70.8,68.56698607163194
9,22,17,4,84.35,70.1181521658828
9,6,17,4,63.55,56.14593297357952
9,22,17,4,64.1,57.032677613710845
9,17,17,4,57.75,43.24577861966475
9,22,17,4,48.3,49.24813648625114
9,17,17,4,74.75,70.90013362024376
9,22,17,4,97.4,73.33585322624299
9,17,17,4,84.85,53.62371333261944
9,12,17,4,66.5,56.04932038650847
9,17,17,4,60.35,49.17773886627974
9,12,17,4,93.35,88.35292566567452
9,17,17,4,62.2,45.319450918771594
9,12,17,4,56.8,49.89103917011234
9,17,17,4,58.0,40.23091244042911
9,12,17,4,43.35,43.22435351560629
9,12,17,4,52.6,42.74206605355333
9,17,17,4,69.9,64.64713939207942
9,17,17,4,56.2,46.62007699422394
9,12,17,4,91.6,69.33397435601107
9,12,17,4,43.7,49.07255637801728
9,17,17,4,83.6,67.88256112775328
9,12,17,4,76.25,68.36040328173982
9,17,17,4,69.55,59.48681853106088
9,12,17,4,85.2,62.48418747339623
9,15,17,4,81.2,58.201645843973935
9,12,17,4,54.2,48.78912734788788
9,15,17,4,57.95,49.788473618531
9,21,17,4,79.25,71.90262055102903
9,15,17,4,59.95,55.66485709843756
9,15,17,4,56.75,52.10604066405554
9,21,17,4,64.5,46.98544007399918
9,21,17,4,59.45,66.59498558647758
9,15,17,4,67.1,62.61234114100746
9,21,17,4,76.45,45.27515293937957
9,15,17,4,85.4,66.91502860069312
9,21,17,4,61.1,49.11736749331834
9,15,17,4,63.0,56.847904187633134
9,21,17,4,72.1,42.84107718926827
9,21,17,4,57.8,46.03499812785463
9,15,17,4,79.7,84.66161747618699
9,21,17,4,59.25,49.6364414094068
9,15,17,4,72.85,71.35034024187678
9,21,17,4,55.6,68.65888220225521
9,21,17,4,50.65,42.009115552147534
9,15,17,4,78.6,74.22185803741587
9,4,17,4,64.5,49.0568950033369
10,31,17,5,53.1,39.82051838199155
10,31,17,5,62.15,47.47107152339146
9,4,17,4,92.25,70.2887840120651
10,31,17,5,71.1,50.57136697672643
9,4,17,4,81.4,77.81110731156981
10,31,17,5,62.4,45.76645519430833
9,4,17,4,68.9,51.640355496350665
10,31,17,5,56.35,36.102595037213774
9,4,17,4,72.75,56.50605463599733
10,31,17,5,83.15,57.71187508923783
9,4,17,4,75.1,72.49312127077263
10,31,17,5,70.45,65.68543457867561
9,4,17,4,63.3,66.50215667258666
10,31,17,5,72.45,52.35453531854765
9,4,17,4,86.45,66.2955702259129
10,31,17,5,69.0,37.71081095863486
9,4,17,4,67.35,62.28903341849612
10,31,17,5,67.25,55.01375426104582
9,4,17,4,60.0,54.42522634916546
10,31,17,5,43.25,38.89104212919393
10,43,17,5,63.35,63.83389216923628
10,31,17,5,66.0,73.88540201947166
10,43,17,5,56.6,36.41197027005499
10,31,17,5,51.6,44.77005578215022
10,43,17,5,73.1,68.72286067203088
10,31,17,5,69.85,55.440128920636916
10,43,17,5,74.6,54.757263397076755
10,31,17,5,69.6,38.257300644864884
10,43,17,5,63.85,37.0650566039313
10,31,17,5,80.45,58.45868986774021
10,43,17,5,57.1,34.79851781477572
10,31,17,5,51.95,50.4521399055841
10,43,17,5,60.55,58.500989645250314
10,31,17,5,45.95,40.05190711012267
10,43,17,5,61.55,45.18904734556815
10,31,17,5,69.75,53.02817026925654
10,43,17,5,64.5,66.11433477815454
10,31,17,5,67.4,68.43083330903124
10,35,17,5,53.6,50.09296620442729
10,43,17,5,78.9,68.01617454694141
10,35,17,5,66.4,35.85555818323819
10,41,17,5,56.2,39.712917161468816
10,35,17,5,62.25,38.56897444155968
10,41,17,5,51.9,37.39251261950712
10,35,17,5,48.65,38.54904599816215
10,41,17,5,48.1,46.898434493005595
10,41,17,5,52.05,47.271305416599965
10,35,17,5,79.6,65.11156417621746
10,41,17,5,65.5,50.446949727828994
10,35,17,5,72.3,48.62975047827151
10,41,17,5,59.25,39.35650150262744
10,35,17,5,67.55,49.55324090521755
10,41,17,5,60.1,43.16541012870082
10,35,17,5,62.25,48.87241714806765
10,35,17,5,59.8,49.39806090377063
10,41,17,5,77.05,52.58424318727947
10,35,17,5,58.8,55.32925370714369
10,41,17,5,86.2,51.85871494541177
10,29,17,5,83.9,72.36886507040819
10,41,17,5,58.3,33.68444901231364
10,29,17,5,57.45,42.141959337958
10,29,17,5,65.3,58.518643003297406
10,29,17,5,72.95,40.93187536691462
10,29,17,5,68.25,53.71550300572354
10,29,17,5,81.35,59.079139608173925
10,29,17,5,61.35,66.13962503673574
10,29,17,5,45.7,43.16687326374729
10,29,17,5,58.5,52.94336596779619
10,29,17,5,79.1,75.60416307111805
10,29,17,5,62.0,59.679847608102314
10,29,17,5,69.45,58.758627585993466
10,29,17,5,69.8,50.952609560773546
10,29,17,5,76.95,47.31693254283458
10,29,17,5,59.95,50.58965465285108
10,29,17,5,44.2,36.34426038809835
10,29,17,5,97.35,79.88101348749572
10,30,17,5,61.15,53.41128897034488
10,29,17,5,76.15,59.890492172226956
10,30,17,5,62.75,53.653738771967475
10,29,17,5,47.1,46.09817897990287
10,30,17,5,54.5,44.0197324174655
10,30,17,5,50.55,37.60945429850823
10,29,17,5,65.7,54.26552651933871
10,30,17,5,57.1,41.236034318491264
10,33,17,5,68.15,36.22629896693982
10,30,17,5,61.65,60.09665460520113
10,33,17,5,57.25,41.82781119630436
10,30,17,5,49.05,38.64885781658128
10,33,17,5,58.25,51.2628674475723
10,30,17,5,51.5,47.21451605508405
10,33,17,5,69.4,54.80434097289815
10,30,17,5,65.55,52.870721178122174
10,33,17,5,72.6,54.315259075337686
10,30,17,5,82.45,53.787569489417784
10,33,17,5,55.0,49.927315590819255
10,47,17,5,42.75,40.22159016982637
10,33,17,5,50.1,40.90412410040157
10,47,17,5,77.4,62.30181208820241
10,33,17,5,65.2,52.663379866348954
10,47,17,5,83.25,66.79337738996206
10,33,17,5,44.9,49.33334518729113
10,33,17,5,63.35,41.839637464465376
10,47,17,5,80.95,48.70261529776512
10,24,17,5,83.1,55.915255427062874
10,47,17,5,84.3,63.96882464385123
10,24,17,5,55.45,48.036691020620125
10,47,17,5,62.7,43.2849797699411
10,47,17,5,73.55,54.80153186487438
10,24,17,5,103.05,85.59542228290876
10,47,17,5,41.75,45.49595123686687
10,24,17,5,55.05,48.68532146669866
10,47,17,5,56.15,40.80412130887607
10,47,17,5,63.6,50.14337338808431
10,24,17,5,69.75,61.20102768314993
10,24,17,5,69.9,53.734140867206975
10,24,17,5,69.0,57.552721825068225
10,24,17,5,49.0,35.637059362410916
10,24,17,5,61.25,40.613551018296704
10,24,17,5,70.95,49.450107764237856
10,24,17,5,74.95,44.56866376136583
10,24,17,5,65.2,47.989691875607924
10,24,17,5,61.75,56.03088903734965
10,24,17,5,48.35,55.326090732939676
10,24,17,5,49.85,35.982854104054674
10,24,17,5,73.85,75.28561405879961
10,24,17,5,62.75,47.178133873538
10,40,17,5,49.35,38.12897088897931
10,40,17,5,41.55,45.684818392754366
10,24,17,5,69.6,56.907496499975615
10,40,17,5,52.4,41.64941397199397
10,24,17,5,61.1,42.415116471172844
10,40,17,5,69.75,45.749748345583406
10,24,17,5,65.85,67.15283040631235
10,40,17,5,57.65,33.51555020081213
10,40,17,5,57.4,43.258586005068345
10,40,17,5,40.5,48.65831459213695
10,40,17,5,55.15,47.75185309162578
10,40,17,5,69.15,50.23866722167822
10,40,17,5,66.2,77.27231409965532
10,40,17,5,66.5,56.100004690871366
10,40,17,5,68.9,52.47345193423754
10,40,17,5,74.35,59.61920831409958
10,40,17,5,53.45,48.082686456167416
10,40,17,5,39.45,43.21607278974364
10,40,17,5,55.9,43.91247275157589
10,40,17,5,68.75,49.477134538140575
10,24,17,5,53.9,48.25578776304018
10,40,17,5,62.5,57.61807099567945
10,24,17,5,52.15,41.46053926071722
10,40,17,5,43.9,35.11769684331458
10,24,17,5,55.45,50.137153993084965
10,40,17,5,49.3,34.18540778260745
10,24,17,5,62.45,53.47845114475648
10,41,17,5,52.2,44.50381414760099
10,41,17,5,66.9,54.31574357403201
10,24,17,5,63.65,44.693429400516436
10,41,17,5,44.3,43.927092706941245
10,24,17,5,61.55,36.884563880186775
10,41,17,5,49.0,54.22661999230151
10,24,17,5,46.5,38.47008407088621
10,41,17,5,46.6,48.68632143361051
10,24,17,5,61.8,36.82762121303148
10,41,17,5,63.5,56.993536106252755
10,24,17,5,55.9,50.4796988897517
10,41,17,5,57.6,35.93912982574256
10,24,17,5,49.2,57.085900185597495
10,41,17,5,62.85,47.84544745433219
10,35,17,5,55.6,36.56342722620946
10,41,17,5,62.75,53.94136680351713
10,35,17,5,43.35,36.47533413143737
10,41,17,5,56.4,50.20526288201897
10,35,17,5,69.45,66.13421361539211
10,41,17,5,51.45,35.57715855048455
10,35,17,5,64.85,59.062210734462916
10,41,17,5,55.75,48.579695780287295
10,35,17,5,55.85,54.44579631929452
10,41,17,5,76.9,56.24841518235261
10,35,17,5,64.8,42.04083228181108
10,41,17,5,64.75,55.64159273515868
10,41,17,5,41.6,29.525011698379966
10,35,17,5,78.9,66.49724964632985
10,41,17,5,41.6,48.25742375395127
10,35,17,5,63.45,54.440189295467334
10,41,17,5,66.85,57.32389508196753
10,35,17,5,51.55,45.60064057721812
10,41,17,5,53.15,43.70026496366741
10,35,17,5,46.9,35.30304892155768
10,41,17,5,55.3,49.62289369784241
10,31,17,5,68.55,48.615002016380004
10,41,17,5,79.6,69.35902020797674
10,31,17,5,69.8,51.51657883377779
10,46,17,5,59.25,54.26239853468369
10,31,17,5,59.6,52.18630592708962
10,46,17,5,51.45,53.95463494065128
10,31,17,5,55.95,36.032843205521324
10,46,17,5,57.1,48.217598883657224
10,31,17,5,62.05,46.685369059380115
10,46,17,5,71.25,59.72998453567168
10,31,17,5,76.95,56.555957385491
10,46,17,5,78.95,56.89369126065874
10,31,17,5,57.4,41.45942848769524
10,46,17,5,67.1,40.82169186003674
10,46,17,5,54.6,39.70867597098172
10,31,17,5,64.95,44.40658438612573
10,46,17,5,58.8,50.55023556611258
10,31,17,5,54.85,63.950865184880314
10,46,17,5,67.45,47.04698099828119
10,31,17,5,56.55,40.657070337409365
10,41,17,5,52.65,36.48399072123783
10,46,17,5,64.3,53.92304458060676
10,24,17,5,60.45,48.566259676316115
10,41,17,5,66.5,43.69210454990696
10,24,17,5,59.85,59.68979018753189
10,41,17,5,63.8,54.33482938420371
10,24,17,5,51.5,40.593621484947086
10,41,17,5,57.9,51.03342557888692
10,24,17,5,57.65,58.62842403871315
10,41,17,5,66.85,42.518448008513104
10,24,17,5,29.55,29.84781575363862
10,41,17,5,54.85,37.483013696733
10,24,17,5,57.3,54.354683137217975
10,24,17,5,79.15,55.42968518763209
10,41,17,5,76.45,69.16911008155074
10,24,17,5,39.85,34.43112881650771
10,41,17,5,73.75,67.3809866981855
10,24,17,5,64.25,55.43785045578422
10,24,17,5,50.0,38.938548076626965
10,41,17,5,74.25,49.309842083663064
10,41,17,5,37.2,50.15407838797726
10,41,17,5,44.2,42.2506306399524
10,41,17,5,68.9,57.73615122169763
10,27,17,5,57.55,42.94975644805647
10,41,17,5,60.8,52.966324952250254
10,27,17,5,60.35,52.89540324272541
10,41,17,5,46.75,30.43349090099676
10,27,17,5,58.75,51.95937178016564
10,41,17,5,66.2,52.75823707201908
10,41,17,5,62.3,58.521341136555066
10,27,17,5,89.6,52.8477455576519
10,41,17,5,68.4,53.597329077207995
10,27,17,5,64.4,46.63791093994353
10,41,17,5,67.55,48.911816460582244
10,27,17,5,81.25,69.945749654549
10,41,17,5,76.85,59.774378422443455
10,27,17,5,55.6,50.32776778803443
10,27,17,5,59.2,47.395980287028785
10,41,17,5,96.65,103.4801150488649
10,27,17,5,56.45,38.7399902181875
10,31,17,5,64.1,42.214863932530974
10,27,17,5,58.25,43.4255260853507
10,31,17,5,55.25,51.376704735450716
10,30,17,5,55.8,45.42269314595491
10,31,17,5,67.95,49.13512517859082
10,31,17,5,57.0,41.34323593884176
10,30,17,5,90.0,67.1212571239152
10,31,17,5,72.5,63.32830081575318
10,30,17,5,57.0,46.4927838203782
10,30,17,5,58.6,44.07218958409989
10,31,17,5,70.1,49.59615859487931
10,30,17,5,56.3,42.874480202465186
10,31,17,5,62.35,53.12772593625568
10,30,17,5,60.2,45.31828955754015
10,31,17,5,57.05,53.69060978371701
10,30,17,5,52.2,42.997674355713706
10,31,17,5,62.65,47.605036221855876
10,30,17,5,52.5,42.678109759355316
10,31,17,5,55.8,38.27820597456964
10,30,17,5,47.7,40.1524725593777
10,27,17,5,52.7,45.15249016855053
10,30,17,5,60.85,60.41024224766072
10,27,17,5,69.4,58.99188168945925
10,43,17,5,59.2,63.0468497480873
10,27,17,5,69.4,68.71788245006574
10,27,17,5,48.6,37.12340728463718
10,43,17,5,65.6,81.1401646275719
10,27,17,5,66.25,46.23950805602453
10,43,17,5,45.2,38.29745078777575
10,27,17,5,70.4,41.81211106341017
10,43,17,5,66.25,46.3407005376029
10,27,17,5,68.7,61.60408393844305
10,43,17,5,51.3,45.2537872797172
10,27,17,5,63.5,55.67528035048646
10,43,17,5,72.55,52.61926303270755
10,27,17,5,58.4,50.006736388315986
10,43,17,5,37.9,37.593252474067036
10,27,17,5,62.2,71.96973047930051
10,43,17,5,63.75,57.818113169890935
10,34,17,5,49.65,34.63535613700027
10,43,17,5,49.9,41.520952225162304
10,34,17,5,78.15,51.506029284265146
10,43,17,5,63.0,47.40974805381607
10,34,17,5,67.75,50.39410470951622
10,47,17,5,61.4,60.635581008270435
10,34,17,5,72.95,78.10551230631279
10,47,17,5,65.2,56.98993447600152
10,34,17,5,55.9,49.01439101239338
10,47,17,5,66.6,45.55436312802539
10,34,17,5,60.4,40.82362577053429
10,47,17,5,78.25,54.71060226318113
10,34,17,5,64.15,64.97876171245656
10,47,17,5,34.35,36.984029270113766
10,34,17,5,55.6,50.928639445693754
10,47,17,5,90.45,75.74713821239995
10,34,17,5,61.8,57.500205949287924
10,34,17,5,39.65,39.770757572552434
10,47,17,5,51.9,41.468948433864654
10,47,17,5,52.1,44.90563204625544
10,29,17,5,69.2,53.027897325246094
10,29,17,5,56.0,52.05664930479204
10,47,17,5,53.45,42.93872623316062
10,29,17,5,52.45,41.17034574084911
10,47,17,5,74.75,57.70330192139422
10,29,17,5,62.25,42.022393779357316
10,39,17,5,51.75,33.60118262329781
10,29,17,5,58.5,45.31701202580956
10,39,17,5,61.05,48.210585210260504
10,29,17,5,57.8,54.9886112610698
10,39,17,5,53.8,55.726399300038835
10,29,17,5,61.15,47.52758201961866
10,39,17,5,64.3,55.92767886438605
10,29,17,5,45.55,45.54058340471831
10,29,17,5,46.65,43.957245974744716
10,39,17,5,74.05,66.4224716255132
10,29,17,5,58.35,54.35582087649762
10,39,17,5,79.15,59.51494726006587
10,41,17,5,60.65,47.27776265968244
10,39,17,5,58.5,37.743594785982175
10,41,17,5,73.9,57.70879710371629
10,41,17,5,37.65,33.73312443593873
10,39,17,5,67.3,50.58718373160081
10,39,17,5,54.85,41.40337514846116
10,41,17,5,76.15,68.27751036067902
10,39,17,5,60.65,52.04175954790638
10,41,17,5,66.3,52.236405937460496
10,30,17,5,53.7,49.024268963120925
10,41,17,5,71.05,60.685969071155675
10,41,17,5,46.65,41.79054917083526
10,30,17,5,72.25,57.66680610468894
10,41,17,5,53.1,34.95244890147937
10,30,17,5,68.3,50.22695858223005
10,41,17,5,52.8,41.15004636436603
10,30,17,5,77.05,55.17386394986212
10,41,17,5,62.1,53.31524912699634
10,30,17,5,54.95,44.90747798471172
10,30,17,5,56.25,44.22534995844994
10,30,17,5,63.95,56.934380511344166
10,30,17,5,73.6,60.48436074504585
10,30,17,5,54.45,45.029201051855466
10,30,17,5,56.1,52.59267509534203
10,30,17,5,34.55,30.5450056215587
10,30,17,5,40.1,34.48248983561306
10,30,17,5,58.8,31.99276233939894
10,30,17,5,54.35,36.384315591373046
10,30,17,5,55.65,45.143368108843255
10,30,17,5,51.3,49.39220053494489
10,30,17,5,66.0,50.72007803414219
10,38,17,5,52.35,42.65316055420932
10,30,17,5,72.6,50.55210964414526
10,38,17,5,69.3,61.551091315307026
10,30,17,5,46.9,44.59159703706281
10,38,17,5,50.25,36.23588654475299
10,30,17,5,45.35,32.62107003956669
10,38,17,5,45.65,40.652927647535904
10,31,17,5,65.6,48.1919407981743
10,38,17,5,66.25,69.7966029937968
10,31,17,5,62.45,52.22670722310971
10,38,17,5,50.2,47.101905202276164
10,31,17,5,70.05,45.485075632158264
10,38,17,5,54.05,51.81391298625659
10,31,17,5,68.25,55.40841186375186
10,31,17,5,33.4,29.19516903079758
10,38,17,5,76.0,51.37785720061042
10,31,17,5,56.85,50.51656841285368
10,38,17,5,75.55,61.84486108081466
10,31,17,5,64.7,47.90352146159041
10,38,17,5,52.5,63.92141556959649
10,31,17,5,95.5,62.45292964347334
10,30,17,5,67.7,51.74848078115815
10,30,17,5,48.6,49.98462921633747
10,31,17,5,79.1,51.31625370910119
10,30,17,5,64.0,44.25761902887753
10,31,17,5,63.95,43.04523324670407
10,41,17,5,76.25,58.75271550275245
10,30,17,5,82.05,38.98781861043267
10,41,17,5,56.45,50.002605195287465
10,30,17,5,54.0,46.05831543871998
10,41,17,5,54.2,38.36884701229152
10,30,17,5,51.0,44.6082361996314
10,30,17,5,50.5,34.08271671899657
10,41,17,5,67.0,52.68376360292059
10,41,17,5,62.15,59.52644259840372
10,30,17,5,67.05,54.81305549439457
10,41,17,5,61.95,63.00499144804657
10,30,17,5,63.3,73.32056507664065
10,41,17,5,84.95,48.95161413391585
10,30,17,5,73.85,59.6800901297471
10,41,17,5,40.8,53.31297857192493
10,34,17,5,41.45,34.15672084593848
10,41,17,5,49.8,47.367099396766505
10,34,17,5,72.25,67.80612842974872
10,41,17,5,69.4,45.03846309427906
10,34,17,5,35.25,26.822761347702244
11,18,17,5,54.25,55.73326985222609
10,34,17,5,50.75,51.600566092366
11,18,17,5,68.6,69.05405967714525
10,34,17,5,65.8,43.08449470761525
11,18,17,5,52.95,53.35528879225811
10,34,17,5,59.7,44.25773794966314
11,18,17,5,58.65,45.69034793845241
10,34,17,5,69.4,48.063992431143845
11,18,17,5,66.6,64.36442299413879
10,34,17,5,51.2,36.61262364986039
11,18,17,5,89.1,81.85603536890721
10,34,17,5,61.7,39.3701730541763
11,18,17,5,52.05,56.40126445017831
10,34,17,5,48.05,39.26626381111667
11,18,17,5,56.4,43.84590240712052
11,4,17,5,53.95,52.585244077943024
11,18,17,5,87.55,59.033866283863304
11,18,17,5,40.1,52.20798487023347
11,4,17,5,94.55,102.51750813243663
11,4,17,5,35.1,29.6237813429115
11,0,17,5,66.0,61.84020153844738
11,4,17,5,50.8,52.15119719067869
11,0,17,5,50.7,46.1155299792072
11,0,17,5,50.95,51.02267297873306
11,4,17,5,61.2,55.19115108325552
11,4,17,5,38.7,39.84192449378445
11,0,17,5,60.4,53.332521923652195
11,4,17,5,56.3,52.761728553943335
11,0,17,5,71.65,64.82468259609306
11,4,17,5,52.05,56.58851938614218
11,0,17,5,55.35,52.98984510460968
11,0,17,5,52.05,46.3811157125057
11,4,17,5,85.65,68.57210956742045
11,0,17,5,44.65,43.49382896336831
11,4,17,5,49.65,50.72555153911456
11,0,17,5,67.0,63.382713897817844
11,18,17,5,81.05,64.95056824839544
11,0,17,5,74.85,38.90105532325772
11,18,17,5,66.35,43.549457667781525
11,11,17,5,89.85,68.02033364717997
11,18,17,5,68.5,66.81750479753356
11,11,17,5,50.2,50.509613467453676
11,11,17,5,60.2,65.5764720323572
11,18,17,5,93.7,100.53441411304208
11,11,17,5,38.6,44.690043633901276
11,11,17,5,67.85,50.54260839289851
11,18,17,5,68.9,64.3811839135105
11,18,17,5,72.95,73.57665175998787
11,11,17,5,81.65,109.49322257324279
11,18,17,5,80.0,57.330987304102464
11,11,17,5,83.45,77.68592299496059
11,18,17,5,59.4,48.69821135805385
11,11,17,5,75.65,74.28060241231786
11,18,17,5,71.6,65.3366988034008
11,11,17,5,55.15,52.16701417966196
11,18,17,5,59.1,54.86528957364573
11,11,17,5,71.95,48.52397671037972
11,13,17,5,63.55,65.21420171452809
11,7,17,5,85.35,73.87419961272711
11,13,17,5,59.25,51.564854411956944
11,7,17,5,56.15,44.675761708229736
11,13,17,5,71.55,37.10224138498204
11,7,17,5,63.0,58.88793996808014
11,7,17,5,65.45,50.06466870590056
11,13,17,5,81.4,99.19804751898572
11,7,17,5,67.6,60.5582798893586
11,13,17,5,76.45,59.37789328130727
11,7,17,5,75.95,63.97571496484551
11,13,17,5,76.75,68.05406132743214
11,13,17,5,47.1,43.96158610231868
11,7,17,5,92.6,75.60590341751725
11,13,17,5,45.65,43.95125888862271
11,7,17,5,53.35,72.07618410952036
11,13,17,5,66.8,68.40637089443767
11,7,17,5,72.6,50.128676528772594
11,13,17,5,71.4,76.51515157831572
11,7,17,5,54.85,50.248095014951346
11,23,17,5,55.95,54.751568110204076
11,12,17,5,74.0,61.85722099701606
11,23,17,5,68.9,78.68384439274084
11,23,17,5,41.8,36.797597175559396
11,12,17,5,63.15,59.40341563810691
11,23,17,5,67.65,75.2842158615917
11,12,17,5,63.25,62.51810264151286
11,23,17,5,78.25,50.00513131564336
11,12,17,5,78.65,81.56706959371081
11,23,17,5,58.3,81.7648103436088
11,12,17,5,57.2,46.100119876542394
11,23,17,5,51.85,53.90564368461462
11,12,17,5,45.55,34.08422231071608
11,23,17,5,60.65,54.2511459980825
11,12,17,5,69.8,66.45900992341066
11,23,17,5,56.35,58.74501098637631
11,12,17,5,55.9,48.12472829725079
11,23,17,5,73.2,73.10669923942818
11,12,17,5,73.65,61.71008191962084
11,10,17,5,64.15,54.47478895396428
11,10,17,5,57.05,48.43495366821472
11,12,17,5,80.3,74.3527155912242
11,21,17,5,44.5,50.34564738412165
11,10,17,5,62.0,55.79945293072703
11,21,17,5,55.25,53.817307918354174
11,10,17,5,76.65,53.784438171962755
11,10,17,5,81.75,66.24029223810439
11,21,17,5,93.75,81.4654431096562
11,21,17,5,82.75,80.06370818555091
11,10,17,5,116.85,93.86119370757292
11,21,17,5,63.8,82.4529211764284
11,10,17,5,88.85,73.54144910757543
11,21,17,5,56.75,41.44479524176201
11,10,17,5,74.25,58.28232105337279
11,21,17,5,66.05,40.49233195764874
11,10,17,5,54.85,58.54218002521996
11,10,17,5,48.0,58.586867578251514
11,21,17,5,108.1,84.59494821298667
11,16,17,5,66.05,48.75338044959711
11,21,17,5,63.25,45.646092817169844
11,16,17,5,47.4,67.63555589372082
11,21,17,5,88.95,72.77107218784413
11,16,17,5,82.85,66.23743177706282
11,16,17,5,76.3,66.54962533011698
11,19,17,5,78.1,80.10775637589002
11,16,17,5,75.0,51.013929986147694
11,19,17,5,87.55,53.57972416973853
11,16,17,5,53.8,58.30554726700765
11,19,17,5,68.65,69.30958390477201
11,16,17,5,59.15,68.00253478247782
11,16,17,5,69.6,61.974018325169304
11,19,17,5,93.75,80.51209454747189
11,16,17,5,67.6,57.824962739196586
11,19,17,5,65.65,81.75269189194292
11,16,17,5,65.35,62.45948160291809
11,19,17,5,75.15,67.84756521249055
11,13,17,5,74.15,73.4117981339727
11,19,17,5,56.7,48.94583472413262
11,19,17,5,50.65,54.02268042220785
11,13,17,5,92.65,82.7400971972509
11,19,17,5,53.6,53.6522918527497
11,13,17,5,57.5,45.86765859800517
11,19,17,5,57.5,48.339261584413094
11,13,17,5,79.1,80.21937028187801
11,3,17,5,75.6,62.08940921640425
11,13,17,5,71.25,71.28805539573416
11,13,17,5,59.35,47.86084544087985
11,3,17,5,82.65,56.02187072920717
11,13,17,5,51.2,49.4417253999728
11,3,17,5,48.8,56.13292494746639
11,13,17,5,64.55,61.72986567124112
11,3,17,5,67.85,84.62379595660586
11,13,17,5,61.6,48.038800107719936
11,3,17,5,47.55,42.66204402041703
11,3,17,5,53.35,51.47740945512435
11,13,17,5,99.65,67.42424599035884
11,3,17,5,58.4,58.17885309430241
11,21,17,5,57.15,52.90037807048264
11,21,17,5,57.75,63.67753879798135
11,3,17,5,74.15,66.46825518522674
11,3,17,5,51.75,54.94195501665946
11,21,17,5,73.6,62.58922052810523
11,21,17,5,41.45,30.46218535893486
11,3,17,5,73.75,105.45434282689656
11,21,17,5,79.6,73.27769819414075
11,10,17,5,71.5,67.91751963730869
11,21,17,5,86.85,85.71573275720895
11,10,17,5,59.2,51.14952281508134
11,10,17,5,55.85,34.73247380826919
11,21,17,5,77.95,62.195341676976014
11,10,17,5,69.5,64.38167441127949
11,21,17,5,61.2,80.2900006882944
11,21,17,5,53.15,46.878650735029076
11,10,17,5,70.8,55.38534862312653
11,21,17,5,80.15,88.06712451904303
11,10,17,5,79.7,67.11898311757146
11,12,17,5,65.15,57.95485992972189
11,10,17,5,61.55,61.33212002995185
11,12,17,5,33.2,32.71825500429868
11,10,17,5,62.65,67.0273117938933
11,12,17,5,62.15,66.04964241506455
11,10,17,5,72.2,65.32960963251536
11,12,17,5,76.25,47.87250062185465
11,12,17,5,56.65,50.5321940111346
11,10,17,5,69.3,76.82454377551349
11,14,17,5,57.55,57.03597664263274
11,12,17,5,96.3,91.2919550268893
11,14,17,5,68.65,55.68262981539121
11,12,17,5,60.95,42.175666469011055
11,12,17,5,64.85,49.006202614942964
11,14,17,5,77.45,74.8412178865152
11,12,17,5,73.95,75.64979910920556
11,14,17,5,69.0,78.96768159723383
11,12,17,5,72.65,69.16667512153826
11,14,17,5,68.85,55.18988751764699
11,12,17,5,42.9,38.98569238228706
11,12,17,5,55.75,36.18792325450141
11,14,17,5,82.65,86.84364352704597
11,14,17,5,43.8,40.04155735969161
11,12,17,5,79.4,77.24152142195898
11,14,17,5,55.1,44.53017900374154
11,12,17,5,80.9,59.75291228313302
11,14,17,5,54.55,39.14947737770414
11,12,17,5,66.9,54.27115158845298
11,14,17,5,75.75,60.44212107462808
11,12,17,5,83.5,57.21381872093121
11,4,17,5,57.4,65.27383613830679
11,12,17,5,55.8,51.50329575555539
11,4,17,5,74.85,67.54980618617253
11,12,17,5,95.95,97.29579154635404
11,4,17,5,71.25,60.611684647347275
11,4,17,5,63.15,50.6757234518504
11,12,17,5,88.05,95.82795713371465
11,4,17,5,45.0,52.067769604419844
11,12,17,5,65.55,54.635129435382986
11,4,17,5,67.95,58.738022295255185
11,11,17,5,70.3,60.722058768232095
11,4,17,5,42.15,35.591653368081744
11,11,17,5,58.85,54.568426382797014
11,4,17,5,69.65,57.68359704821686
11,11,17,5,86.05,96.74245516617276
11,4,17,5,60.3,60.852799096629376
11,11,17,5,60.55,59.05436834860425
11,4,17,5,80.2,71.58917883532251
11,11,17,5,57.55,61.285762921269935
11,11,17,5,68.9,65.03351362748934
11,4,17,5,81.45,65.35769998529952
11,11,17,5,68.5,60.5748775440255
11,4,17,5,69.4,65.15843040337587
11,11,17,5,73.2,64.67131471810684
11,4,17,5,65.2,72.45223471908561
11,11,17,5,65.05,62.609462039232575
11,4,17,5,81.0,69.52318810447724
11,11,17,5,62.0,53.21851676170419
11,4,17,5,55.6,41.80203973869923
11,8,17,5,84.0,57.504233253781095
11,4,17,5,97.25,82.01403923462708
11,8,17,5,74.75,57.08062165412227
11,4,17,5,51.45,64.02587881391975
11,8,17,5,89.85,98.2849107656436
11,4,17,5,75.75,62.10676291677099
11,8,17,5,76.55,66.65423348974365
11,4,17,5,78.7,67.43581743913401
11,8,17,5,72.1,95.86498180692523
11,4,17,5,71.7,54.5315939327112
11,8,17,5,60.05,58.564831372456034
11,14,17,5,60.3,61.58528532385843
11,8,17,5,57.9,61.37709156045969
11,14,17,5,66.65,49.616715137669395
11,8,17,5,72.6,92.6978112499228
11,14,17,5,54.2,51.56661506705365
11,14,17,5,53.15,70.19092383972222
11,8,17,5,84.8,74.31908446549562
11,14,17,5,49.85,39.790603228188914
11,8,17,5,103.8,66.8624668531173
11,14,17,5,81.5,74.02666660346833
11,19,17,5,53.9,54.40868738683092
11,14,17,5,36.85,33.45110335683225
11,19,17,5,44.5,32.89936809503538
11,14,17,5,68.75,76.25571592035784
11,19,17,5,67.65,57.01364102701997
11,14,17,5,58.85,58.9944466610384
11,19,17,5,60.7,69.90527425324254
11,14,17,5,63.2,69.4706299169126
11,19,17,5,68.7,74.06547601171619
11,17,17,5,73.35,57.17220064258319
11,19,17,5,56.1,51.3879977795348
11,19,17,5,70.4,63.785330766976756
11,17,17,5,76.45,94.0030654595342
11,19,17,5,55.25,63.83850924918199
11,17,17,5,72.05,65.01779108747648
11,19,17,5,64.0,64.27326529420259
11,19,17,5,36.1,30.647228774865553
11,17,17,5,72.9,83.82431502537723
11,7,17,5,77.15,56.243151629893205
11,17,17,5,63.5,61.985991626291955
11,7,17,5,55.85,46.86854516961018
11,17,17,5,43.3,54.41275005383437
11,7,17,5,68.4,45.11202430441473
11,17,17,5,60.9,56.31574520411442
11,7,17,5,52.05,59.255446118790154
11,17,17,5,75.35,72.76007797802599
11,7,17,5,71.9,63.297044081644785
11,17,17,5,73.5,82.11449003485446
11,7,17,5,93.95,71.88768652338321
11,17,17,5,54.55,37.0837955815858
11,11,17,5,41.4,43.720885049066474
11,7,17,5,64.15,72.97604149019695
11,7,17,5,69.45,49.45223639240723
11,11,17,5,79.25,59.65945021536822
11,7,17,5,59.95,59.00354583457364
11,11,17,5,78.75,79.6471660050223
11,7,17,5,71.5,65.99720887240133
11,11,17,5,65.4,65.7142137953186
11,15,17,5,46.65,45.54381926984398
11,15,17,5,64.6,51.33112321512472
11,11,17,5,67.35,76.74652400837722
11,15,17,5,53.55,50.2399243630004
11,11,17,5,63.15,45.35157979027505
11,15,17,5,71.25,51.75130306012644
11,11,17,5,88.85,72.27962878185046
11,15,17,5,52.1,63.4515148506488
11,11,17,5,66.5,56.149705909151564
11,15,17,5,73.8,57.19919027766961
11,15,17,5,60.5,55.57214372232492
11,11,17,5,82.8,84.19126095416694
11,15,17,5,73.1,63.227159387485734
11,11,17,5,79.8,73.98762343157559
11,15,17,5,56.75,57.66954409208966
11,17,17,5,49.5,50.434428508186436
11,15,17,5,80.5,66.89150681671423
11,17,17,5,79.7,74.06476539950837
11,0,17,5,87.3,72.41990130663778
11,17,17,5,72.5,73.41411021695603
11,0,17,5,73.9,66.13216432186941
11,17,17,5,61.6,55.94301612025918
11,0,17,5,54.2,55.593070374680785
11,17,17,5,52.25,46.09815043669551
11,0,17,5,57.8,52.66138103612152
11,17,17,5,52.3,52.16280182981779
11,0,17,5,77.6,83.06459122748676
11,17,17,5,79.95,74.9606739002455
11,0,17,5,60.55,58.5252756912502
11,17,17,5,71.7,48.20362510936506
11,0,17,5,82.25,85.43626433288088
11,17,17,5,73.55,60.9231396709692
11,0,17,5,60.3,35.13897221634481
11,0,17,5,48.45,36.01677240865486
11,17,17,5,60.8,74.42806488217508
11,0,17,5,60.4,55.51235045133271
11,22,17,5,46.8,61.93341076043732
11,14,17,5,49.0,40.2688334493119
11,22,17,5,67.6,51.257245957599935
11,14,17,5,80.1,59.298442333318455
11,22,17,5,66.25,76.45905336914173
11,14,17,5,60.8,43.21378922227682
11,22,17,5,70.15,61.60679644666693
11,14,17,5,72.25,66.08437589053942
11,22,17,5,48.45,48.80732796576652
11,14,17,5,67.7,73.68003371620465
11,22,17,5,67.55,64.01683577901906
11,14,17,5,72.6,66.0393821897207
11,14,17,5,45.9,48.50816534629153
11,22,17,5,75.2,53.288292384567534
11,14,17,5,57.0,50.42973224930747
11,22,17,5,58.75,47.51827903139236
11,22,17,5,56.85,45.149197113570025
11,14,17,5,80.35,76.32911771091237
11,14,17,5,75.55,72.10261328208058
11,22,17,5,98.5,70.78618657991342
11,11,17,5,54.65,38.02391906488114
11,0,17,5,85.6,65.13500150497143
11,11,17,5,59.45,55.3414996087689
11,11,17,5,76.2,60.412267837444716
11,0,17,5,93.8,67.59990657109707
11,11,17,5,88.5,64.29823604030469
11,0,17,5,78.25,61.08137367910381
11,11,17,5,74.65,50.81056147982166
11,0,17,5,79.45,78.74106465598426
11,11,17,5,72.85,46.53835430107764
11,0,17,5,60.95,58.89015197806845
11,11,17,5,76.0,73.04937047172815
11,0,17,5,70.5,69.12193649821421
11,11,17,5,77.05,73.30863020925909
11,0,17,5,77.2,75.66588607681453
11,11,17,5,76.7,72.07386561898257
11,0,17,5,67.6,63.4477820938729
11,0,17,5,58.35,54.01586024395739
11,11,17,5,99.25,107.1623829325826
11,0,17,5,58.65,69.16591417895471
11,9,17,5,72.35,68.03812785567561
11,10,17,5,50.65,43.11706830186125
11,9,17,5,68.5,88.29823864250307
11,10,17,5,74.8,66.04113550619317
11,10,17,5,52.3,43.85034357424065
11,9,17,5,70.3,84.49484568521575
11,9,17,5,57.75,56.41190150649903
11,10,17,5,83.25,74.22928560955752
11,9,17,5,73.8,74.01180560168123
11,10,17,5,75.4,66.69364366461888
11,9,17,5,72.85,67.18417341825928
11,10,17,5,61.2,64.5262900317627
11,9,17,5,79.4,71.98786447436086
11,10,17,5,59.4,72.40340207185672
11,9,17,5,42.85,49.46053716693851
11,9,17,5,54.45,51.95592767964625
11,10,17,5,92.6,83.42497417314239
11,9,17,5,60.3,52.20717837313381
11,10,17,5,93.45,67.60992997762197
12,44,17,6,60.95,67.6853984098102
12,44,17,6,45.05,49.062232231921
11,10,17,5,47.25,57.29873241915658
12,44,17,6,59.85,51.192387386366235
11,8,17,5,63.95,53.900956929304485
12,44,17,6,59.25,51.463707191522225
11,8,17,5,62.1,58.54903478012435
11,8,17,5,46.85,44.47977068286211
12,44,17,6,64.3,72.62238309444128
11,8,17,5,53.45,48.690726448732136
12,44,17,6,53.3,52.538807711914
12,44,17,6,58.5,46.165035755599604
11,8,17,5,67.0,75.1496752102797
12,44,17,6,62.4,53.773795222501995
11,8,17,5,66.6,51.84328612066825
12,44,17,6,60.2,55.06226140996161
11,8,17,5,48.0,41.76752704900631
12,44,17,6,31.25,40.6925248534343
11,8,17,5,64.8,59.26088618624386
12,39,17,6,49.95,45.95589991330934
12,39,17,6,61.15,44.432414673121365
11,8,17,5,65.15,61.67851711644997
12,39,17,6,68.75,51.566895745643876
11,8,17,5,72.6,60.65901243404547
12,39,17,6,40.85,38.46977624331244
11,13,17,5,53.5,73.08574632436529
12,39,17,6,69.35,57.15010245420663
11,13,17,5,63.05,66.19864444469985
12,39,17,6,50.7,58.34299669332982
11,13,17,5,68.6,62.28913903808001
12,39,17,6,57.9,53.05994623759849
11,13,17,5,66.55,68.77459368721931
12,39,17,6,65.05,65.2666393383811
12,39,17,6,52.9,35.945719311791564
11,13,17,5,62.45,54.03261685510453
12,39,17,6,56.0,38.084393819930746
11,13,17,5,64.6,58.380241791028475
12,32,17,6,52.3,53.13448676905166
11,13,17,5,60.3,59.075420126799735
12,32,17,6,44.8,48.361141425735596
11,13,17,5,58.2,63.40479809172671
12,32,17,6,62.55,52.82789833132929
11,13,17,5,57.45,39.95981534123079
12,32,17,6,61.7,54.45819255944973
12,32,17,6,54.85,50.04448021510464
11,13,17,5,72.4,71.42489614604759
12,32,17,6,51.2,41.64208397636622
12,35,17,6,52.75,50.6836161630997
12,35,17,6,47.4,37.15033470133281
12,32,17,6,76.95,55.26536461759561
12,35,17,6,51.1,44.66942908451866
12,32,17,6,76.35,61.03775794323414
12,35,17,6,56.6,38.81318278490875
12,32,17,6,42.5,47.806077570028464
12,35,17,6,41.05,35.593427838059625
12,32,17,6,41.3,35.3629303382124
12,40,17,6,43.0,54.065262707018704
12,35,17,6,69.6,48.401174409414146
12,40,17,6,63.0,62.60906273729152
12,35,17,6,60.1,37.6310342249865
12,35,17,6,40.45,33.18445260565318
12,40,17,6,81.8,65.06967925151265
12,35,17,6,47.4,39.16281802666241
12,40,17,6,49.65,45.313266327458194
12,35,17,6,45.4,39.88852888791595
12,40,17,6,53.05,41.15755989902833
12,46,17,6,50.2,37.475044327771265
12,40,17,6,63.9,48.89828325476425
12,46,17,6,48.75,41.763589027058636
12,40,17,6,43.55,41.412526708968784
12,46,17,6,85.7,44.471279910095966
12,40,17,6,54.1,43.69258638788917
12,40,17,6,65.9,50.77079558378544
12,46,17,6,83.8,62.196293678710646
12,40,17,6,64.45,49.68688802999503
12,46,17,6,47.45,47.879756188096636
12,34,17,6,58.5,44.018536765178474
12,46,17,6,62.15,56.48034124691901
12,34,17,6,45.25,49.12912631659125
12,46,17,6,59.6,61.36808702626437
12,34,17,6,52.85,52.059960369598926
12,34,17,6,48.35,33.947753975778724
12,46,17,6,58.2,49.69655288268043
12,46,17,6,59.5,54.101755978895916
12,34,17,6,74.55,67.1459329802593
12,34,17,6,53.7,38.57337505531367
12,46,17,6,71.15,49.405172326706634
12,34,17,6,52.9,45.72446080370411
12,25,17,6,60.6,50.22203332780292
12,34,17,6,69.95,58.089291521533326
12,25,17,6,71.4,46.774261928408535
12,34,17,6,60.5,53.511926855510204
12,25,17,6,52.25,38.603074598029785
12,34,17,6,59.3,54.56247023270424
12,25,17,6,52.15,43.4381290185429
12,36,17,6,80.3,49.47311869777576
12,25,17,6,58.0,65.68265011641803
12,36,17,6,56.35,57.542913048482895
12,25,17,6,57.25,56.585171016330484
12,25,17,6,44.6,32.01874451005224
12,36,17,6,76.45,59.49301153120954
12,25,17,6,44.25,40.556490816741295
12,36,17,6,59.75,45.77620043555155
12,25,17,6,43.95,35.10956534831168
12,36,17,6,82.15,59.843018323821724
12,25,17,6,59.7,53.861518340042515
12,36,17,6,64.15,63.58771397385702
12,45,17,6,60.4,48.97733095390581
12,36,17,6,65.2,52.98619482568326
12,45,17,6,62.95,45.30536740596498
12,36,17,6,51.35,40.86598765927995
12,45,17,6,70.45,47.720099483727424
12,36,17,6,57.3,57.343930069271266
12,45,17,6,73.45,40.61303265027904
12,36,17,6,84.65,58.00660125773346
12,45,17,6,57.4,43.50245002174862
12,45,17,6,55.2,50.150930095798664
12,35,17,6,76.85,58.80142765900197
12,35,17,6,44.9,47.03291120951482
12,45,17,6,67.7,47.105815933245886
12,35,17,6,71.2,55.08997425265231
12,45,17,6,52.6,47.15975090331964
12,35,17,6,51.85,54.21523868123388
12,45,17,6,54.75,59.46947469965269
12,35,17,6,69.65,65.91483740003979
12,45,17,6,66.0,67.15026354927315
12,35,17,6,65.75,44.011810615835955
12,37,17,6,61.8,38.298825047251775
12,35,17,6,43.7,39.864375337544566
12,37,17,6,47.0,53.422841556772326
12,35,17,6,75.3,71.93864344740336
12,37,17,6,54.65,43.38478389578783
12,35,17,6,48.6,39.80002644802084
12,37,17,6,64.7,53.00456782699314
12,35,17,6,78.55,64.57347915767211
12,37,17,6,59.75,62.86482992982056
12,39,17,6,65.3,43.12295761754069
12,37,17,6,73.65,57.07453575438829
12,39,17,6,47.6,40.45322184813883
12,39,17,6,50.4,42.23169176665415
12,37,17,6,53.15,42.19163673675526
12,39,17,6,57.8,42.211996299380914
12,37,17,6,73.35,46.808990364537536
12,39,17,6,52.35,47.44778293306398
12,37,17,6,58.4,50.47083576837117
12,39,17,6,54.35,41.24672235782084
12,39,17,6,31.05,32.03530125214666
12,37,17,6,63.05,50.11090332032488
12,29,17,6,56.6,55.19572828627802
12,39,17,6,92.3,74.28047841582746
12,29,17,6,57.05,44.020898147177896
12,39,17,6,80.25,54.03203240963447
12,29,17,6,54.7,53.9035200491045
12,39,17,6,62.4,51.58579975964418
12,29,17,6,64.35,47.98275457747403
12,40,17,6,57.8,53.187454001464424
12,40,17,6,48.5,41.86632863870691
12,29,17,6,65.7,48.55718278483627
12,29,17,6,38.3,37.44764766696933
12,40,17,6,56.6,51.75183698748236
12,40,17,6,62.85,48.29326530360326
12,29,17,6,82.1,79.50431964431405
12,40,17,6,54.9,58.73392277219806
12,29,17,6,62.4,44.92379512486731
12,40,17,6,65.45,46.453683781182576
12,29,17,6,41.05,39.243470794515616
12,40,17,6,37.2,27.083885284524136
12,40,17,6,53.95,47.81045360257745
12,29,17,6,65.55,62.871192466067185
12,40,17,6,65.65,55.20991043758644
12,47,17,6,68.35,50.8726738767329
12,40,17,6,66.9,53.82026618878412
12,47,17,6,54.9,53.12141009542494
12,26,17,6,46.7,49.44970863625514
12,47,17,6,62.5,70.04096545669016
12,26,17,6,61.7,58.410615473559254
12,47,17,6,44.0,43.70715947615086
12,26,17,6,64.05,47.03803052626113
12,47,17,6,63.1,40.776541243581136
12,26,17,6,67.85,59.17527488651605
12,47,17,6,81.45,47.39806236323879
12,26,17,6,73.9,43.45584570936101
12,47,17,6,51.75,47.262842866140346
12,26,17,6,73.85,46.01976120160372
12,47,17,6,63.15,51.60505381207705
12,26,17,6,60.45,56.17030026249591
12,26,17,6,49.85,44.89669428693762
12,47,17,6,84.85,92.27891074574435
12,26,17,6,62.2,51.421478207580066
12,47,17,6,58.1,42.7955974125229
12,26,17,6,46.8,50.14463291845215
12,42,17,6,51.4,44.1926404923287
12,43,17,6,69.0,56.768226843432124
12,42,17,6,68.4,58.57375018322043
12,43,17,6,52.95,52.648261829657876
12,42,17,6,51.65,53.552016031636306
12,43,17,6,62.15,46.31388901603356
12,42,17,6,50.75,47.11338506869973
12,43,17,6,60.3,51.176783387535565
12,43,17,6,48.55,45.04439330728135
12,42,17,6,69.95,56.31347880158747
12,43,17,6,49.0,42.85839597165482
12,42,17,6,60.5,43.317068472515906
12,43,17,6,64.9,71.89678274040538
12,42,17,6,67.0,43.99641133690697
12,43,17,6,50.25,45.34995502812138
12,42,17,6,73.1,44.44736686298336
12,43,17,6,64.15,46.84270993104701
12,42,17,6,50.15,62.69833792810913
12,43,17,6,69.45,51.75801488912763
12,42,17,6,69.75,42.30325979725066
12,25,17,6,59.5,64.17369521770378
12,31,17,6,35.3,32.49145636689906
12,25,17,6,67.55,45.62487202577582
12,25,17,6,54.15,63.416978467085116
12,31,17,6,78.9,52.841271748511126
12,25,17,6,58.55,42.391005749109716
12,31,17,6,55.55,39.44413104232631
12,25,17,6,57.55,44.40421388253952
12,31,17,6,50.4,51.4182027977191
12,25,17,6,45.55,37.729612828791744
12,31,17,6,59.8,55.506851165561436
12,31,17,6,39.75,37.59181741871634
12,25,17,6,84.0,67.5869809948632
12,31,17,6,38.75,35.35515297810579
12,25,17,6,56.7,58.72782896325083
12,31,17,6,76.45,46.38792379148059
12,25,17,6,66.55,38.90538455494845
12,25,17,6,49.35,47.7573637198881
12,31,17,6,56.2,52.71931634410175
12,28,17,6,46.05,41.35147804906259
12,31,17,6,59.95,41.993075870345955
12,28,17,6,61.65,58.0936403802652
12,36,17,6,58.95,50.24830450137754
12,28,17,6,63.0,49.79325678294834
12,36,17,6,59.0,41.39794045220379
12,28,17,6,65.4,64.0948310585265
12,36,17,6,58.35,61.16954436559698
12,28,17,6,46.45,44.23439362020653
12,28,17,6,63.7,64.04200923900204
12,36,17,6,89.7,72.47874461559493
12,28,17,6,59.2,38.859531107499706
12,36,17,6,70.15,55.09348514355539
12,28,17,6,52.15,43.237745449768155
12,36,17,6,57.2,45.97550835413408
12,28,17,6,58.3,55.26976902811385
12,36,17,6,66.1,70.95951403144576
12,28,17,6,59.8,66.34169919915814
12,36,17,6,55.25,47.282883294397124
12,36,17,6,68.65,64.26120627236115
12,36,17,6,50.7,45.37690114909498
12,36,17,6,59.95,48.71017941813978
12,36,17,6,46.75,52.138353394951416
12,36,17,6,48.55,31.17940447086658
12,36,17,6,65.05,43.94071963572357
12,36,17,6,50.0,34.806230537226035
12,24,17,6,66.95,60.32235772999313
12,24,17,6,60.6,46.940499851575815
12,36,17,6,78.5,80.62420950244868
12,24,17,6,60.85,43.18415279511199
12,36,17,6,60.3,51.74848078115815
12,24,17,6,66.9,49.29705873579071
12,36,17,6,60.55,49.550054437274255
12,36,17,6,56.65,39.84479758684742
12,24,17,6,54.65,48.51508175706537
12,36,17,6,50.8,53.58966907510204
12,24,17,6,81.45,65.54265384987252
12,26,17,6,68.7,52.82254303449976
12,24,17,6,45.35,40.649043492339466
12,26,17,6,50.05,34.95783174054135
12,26,17,6,45.85,38.39308462950614
12,24,17,6,65.6,42.26034597711267
12,26,17,6,59.5,40.5300408404225
12,24,17,6,38.45,32.78715249028272
12,26,17,6,38.15,48.8448402705202
12,26,17,6,49.1,50.791524365472846
12,24,17,6,57.85,61.808937354092286
12,26,17,6,42.1,39.83901816587668
12,26,17,6,39.05,33.030249293958605
12,47,17,6,75.7,70.20203925663039
12,26,17,6,66.35,46.34569758036366
12,47,17,6,73.1,57.12304355742224
12,26,17,6,53.5,34.9969923519752
12,47,17,6,50.3,50.52680372571415
12,27,17,6,66.75,48.79050274279552
12,27,17,6,66.2,75.28444307040502
12,47,17,6,66.3,42.116505078175706
12,27,17,6,37.7,35.38078574593843
12,47,17,6,36.25,35.205972878416375
12,27,17,6,66.85,46.01518628041238
12,47,17,6,67.85,52.738954942443186
12,27,17,6,70.65,51.06989534477544
12,47,17,6,37.55,36.02407820508827
12,27,17,6,44.55,35.115561103005994
12,47,17,6,59.05,53.50698429570716
12,27,17,6,46.65,36.298869055892666
12,27,17,6,77.65,46.655822674921126
12,47,17,6,75.3,54.58465178533537
12,27,17,6,62.0,58.44925824570988
12,47,17,6,56.65,53.09105881705308
12,27,17,6,74.05,57.89416387276282
12,39,17,6,60.55,53.4173981119694
12,33,17,6,45.3,48.99957035257393
12,33,17,6,49.45,57.44789401114535
12,39,17,6,80.1,50.814316258728745
12,33,17,6,79.75,66.90674971850551
12,39,17,6,64.85,47.08477796262263
12,33,17,6,48.25,41.8152263881799
12,39,17,6,43.5,35.13507768897809
12,33,17,6,56.2,49.064511775717015
12,39,17,6,49.05,54.98466293335567
12,33,17,6,67.45,60.87041888090505
12,39,17,6,60.25,54.36995590639336
12,33,17,6,55.9,48.188118212294874
12,39,17,6,51.9,50.47031435981895
12,33,17,6,57.7,64.29299708120791
12,33,17,6,52.3,47.118104688895166
12,39,17,6,73.9,65.49399329629198
12,33,17,6,54.4,34.91402975430093
12,39,17,6,56.55,52.79899819623773
12,46,17,6,69.75,62.072856174693705
12,39,17,6,63.4,46.77313668965846
12,46,17,6,63.55,41.535621997712305
12,46,17,6,46.7,41.42602792295786
12,29,17,6,54.8,35.00315775228828
12,46,17,6,61.15,46.75723979967391
12,29,17,6,61.6,41.28896883392005
12,46,17,6,38.15,34.443355481748654
12,29,17,6,59.05,43.56178310593382
12,46,17,6,68.35,61.43398253838275
12,29,17,6,45.7,38.23349317025584
12,46,17,6,51.05,34.10274722688852
12,29,17,6,43.5,48.96239158245525
12,46,17,6,58.25,81.2137368468634
12,29,17,6,51.3,53.25420665370754
12,46,17,6,54.85,42.52092364199561
12,46,17,6,51.3,47.2441586475597
12,29,17,6,55.95,43.14781814328873
12,31,17,6,66.3,45.164145071062734
12,29,17,6,49.6,48.90097405121798
12,31,17,6,57.9,44.01542791722968
12,29,17,6,56.5,46.81261638310316
12,31,17,6,43.95,47.977489239060965
12,31,17,6,44.7,41.16986634344156
12,29,17,6,60.05,49.84446862623353
12,31,17,6,59.95,47.81375600345464
12,30,17,6,61.35,41.73888128024415
12,31,17,6,42.5,35.0600987778955
12,30,17,6,57.1,46.62831757633982
12,31,17,6,60.0,56.47169761552195
12,31,17,6,44.9,38.10221709255802
12,30,17,6,51.5,41.18188155513359
12,31,17,6,59.9,59.49427217012266
12,30,17,6,59.6,48.44247809733237
12,31,17,6,59.6,50.63325306347079
12,30,17,6,71.75,54.1293528698179
12,28,17,6,58.05,56.67402171049894
12,28,17,6,55.1,51.98572678604853
12,30,17,6,73.65,44.75815127173102
12,28,17,6,59.8,48.46767778090553
12,30,17,6,73.3,62.571306691267296
12,28,17,6,71.75,59.4597387003659
12,28,17,6,58.05,50.4135267979788
12,30,17,6,85.95,76.2844227735567
12,28,17,6,60.9,46.68246599719158
12,28,17,6,39.35,30.309413163500697
12,30,17,6,69.9,47.20827313757176
12,28,17,6,48.8,40.57429832061827
12,30,17,6,66.35,45.92588422779971
12,28,17,6,51.2,44.92871546888704
12,28,17,6,55.95,42.25545744883761
12,30,17,6,54.05,43.60404978777473
12,30,17,6,51.65,49.95500607125323
13,5,17,6,81.25,81.67772034037189
13,5,17,6,48.15,54.12876946883724
12,30,17,6,55.25,45.90823226256577
13,5,17,6,65.45,56.902941372499406
12,30,17,6,53.35,41.3779435270328
13,5,17,6,61.75,77.77151081685916
12,30,17,6,66.6,59.775368981229256
13,5,17,6,57.8,46.97546952231671
12,30,17,6,48.3,40.88636370285459
13,5,17,6,71.25,84.19643385372216
12,30,17,6,40.55,53.90388619912687
13,5,17,6,60.45,41.829824414242
12,30,17,6,57.9,42.67736981981015
13,5,17,6,51.9,44.15034123966595
12,30,17,6,49.4,50.37271609031807
13,5,17,6,71.45,45.17856385033667
12,30,17,6,66.95,48.332701145290855
13,5,17,6,61.35,58.28448832191433
12,25,17,6,54.8,49.271108220367424
13,10,17,6,75.65,65.50313371370707
13,10,17,6,59.8,44.490803307508045
12,25,17,6,57.8,45.98466563632066
13,10,17,6,72.4,58.84001502736937
12,25,17,6,64.45,56.154369000948954
13,10,17,6,74.1,81.36008332035273
12,25,17,6,66.65,51.60709355566498
13,10,17,6,75.5,65.16093437344996
12,25,17,6,61.5,59.74639385726446
13,10,17,6,77.65,62.106254452392015
12,25,17,6,57.2,45.17171914512791
13,10,17,6,58.7,56.45128314237908
12,25,17,6,45.2,38.557680646559966
13,10,17,6,51.15,60.150053594061085
12,25,17,6,54.25,44.872773365078345
13,10,17,6,70.2,71.43093830664988
12,25,17,6,71.1,70.59961234424658
13,10,17,6,62.2,79.44253136370773
12,25,17,6,58.8,69.32957142290878
13,6,17,6,80.4,75.19126489020833
12,40,17,6,62.05,56.93438051134416
13,6,17,6,61.8,74.29712752115479
12,40,17,6,47.5,38.33440120556827
13,6,17,6,57.8,45.41574037362168
12,40,17,6,61.65,52.12765202139031
13,6,17,6,63.0,66.40941594620291
12,40,17,6,63.8,40.67793919118943
13,6,17,6,79.55,71.07999570535782
12,40,17,6,43.0,45.160532372975034
13,6,17,6,60.2,60.187076773393095
12,40,17,6,68.55,66.45019900172173
13,6,17,6,63.45,76.0674735107969
13,6,17,6,57.75,39.34312619692757
12,40,17,6,53.95,52.42887412585992
13,6,17,6,59.0,66.6080444011635
12,40,17,6,60.05,67.134174370592
13,6,17,6,52.3,32.83787928276541
13,12,17,6,59.5,41.94294370112557
12,40,17,6,73.3,54.11887500289476
12,40,17,6,56.4,56.09428153611232
13,12,17,6,77.4,69.3954344016195
12,24,17,6,51.75,57.580035831143675
13,12,17,6,77.85,61.30448167698844
12,24,17,6,63.45,53.45187210546462
13,12,17,6,69.45,60.19308842995881
13,12,17,6,40.35,36.90567635701074
12,24,17,6,60.2,46.57263709857742
13,12,17,6,47.35,34.52882091361086
12,24,17,6,42.3,31.898028317222305
13,12,17,6,57.45,59.35661626758084
12,24,17,6,52.65,41.3193913951205
13,12,17,6,67.7,63.860126757419486
12,24,17,6,51.7,62.337873931629964
13,12,17,6,78.05,60.2708579314205
12,24,17,6,57.05,45.37501631143682
13,12,17,6,76.4,91.60349338316743
12,24,17,6,67.7,51.05940812323168
13,3,17,6,66.6,64.71427077627672
12,24,17,6,73.85,52.79780198774228
13,3,17,6,69.2,64.81763892482873
12,24,17,6,51.7,53.752943615846945
13,3,17,6,52.1,43.0102802888602
12,41,17,6,40.95,36.25127946925315
13,3,17,6,50.5,47.67267781996639
12,41,17,6,63.8,44.320127303636276
13,3,17,6,51.1,46.49493464204914
12,41,17,6,53.3,45.4591777543904
13,3,17,6,65.0,61.826582598340934
12,41,17,6,48.9,43.818885618442025
13,3,17,6,57.25,46.98922048837652
12,41,17,6,72.45,69.68083252267176
13,3,17,6,62.1,62.57282073501915
13,3,17,6,45.0,31.163406340399344
12,41,17,6,48.8,48.24782514869398
13,3,17,6,68.7,63.298041875425795
12,41,17,6,58.9,56.9162820104646
12,41,17,6,61.75,67.60323489612796
13,0,17,6,78.2,83.9213917901747
12,41,17,6,56.15,55.11067811327732
13,0,17,6,86.1,83.22126499500246
12,41,17,6,57.8,59.312375561402376
13,0,17,6,65.65,44.01109309923435
13,15,17,6,34.1,29.807981975868213
13,0,17,6,81.9,58.091488641896404
13,15,17,6,77.3,64.76443143383078
13,0,17,6,51.4,54.06662556513029
13,15,17,6,48.55,52.994016544074896
13,0,17,6,46.65,49.98133862279317
13,15,17,6,56.05,65.42048206551378
13,0,17,6,81.45,78.02258444969974
13,15,17,6,55.2,49.38953650105934
13,0,17,6,56.4,55.451638483694204
13,15,17,6,57.95,51.63890312341533
13,15,17,6,65.3,52.780678282871655
13,0,17,6,101.8,83.94584720614769
13,0,17,6,57.1,53.11447418944343
13,15,17,6,70.0,57.57740785010074
13,5,17,6,37.85,40.592033182568436
13,15,17,6,42.8,34.34285338971368
13,5,17,6,67.2,60.070660147249235
13,15,17,6,62.6,59.10686129910451
13,5,17,6,45.25,59.36583724313966
13,5,17,6,34.1,34.482489835613066
13,9,17,6,65.45,58.49829057331504
13,5,17,6,54.3,56.49415433196793
13,9,17,6,65.7,65.57366287739228
13,5,17,6,73.9,70.53397837399474
13,9,17,6,71.3,63.151530381089614
13,5,17,6,59.0,44.895199602723906
13,9,17,6,62.5,40.72565465856161
13,5,17,6,55.1,50.84020373473609
13,9,17,6,46.6,43.06103379598483
13,5,17,6,58.2,69.96209500037935
13,9,17,6,68.8,45.81955454767503
13,5,17,6,79.25,68.21164817953326
13,23,17,6,65.0,49.59838707054898
13,9,17,6,81.1,53.459182658607084
13,23,17,6,49.25,51.01173755540045
13,9,17,6,56.7,69.94968116251026
13,23,17,6,89.85,88.85901014647038
13,9,17,6,81.55,50.1759797848375
13,23,17,6,26.95,30.503623598378915
13,23,17,6,63.4,53.552138883030324
13,9,17,6,95.45,59.62644679917408
13,23,17,6,90.8,106.9828318740417
13,4,17,6,70.85,54.93754827553116
13,23,17,6,53.2,55.314031721283506
13,4,17,6,50.65,58.09182839535858
13,23,17,6,58.55,45.783788213273645
13,23,17,6,45.4,33.63957569042123
13,4,17,6,81.3,64.99643714931814
13,23,17,6,51.85,49.10276549184749
13,4,17,6,76.1,75.91539612240096
13,7,17,6,87.4,76.56672356771404
13,4,17,6,62.1,72.77861166434458
13,7,17,6,71.65,85.58915019778468
13,4,17,6,73.9,75.86615638221384
13,7,17,6,94.55,83.81839705106825
13,4,17,6,92.95,94.21949457460879
13,7,17,6,62.9,44.208715501762654
13,4,17,6,45.0,40.23483696081243
13,7,17,6,71.15,60.632868453027235
13,7,17,6,75.6,54.86672848582137
13,4,17,6,85.8,83.13945165234512
13,7,17,6,44.0,34.37410285910632
13,4,17,6,54.9,51.03342557888692
13,7,17,6,58.55,59.39827660090732
13,9,17,6,65.15,59.660685282864904
13,7,17,6,99.6,93.44258017346098
13,9,17,6,67.95,57.91416061724455
13,7,17,6,85.45,86.76615578365613
13,9,17,6,80.1,63.45400323317506
13,0,17,6,61.65,59.974797338461045
13,9,17,6,55.7,55.22308823023401
13,0,17,6,39.1,46.050201439641704
13,9,17,6,45.75,45.24305704222821
13,0,17,6,70.2,66.59745530147214
13,9,17,6,45.9,54.13521083944884
13,0,17,6,56.8,50.23062601116658
13,9,17,6,72.25,60.236267270946016
13,0,17,6,63.8,75.66658165232106
13,0,17,6,55.6,42.423181349227846
13,9,17,6,88.7,95.62487014095069
13,0,17,6,63.6,82.81456774975612
13,0,17,6,49.5,46.703431633187186
13,9,17,6,83.65,75.47761954799302
13,0,17,6,71.45,72.63569877713097
13,9,17,6,69.25,66.15362901291923
13,0,17,6,66.5,54.05601383360549
13,1,17,6,50.25,55.04436010117084
13,22,17,6,85.55,97.25575344907553
13,1,17,6,63.35,54.7609878423836
13,22,17,6,72.05,85.45634465682032
13,1,17,6,85.75,63.93736655591364
13,22,17,6,71.2,78.61337772856943
13,1,17,6,69.75,51.98266411430885
13,22,17,6,51.5,51.492973460361306
13,1,17,6,79.5,53.32965996121621
13,1,17,6,60.8,81.33853880379732
13,22,17,6,82.7,72.2853264573982
13,1,17,6,39.05,36.98146762053152
13,22,17,6,56.95,53.98291640100499
13,1,17,6,59.25,63.22713857697167
13,22,17,6,67.4,77.22789242508857
13,1,17,6,75.5,70.4104507793223
13,22,17,6,44.5,43.712577980304594
13,1,17,6,58.7,49.49120070647328
13,22,17,6,75.95,80.72922577813343
13,19,17,6,82.8,84.82340789142928
13,19,17,6,66.75,73.42513193723249
13,22,17,6,93.1,91.87514411016268
13,19,17,6,58.25,51.33058491161406
13,19,17,6,47.65,48.51725140824165
13,7,17,6,86.55,87.54095282239412
13,19,17,6,63.6,70.08671320886044
13,7,17,6,59.15,48.65698954496617
13,19,17,6,66.55,59.845832638626774
13,19,17,6,63.85,46.33320396296466
13,7,17,6,80.7,61.58613993082329
13,7,17,6,52.55,50.87288079124279
13,19,17,6,71.85,67.1261773394741
13,7,17,6,54.55,45.919236881610665
13,19,17,6,51.4,58.062035789317626
13,19,17,6,32.7,39.68441295494928
13,7,17,6,58.85,55.46101048674218
13,20,17,6,68.05,63.7796164435332
13,7,17,6,52.55,49.564922868368996
13,20,17,6,75.4,56.23484591191517
13,7,17,6,71.1,62.09915670246977
13,20,17,6,69.4,63.935329167757274
13,7,17,6,66.4,77.78539979361571
13,20,17,6,78.75,80.93459022406206
13,7,17,6,57.05,58.050318463245404
13,20,17,6,68.0,53.04516447032859
13,20,17,6,74.85,65.96911159179368
13,20,17,6,58.05,54.669798262891575
13,20,17,6,73.1,64.4375666827977
13,20,17,6,82.0,79.7806202559309
13,20,17,6,65.0,59.44302889498925
13,20,17,6,79.7,70.910692534973
13,20,17,6,55.35,50.63000462592367
13,20,17,6,62.2,57.922452695960565
13,20,17,6,60.7,67.2482439606379
13,20,17,6,93.4,81.54327233535514
13,3,17,6,60.65,76.89519525062394
13,3,17,6,63.1,53.003376257903064
13,20,17,6,85.85,83.22719380991819
13,3,17,6,86.55,61.839754714567675
13,20,17,6,79.8,65.43586655328212
13,3,17,6,53.45,47.88854934005349
13,20,17,6,65.5,60.984467392590176
13,3,17,6,65.9,52.64868669327199
13,20,17,6,56.75,69.4768988490722
13,3,17,6,63.8,81.41356410975159
13,20,17,6,56.35,58.447704920948915
13,3,17,6,61.3,62.0798297610254
13,3,17,6,34.4,31.56180236331653
13,20,17,6,56.35,53.10790901551293
13,3,17,6,60.1,58.15125468167159
13,20,17,6,60.6,68.19584799832411
13,3,17,6,81.55,87.08403382577325
13,20,17,6,58.75,70.02170716059564
13,15,17,6,60.6,59.08459590861403
13,20,17,6,55.95,46.80584196556305
13,20,17,6,45.15,52.897393229972266
13,15,17,6,78.4,69.71022729466375
13,15,17,6,48.25,42.22480563041488
13,20,17,6,75.2,69.12886517222744
13,15,17,6,73.9,67.61026082201616
13,20,17,6,76.65,74.5536013461738
13,15,17,6,50.2,55.69238821655216
13,20,17,6,69.9,79.94136008745147
13,15,17,6,108.15,104.31797291782567
13,20,17,6,49.3,48.27672425986625
13,15,17,6,54.55,48.98278430116786
13,20,17,6,86.55,93.93473378110099
13,15,17,6,72.1,69.09482424061953
13,11,17,6,55.6,48.38812381479354
13,15,17,6,70.75,68.17691768673001
13,15,17,6,79.0,88.05560444221715
13,11,17,6,79.75,78.89091402556745
13,0,17,6,52.2,68.83206107315796
13,11,17,6,64.85,57.03763761993617
13,0,17,6,35.05,27.774420264924192
13,11,17,6,50.7,45.74310416824998
13,0,17,6,65.75,65.12892073257066
13,11,17,6,64.4,53.53149589383411
13,0,17,6,97.45,83.94326091254486
13,11,17,6,66.3,61.871768921485376
13,0,17,6,79.9,68.46812550761351
13,0,17,6,44.7,50.61006764832884
13,11,17,6,69.65,87.20047983933648
13,11,17,6,57.65,53.12871658826128
13,0,17,6,86.55,84.81650472451815
13,11,17,6,56.1,54.24496095927883
13,0,17,6,68.55,92.4687571703631
13,0,17,6,61.1,46.06048654815352
13,11,17,6,84.0,70.15321577953877
13,0,17,6,38.95,37.637432375090015
13,18,17,6,55.7,67.61586546926613
13,19,17,6,47.05,43.659538054792726
13,19,17,6,69.05,70.07174894349363
13,18,17,6,67.2,75.39970682617862
13,19,17,6,51.95,40.279908796217235
13,18,17,6,65.75,61.993951317850346
13,19,17,6,60.05,57.950500656299674
13,18,17,6,63.15,44.675761708229736
13,19,17,6,78.45,61.84656310920643
13,19,17,6,43.65,42.31495318628977
13,18,17,6,58.55,69.1934549688503
13,19,17,6,48.7,43.46093224470625
13,18,17,6,72.65,65.98666133154647
13,19,17,6,75.5,64.6240137866315
13,18,17,6,66.55,78.41151566876951
13,19,17,6,72.05,82.07536652049556
13,18,17,6,63.05,66.80015363991156
13,19,17,6,60.0,54.47259088656181
13,17,17,6,73.45,75.52516137023476
13,18,17,6,72.95,58.02855467694105
13,17,17,6,75.55,71.26930024838703
13,18,17,6,98.9,98.35858135575047
13,17,17,6,69.5,68.5108520024767
13,17,17,6,39.9,40.92727825379008
13,20,17,6,54.45,60.87733568414439
13,20,17,6,64.35,47.27664940483165
13,17,17,6,76.15,80.94720501660326
13,17,17,6,49.3,67.34600367153433
13,20,17,6,83.1,62.78107324580185
13,17,17,6,65.5,44.18799551199874
13,20,17,6,68.9,76.05462026174277
13,17,17,6,66.45,72.70812232915645
13,20,17,6,53.35,39.33964787255781
13,17,17,6,66.75,105.5880151691868
13,20,17,6,75.7,64.6814868168791
13,17,17,6,63.6,75.79987501725566
13,20,17,6,49.0,57.9446196585017
13,4,17,6,67.65,89.192444216218
13,4,17,6,60.85,64.6482588197165
13,20,17,6,85.3,94.74458740268629
13,4,17,6,64.85,53.00573454577194
13,20,17,6,70.85,65.51839838027017
13,4,17,6,75.0,76.66880241113654
13,20,17,6,76.05,67.02903926853762
13,4,17,6,72.8,68.05848877793895
13,16,17,6,75.65,61.32679932777736
13,4,17,6,81.45,62.15216895059381
13,16,17,6,67.05,54.59947464563142
13,4,17,6,75.15,71.3009005627042
13,16,17,6,48.75,47.27620409555118
13,4,17,6,69.5,70.50307944002387
13,16,17,6,70.05,64.01765792588628
13,4,17,6,61.6,58.98742060366502
13,16,17,6,61.85,49.57108134046662
13,4,17,6,84.9,62.216853360687274
13,16,17,6,33.6,34.62642738840105
13,16,17,6,54.8,53.64856401668764
13,16,17,6,73.7,69.63445910421679
13,16,17,6,72.3,55.95402247898668
13,16,17,6,48.15,34.632316821446594
13,16,17,6,77.1,68.78945757660988
13,16,17,6,39.2,34.56892428635565
13,16,17,6,73.35,46.01976120160372
13,16,17,6,55.85,49.38919016609968
13,16,17,6,74.8,76.26035736385687
13,16,17,6,83.15,67.93671590841768
13,3,17,6,67.7,68.99511805765299
13,16,17,6,49.35,46.340019080931036
13,16,17,6,57.15,57.78296507303497
13,3,17,6,92.2,73.33671443561218
13,16,17,6,61.1,96.76226972381984
13,3,17,6,71.05,85.82508221284792
13,16,17,6,96.6,117.73717384608466
13,3,17,6,85.7,67.9420031311536
14,30,17,7,45.65,53.40636173419989
13,3,17,6,67.4,67.34233047410974
14,30,17,7,81.0,67.57841449207844
13,3,17,6,45.95,46.09769374297431
14,30,17,7,67.75,60.37067517472892
13,3,17,6,74.5,52.96523189294732
14,30,17,7,70.45,63.64248415542627
13,3,17,6,47.2,52.30839723268752
14,30,17,7,30.2,25.84895396437991
13,3,17,6,55.55,59.27587154457048
14,30,17,7,61.75,50.8080754045633
14,30,17,7,50.55,45.10511115862124
13,3,17,6,77.5,79.7076896508341
14,30,17,7,38.65,45.700714033348476
13,4,17,6,84.1,55.61323204910292
14,30,17,7,75.3,58.7072128626906
14,30,17,7,46.05,41.28396528282723
14,46,17,7,51.1,43.012727614534114
13,4,17,6,92.2,81.9522325568537
14,46,17,7,66.65,58.33142603398184
13,4,17,6,60.7,59.02907401397525
14,46,17,7,72.9,54.67887112375694
13,4,17,6,60.6,73.68739090880725
14,46,17,7,34.4,32.55020413874058
13,4,17,6,62.95,50.53552684680561
14,46,17,7,63.2,40.40140695830439
14,46,17,7,53.85,43.45387754486601
13,4,17,6,63.3,61.803678991157994
13,4,17,6,33.55,29.500178411592522
14,46,17,7,78.7,56.21584343075873
13,4,17,6,75.85,68.00485663771221
14,46,17,7,64.7,57.87927544739818
14,46,17,7,33.15,40.16711799993936
13,4,17,6,45.1,45.81530426902301
14,46,17,7,73.15,63.517320472450656
13,4,17,6,59.5,65.86389474954353
14,35,17,7,47.55,47.036911597505835
13,17,17,6,63.95,60.43916036199675
14,35,17,7,60.35,45.89837171747806
13,17,17,6,55.95,62.88709599039586
14,35,17,7,60.3,47.547317152716964
13,17,17,6,45.2,48.392691923253736
14,35,17,7,52.55,50.36965983187645
13,17,17,6,50.3,60.1805179176958
14,35,17,7,60.8,58.301936412727194
14,35,17,7,43.95,41.46967820620647
13,17,17,6,58.65,61.42627159534642
14,35,17,7,46.35,41.84844208884194
13,17,17,6,60.65,52.842641274278726
14,35,17,7,67.65,52.042770871659016
13,17,17,6,55.25,52.22408700166901
14,35,17,7,67.95,65.17706651883007
13,17,17,6,75.3,47.82985194250663
14,35,17,7,53.25,43.254297018057244
13,17,17,6,39.7,45.11284097740499
14,36,17,7,75.4,53.53936082822372
13,17,17,6,57.5,47.71461212800871
14,36,17,7,44.9,38.40764726484887
14,36,17,7,38.15,53.418186337416465
13,23,17,6,76.55,60.58701875901523
14,36,17,7,53.85,37.29014968001462
14,36,17,7,34.9,32.429518716911694
14,36,17,7,46.2,32.2369516646903
13,23,17,6,99.1,99.3441122139553
14,36,17,7,43.9,35.37007358294803
13,23,17,6,62.2,59.563853397668524
14,36,17,7,57.95,45.36921631980968
14,36,17,7,46.1,42.89632544685039
13,23,17,6,69.1,66.52731927957353
14,36,17,7,52.4,39.11440709131691
13,23,17,6,51.5,47.271333251437085
14,25,17,7,40.35,44.76873321509345
14,25,17,7,62.3,50.121011457009566
13,23,17,6,67.6,71.06142635628328
14,25,17,7,40.1,38.031704225761295
14,25,17,7,45.05,44.69955257046764
13,23,17,6,94.7,86.64634714564838
14,25,17,7,51.1,52.89503011178191
13,23,17,6,56.05,44.81009637171187
14,25,17,7,33.85,43.758036855801514
14,25,17,7,55.4,51.49695954233864
13,23,17,6,52.95,69.32795820932333
14,25,17,7,58.7,50.75856163197858
13,23,17,6,80.85,78.73157261426822
14,25,17,7,46.55,40.757918184530006
14,25,17,7,45.8,32.53273654902737
13,1,17,6,54.5,55.6705534938875
14,30,17,7,59.0,55.68047942927292
13,1,17,6,63.95,75.94074906412929
14,30,17,7,71.95,75.72072997118042
13,1,17,6,46.45,40.32561547153242
14,30,17,7,50.05,54.56861928367178
13,1,17,6,70.65,59.876429770864455
14,30,17,7,63.25,54.22552807245718
13,1,17,6,45.55,37.91191313947024
14,30,17,7,62.6,47.65379534230528
13,1,17,6,69.75,59.54023407481877
14,30,17,7,56.45,59.642333075902066
13,1,17,6,59.8,46.06014374820451
14,30,17,7,78.65,54.93275793856378
13,1,17,6,47.8,48.942071020641066
14,30,17,7,52.5,46.497877710482086
14,30,17,7,41.7,40.73289114527266
13,1,17,6,76.9,70.06756138110372
14,30,17,7,46.5,42.61640405685166
13,1,17,6,71.1,56.46694421937213
14,36,17,7,59.9,58.10779456728404
14,36,17,7,62.05,56.15155713264818
13,12,17,6,69.8,77.9646343576773
14,36,17,7,54.6,53.30290798821392
13,12,17,6,48.15,55.260412212493826
14,36,17,7,52.85,54.041187995824075
13,12,17,6,61.4,67.78479879271178
14,36,17,7,55.25,48.06779751449755
13,12,17,6,66.9,65.52291684272723
14,36,17,7,66.5,58.70129560123148
14,36,17,7,51.5,45.95363796377022
13,12,17,6,66.25,54.25075793795056
14,36,17,7,43.7,42.20264396805888
13,12,17,6,98.1,72.20504429091247
14,36,17,7,88.2,94.66150220654644
14,36,17,7,52.05,42.36243991780305
13,12,17,6,94.55,85.64828630724855
14,45,17,7,44.0,37.78192271722716
14,45,17,7,52.25,46.426937507397454
13,12,17,6,57.65,51.50091976695276
14,45,17,7,32.45,41.88514998747986
13,12,17,6,38.6,32.03682092119694
14,45,17,7,69.2,58.52538810321192
13,12,17,6,72.45,60.91190791886089
14,45,17,7,46.45,48.474057087542356
13,21,17,6,57.4,56.50654363597379
14,45,17,7,75.65,52.13471921252114
13,21,17,6,52.4,44.54258754566418
14,45,17,7,67.2,49.31061591691249
13,21,17,6,69.1,65.26375636397925
14,45,17,7,50.0,41.98997374060672
13,21,17,6,37.55,33.364770263510614
14,45,17,7,52.7,47.56391821317366
14,45,17,7,50.15,55.69019095335419
13,21,17,6,84.8,74.52134981968166
14,42,17,7,88.4,84.95782235290267
13,21,17,6,53.95,58.66360388735619
14,42,17,7,64.05,54.11048638519252
13,21,17,6,49.35,48.745607089524654
14,42,17,7,50.6,38.78605283780295
13,21,17,6,56.15,58.29442060509917
14,42,17,7,57.5,49.75254555772684
13,21,17,6,43.7,51.15518186439129
14,42,17,7,45.55,45.92725942068323
13,21,17,6,55.8,66.2178223743427
14,42,17,7,60.15,61.190190992382185
13,20,17,6,67.05,61.412732264657684
14,42,17,7,67.8,59.61331536176337
14,42,17,7,58.55,44.69248729991016
13,20,17,6,71.1,62.97108776841037
13,20,17,6,75.1,65.88338980829369
14,42,17,7,90.55,111.31060147173764
14,42,17,7,48.95,36.768801134142315
13,20,17,6,66.8,73.15204065937996
14,47,17,7,65.9,43.511522974712655
13,20,17,6,53.95,37.97710529142248
14,47,17,7,73.55,54.08713729762957
13,20,17,6,63.25,57.98627333030501
14,47,17,7,62.05,63.92468841905828
13,20,17,6,70.55,64.28184240637394
14,47,17,7,51.3,40.49444406335269
13,20,17,6,34.55,33.52371509370957
14,47,17,7,58.55,37.411615139798776
13,20,17,6,78.95,62.27061062305733
14,47,17,7,59.5,57.30114355430945
14,47,17,7,73.85,55.55582777711084
13,20,17,6,72.6,97.90134669252782
14,47,17,7,48.55,32.44667690388745
14,38,17,7,47.4,54.20176730464947
14,47,17,7,38.85,34.61407532386667
14,47,17,7,51.4,43.14650684159239
14,38,17,7,55.95,42.31395813004946
14,45,17,7,55.0,60.228512219799406
14,38,17,7,62.1,58.32116163740947
14,45,17,7,32.35,30.972441060774628
14,38,17,7,67.95,48.55650533683737
14,45,17,7,71.0,48.18276608257792
14,45,17,7,51.4,47.93680049925384
14,38,17,7,53.95,46.06114357425813
14,45,17,7,59.95,61.22217950349281
14,38,17,7,64.0,40.1405425710059
14,45,17,7,66.95,71.25231298184752
14,38,17,7,52.4,46.21619675076329
14,45,17,7,57.15,35.902316301173016
14,38,17,7,49.6,35.0704554020227
14,45,17,7,79.95,71.17988701725702
14,38,17,7,63.1,35.98961838612557
14,45,17,7,40.2,37.2779037133683
14,38,17,7,53.55,44.22963402873451
14,45,17,7,64.6,60.55306502738343
14,40,17,7,54.6,61.41266798856474
14,46,17,7,66.9,53.432594034569924
14,40,17,7,53.0,47.79561750444886
14,46,17,7,45.85,43.28397661466594
14,40,17,7,48.9,41.126121805208456
14,46,17,7,72.65,50.712061266475224
14,40,17,7,42.65,40.449155869144114
14,46,17,7,49.6,49.59138295266522
14,46,17,7,31.5,28.783218795168242
14,40,17,7,65.1,61.27324478363937
14,46,17,7,59.65,53.50186912622773
14,40,17,7,57.1,47.580292249273924
14,46,17,7,47.25,55.52512470660656
14,40,17,7,43.15,40.78605927984399
14,40,17,7,56.0,59.51116657710905
14,46,17,7,88.75,104.37174199138285
14,46,17,7,36.3,46.77054853779583
14,40,17,7,42.1,31.205431376098957
14,46,17,7,47.75,39.54594263571635
14,40,17,7,54.35,54.936590241554136
14,47,17,7,29.15,26.735104067006816
14,47,17,7,45.6,35.0704554020227
14,35,17,7,75.6,61.05769488985936
14,47,17,7,50.45,39.017506192396304
14,35,17,7,51.05,52.756117130972044
14,47,17,7,46.1,37.038955310946825
14,47,17,7,40.4,39.93204754395436
14,35,17,7,63.6,59.54246604867734
14,47,17,7,55.4,45.786001078242705
14,35,17,7,60.4,43.54598295570956
14,47,17,7,71.8,68.5884753247105
14,47,17,7,55.5,41.89272013130682
14,35,17,7,80.85,52.066025896275
14,47,17,7,41.95,44.13671940686122
14,35,17,7,67.2,72.29442724391913
14,47,17,7,61.75,51.61994208687793
14,35,17,7,48.7,38.96570692018141
14,26,17,7,67.8,64.27048106901103
14,35,17,7,51.85,43.819336034749725
14,26,17,7,44.85,32.61138806581141
14,35,17,7,35.7,38.95760178504454
14,26,17,7,58.0,68.32430406755556
14,35,17,7,50.85,60.81921008850306
14,26,17,7,71.05,52.94731741129697
14,36,17,7,40.3,59.62788115073615
14,26,17,7,44.05,30.22455432608604
14,36,17,7,49.45,50.4208342485107
14,26,17,7,54.0,44.43208892586291
14,36,17,7,60.75,44.315703525357335
14,26,17,7,57.9,59.53406808843064
14,26,17,7,59.95,64.00614690875605
14,36,17,7,71.85,54.82726463511034
14,26,17,7,53.7,55.024492154331654
14,36,17,7,45.85,35.19760009761431
14,26,17,7,35.6,35.649462976688945
14,36,17,7,45.85,45.59348406816137
14,47,17,7,58.55,50.61669684995258
14,36,17,7,70.5,52.69325333824456
14,47,17,7,60.75,55.61131558462389
14,36,17,7,54.0,60.72543904632079
14,47,17,7,79.65,66.34382135194616
14,36,17,7,39.75,32.61719759494013
14,47,17,7,59.25,48.93161178194468
14,36,17,7,46.3,36.460649299874255
14,47,17,7,45.1,91.69738560240303
14,42,17,7,51.6,46.89787336666546
14,47,17,7,39.15,32.59524505200107
14,42,17,7,44.15,52.75491995015601
14,47,17,7,49.1,59.13045345941285
14,42,17,7,49.75,47.51384839679568
14,47,17,7,50.2,44.75735752512182
14,47,17,7,68.05,57.275396573324386
14,42,17,7,62.25,54.31281229090764
14,47,17,7,64.6,43.66788534525477
14,42,17,7,64.9,54.762549631160006
14,30,17,7,52.1,55.13991772133678
14,42,17,7,44.45,56.78349927112351
14,30,17,7,61.1,63.93656395620831
14,42,17,7,62.3,53.9152356164651
14,30,17,7,62.8,50.25995580872248
14,42,17,7,57.0,42.168833589699744
14,30,17,7,53.1,58.12862326001936
14,42,17,7,52.25,49.171959275051954
14,30,17,7,43.45,40.739835671321934
14,42,17,7,41.85,32.8541834234402
14,30,17,7,61.2,47.714722432830996
14,30,17,7,52.85,51.824882257971716
14,31,17,7,65.2,57.552356026582665
14,30,17,7,46.6,45.381888341867004
14,31,17,7,59.75,39.86143763747509
14,30,17,7,66.25,56.238098156058996
14,31,17,7,41.0,48.07559836231618
14,30,17,7,74.0,55.64360274385358
14,31,17,7,54.55,48.44907798807668
14,28,17,7,60.65,55.659940238635016
14,31,17,7,53.55,46.20033606621904
14,28,17,7,47.85,53.50383655697776
14,31,17,7,54.95,42.479066051781075
14,28,17,7,64.05,64.43640275496453
14,31,17,7,53.65,54.92413427916538
14,28,17,7,73.9,62.976938134860966
14,31,17,7,45.6,35.55929073947815
14,28,17,7,53.85,58.35939017032847
14,31,17,7,40.05,46.30388752577908
14,28,17,7,34.7,30.596009371708664
14,31,17,7,52.3,58.39169010813277
14,28,17,7,59.95,55.19293909836465
14,28,17,7,72.05,51.29735296340964
14,33,17,7,74.95,91.94705284192523
14,28,17,7,61.3,57.34301223890823
14,33,17,7,58.45,51.50521179555777
14,28,17,7,52.0,44.53384283771991
14,33,17,7,55.7,40.90052116512634
14,40,17,7,60.9,72.20577320554447
14,33,17,7,45.95,75.90816820342854
14,40,17,7,57.95,54.471117407108025
14,33,17,7,56.3,43.35908816287295
14,40,17,7,59.5,42.44563085816217
14,33,17,7,60.1,58.88516925249292
14,40,17,7,68.2,68.03064325032237
14,33,17,7,46.45,43.86519421087629
14,40,17,7,46.05,47.11964055800712
14,40,17,7,37.1,46.55376065989672
14,33,17,7,60.35,50.124345382259115
14,40,17,7,76.65,50.79502151319866
14,33,17,7,53.4,58.631229329015255
14,40,17,7,52.5,53.8482272590971
14,33,17,7,65.9,48.73440371301529
14,40,17,7,46.6,47.89396182137544
14,27,17,7,67.8,50.773594463429916
14,40,17,7,66.6,58.770203692902605
14,31,17,7,49.55,45.01634206187325
14,27,17,7,57.9,49.544132373385835
14,31,17,7,59.9,56.40072787884176
14,27,17,7,61.0,47.575978016332215
14,31,17,7,43.35,44.94590315619785
14,27,17,7,74.65,52.22650567228141
14,31,17,7,69.35,57.78660835577009
14,27,17,7,43.85,52.676045689418295
14,31,17,7,60.05,50.50218859249151
14,31,17,7,50.8,49.80551649851862
14,27,17,7,58.25,61.785601286349795
14,31,17,7,49.55,55.973184369133875
14,31,17,7,40.4,28.956228309203823
14,27,17,7,74.85,60.48251160894623
14,31,17,7,59.2,48.145175196865175
14,27,17,7,51.65,56.4346618013396
14,31,17,7,40.5,43.374137334057544
14,27,17,7,36.4,30.437857314448678
14,29,17,7,54.4,38.64739386597211
14,27,17,7,60.55,83.40104442107614
14,29,17,7,67.75,55.68697759516321
14,31,17,7,59.45,46.52840106067645
14,29,17,7,53.7,50.088448085151796
14,31,17,7,43.85,38.25437711453491
14,29,17,7,54.55,68.22214102705799
14,31,17,7,53.35,56.72581794079863
14,29,17,7,53.35,50.96260238748864
14,29,17,7,49.05,53.57088270398585
14,31,17,7,56.0,42.59478594233905
14,29,17,7,60.25,45.17087440748565
14,31,17,7,71.95,57.9077987657512
14,29,17,7,63.25,53.64785275538209
14,31,17,7,58.5,58.36320037399197
14,29,17,7,52.9,51.09835716794776
14,29,17,7,51.8,45.89874439287098
14,31,17,7,65.05,48.94731324275328
14,31,17,7,57.35,48.112012943481005
14,31,17,7,63.0,58.84770710553596
14,31,17,7,47.4,59.22783840480136
14,36,17,7,56.9,52.59367582554109
14,36,17,7,43.4,38.78469584229
14,36,17,7,45.95,43.4638082958563
14,36,17,7,48.5,41.62425912095518
14,36,17,7,58.65,71.44985359640262
14,36,17,7,58.9,54.67117011831064
14,36,17,7,58.4,41.66078554986186
14,36,17,7,45.2,35.990642058588975
14,36,17,7,43.6,42.831862217893715
14,36,17,7,71.95,55.42417769966651
14,35,17,7,52.7,42.167710270699835
14,35,17,7,41.4,42.3001804151932
14,35,17,7,43.7,41.98884563660612
14,35,17,7,54.55,47.413605642262645
14,35,17,7,49.35,40.89817265252555
14,35,17,7,56.7,46.71875539077596
14,35,17,7,54.8,39.43095230906806
14,35,17,7,82.7,72.72449815281607
14,35,17,7,39.5,36.94163248323382
14,35,17,7,68.55,54.23096318913258
14,40,17,7,47.6,39.62110017335925
14,40,17,7,64.65,51.777128663451194
14,40,17,7,45.0,28.395700193404004
14,40,17,7,55.4,39.866091646384085
14,40,17,7,60.65,54.59831788424872
14,40,17,7,41.85,37.329648157717045
14,40,17,7,38.25,41.47780002286576
14,40,17,7,60.5,45.40287493795497
14,40,17,7,68.8,51.25847811774524
14,40,17,7,47.1,35.19703934917493
14,36,17,7,58.05,69.0365845041598
14,36,17,7,46.15,56.60600209946124
14,36,17,7,59.45,61.39387505881056
14,36,17,7,61.8,54.819896503291375
14,36,17,7,67.8,67.46819913660688
14,36,17,7,64.45,56.62663963003168
14,36,17,7,43.65,40.98558796763359
14,36,17,7,44.15,43.228006272737
14,36,17,7,57.55,37.52819992317357
14,36,17,7,53.7,52.67187404857998
14,43,17,7,60.2,52.331534218711866
14,43,17,7,56.15,46.04605817748367
14,43,17,7,60.75,52.23013346819308
14,43,17,7,43.25,57.07508904481608
14,43,17,7,51.85,40.143525400479554
14,43,17,7,50.15,43.75442834731132
14,43,17,7,51.15,39.97930385639681
14,43,17,7,78.5,76.79603882328416
14,43,17,7,44.25,36.77939211311854
14,43,17,7,68.4,60.54611117939259
14,40,17,7,69.3,56.832255481881894
14,40,17,7,64.95,40.9203012285049
14,40,17,7,61.55,56.013602671230906
14,40,17,7,52.0,43.72521854538986
14,40,17,7,57.95,55.919561590029055
14,40,17,7,58.2,37.55080768631664
14,40,17,7,62.7,44.24108592937708
14,40,17,7,68.3,46.50534774002935
14,40,17,7,45.0,39.23344437969647
14,40,17,7,37.05,41.06666595465937
14,41,17,7,53.65,40.97788235262119
14,41,17,7,62.35,54.3887323857278
14,41,17,7,55.85,47.11159763348031
14,41,17,7,47.65,41.730053539637986
14,41,17,7,45.6,43.94901352105283
14,41,17,7,45.5,49.187610763601626
14,41,17,7,46.8,46.08070723141485
14,41,17,7,56.75,52.281500199955005
14,41,17,7,48.15,47.58181319967137
14,41,17,7,46.0,38.95206230605431
14,33,17,7,71.95,67.22270528075434
14,33,17,7,53.1,39.10162198816391
14,33,17,7,54.7,68.0240669484744
14,33,17,7,58.65,57.42113584826813
14,33,17,7,60.65,55.00169853836573
14,33,17,7,53.65,49.357210319529976
14,33,17,7,54.35,60.63981235216072
14,33,17,7,54.85,45.6084883604611
14,33,17,7,60.45,67.50787478431488
14,33,17,7,31.25,31.600924370224227
14,34,17,7,68.75,57.42535200267891
14,34,17,7,61.95,54.94636140436368
14,34,17,7,52.65,45.473271501538484
14,34,17,7,38.9,36.7049401522322
14,34,17,7,64.15,51.51829005825325
14,34,17,7,46.9,57.84816787345808
14,34,17,7,58.3,45.09767178025935
14,34,17,7,46.95,55.60052536669624
14,34,17,7,59.95,47.700242744610186
14,34,17,7,41.6,33.66616292831408
14,41,17,7,60.25,45.59302231932564
14,41,17,7,44.5,42.418342606397104
14,41,17,7,46.95,49.20577094952219
14,41,17,7,55.4,50.207359494086326
14,41,17,7,40.65,43.54099701491264
14,41,17,7,52.0,50.53711507397311
14,41,17,7,57.95,39.719377479618444
14,41,17,7,61.2,45.863183262256975
14,41,17,7,57.25,36.96068323588131
14,41,17,7,57.65,54.63011989736065
14,39,17,7,36.6,33.10016695775988
14,39,17,7,50.9,57.81085310598785
14,39,17,7,58.2,47.10302258711329
14,39,17,7,50.1,36.17486769335279
14,39,17,7,65.85,57.21637141496075
14,39,17,7,59.35,76.95266829613342
14,39,17,7,67.25,54.95344919973057
14,39,17,7,60.95,59.292739415281034
14,39,17,7,33.2,32.990588769654
14,39,17,7,50.7,37.10596490564485
15,12,17,7,69.3,59.82263257681872
15,12,17,7,44.8,47.78636669705348
15,12,17,7,49.1,36.3837731326538
15,12,17,7,64.5,59.740227124125546
15,12,17,7,75.05,114.44027401133515
15,12,17,7,72.7,77.13767596078831
15,12,17,7,43.8,36.59105441440427
15,12,17,7,36.4,34.621867139288234
15,12,17,7,55.05,59.605258510514524
15,12,17,7,52.4,45.56707028915555
15,0,17,7,58.95,43.451697320127785
15,0,17,7,66.65,68.86391997036046
15,0,17,7,57.5,48.79225564089363
15,0,17,7,55.95,60.810728797162966
15,0,17,7,48.55,69.93416076643275
15,0,17,7,53.6,50.198972520413825
15,0,17,7,70.65,89.3486812555466
15,0,17,7,80.35,72.49992740468235
15,0,17,7,72.6,87.4958044106898
15,0,17,7,57.35,62.08676017858948
15,3,17,7,49.4,58.72809782109591
15,3,17,7,65.65,60.1483035592246
15,3,17,7,69.35,66.24458269807506
15,3,17,7,57.5,55.42230218014557
15,3,17,7,70.9,65.4449547731768
15,3,17,7,54.3,52.96085943013904
15,3,17,7,51.85,51.796438609537425
15,3,17,7,72.05,74.96558859693033
15,3,17,7,66.3,89.02223258679173
15,3,17,7,58.85,55.45626536669282
15,16,17,7,95.0,82.37718130647588
15,16,17,7,49.1,42.31448675659064
15,16,17,7,36.3,25.536557901833287
15,16,17,7,72.7,65.47968748920698
15,16,17,7,49.9,64.11330430943084
15,16,17,7,50.95,67.62004919128336
15,16,17,7,54.5,47.74879441850917
15,16,17,7,71.05,76.03287031554875
15,16,17,7,53.75,80.32622629987635
15,16,17,7,99.8,72.12459978909305
15,15,17,7,68.9,39.325764957260326
15,15,17,7,75.7,70.68320726646242
15,15,17,7,58.15,50.746298802033465
15,15,17,7,81.05,70.33489438693323
15,15,17,7,42.85,34.653586432454276
15,15,17,7,50.15,56.802775136060866
15,15,17,7,79.1,67.03094336514333
15,15,17,7,51.7,65.89553135555991
15,15,17,7,56.05,68.46856750978586
15,15,17,7,76.6,68.32307154441432
15,16,17,7,67.55,59.213685295848535
15,16,17,7,46.6,56.00131577401599
15,16,17,7,55.65,51.49785381322625
15,16,17,7,62.65,60.63373648390804
15,16,17,7,72.25,71.54599183300502
15,16,17,7,74.85,69.71919240405532
15,16,17,7,46.95,62.959030120263215
15,16,17,7,32.45,29.229536251430403
15,16,17,7,50.8,53.169639140357056
15,16,17,7,93.4,68.59599497285384
15,22,17,7,78.15,65.56176276490821
15,22,17,7,86.9,57.42354184387042
15,22,17,7,58.1,47.228336721439646
15,22,17,7,57.45,60.44873861380402
15,22,17,7,73.1,81.90038879157123
15,22,17,7,77.7,73.32271853001346
15,22,17,7,55.45,58.18344401885073
15,22,17,7,65.4,66.25739283478605
15,22,17,7,76.95,99.42808826907066
15,22,17,7,57.25,65.468252651672
15,7,17,7,47.8,46.04642965758068
15,7,17,7,97.4,118.45469931359281
15,7,17,7,55.1,55.44926557341926
15,7,17,7,62.3,56.70709600078375
15,7,17,7,61.25,67.11018041839459
15,7,17,7,60.5,55.41850346514049
15,7,17,7,41.95,37.19857807129616
15,7,17,7,64.65,63.70183422956145
15,7,17,7,71.85,73.78865623843332
15,7,17,7,66.1,55.19334437373672
15,5,17,7,60.85,84.98376005852064
15,5,17,7,61.1,55.69172668406531
15,5,17,7,55.1,54.259512869561455
15,5,17,7,65.15,58.90873851716917
15,5,17,7,61.3,57.53269093581309
15,5,17,7,67.85,82.49929824262941
15,5,17,7,64.55,63.2193133381514
15,5,17,7,61.1,75.44387945597987
15,5,17,7,51.95,54.3986019557198
15,5,17,7,53.75,59.23536905741721
15,12,17,7,44.35,36.56612611348608
15,12,17,7,61.2,59.825711775738064
15,12,17,7,60.7,45.63943354969299
15,12,17,7,57.4,72.33576679551228
15,12,17,7,56.6,50.33090501868609
15,12,17,7,82.5,74.79832534010511
15,12,17,7,62.75,71.44219231032362
15,12,17,7,58.1,42.64652759357406
15,12,17,7,50.85,59.5511942520224
15,12,17,7,74.95,106.43726840380279
15,3,17,7,54.4,64.97481293385518
15,3,17,7,53.15,47.63598264028215
15,3,17,7,65.6,69.71853185639041
15,3,17,7,62.85,76.22009335850322
15,3,17,7,52.6,45.24366777444343
15,3,17,7,43.2,48.56964614155419
15,3,17,7,102.0,100.38242664404646
15,3,17,7,99.4,95.1018290819732
15,3,17,7,47.65,48.49663580301758
15,3,17,7,58.75,74.4240163557861
15,15,17,7,63.4,74.86015031552607
15,15,17,7,78.55,75.52167691603866
15,15,17,7,50.7,61.77557003081055
15,15,17,7,57.8,59.68919500211072
15,15,17,7,90.15,78.54484136633772
15,15,17,7,88.5,76.35547062743339
15,15,17,7,64.65,62.31099843780221
15,15,17,7,44.6,44.361434175477946
15,15,17,7,59.85,59.16815911139689
15,15,17,7,64.95,45.45498061992651
15,0,17,7,51.85,43.17440152878116
15,0,17,7,79.5,81.24200365509664
15,0,17,7,31.6,32.851179583083464
15,0,17,7,52.7,53.377602241507915
15,0,17,7,69.2,74.2971275211548
15,0,17,7,83.55,91.0630059499003
15,0,17,7,44.7,39.91055789611249
15,0,17,7,48.15,48.76827592648837
15,0,17,7,72.05,69.17139277871574
15,0,17,7,60.45,64.55554523859769
15,10,17,7,77.25,72.77208472889501
15,10,17,7,60.55,60.657342159830385
15,10,17,7,101.5,74.51068450405725
15,10,17,7,53.55,62.99663733715851
15,10,17,7,53.7,50.00115788132995
15,10,17,7,34.7,45.485798824873264
15,10,17,7,54.0,48.12593129652553
15,10,17,7,77.55,92.0300151266451
15,10,17,7,76.1,64.44981727955806
15,10,17,7,61.75,72.74459647141823
15,23,17,7,37.3,52.99364410747268
15,23,17,7,75.65,82.09126820673117
15,23,17,7,50.65,48.02332218499893
15,23,17,7,55.8,58.339839236196596
15,23,17,7,57.4,50.33195071878196
15,23,17,7,57.1,63.07130467720015
15,23,17,7,50.2,53.256677367354854
15,23,17,7,35.2,40.34274212426894
15,23,17,7,39.2,43.3888173805672
15,23,17,7,38.45,53.674923087239286
15,19,17,7,57.2,64.8387473498273
15,19,17,7,38.2,37.10667410531285
15,19,17,7,49.7,45.536682725954144
15,19,17,7,53.7,57.501578925690104
15,19,17,7,67.95,60.31624988342694
15,19,17,7,46.95,44.34016238129942
15,19,17,7,63.15,83.02965545039031
15,19,17,7,58.55,56.58851938614218
15,19,17,7,56.75,47.449557704111314
15,19,17,7,76.8,121.71995468459991
15,0,17,7,35.8,31.859229844988242
15,0,17,7,66.85,85.47777488914882
15,0,17,7,92.25,88.58945820617235
15,0,17,7,59.05,52.68124104360808
15,0,17,7,52.75,52.30062392704216
15,0,17,7,31.7,35.50107485400229
15,0,17,7,67.7,71.33471879290727
15,0,17,7,53.1,47.13128361011232
15,0,17,7,67.05,85.16638514046922
15,0,17,7,44.1,44.26225670276034
15,5,17,7,60.25,65.57910048981026
15,5,17,7,54.55,63.724303386582925
15,5,17,7,57.3,63.60494849997294
15,5,17,7,36.9,41.20922226880774
15,5,17,7,67.05,51.721394331349444
15,5,17,7,73.55,62.10049156513641
15,5,17,7,76.6,66.03619422232343
15,5,17,7,54.65,55.21944260951267
15,5,17,7,68.1,65.99593288904049
15,5,17,7,70.35,60.57381317124805
15,23,17,7,47.55,47.86656343144807
15,23,17,7,54.05,40.394729984569956
15,23,17,7,66.05,58.07026143524666
15,23,17,7,52.45,43.9514983877264
15,23,17,7,67.8,88.00215308370824
15,23,17,7,47.2,45.648081760584994
15,23,17,7,69.4,69.92958864758933
15,23,17,7,44.1,50.94465521266036
15,23,17,7,100.25,101.18709871998713
15,23,17,7,52.15,63.24411767945404
15,9,17,7,55.0,54.9784646834319
15,9,17,7,78.6,80.36325423711352
15,9,17,7,58.95,73.92633246400734
15,9,17,7,59.15,55.46765297284345
15,9,17,7,52.15,54.092780917313
15,9,17,7,57.7,63.02806392477293
15,9,17,7,64.05,72.37291947741373
15,9,17,7,41.25,40.32222189993215
15,9,17,7,72.85,84.73318805459132
15,9,17,7,66.75,67.54793619504986
16,29,17,8,55.55,38.48783129632971
16,29,17,8,52.3,37.604730945370214
16,29,17,8,61.15,58.031094205924134
16,29,17,8,46.4,47.282354558879355
16,29,17,8,65.2,62.68517830354611
16,29,17,8,57.95,69.24971974102515
16,29,17,8,40.9,40.48248484156288
16,29,17,8,45.05,50.95661209096887
16,29,17,8,32.1,37.400956925556976
16,29,17,8,44.1,54.80097963012206
16,32,17,8,49.45,53.51780323553925
16,32,17,8,39.2,42.32903694180925
16,32,17,8,50.25,53.616449753881746
16,32,17,8,50.15,33.326573876049565
16,32,17,8,24.35,22.143729063599594
16,32,17,8,66.85,55.52645173343299
16,32,17,8,48.6,46.39691459796143
16,32,17,8,59.65,53.94761103924905
16,32,17,8,58.85,67.66657808308089
16,32,17,8,59.6,58.33875664012552
16,35,17,8,55.9,51.36443578155897
16,35,17,8,53.8,42.51142261359385
16,35,17,8,44.3,42.87202498501546
16,35,17,8,72.7,63.99432540632432
16,35,17,8,50.35,47.05011326123175
16,35,17,8,62.0,44.37519458815749
16,35,17,8,56.95,47.90942660786848
16,35,17,8,47.15,43.12195069310928
16,35,17,8,40.8,32.39005695385058
16,35,17,8,47.35,46.92129468308438
16,25,17,8,57.6,41.752907241986094
16,25,17,8,51.65,40.38534778591703
16,25,17,8,39.9,32.8824061099389
16,25,17,8,36.9,44.80002349623443
16,25,17,8,52.25,43.84167087672593
16,25,17,8,42.85,51.5775093784511
16,25,17,8,71.95,68.5661225234061
16,25,17,8,42.2,42.36259521894534
16,25,17,8,53.0,43.250798593174764
16,25,17,8,32.3,33.578031665455256
16,28,17,8,68.85,62.06132366246181
16,28,17,8,43.55,31.967870383278665
16,28,17,8,47.9,50.30632480900859
16,28,17,8,61.75,47.696270404784435
16,28,17,8,57.15,45.29932612488204
16,28,17,8,44.55,45.97536525712782
16,28,17,8,42.3,34.81394155099059
16,28,17,8,46.85,46.8067415297367
16,28,17,8,45.5,48.71668902412893
16,28,17,8,56.9,55.99520656176505
16,32,17,8,52.15,55.56056439408687
16,32,17,8,39.45,34.615899906196134
16,32,17,8,51.5,49.03543294609039
16,32,17,8,55.0,42.38544934042193
16,32,17,8,71.3,48.88342739297451
16,32,17,8,52.1,56.73103671109659
16,32,17,8,47.95,42.59413722938628
16,32,17,8,43.1,44.90094360748006
16,32,17,8,33.75,23.768344715741478
16,32,17,8,32.25,36.2460524166353
16,47,17,8,63.65,53.80498411661762
16,47,17,8,74.3,73.74572244508401
16,47,17,8,48.95,41.44047728845237
16,47,17,8,50.9,40.107618386431014
16,47,17,8,34.5,35.65994361952033
16,47,17,8,62.55,56.30319706730693
16,47,17,8,55.4,45.32270257190157
16,47,17,8,70.45,88.84550458076382
16,47,17,8,56.0,57.20599894931888
16,47,17,8,35.15,34.92288497156044
16,40,17,8,53.4,44.695931758824244
16,40,17,8,55.4,49.68892707318413
16,40,17,8,63.7,71.48654639713318
16,40,17,8,61.55,47.759788194893126
16,40,17,8,77.0,58.69546741220178
16,40,17,8,53.25,64.31818519958738
16,40,17,8,89.1,61.609893258862414
16,40,17,8,57.9,59.86994677061095
16,40,17,8,65.65,58.694817309089295
16,40,17,8,43.25,40.448635394326445
16,27,17,8,47.05,44.365082286814136
16,27,17,8,48.95,47.84456741970761
16,27,17,8,45.65,48.213641878185214
16,27,17,8,59.3,48.51272215126992
16,27,17,8,52.2,40.81098923213285
16,27,17,8,45.55,55.58253701525896
16,27,17,8,43.25,47.58026459518031
16,27,17,8,24.25,26.7559634277551
16,27,17,8,44.9,55.84932737662158
16,27,17,8,45.8,38.12527825610278
16,29,17,8,63.8,56.782688243958
16,29,17,8,65.7,59.99306977520513
16,29,17,8,48.75,49.19764115012875
16,29,17,8,57.1,48.588389343004245
16,29,17,8,57.45,50.57924995801925
16,29,17,8,41.1,37.998476423750404
16,29,17,8,47.05,44.56512089066965
16,29,17,8,65.15,42.95931367676801
16,29,17,8,50.65,47.01094497421234
16,29,17,8,45.95,49.37981155769718
16,27,17,8,68.7,58.90322125049029
16,27,17,8,46.0,54.565267533960025
16,27,17,8,50.3,43.45124309287123
16,27,17,8,40.5,30.567440538138477
16,27,17,8,51.7,50.17034141696404
16,27,17,8,54.9,59.43408555968359
16,27,17,8,63.8,49.17808669037781
16,27,17,8,28.35,31.591596151008595
16,27,17,8,39.95,36.241115063593604
16,27,17,8,46.7,49.4550300778394
16,28,17,8,44.1,47.04298146656053
16,28,17,8,50.05,54.127991591081695
16,28,17,8,72.5,59.098935781673056
16,28,17,8,43.2,47.47143185227578
16,28,17,8,45.3,35.306328640985356
16,28,17,8,46.45,44.32354132726168
16,28,17,8,44.45,47.61410118419697
16,28,17,8,44.2,42.048343105225165
16,28,17,8,51.2,55.407200748069215
16,28,17,8,52.1,43.29689426080789
16,37,17,8,51.35,54.98064252654364
16,37,17,8,33.3,38.983262265260784
16,37,17,8,46.7,44.755593593368154
16,37,17,8,49.5,41.488742924722175
16,37,17,8,51.4,51.64901792514141
16,37,17,8,47.2,44.71971189060756
16,37,17,8,62.55,44.23558343805655
16,37,17,8,36.3,36.50248729809201
16,37,17,8,46.35,41.78425162917874
16,37,17,8,73.95,47.7322300911416
16,26,17,8,65.45,53.48927585581008
16,26,17,8,37.2,33.75546739340708
16,26,17,8,58.3,55.721204505815805
16,26,17,8,37.9,38.47883902395677
16,26,17,8,61.05,37.07102003338712
16,26,17,8,60.45,63.69208411527581
16,26,17,8,42.5,47.84019450761374
16,26,17,8,34.5,35.795471633625446
16,26,17,8,49.55,44.63002883355791
16,26,17,8,52.95,48.716662015112824
16,25,17,8,50.1,60.05690284178305
16,25,17,8,37.6,38.46721091773452
16,25,17,8,56.65,36.91138035890828
16,25,17,8,45.05,38.44952261698036
16,25,17,8,64.9,53.16300652858052
