trial_id,stim_id,param_id,index,sample_n_mean,sample_n_std
0,35,107,0,102.9,70.75673670735306
0,36,17,0,85.35,57.31195796965751
0,37,5,0,109.85,62.25522594846747
0,35,107,0,76.5,49.121224911865795
0,36,17,0,100.15,65.77015400540535
0,47,107,0,89.6,40.171212525756225
0,37,5,0,95.6,58.58273501728357
0,36,17,0,73.95,37.863292875401385
0,47,5,0,73.5,44.63713346766934
0,47,107,0,104.0,58.544629849462076
0,47,5,0,62.65,31.589930107718292
0,36,17,0,93.5,54.09981029249743
0,31,107,0,92.6,62.64217513196008
0,36,17,0,74.6,46.66949866093655
0,31,5,0,101.85,69.41429778397318
0,31,107,0,88.45,60.82544048772943
0,36,17,0,98.0,52.01922721455981
0,31,5,0,105.3,50.86214599028281
0,47,107,0,118.5,79.02198228474484
0,36,17,0,70.2,42.102131462483115
0,47,107,0,85.9,45.599976915968305
0,36,17,0,78.4,44.56739426507845
0,27,5,0,117.35,50.817811837976656
0,31,107,0,81.95,38.13338777446734
0,36,17,0,82.55,58.084761114118486
0,27,5,0,100.75,54.4657062553561
0,31,107,0,104.3,77.97914701008887
0,36,17,0,87.7,45.16647569066895
0,47,107,0,84.0,61.874235774121516
0,30,5,0,114.45,54.14840717878966
0,47,107,0,79.15,35.86711585840155
0,34,17,0,113.8,43.7668463806254
0,25,107,0,98.35,71.16273048813062
0,30,5,0,129.6,72.17041236582088
0,34,17,0,90.4,47.77402950073232
0,25,107,0,98.55,53.65236542585493
0,33,5,0,84.55,31.87223672232952
0,34,17,0,90.05,63.70447807113553
0,45,107,0,75.3,56.95529179240411
0,45,107,0,85.15,79.71018227237181
0,34,17,0,100.4,43.63774319988313
0,33,5,0,111.9,79.63198246671337
0,45,107,0,80.0,49.51342189112384
0,34,17,0,84.0,34.618218507479256
0,47,5,0,91.75,50.382615004948306
0,45,107,0,77.9,39.94720199674091
0,34,17,0,70.1,39.64301226007721
0,47,5,0,86.25,60.46736832026798
0,42,107,0,93.9,39.43402217962502
0,34,17,0,82.15,48.24092497149348
0,42,107,0,83.85,50.963635126069626
0,34,17,0,75.05,43.6764117959388
0,30,5,0,114.5,72.75155993986803
0,42,107,0,95.4,59.720753687915156
0,34,17,0,81.0,50.85790317924515
0,30,5,0,97.45,56.089660366238625
0,42,107,0,90.4,46.80125954220508
0,34,17,0,62.65,37.3620620979427
0,41,107,0,91.5,74.18078911473111
0,25,17,0,95.35,55.88359612435006
0,34,5,0,120.15,89.68264222127642
0,41,107,0,90.25,54.90362369404083
0,43,107,0,82.95,47.390288811994076
0,34,5,0,103.3,64.81885690542772
0,25,17,0,114.8,64.88256598209608
0,43,107,0,98.75,49.60674296271043
0,26,5,0,95.8,60.54802356720438
0,25,17,0,89.4,68.60290004611207
0,38,107,0,98.2,49.22194632478484
0,25,17,0,80.1,36.732174337751196
0,26,5,0,92.05,54.63801934454375
0,38,107,0,113.9,57.10276977336103
0,25,17,0,101.1,71.00474409650757
0,41,5,0,104.65,73.89414548421347
0,24,107,0,89.85,46.171619216274316
0,25,17,0,74.3,41.009754937087834
0,24,107,0,89.15,54.33160851852746
0,41,5,0,98.85,47.7176729921889
0,25,17,0,93.25,48.229577079455694
0,44,107,0,79.25,62.01347476663099
0,28,5,0,97.15,55.724203377933215
0,25,17,0,82.25,37.41921122125709
0,44,107,0,97.35,69.81198434291018
0,28,5,0,76.75,39.563240514396696
0,25,17,0,83.3,53.796986806638934
0,42,107,0,111.25,69.87046285053054
0,30,5,0,104.5,86.01070924753009
0,25,17,0,86.6,47.119556784619135
0,42,107,0,104.35,49.302796974144215
0,30,5,0,99.4,44.09606737448065
0,28,17,0,102.3,57.668836791131
0,27,107,0,107.15,59.61920831409958
0,37,5,0,91.75,60.15670326213382
0,28,17,0,86.15,43.27059898871409
0,27,107,0,78.9,39.022125977315405
0,28,17,0,79.35,31.985646451922285
0,46,107,0,114.6,67.71332761607648
0,37,5,0,111.45,98.98563159953012
0,28,17,0,71.85,32.524120603832344
0,46,107,0,95.75,46.65085885146111
0,28,17,0,95.3,41.218416936326435
0,45,107,0,91.15,60.843435835022724
0,46,5,0,126.6,71.81804493960671
0,45,107,0,82.7,48.471478320000884
0,28,17,0,101.35,58.79784725740615
0,46,5,0,107.85,62.39456369706714
0,28,17,0,65.55,41.23676821274406
1,18,107,0,104.65,51.61525172394605
0,38,5,0,69.95,32.68747547045472
1,18,107,0,87.55,37.59825723844685
0,28,17,0,81.45,63.7705384871993
0,38,5,0,89.85,59.000691342961126
1,14,107,0,91.3,64.18976799918717
0,28,17,0,90.2,64.79489908448365
1,14,107,0,86.6,52.33535586660524
0,28,17,0,85.5,67.43534915598401
0,32,5,0,126.2,97.75134943206396
1,7,107,0,94.7,46.645471377187306
0,41,17,0,88.75,43.25064648132594
0,32,5,0,89.15,53.816721134645604
1,7,107,0,101.7,64.33227887509626
0,41,17,0,80.1,44.937266213431826
0,37,5,0,82.8,49.400191774611784
1,8,107,0,105.45,47.43691101152972
0,41,17,0,83.45,36.85030171982457
0,37,5,0,95.85,48.6591528686509
1,8,107,0,115.15,48.68402418172019
0,41,17,0,84.2,45.178709471095836
0,31,5,0,74.05,38.81735233249768
0,41,17,0,91.25,47.782263831280595
1,1,107,0,122.85,59.36530530271205
0,31,5,0,90.6,49.01707543510247
1,1,107,0,85.9,38.028936351152396
0,41,17,0,80.55,48.77820371738525
0,39,5,0,89.0,41.31012364771466
0,41,17,0,77.45,40.786317365147426
1,2,107,0,108.8,47.18675103971676
0,39,5,0,125.05,97.49789471411272
1,2,107,0,112.2,77.80515474737619
0,41,17,0,105.6,56.92968885989288
1,11,5,0,79.7,43.44034021384658
1,1,107,0,98.7,50.64229561604763
0,41,17,0,90.85,66.24140460626214
1,1,107,0,80.1,32.18679036008733
0,41,17,0,78.0,49.00483327397948
1,11,5,0,112.4,69.802277145784
1,16,107,0,98.8,39.781773133989525
0,43,17,0,76.25,39.706654619252824
1,23,5,0,100.5,55.96756579531248
1,16,107,0,98.95,41.79709760762166
0,43,17,0,101.9,72.64615033086568
1,1,107,0,115.6,54.19788304275168
1,23,5,0,109.9,53.30537644454578
0,43,17,0,79.2,46.66295724605726
1,3,5,0,92.8,53.7935625184004
1,1,107,0,109.15,57.755633126949064
0,43,17,0,83.8,50.58042059303601
1,16,107,0,99.1,46.94554516166913
1,3,5,0,116.1,54.20225281781483
0,43,17,0,98.55,62.32552488853647
1,16,107,0,90.5,38.69380475367846
1,19,5,0,93.4,53.1931930746189
0,43,17,0,91.25,62.79194970191976
1,5,107,0,104.5,55.56267205881832
0,43,17,0,73.95,34.13205778181346
1,19,5,0,101.9,54.67020741635583
1,5,107,0,109.2,55.10048237442878
0,43,17,0,64.15,28.562535270046173
1,5,107,0,92.9,49.98726153520989
0,43,17,0,82.65,37.89775024568358
1,20,5,0,132.35,56.24970175359529
1,5,107,0,80.8,34.252314558750314
0,43,17,0,87.3,47.14378900878952
1,20,5,0,104.15,48.65807121883113
1,11,107,0,113.1,49.25219738619204
0,42,17,0,85.25,33.563568908784674
1,11,107,0,101.9,53.65964866393408
1,22,5,0,113.25,58.615495526263985
0,42,17,0,92.7,47.654568456097074
1,0,107,0,115.05,81.49425229974649
0,42,17,0,83.6,43.79786103885608
1,22,5,0,134.3,85.16429941434875
0,42,17,0,81.7,59.95621209200137
1,0,107,0,120.8,45.87580488323023
1,1,107,0,89.95,42.260439382975015
0,42,17,0,85.3,59.84638229403854
1,0,5,0,112.75,64.59336368063632
1,1,107,0,84.85,53.29883478532794
0,42,17,0,80.45,45.70555073971927
1,0,5,0,94.15,44.39804998088613
1,23,107,0,81.6,39.66093132648565
0,42,17,0,81.3,37.80573612840419
1,14,5,0,105.85,57.06439114581093
0,42,17,0,73.05,32.44992093089061
1,23,107,0,110.9,53.50543504119342
0,42,17,0,83.45,41.36420395004662
1,0,107,0,99.4,61.375805279313525
1,14,5,0,108.85,58.51610214741166
0,42,17,0,90.9,52.064635942158226
1,0,107,0,101.5,52.99602765649914
1,0,5,0,127.7,64.34454951766762
0,27,17,0,79.35,36.11717043180432
1,4,107,0,103.75,54.29633602061153
0,27,17,0,82.9,50.097694032444466
1,0,5,0,89.0,42.487149760096194
1,4,107,0,97.7,48.53224646941888
1,23,107,0,88.1,40.87065605438441
0,27,17,0,86.9,55.663367903099335
1,13,5,0,93.0,45.28157520042317
1,23,107,0,83.3,41.928636113231605
0,27,17,0,93.15,57.86397388431088
1,13,5,0,94.3,49.38474087791641
1,17,107,0,95.35,50.87267387673289
0,27,17,0,78.15,44.380264698814514
1,17,107,0,94.6,48.12855591784198
1,4,5,0,118.35,60.46075282014728
0,27,17,0,87.4,43.46008453015733
2,31,107,1,91.2,54.26407166518387
0,27,17,0,54.4,23.913000207990805
1,4,5,0,107.75,43.91963354271431
2,31,107,1,96.65,76.79314319719738
0,27,17,0,92.7,70.73307869061428
1,18,5,0,113.45,68.12100302132653
2,36,107,1,91.0,67.23642496523193
0,27,17,0,84.0,42.61208131133952
2,36,107,1,92.6,47.71008941072053
1,18,5,0,105.85,43.1853715485866
0,27,17,0,92.6,52.76801263923759
2,29,107,1,105.55,43.41049472917325
1,13,5,0,112.85,64.24318518026067
2,29,107,1,62.85,39.91870027416909
0,33,17,0,100.8,58.619738008716205
2,41,107,1,73.7,41.366271539173454
0,33,17,0,77.3,43.5661626301398
1,13,5,0,109.1,59.36319965840968
2,41,107,1,83.5,55.36434345601679
0,33,17,0,100.5,72.92786630781492
2,36,107,1,91.9,41.955991981573916
1,18,5,0,107.75,68.3357616171026
2,36,107,1,71.05,49.29019866272123
0,33,17,0,94.1,58.05976956641546
1,18,5,0,102.35,44.832172423501035
2,28,107,1,94.1,57.95724376868829
0,33,17,0,73.95,44.62884953173581
2,28,107,1,97.4,52.34742239670399
1,6,5,0,105.8,56.27713380649092
0,33,17,0,103.35,73.52999745896764
2,24,107,1,70.45,45.78608729159638
1,6,5,0,86.35,49.44244394402339
2,24,107,1,79.2,60.35822884639414
0,33,17,0,96.1,59.700921265923526
1,2,5,0,112.65,61.481940009798166
2,38,107,1,100.45,57.81501808171882
0,33,17,0,87.75,59.0974885921114
2,38,107,1,77.8,38.84733954177151
1,2,5,0,91.8,46.291524744362164
0,33,17,0,78.4,34.09645760269872
2,35,107,1,80.15,38.50806477390909
0,33,17,0,98.55,52.39473155515583
2,35,107,1,84.0,63.439984071146874
1,23,5,0,115.9,54.15562370564454
0,41,17,0,72.25,39.116391772032834
2,38,107,1,93.6,42.24664421428549
1,23,5,0,119.65,60.16667638625571
0,41,17,0,84.15,41.51255358639309
2,38,107,1,87.35,51.00389562005095
0,41,17,0,70.1,39.29764958821195
2,37,107,1,95.85,62.53527425634103
1,21,5,0,143.1,49.70428341173107
2,37,107,1,71.95,38.893207362563565
0,41,17,0,95.95,55.30249351949407
2,27,107,1,61.65,37.48160952562708
1,21,5,0,97.25,61.247448926465495
0,41,17,0,84.95,62.28075228562319
2,27,107,1,103.65,51.31561268525553
0,41,17,0,77.8,43.93727586601513
2,25,107,1,67.75,46.715122086739186
1,14,5,0,110.85,64.17679118120343
0,41,17,0,83.8,47.209053547408736
2,25,107,1,96.45,55.70644392470984
1,14,5,0,109.15,52.79481134792659
0,41,17,0,94.05,53.49222766956553
2,35,107,1,101.85,68.36148115176528
0,41,17,0,62.3,36.67223243244059
1,6,5,0,104.95,48.80624959982072
2,35,107,1,94.8,52.73029689397089
0,41,17,0,70.15,34.8987633621956
0,39,17,0,65.75,31.083715486103852
2,27,107,1,106.0,80.57882704793519
1,6,5,0,119.95,69.97102783897135
2,27,107,1,72.8,40.57948665079569
0,39,17,0,90.6,75.24374427573085
2,44,5,1,99.55,52.29720230013316
2,31,107,1,80.2,54.56295253625563
0,39,17,0,93.8,57.279186998052744
2,31,107,1,94.3,50.35045601633249
2,44,5,1,104.9,62.06015757226803
0,39,17,0,73.9,23.510132194215192
2,34,107,1,109.4,66.95591636922092
0,39,17,0,84.35,42.363433835275785
2,27,5,1,129.15,88.03006364454792
2,34,107,1,90.95,50.29541676304533
0,39,17,0,79.2,53.31988865625836
2,27,5,1,80.85,69.927989276187
0,39,17,0,68.5,40.93833617064881
2,47,107,1,95.9,70.52502355454
2,47,107,1,70.65,45.25515382106684
0,39,17,0,83.0,33.24391515355618
2,29,5,1,108.15,69.7456091807936
2,44,107,1,89.2,66.13590473212597
0,39,17,0,80.65,51.61831070463271
2,44,107,1,83.0,62.24907524149297
2,29,5,1,105.1,62.341926417730186
0,39,17,0,88.95,46.91478837659883
2,24,107,1,89.75,56.02149493486265
2,33,5,1,78.6,45.94435994250345
0,31,17,0,83.75,63.34855541907969
2,24,107,1,78.5,43.55214660248345
0,31,17,0,85.5,53.08136753087065
2,33,5,1,108.1,76.37986783522419
3,7,107,1,88.15,35.19760009761431
0,31,17,0,89.85,60.13080040956329
3,7,107,1,101.8,69.25589467596545
2,39,5,1,112.55,94.48111757884413
0,31,17,0,91.15,51.30740687269237
3,3,107,1,97.4,77.271496753501
2,39,5,1,87.75,43.401279389340345
0,31,17,0,92.55,47.931392855336796
3,3,107,1,106.85,56.907380892112755
2,40,5,1,102.3,64.0165274712217
0,31,17,0,82.0,47.71847264507685
3,16,107,1,112.65,65.58263168665442
2,40,5,1,95.45,71.24640341799719
0,31,17,0,104.35,48.27909539988896
3,16,107,1,103.35,58.93642873112476
2,28,5,1,92.6,63.58367880617098
0,31,17,0,89.8,56.81048828295149
3,23,107,1,113.35,104.61723466749484
0,31,17,0,74.6,30.89949752614791
2,28,5,1,94.8,64.01200545292471
3,23,107,1,88.65,42.80097760811692
0,31,17,0,84.55,56.373262605973984
3,8,107,1,85.6,33.39461034358688
2,38,5,1,94.25,64.76018513675953
0,35,17,0,100.85,72.42584229112525
3,8,107,1,111.6,79.5774366328335
2,38,5,1,108.8,59.00633329076678
0,35,17,0,86.05,43.37896045926315
3,2,107,1,93.25,89.60960651039245
2,28,5,1,84.6,59.2091742535688
0,35,17,0,86.1,42.547682230150855
3,2,107,1,107.3,47.27088789207648
0,35,17,0,79.4,42.972941302760816
2,28,5,1,111.4,65.75184608174811
3,20,107,1,96.15,53.071228204724015
0,35,17,0,110.9,61.26293633528394
2,31,5,1,107.75,64.84708734277974
3,20,107,1,120.7,77.10218783161119
0,35,17,0,74.55,45.60179474769087
2,31,5,1,110.45,81.72706502679964
3,23,107,1,111.8,56.63883733567315
0,35,17,0,106.1,64.82924940910058
2,46,5,1,92.85,68.70553107283285
3,23,107,1,118.6,64.33579669858845
0,35,17,0,85.9,60.80590345301056
2,46,5,1,82.55,61.043966036568136
3,0,107,1,79.1,48.94992070312377
0,35,17,0,76.5,42.71509039400972
3,0,107,1,74.35,50.18940441756082
0,35,17,0,82.55,56.3499171063697
2,39,5,1,112.8,59.30261377038958
3,7,107,1,71.25,39.269480583057856
0,31,17,0,63.9,46.09018619139973
3,7,107,1,93.25,46.26112952861352
2,39,5,1,107.4,58.868631625626264
0,31,17,0,88.0,54.12655734966261
3,20,107,1,104.15,48.783382632333236
0,31,17,0,84.25,42.14745419045902
2,24,5,1,107.55,60.19396280271583
3,20,107,1,98.5,52.728200783781126
0,31,17,0,88.7,47.32652533199537
2,24,5,1,95.6,73.47136928942565
0,31,17,0,69.45,42.67931213375546
3,10,107,1,129.0,74.25135121931949
2,24,5,1,91.6,40.806862168022676
3,10,107,1,80.5,37.81742845219439
0,31,17,0,90.1,50.025151568722755
3,20,107,1,93.1,46.41676194516034
0,31,17,0,80.35,41.29645709284336
2,24,5,1,98.35,59.90894406470012
3,20,107,1,97.3,52.034502723521925
0,31,17,0,82.8,46.509308632505864
2,26,5,1,107.9,92.21650725616492
0,31,17,0,68.25,28.61518735511653
3,19,107,1,117.9,91.76336845099839
0,31,17,0,87.75,45.956358016114194
2,26,5,1,107.15,65.7757554118537
3,19,107,1,94.35,44.61092030575379
2,36,5,1,79.9,41.43593660224496
3,20,107,1,86.05,33.88754622975355
0,33,17,0,115.4,97.15066974333706
3,20,107,1,97.85,39.81308301233865
0,33,17,0,85.45,52.855786916158166
2,36,5,1,124.8,74.95654881680663
3,3,107,1,93.45,52.570228717102054
0,33,17,0,64.2,35.74559229361086
0,33,17,0,81.05,45.834341296731466
2,46,5,1,124.35,62.33464441814714
3,3,107,1,113.9,76.50173716637867
0,33,17,0,68.0,51.13140964839106
3,1,107,1,81.8,51.51249209759962
2,46,5,1,96.6,57.71472492946848
0,33,17,0,88.75,31.166572849094184
3,1,107,1,103.0,49.119617690951785
2,24,5,1,95.35,70.65056710019351
0,33,17,0,85.6,43.25493583030971
3,13,107,1,95.1,56.38392828121372
2,24,5,1,86.6,46.21278018721205
0,33,17,0,77.05,41.51914586891463
3,13,107,1,113.6,83.5434963924403
0,33,17,0,74.7,32.893928411118516
2,24,5,1,104.0,52.82941764226682
0,33,17,0,79.85,41.84341110176821
3,5,107,1,116.0,86.49247000994394
2,24,5,1,98.6,59.0436056522724
0,31,17,0,81.1,48.886441990866096
3,5,107,1,100.25,50.55989153052988
0,31,17,0,76.45,49.071886044862794
2,46,5,1,133.95,87.39955136582435
3,11,107,1,122.5,65.89664954345274
0,31,17,0,87.6,44.25095895481874
0,31,17,0,87.2,55.40435095967787
2,46,5,1,103.05,77.08605922159849
3,11,107,1,109.45,70.63730563497181
4,34,107,2,76.95,42.323907639710406
0,31,17,0,83.95,35.30837831092457
3,5,5,1,103.05,36.6584161371466
4,34,107,2,64.35,54.91550926555026
0,31,17,0,98.6,61.29085103873687
3,5,5,1,93.45,48.5196379124772
4,34,107,2,99.1,61.4130964945803
0,31,17,0,88.8,68.93902721742025
4,34,107,2,84.1,57.56268893905788
3,11,5,1,99.45,67.16474247385266
0,31,17,0,62.65,31.31045730809605
4,44,107,2,80.25,38.70383497930487
3,11,5,1,90.0,54.73861333166638
0,31,17,0,94.45,55.95625641140539
4,44,107,2,109.55,73.81304620101845
0,31,17,0,63.8,42.175822457896416
4,42,107,2,88.95,43.808765044644225
3,4,5,1,143.05,67.55463675698672
0,24,17,0,93.55,55.82724763901018
4,42,107,2,84.85,61.63839797774726
3,4,5,1,93.85,43.48656779911894
0,24,17,0,82.85,57.722817708515635
4,36,107,2,81.4,43.26101928380426
0,24,17,0,74.35,47.13951856485507
3,2,5,1,93.4,55.316695871185786
4,36,107,2,91.05,62.521975084133835
0,24,17,0,65.25,37.258520749233355
4,46,107,2,64.25,49.26285565584298
3,2,5,1,107.45,64.4167966000369
0,24,17,0,89.9,50.72620001952692
4,46,107,2,99.2,73.5330931586159
0,24,17,0,81.0,36.3868107973205
3,9,5,1,106.95,59.41068041495924
4,46,107,2,96.75,63.24628135521613
0,24,17,0,95.9,48.92195718424235
3,9,5,1,92.15,62.8216146175653
4,46,107,2,94.95,48.072833996146436
0,24,17,0,92.8,50.8792171406175
4,46,107,2,71.55,45.942154705100286
3,7,5,1,93.65,57.54474231779175
4,46,107,2,79.8,43.20282641826014
0,24,17,0,95.45,52.59525193699323
3,7,5,1,97.35,45.66038822252367
4,24,107,2,78.95,61.161111655588535
0,24,17,0,95.35,54.65420001196037
4,24,107,2,78.1,37.26703072351443
0,36,17,0,80.4,41.00885655306027
4,30,107,2,72.5,57.06921005973454
3,23,5,1,131.3,65.05147759153596
4,30,107,2,79.55,55.1108691161448
0,36,17,0,82.95,53.402616730682865
3,23,5,1,89.1,54.11770796873676
4,25,107,2,76.4,51.42332053394493
0,36,17,0,70.45,42.54963046410132
3,1,5,1,93.35,50.78984046772387
4,25,107,2,89.75,58.77689753815291
0,36,17,0,83.25,72.49310312022791
3,1,5,1,97.45,48.71774236407751
4,37,107,2,81.95,102.92177663285432
0,36,17,0,84.2,39.98631344795235
4,37,107,2,72.2,63.961007858818085
3,19,5,1,91.45,59.08822573958903
0,36,17,0,87.7,48.54417413145746
4,31,107,2,99.4,56.6850950427006
3,19,5,1,104.1,47.87142868361593
0,36,17,0,92.8,70.39333102383762
4,31,107,2,61.5,36.78744064859207
4,36,107,2,72.9,43.63352163791407
3,13,5,1,91.15,51.03484361843283
0,36,17,0,102.35,79.32761847321258
4,36,107,2,72.0,41.49064574347483
3,13,5,1,91.6,38.29030384341514
0,36,17,0,82.4,42.82080163462122
4,35,107,2,95.8,57.14027061815327
0,36,17,0,72.4,62.04276962836116
3,13,5,1,104.9,55.671877054189956
4,35,107,2,93.15,51.03484361843284
0,24,17,0,93.0,44.145691808636975
4,47,107,2,82.35,58.737843087113056
0,24,17,0,71.9,26.51692607413334
3,13,5,1,127.9,63.12218727449001
4,47,107,2,77.95,53.31384238144616
0,24,17,0,81.2,49.508744575818966
4,29,107,2,83.35,50.65702528303765
3,10,5,1,83.8,61.072519446793315
0,24,17,0,70.55,34.83264500285238
4,29,107,2,74.1,41.04798219285892
4,42,107,2,70.95,41.84492046140191
3,10,5,1,107.85,78.4086964833017
0,24,17,0,80.7,45.81093870750912
4,42,107,2,96.5,51.83932666879158
3,20,5,1,98.9,63.94067974549371
0,24,17,0,102.25,70.22510797053775
4,28,107,2,76.55,55.51242155921881
4,28,107,2,76.0,41.48049636814112
3,20,5,1,102.5,67.84075781602553
0,24,17,0,108.25,54.106011923960814
4,41,107,2,70.05,40.506627138102516
0,24,17,0,79.15,41.99533182077315
3,3,5,1,98.7,64.53893153911464
4,41,107,2,83.3,53.298661975898156
0,24,17,0,78.9,32.7605346656453
3,3,5,1,97.15,72.04989133999624
5,16,107,2,109.35,75.68443836434486
0,24,17,0,92.5,51.92251311734682
5,16,107,2,97.3,60.36389649451069
3,23,5,1,103.75,52.97355348115749
0,31,17,0,77.85,40.080543908485076
0,31,17,0,72.3,40.95067636482751
5,19,107,2,105.7,69.8450163990923
3,23,5,1,103.6,58.507219527525876
0,31,17,0,97.05,57.99952359150983
5,19,107,2,88.5,59.14344738363712
3,21,5,1,95.2,48.53712632180594
0,31,17,0,70.35,44.23653526929498
5,14,107,2,118.8,66.85380751271664
0,31,17,0,74.95,37.97156138064658
3,21,5,1,104.2,62.91648599950824
5,14,107,2,95.0,44.61767410012834
0,31,17,0,79.2,54.96946520808765
3,7,5,1,86.4,45.55782906892826
5,12,107,2,96.85,87.75160817239824
0,31,17,0,98.1,56.09850359201356
3,7,5,1,96.55,56.73528095694211
5,12,107,2,86.95,64.484575879165
0,31,17,0,91.2,63.844877798086756
3,16,5,1,95.65,57.19613071197257
5,23,107,2,75.15,48.99438743366428
0,31,17,0,80.8,52.40590565354654
5,23,107,2,93.5,58.86872103069231
3,16,5,1,136.0,72.37911882653216
0,31,17,0,97.9,53.11645596928359
5,21,107,2,92.3,53.99522396033111
1,10,17,0,89.6,56.66280688609175
5,21,107,2,96.65,58.02746627335423
3,19,5,1,127.25,65.96161164288146
5,15,107,2,83.25,52.24625395788275
1,10,17,0,107.1,49.79949270508898
3,19,5,1,82.2,76.4843293203186
5,15,107,2,95.35,53.537271817717894
1,10,17,0,77.9,47.145798495618614
5,21,107,2,91.5,58.124639217895584
1,10,17,0,90.0,53.74501200845967
3,12,5,1,121.45,71.79171261364364
5,21,107,2,105.85,57.839410166607436
3,12,5,1,101.35,65.6500090191199
1,10,17,0,122.6,59.3858037262318
5,9,107,2,97.65,74.1522438174186
4,45,5,2,73.85,58.85600179564036
1,10,17,0,89.65,45.693803564712425
5,9,107,2,112.5,62.73125637444056
4,45,5,2,111.75,77.0610660109036
5,23,107,2,75.8,56.101036673037285
1,10,17,0,109.65,49.76394276984089
4,44,5,2,78.85,53.362982438548556
5,23,107,2,100.85,55.544458248373104
1,10,17,0,105.85,56.06788648359097
5,2,107,2,90.6,48.877289958468545
4,44,5,2,93.55,59.40536481178322
1,10,17,0,103.35,35.035733638371944
5,2,107,2,84.8,41.58263807737172
4,26,5,2,88.65,63.611712757950485
1,10,17,0,86.4,46.61081871253316
5,23,107,2,118.45,62.13184199324598
4,26,5,2,79.9,32.10164776882464
1,20,17,0,95.8,49.2069742596461
5,23,107,2,96.2,58.86434002276582
4,37,5,2,89.85,55.34035835769312
1,20,17,0,80.55,41.42777481733468
5,6,107,2,92.8,43.34755502119802
1,20,17,0,81.55,41.99558247445106
4,37,5,2,112.15,36.06175259190823
5,6,107,2,100.15,49.46266534627805
4,24,5,2,72.65,49.96870072987269
1,20,17,0,106.2,63.24605250839562
5,13,107,2,100.9,55.66147680397997
1,20,17,0,91.4,43.26223587184993
5,13,107,2,102.75,54.414466923110766
4,24,5,2,128.1,97.47382914619212
1,20,17,0,78.15,32.76595633789501
5,13,107,2,87.0,54.4464971566728
4,44,5,2,80.75,45.8037863293556
1,20,17,0,94.55,48.72422395482558
5,13,107,2,91.2,45.87236296737422
4,44,5,2,91.3,72.70857474951123
5,15,107,2,80.2,38.9271924981686
1,20,17,0,99.55,53.81104856224623
4,46,5,2,92.65,50.24390510300727
5,15,107,2,103.4,59.45754788081997
1,20,17,0,98.35,41.38684637214557
5,19,107,2,82.7,53.39041901039234
4,46,5,2,89.45,60.89462425500215
1,20,17,0,78.85,34.310156544458714
5,19,107,2,103.8,40.85094858139772
4,33,5,2,73.5,57.890550087848396
1,23,17,0,93.0,42.992043327500554
5,4,107,2,99.95,52.003517087536345
4,33,5,2,69.8,47.153277499526666
1,23,17,0,85.15,40.663283580878556
5,4,107,2,93.1,49.682041656496914
4,34,5,2,87.9,46.429233077992215
1,23,17,0,86.8,41.8186561237924
5,14,107,2,73.55,47.51672835627691
4,34,5,2,61.0,47.77909694901273
1,23,17,0,85.4,46.040485616351546
5,14,107,2,109.6,63.094248632710695
4,44,5,2,88.8,41.94808821940707
1,23,17,0,106.2,60.48975554848762
5,8,107,2,116.55,71.35270068285323
4,44,5,2,113.35,73.87348716057176
1,23,17,0,99.6,38.87144805231998
5,8,107,2,111.65,58.91409892913223
4,37,5,2,84.45,54.606221931975945
1,23,17,0,112.9,51.089086279185935
6,25,107,3,79.1,45.60690160144855
4,37,5,2,86.25,54.042746238997054
1,23,17,0,89.1,48.701993907090866
6,25,107,3,88.45,69.13181535831994
1,23,17,0,78.25,26.63767612750189
4,36,5,2,114.7,62.024697966977136
6,28,107,3,87.7,56.898894633607036
1,23,17,0,92.8,65.77761577346891
4,36,5,2,84.05,41.38964401367747
6,28,107,3,105.85,101.63623214292494
1,1,17,0,78.0,38.44202743982438
4,28,5,2,95.35,61.69814037972125
6,27,107,3,90.45,45.28096497948872
1,1,17,0,103.35,39.782666153939324
6,27,107,3,69.1,50.67325672747332
4,28,5,2,94.5,70.50158639499205
6,41,107,3,79.0,70.43399298933045
1,1,17,0,91.15,32.32283696511932
4,45,5,2,91.15,70.99835061093803
6,41,107,3,85.4,61.12489371425481
1,1,17,0,90.1,43.54779588355522
6,28,107,3,68.0,34.44293526216493
1,1,17,0,90.85,42.321171757731
4,45,5,2,104.7,95.57532163306152
6,28,107,3,63.2,48.961424127894595
6,38,107,3,79.45,56.885364873947196
1,1,17,0,90.85,27.55143515222698
4,34,5,2,100.25,66.05330781788457
6,38,107,3,60.25,34.081751561116754
1,1,17,0,92.75,42.2808591756551
6,31,107,3,55.35,33.64407353770537
4,34,5,2,107.05,88.7625306202187
6,31,107,3,89.1,41.215607672209245
1,1,17,0,91.15,49.4275386697271
6,32,107,3,91.6,56.47766209564161
4,46,5,2,89.6,48.864366523976074
1,1,17,0,80.3,42.557824439844566
1,1,17,0,75.65,37.40007739930071
4,46,5,2,84.95,41.62422750982262
6,32,107,3,111.5,62.94734641788033
1,10,17,0,73.55,42.98895206910724
6,36,107,3,84.85,64.5162362265663
4,27,5,2,89.8,65.8487901019809
1,10,17,0,82.75,44.495860245053905
6,36,107,3,69.6,41.64562275602134
4,27,5,2,105.4,57.02391003596188
1,10,17,0,88.1,45.672633750247094
6,26,107,3,90.7,72.01761480433285
4,36,5,2,69.25,47.65763317664863
6,26,107,3,64.35,46.5688793757783
1,10,17,0,87.65,44.249620872595294
6,44,107,3,71.35,35.33639096336508
4,36,5,2,78.85,44.403976825220695
1,10,17,0,95.05,52.43590071897808
6,44,107,3,63.05,52.0288128676895
4,40,5,2,75.75,56.90978548730022
6,46,107,3,64.8,31.857577798035667
1,10,17,0,83.25,46.79729524347816
6,46,107,3,78.45,58.898194950448634
4,40,5,2,106.4,73.94549913351902
1,10,17,0,98.5,72.18215262718851
6,30,107,3,103.65,63.80585272610392
1,10,17,0,81.45,43.59922138368022
4,32,5,2,93.45,62.06403738754115
6,30,107,3,73.75,63.74858099555917
4,32,5,2,77.35,58.28268227039297
1,10,17,0,94.25,35.447329347847024
6,32,107,3,80.0,42.77357767791257
6,32,107,3,61.45,40.575433324533755
1,10,17,0,76.5,39.2703182408399
5,12,5,2,107.6,73.68167664816139
6,28,107,3,65.15,68.14788485731832
1,17,17,0,95.65,38.61725139446305
6,28,107,3,103.75,52.405177526451986
5,12,5,2,99.3,71.56675205708305
1,17,17,0,104.8,47.483625986671505
6,46,107,3,90.85,58.83364146830496
1,17,17,0,78.85,41.282435413674555
6,46,107,3,49.95,36.193158702192676
5,19,5,2,106.0,78.7835141718314
6,41,107,3,70.35,61.56406590314123
1,17,17,0,88.05,53.56498758271901
6,41,107,3,65.0,56.35694511910573
5,19,5,2,122.15,83.40091820774359
1,17,17,0,107.3,59.91318280382215
6,41,107,3,79.75,56.03840318548475
6,41,107,3,81.05,69.90630948107014
5,4,5,2,108.25,88.10930711338048
1,17,17,0,88.25,38.354132419912865
6,27,107,3,59.9,45.75552885775261
1,17,17,0,97.75,45.11841145953146
6,27,107,3,64.25,39.19435378241428
5,4,5,2,117.4,63.14594623818531
6,37,107,3,62.35,48.36731715136836
6,37,107,3,72.1,50.90951725727147
1,17,17,0,123.0,72.34056880296728
5,2,5,2,94.25,72.091955168382
1,17,17,0,97.5,46.461642357177986
7,13,107,3,111.5,85.35652782362496
5,2,5,2,119.4,89.90544740828672
7,13,107,3,95.65,40.876289614293256
1,17,17,0,103.2,48.53712632180595
7,19,107,3,86.0,51.11905608221696
5,13,5,2,106.45,72.9841186762392
1,20,17,0,75.5,30.408620661357123
7,19,107,3,102.25,66.64270402677249
1,20,17,0,95.2,35.90425865372636
5,13,5,2,93.75,57.849054943834105
7,10,107,3,84.35,63.00649507037058
1,20,17,0,93.5,42.27790265175863
5,5,5,2,114.7,58.01007172080235
7,10,107,3,69.75,38.18083702316482
1,20,17,0,83.65,47.621617161249695
7,23,107,3,125.1,63.312840636585584
1,20,17,0,85.35,50.79398534638152
5,5,5,2,120.15,108.2167780551222
1,20,17,0,94.65,40.35014511158933
7,23,107,3,115.75,63.917607326274265
5,8,5,2,105.25,60.01041576259909
1,20,17,0,94.05,52.512128924759146
7,10,107,3,101.65,51.789325256526716
7,10,107,3,82.55,51.30761203400114
5,8,5,2,112.1,57.6531370397684
1,20,17,0,111.0,56.0854611050709
7,12,107,3,104.85,65.15429056437779
1,20,17,0,75.8,29.41464010712317
5,19,5,2,104.0,57.90191343079578
7,12,107,3,82.2,41.301968858384306
1,20,17,0,91.65,40.94190364020963
7,13,107,3,85.5,47.148700936505136
5,19,5,2,115.15,72.00239396604884
1,14,17,0,86.15,50.260662655065694
7,13,107,3,93.15,52.0124226052119
5,16,5,2,103.85,60.28552676092418
1,14,17,0,89.85,43.50834765639203
7,12,107,3,107.5,73.6224365115332
1,14,17,0,83.9,39.82051838199154
5,16,5,2,100.55,55.17863335519799
1,14,17,0,83.4,28.66393295818944
7,12,107,3,94.75,62.28024524171707
7,4,107,3,84.1,61.12274105179029
1,14,17,0,97.75,50.34708479513408
5,1,5,2,134.6,72.77608051232797
7,4,107,3,103.9,69.07196856978425
5,1,5,2,78.6,51.11431975689911
1,14,17,0,92.7,51.32773949927333
1,14,17,0,78.9,39.39663357245268
7,23,107,3,109.5,68.17971607604807
5,5,5,2,101.7,60.60406448068436
1,14,17,0,89.95,45.02452548041836
7,23,107,3,92.8,58.82677514265261
1,14,17,0,83.4,35.75560316782164
5,5,5,2,125.95,69.5265757595044
7,12,107,3,83.3,50.374492292073874
1,14,17,0,96.4,57.44141179909913
7,12,107,3,108.2,58.04861846127915
5,15,5,2,94.8,58.99562874083397
1,22,17,0,99.35,44.00032894613881
7,6,107,3,95.85,48.99975832378639
5,15,5,2,100.35,67.01867375276048
1,22,17,0,82.15,37.48722589447181
7,6,107,3,104.1,78.43529012403859
5,11,5,2,92.5,69.44933783928965
1,22,17,0,86.65,37.824073370220056
7,14,107,3,81.3,50.765819416735816
1,22,17,0,79.65,49.88753140288347
5,11,5,2,125.7,76.45576636543719
7,14,107,3,99.25,74.59566447116573
1,22,17,0,87.4,38.42751207417059
7,12,107,3,92.15,70.07009648239847
1,22,17,0,76.25,36.77509884061281
5,4,5,2,104.3,65.38557703508111
7,12,107,3,101.4,63.54062107278925
1,22,17,0,92.55,48.177823026564276
7,2,107,3,93.45,59.005329821706965
5,4,5,2,134.9,78.6503923100598
1,22,17,0,74.65,33.490414968119495
7,2,107,3,77.95,54.585013366404205
5,8,5,2,85.05,58.3667848947273
1,22,17,0,111.25,60.87076473973364
7,5,107,3,107.95,50.666582987003835
5,8,5,2,87.7,41.371360549107045
1,22,17,0,76.65,37.88108123838962
7,5,107,3,88.1,66.96495548537231
1,9,17,0,97.9,45.425358093192145
5,12,5,2,102.95,59.052585842931904
7,13,107,3,100.9,52.48648948965217
1,9,17,0,117.5,57.0590645042947
5,12,5,2,113.05,63.98723145654673
7,13,107,3,97.1,50.128151561247186
1,9,17,0,80.25,44.53960390247621
7,7,107,3,87.25,47.93951781590062
5,8,5,2,116.3,53.71670327306317
1,9,17,0,78.25,27.617452529343222
7,7,107,3,88.95,63.941976164249674
5,8,5,2,75.25,42.71924871210068
1,9,17,0,85.75,36.990574901979386
5,2,5,2,87.75,41.83661830954967
7,0,107,3,133.85,107.18173204520686
1,9,17,0,108.4,46.73261005021294
1,9,17,0,83.1,47.378542778239535
5,2,5,2,117.55,66.8033051498754
7,0,107,3,106.35,75.18627744335714
1,9,17,0,74.0,40.718546143004666
7,17,107,3,92.9,53.087712920768155
5,6,5,2,96.5,91.6454839958964
1,9,17,0,90.35,53.71687473763666
7,17,107,3,79.1,43.97355664726844
8,40,107,4,49.6,37.42416894271176
1,9,17,0,98.6,62.745433887130076
5,6,5,2,130.5,84.71344887945853
8,40,107,4,81.2,79.6020364722305
1,16,17,0,88.25,47.93402812858084
5,4,5,2,88.9,46.2566069249629
8,24,107,4,90.75,60.8811395909664
1,16,17,0,92.55,48.70045390472573
8,24,107,4,72.35,51.43035658973567
8,26,107,4,61.55,51.93160988514757
1,16,17,0,88.1,45.06825233377762
5,4,5,2,129.65,94.48936169582379
8,26,107,4,77.4,45.967265240431814
1,16,17,0,89.8,54.84773180552252
6,40,5,3,92.9,40.88739350176801
8,26,107,4,75.35,34.325493058136985
1,16,17,0,84.7,39.41025781509976
8,26,107,4,60.9,32.614010550843425
6,40,5,3,62.2,37.83148229492969
8,31,107,4,70.35,69.61796123354799
1,16,17,0,85.9,31.537613299544073
6,42,5,3,89.85,72.3604100829205
8,31,107,4,77.6,43.17699192369644
1,16,17,0,91.85,45.750208512610826
8,33,107,4,50.1,35.381975786073845
6,42,5,3,103.8,63.84075583248649
1,16,17,0,90.75,37.88886102106639
8,33,107,4,71.25,55.25336379376658
8,30,107,4,71.55,51.07113202500792
6,44,5,3,87.2,65.95181654255748
1,16,17,0,89.75,50.489055614480506
6,44,5,3,77.0,52.33897611773306
8,30,107,4,114.25,74.54272882751631
1,16,17,0,104.7,34.01253638849869
6,25,5,3,95.95,64.58814866032638
8,29,107,4,90.15,65.34223668299734
1,21,17,0,104.85,43.97280858367865
8,29,107,4,88.55,90.83615962124799
1,21,17,0,89.4,45.25762512084508
6,25,5,3,109.9,80.52518403057452
8,43,107,4,69.65,50.91610747101549
1,21,17,0,87.35,40.331879776620745
6,26,5,3,82.85,51.625447621354944
8,43,107,4,100.65,68.1347542509849
1,21,17,0,85.95,42.43567888116394
6,26,5,3,75.05,58.23859725754318
8,31,107,4,75.2,64.6623619475161
1,21,17,0,77.75,34.087928099332515
8,31,107,4,65.8,44.870104922871235
6,35,5,3,111.4,71.75939329673704
1,21,17,0,90.7,52.649886289675784
8,31,107,4,75.9,48.122540948794686
8,31,107,4,84.7,61.4603851872767
6,35,5,3,102.7,53.67455537530648
1,21,17,0,113.35,39.72573738178205
8,44,107,4,49.5,35.544634653229714
6,30,5,3,68.8,56.159172283598934
1,21,17,0,89.25,43.346674734358984
8,44,107,4,90.9,67.06155852333694
6,30,5,3,80.2,46.799235261408185
1,21,17,0,87.45,49.65827964037926
8,39,107,4,65.75,49.28849016918549
8,39,107,4,74.95,54.83993454639267
6,42,5,3,107.9,57.168172963634234
1,21,17,0,115.7,79.78992153741831
8,34,107,4,68.9,50.04198237480206
6,42,5,3,70.6,54.684164935901165
8,34,107,4,75.55,51.616475337975075
1,10,17,0,106.35,57.81119450873089
8,34,107,4,73.2,52.896721617645994
6,40,5,3,122.5,71.12220765030169
1,10,17,0,102.9,47.96588700096636
8,34,107,4,106.65,70.12565789165077
1,10,17,0,92.35,26.81373371594254
6,40,5,3,84.25,106.67455425880996
8,30,107,4,74.9,45.965547739011754
1,10,17,0,97.55,46.1923609542348
6,38,5,3,88.0,61.09354346108579
8,30,107,4,91.0,84.09831339444015
8,31,107,4,78.5,50.95457213099362
1,10,17,0,97.4,56.762107449470754
6,38,5,3,93.2,71.131161281559
1,10,17,0,82.55,41.245701530424256
8,31,107,4,96.45,60.94386977504706
6,38,5,3,109.35,66.26205947837562
8,42,107,4,71.3,47.99133693754146
1,10,17,0,112.05,65.94373598598636
8,42,107,4,70.75,53.4591580456274
6,38,5,3,98.15,102.44190908432986
8,36,107,4,61.6,37.62054310025169
1,10,17,0,96.25,49.863893698114296
1,10,17,0,80.8,31.803012104946415
8,36,107,4,101.2,66.17488790677083
6,27,5,3,95.6,55.04390592015949
8,45,107,4,62.25,44.05364552690874
1,10,17,0,99.7,44.84370518519675
8,45,107,4,66.95,47.92370581400576
6,27,5,3,125.55,70.37529096882918
1,20,17,0,78.95,48.756618983855326
9,11,107,4,100.4,82.35826740847767
6,34,5,3,88.8,51.915518418210745
1,20,17,0,93.05,48.99567650098806
6,34,5,3,78.85,51.12242787249983
9,11,107,4,115.45,74.85176579149795
1,20,17,0,108.1,48.94992070312377
9,21,107,4,85.55,65.32870329100533
6,26,5,3,85.15,71.56982236728138
1,20,17,0,75.05,46.66281625719382
9,21,107,4,64.35,48.10873101631345
1,20,17,0,80.65,35.814250324637385
6,26,5,3,99.25,90.02390033529402
9,5,107,4,94.05,68.11250368247183
1,20,17,0,80.0,46.349927610231326
6,31,5,3,68.45,48.73394472460702
9,5,107,4,88.6,67.3946741609688
1,20,17,0,80.35,35.01319300221741
6,31,5,3,102.1,97.12547500391874
9,17,107,4,117.6,60.28127054854906
1,20,17,0,103.7,63.766927577166356
9,17,107,4,82.95,42.35249946020088
1,20,17,0,84.6,31.506724428453783
6,28,5,3,102.9,72.15327253037181
9,3,107,4,82.0,46.70061421888423
1,20,17,0,92.45,25.155254761287217
6,28,5,3,98.5,63.398904191094495
9,3,107,4,74.05,56.42831969107262
1,13,17,0,92.35,47.19642604667166
6,44,5,3,84.45,49.574478790688474
9,1,107,4,110.0,90.26568969903296
1,13,17,0,104.45,54.79480862847847
9,1,107,4,87.15,52.92524519496691
6,44,5,3,106.95,70.02666785251398
1,13,17,0,87.45,34.94578507827292
6,31,5,3,89.1,61.559470604064096
9,15,107,4,118.05,63.752378696592054
1,13,17,0,102.25,41.19769411022904
6,31,5,3,70.85,57.22281013721713
9,15,107,4,93.85,51.37506562936005
1,13,17,0,95.85,53.710015727736334
6,31,5,3,78.85,54.75041456223726
9,5,107,4,95.7,57.72539348182548
1,13,17,0,103.25,50.45568665462272
9,5,107,4,87.25,53.31621161572371
1,13,17,0,87.1,37.238774359388806
6,31,5,3,115.75,75.82589128703786
9,17,107,4,87.0,51.622108686716366
1,13,17,0,83.45,48.228049274691855
6,42,5,3,100.3,62.9135580735479
9,17,107,4,102.25,69.05365953182238
1,13,17,0,71.0,33.52296934467785
6,42,5,3,85.4,59.100627835297274
9,9,107,4,90.7,56.28134214537008
1,13,17,0,91.45,56.16467798030697
9,9,107,4,97.0,81.04774421355145
7,2,5,3,103.55,61.65137553423409
1,0,17,0,102.1,58.77602447113601
1,0,17,0,73.75,34.117251385556585
9,12,107,4,92.3,66.45307010451654
7,2,5,3,108.65,69.37561758852655
9,12,107,4,83.35,67.12931354365323
1,0,17,0,107.0,44.7084120190279
9,18,107,4,94.7,73.74572244508401
7,19,5,3,114.7,84.06520025989852
1,0,17,0,88.1,41.17983666029311
9,18,107,4,92.35,56.48779560782646
1,0,17,0,85.1,40.92342013797812
7,19,5,3,111.75,66.67033981109078
9,11,107,4,92.65,71.74022948329473
1,0,17,0,88.55,48.359917069277195
7,23,5,3,96.6,85.4975530582447
9,11,107,4,84.9,55.19334437373672
1,0,17,0,94.1,37.474061204490425
9,0,107,4,82.85,40.029298480514306
1,0,17,0,83.2,46.291524744362164
7,23,5,3,114.1,68.54418475084442
9,0,107,4,89.7,58.46015287085906
1,0,17,0,77.05,39.29172271209562
9,6,107,4,65.3,60.22772573631202
7,2,5,3,101.15,59.06131960669529
1,0,17,0,79.2,43.56797471827938
7,2,5,3,75.45,44.944966347745776
1,3,17,0,92.25,32.61397020651701
9,6,107,4,96.95,87.09551622998983
1,3,17,0,76.1,36.13993271773075
7,8,5,3,96.95,57.780414638435
9,8,107,4,126.4,86.05286013167782
1,3,17,0,102.85,54.845500703051485
7,8,5,3,91.45,56.63407473467392
9,8,107,4,88.55,64.68260565008347
1,3,17,0,90.75,48.67710474459003
7,8,5,3,91.5,60.68252154494432
9,5,107,4,107.35,62.7486841967308
1,3,17,0,90.6,35.1798387237858
9,5,107,4,76.9,47.72387684432848
7,8,5,3,102.65,67.7140077244381
1,3,17,0,88.6,44.84170990683139
9,7,107,4,116.55,73.08788869357365
7,3,5,3,99.65,63.3048389270437
1,3,17,0,99.65,37.11330446647203
9,7,107,4,98.2,61.78110765564094
1,3,17,0,87.95,48.7587778871931
7,3,5,3,93.15,65.43560514775294
1,3,17,0,81.4,39.70469944345048
9,10,107,4,108.05,67.26966548702946
1,3,17,0,76.35,30.68563010167531
7,18,5,3,115.55,69.45159238066846
9,10,107,4,101.7,67.45142501713441
1,5,17,0,81.75,34.97649586733775
7,18,5,3,117.1,66.15444449404583
1,5,17,0,71.6,37.94788670351958
9,11,107,4,99.6,65.31978019107633
1,5,17,0,82.15,56.268412191266926
7,17,5,3,122.95,57.38739546184978
9,11,107,4,122.55,84.15116410990778
1,5,17,0,70.75,28.215104204364685
10,27,107,5,60.45,44.036438261249536
1,5,17,0,113.0,71.58359118063154
10,27,107,5,82.7,48.45084323854763
7,17,5,3,133.0,89.27013999505571
10,24,107,5,57.4,37.922913501220506
1,5,17,0,91.65,34.577563458648186
10,24,107,5,80.35,69.71692764314848
7,23,5,3,109.05,56.38259809924559
1,5,17,0,100.9,55.546945531637796
10,34,107,5,79.8,76.65685673317505
1,5,17,0,82.05,42.38107199160841
7,23,5,3,102.3,79.74571428840814
10,34,107,5,56.15,37.62176721555026
10,37,107,5,55.1,29.06960793101892
1,5,17,0,89.3,41.35354627445734
10,37,107,5,73.35,53.21285460052714
7,3,5,3,138.4,104.11906140264817
1,5,17,0,105.3,59.68963588077034
10,30,107,5,76.5,48.28479111098627
1,5,17,0,79.25,41.95094252752098
7,3,5,3,86.2,71.22728631493322
10,30,107,5,77.85,64.76944942600151
10,47,107,5,73.35,61.66656946412443
1,5,17,0,111.35,54.03631819628838
7,9,5,3,110.5,47.53004589896684
10,47,107,5,55.65,69.37334161128314
1,5,17,0,106.2,61.672820935200164
10,26,107,5,95.6,60.67549579091781
7,9,5,3,136.5,73.44851401169608
1,5,17,0,80.15,36.51571399303391
10,26,107,5,78.25,66.49960427266504
1,5,17,0,75.25,40.4564418135175
10,47,107,5,76.7,54.754091411654244
7,17,5,3,111.7,69.27223184843373
1,5,17,0,95.2,39.10121817997356
10,47,107,5,88.05,55.92426739985537
7,17,5,3,88.3,47.20180638827066
10,30,107,5,63.1,48.37452570146921
1,5,17,0,108.0,37.844557420001486
7,4,5,3,87.1,64.8162585191482
10,30,107,5,79.4,62.663176461224225
1,5,17,0,70.7,26.535180223124247
10,32,107,5,65.75,50.92602994850266
1,5,17,0,81.55,42.160688848861646
7,4,5,3,93.35,57.983913377128275
10,32,107,5,81.75,66.72636581394826
1,5,17,0,75.8,38.55085499768625
10,39,107,5,58.7,37.39842383394196
7,7,5,3,106.4,57.71107710875471
1,15,17,0,92.5,61.6744423736872
10,39,107,5,78.25,45.69679822942798
10,39,107,5,60.85,41.0753799995236
1,15,17,0,101.75,57.03542297278254
7,7,5,3,129.25,84.48349262616804
10,39,107,5,75.1,49.092715720788
1,15,17,0,87.6,43.97654877437819
10,39,107,5,82.1,53.51035315466383
7,9,5,3,102.35,62.73610141738672
1,15,17,0,104.05,55.90826603040301
10,39,107,5,82.25,63.09381068986419
10,33,107,5,56.65,39.145175141287915
7,9,5,3,110.95,58.436177511069836
1,15,17,0,87.7,43.7349673421743
10,33,107,5,58.95,29.90418910981853
1,15,17,0,83.65,43.86375436927875
7,11,5,3,95.35,52.65306009000906
10,25,107,5,77.3,53.6755359348627
1,15,17,0,95.75,61.22682160794014
10,25,107,5,75.55,64.42986803289948
7,11,5,3,114.1,65.42967297230788
10,26,107,5,87.75,50.62750968438113
1,15,17,0,105.5,47.4236228055175
10,26,107,5,110.95,57.47445656893797
7,4,5,3,124.05,91.79179816588362
1,15,17,0,92.2,44.749125248727665
10,42,107,5,74.05,76.94459729332254
1,15,17,0,105.9,40.835871743512854
10,42,107,5,59.95,37.06534059851886
7,4,5,3,124.15,71.45942904893657
2,34,17,1,75.8,37.98282160190453
10,26,107,5,78.55,59.24034453860504
2,34,17,1,69.95,35.08857213875825
7,11,5,3,102.85,81.4120610487815
10,26,107,5,71.75,47.1926343494629
10,25,107,5,85.75,78.01813217046676
2,34,17,1,107.85,70.21191606767854
7,11,5,3,106.3,72.26275156093833
10,25,107,5,65.1,37.25007947713175
2,34,17,1,93.75,59.118858866559755
10,31,107,5,92.15,87.12802135514818
7,4,5,3,118.05,107.21619820668303
2,34,17,1,82.3,34.263837005154414
10,31,107,5,63.35,56.20102546357935
2,34,17,1,94.95,65.55309218287755
11,1,107,5,90.75,68.66384553905007
7,4,5,3,116.0,58.437551013206
2,34,17,1,95.0,61.17016816785949
11,1,107,5,100.9,60.5500228171542
8,34,5,4,88.65,65.97150501302976
2,34,17,1,86.8,48.987216377551526
8,34,5,4,82.25,58.766151195358965
11,23,107,5,118.95,111.04597198789716
2,34,17,1,78.85,50.057098976016746
2,34,17,1,80.55,32.87852442584752
8,29,5,4,105.15,99.4893673239825
11,23,107,5,106.65,82.85578784217411
2,24,17,1,77.7,47.254183886052274
11,23,107,5,72.05,58.768479736388585
8,29,5,4,88.8,50.76530103794997
2,24,17,1,77.7,60.28013550782799
11,23,107,5,86.1,56.869101776290655
8,31,5,4,69.4,45.630553014631026
2,24,17,1,88.0,59.71423175160349
11,0,107,5,104.05,75.00699967336382
8,31,5,4,102.5,91.76715385319407
2,24,17,1,70.8,35.901326760412275
11,0,107,5,92.45,57.27172077037672
2,24,17,1,91.25,67.846479177936
8,36,5,4,87.65,89.07375713714066
11,21,107,5,105.15,84.26416794818543
8,36,5,4,63.85,45.803096884495986
2,24,17,1,81.95,67.68773114360107
11,21,107,5,115.3,70.46021647187267
2,24,17,1,87.6,70.46118752454021
8,42,5,4,92.4,46.774261928408535
2,24,17,1,61.55,36.5044698056207
11,23,107,5,105.35,75.03281738153332
8,42,5,4,102.75,66.12577728127384
2,24,17,1,72.7,51.90487250223898
11,23,107,5,81.9,74.35115827505383
2,24,17,1,85.75,57.883617353226434
8,30,5,4,101.15,68.02729715264849
11,19,107,5,101.3,73.89829426134844
2,35,17,1,86.55,53.66805871573695
8,30,5,4,74.8,50.30077952728597
11,19,107,5,71.05,53.305944173333295
2,35,17,1,93.3,50.28769861088244
11,21,107,5,88.1,65.4803305139072
8,41,5,4,97.2,69.28856516884943
2,35,17,1,74.0,41.124970004788295
11,21,107,5,100.65,82.82592716369865
8,41,5,4,83.1,66.4956666573885
2,35,17,1,74.85,60.56599271607963
11,11,107,5,81.35,77.04562899586466
2,35,17,1,78.25,43.22508409172668
8,36,5,4,110.65,71.94389261230258
2,35,17,1,77.4,36.49282553858325
11,11,107,5,99.05,72.76311601788078
8,36,5,4,92.45,67.76854960665364
2,35,17,1,81.35,48.505317125792345
11,16,107,5,96.9,68.15145671687128
2,35,17,1,80.5,40.46505965189696
8,43,5,4,96.1,68.59100754318654
11,16,107,5,132.05,57.62900859444788
2,35,17,1,97.75,63.41000668166202
8,43,5,4,98.85,76.07425389225423
11,13,107,5,84.95,69.09678566672754
2,35,17,1,77.6,61.618862457256675
11,13,107,5,97.8,54.460608651913184
8,43,5,4,80.65,91.02300171992385
2,41,17,1,82.65,50.94297637658466
8,43,5,4,72.5,43.636657694384
2,41,17,1,72.9,51.71470319276511
11,19,107,5,106.2,85.7312815230179
8,25,5,4,69.25,50.7365486451439
2,41,17,1,91.15,58.35037094546773
11,19,107,5,96.45,60.09157485389323
8,25,5,4,81.9,75.0746295362155
2,41,17,1,75.1,43.3770494738016
11,5,107,5,103.25,73.44304990227032
2,41,17,1,69.9,48.48646039984011
11,5,107,5,75.75,55.3095356773324
8,27,5,4,104.4,85.26083817507185
2,41,17,1,84.15,48.3847246447406
8,27,5,4,80.35,73.02146403987197
11,21,107,5,113.95,54.677499461555676
2,41,17,1,84.75,59.62768255027014
2,41,17,1,78.4,43.19649108556462
11,21,107,5,114.8,93.4747925491427
8,42,5,4,123.15,91.25803497428826
2,41,17,1,83.4,61.72127501497099
11,0,107,5,82.95,56.372328971617016
8,42,5,4,66.35,56.17948211336872
11,0,107,5,85.7,52.62388891188607
2,41,17,1,88.6,53.87744377166034
8,27,5,4,77.3,59.263106478429606
2,34,17,1,69.5,32.076389086711515
11,4,107,5,97.9,74.13565091669531
8,27,5,4,93.55,66.21454364015268
2,34,17,1,86.1,65.27827074593006
11,4,107,5,97.35,61.98749873966524
2,34,17,1,73.35,40.53494269081144
11,10,107,5,86.2,63.13194203620825
8,24,5,4,102.0,93.75836804759011
2,34,17,1,72.25,56.90331134569642
2,34,17,1,68.2,32.39330665105793
11,10,107,5,116.25,105.17998358703247
8,24,5,4,102.85,93.89090814119835
2,34,17,1,71.95,59.6564506592804
8,25,5,4,74.9,71.28955042641242
11,5,107,5,99.85,80.92444494387146
2,34,17,1,81.4,55.813976744181204
8,25,5,4,68.5,41.60402308481844
2,34,17,1,83.45,40.49363172804232
11,5,107,5,122.05,66.5491310394453
8,29,5,4,71.05,42.50136220727148
2,34,17,1,73.45,44.93911085246933
11,13,107,5,110.15,63.844609878409585
8,29,5,4,91.7,52.32298478529398
2,34,17,1,82.6,53.403528367564476
11,13,107,5,83.85,71.44101357800456
8,24,5,4,69.75,41.154234929489085
2,33,17,1,82.05,42.09447394661329
2,33,17,1,61.4,41.517783127106796
11,22,107,5,102.7,69.37851935122586
8,24,5,4,87.35,73.24240574967483
2,33,17,1,81.7,60.7194584262652
11,22,107,5,90.9,65.06021502383288
8,45,5,4,71.7,45.92109938166825
2,33,17,1,65.65,28.82300798795442
12,39,107,6,64.85,62.08421699594833
8,45,5,4,89.45,81.33198697476385
12,39,107,6,65.9,51.453504816433416
2,33,17,1,89.55,55.97130373776604
12,43,107,6,58.15,40.797671502182574
2,33,17,1,86.55,37.48469863262806
8,38,5,4,100.5,63.93047210179113
12,43,107,6,77.3,56.91924103499625
2,33,17,1,88.15,60.21389505666227
12,34,107,6,72.2,49.159889512102296
8,38,5,4,100.45,74.44636006089075
12,34,107,6,68.5,46.117127769237875
2,33,17,1,78.35,56.379610909581395
12,41,107,6,78.85,54.56553278784193
9,1,5,4,93.75,77.65366768712961
2,33,17,1,93.35,57.10311540952633
12,41,107,6,72.9,47.85603410229477
9,1,5,4,74.1,60.94769111813489
2,33,17,1,75.0,42.15010769793321
12,28,107,6,72.55,60.29355817908524
2,44,17,1,91.15,69.58090709080292
9,15,5,4,107.0,53.22148359252563
12,28,107,6,82.8,59.238678687421604
2,44,17,1,71.85,45.259805567412684
12,41,107,6,73.1,52.95767923043536
9,15,5,4,97.55,70.59482238357442
2,44,17,1,77.25,41.34562281929962
12,41,107,6,80.05,58.61244254467332
9,16,5,4,73.2,50.842998793499476
2,44,17,1,71.4,45.006900055786765
12,27,107,6,49.7,45.44412416421547
12,27,107,6,57.85,49.48713283055984
2,44,17,1,91.2,65.94064316529398
12,29,107,6,53.25,46.667778808803064
9,16,5,4,111.65,62.38106578458765
2,44,17,1,76.8,48.08610697707318
12,29,107,6,87.45,79.76048025511328
2,44,17,1,77.3,43.970205223178354
9,9,5,4,118.9,100.41382794269555
12,41,107,6,78.55,56.55967970578558
2,44,17,1,78.85,48.61695069352707
12,41,107,6,78.95,59.93020062846796
2,44,17,1,72.5,39.101083576316725
9,9,5,4,113.55,56.43391570771306
12,45,107,6,73.65,58.28448832191433
2,44,17,1,83.75,48.46906229751098
12,45,107,6,55.7,52.08909371654038
9,13,5,4,87.3,42.17519849889331
2,43,17,1,91.85,68.15946858577125
12,30,107,6,109.65,86.08091358838223
9,13,5,4,120.65,66.93537731903889
12,30,107,6,83.95,52.43088181998328
2,43,17,1,106.9,68.76114263769986
2,43,17,1,66.8,39.999473680747876
12,41,107,6,75.75,69.58741189853838
9,22,5,4,106.55,93.8349474791831
2,43,17,1,66.7,37.094615866939364
12,41,107,6,91.05,67.46420103323415
9,22,5,4,83.3,51.016096531027905
12,27,107,6,63.35,38.10549760032561
2,43,17,1,85.55,55.50483620465214
2,43,17,1,61.45,34.08113384572946
9,16,5,4,112.75,88.83507782757654
12,27,107,6,97.8,70.84423239162025
2,43,17,1,77.65,41.39193285246725
12,26,107,6,76.7,53.64807349265847
2,43,17,1,73.55,46.48539668824132
12,26,107,6,72.0,49.09175083453431
9,16,5,4,123.55,91.94018364361173
2,43,17,1,69.85,39.68862358542134
12,29,107,6,52.4,44.204548468038425
9,3,5,4,85.35,61.79105283555473
2,43,17,1,74.95,38.89050080201564
12,29,107,6,79.9,65.5100635097588
12,36,107,6,55.55,55.89790976225743
2,47,17,1,82.05,44.845318948346744
9,3,5,4,94.95,68.15267303712498
12,36,107,6,82.45,46.42875130098182
2,47,17,1,91.2,44.83724955177805
12,46,107,6,67.5,42.30528149185706
9,9,5,4,118.0,67.94037633721281
2,47,17,1,79.4,33.77230257256131
12,46,107,6,52.05,43.57627915808277
12,44,107,6,56.95,40.629876225571536
2,47,17,1,83.75,62.90835021136534
9,9,5,4,123.55,73.32514108946177
12,44,107,6,66.0,45.42894973124747
2,47,17,1,71.7,33.38783264036545
12,30,107,6,75.2,48.72867954835546
2,47,17,1,66.9,42.034947866094264
12,30,107,6,63.25,47.508309522484694
9,5,5,4,119.6,77.30554552178681
2,47,17,1,80.65,58.408069918282244
12,40,107,6,76.65,40.115983164608565
2,47,17,1,88.25,43.03838555962511
12,40,107,6,61.55,43.91795580517453
9,5,5,4,108.35,80.39722108316143
2,47,17,1,73.65,43.83854948618432
9,4,5,4,88.55,49.79904353340639
13,23,107,6,122.4,97.4794985193243
2,47,17,1,86.8,52.21070670597021
9,4,5,4,103.0,59.782940710540494
13,23,107,6,85.6,75.06165886508869
2,39,17,1,81.65,52.44774341641101
13,0,107,6,82.35,52.69502623088525
2,39,17,1,89.85,40.38665099940039
9,20,5,4,99.3,76.76217544433827
13,0,107,6,90.05,58.83560951811769
2,39,17,1,70.6,38.46857911266503
2,39,17,1,78.95,47.12969228349409
9,20,5,4,114.0,69.72879794717456
13,9,107,6,92.55,75.03225622146925
2,39,17,1,75.5,49.96156417424141
9,19,5,4,115.7,70.9233092112437
13,9,107,6,124.15,101.57303568835269
2,39,17,1,106.05,65.50731176545747
13,5,107,6,98.05,49.34995867326164
2,39,17,1,74.7,49.59318713821804
9,19,5,4,106.15,67.20062264749134
2,39,17,1,75.2,36.14968879534096
13,5,107,6,111.45,68.28691405810449
9,1,5,4,104.05,65.01050522395349
2,39,17,1,81.9,66.6727277946459
13,22,107,6,93.75,87.25695568715122
2,39,17,1,80.7,40.490544705231066
9,1,5,4,114.2,96.40572160351654
13,22,107,6,103.75,101.06843694926928
2,25,17,1,70.85,52.6100600745963
2,25,17,1,88.7,51.16546944139079
13,5,107,6,88.1,76.18806371493882
9,17,5,4,130.25,104.66129581705579
2,25,17,1,68.7,60.130647234518484
13,5,107,6,86.55,61.30293630814107
9,17,5,4,81.5,56.45072373784339
2,25,17,1,91.6,57.95860591836212
13,14,107,6,123.2,104.73354662892726
2,25,17,1,65.75,45.463548151528116
9,1,5,4,101.15,64.45828924685776
2,25,17,1,76.35,49.45734472622262
13,14,107,6,93.4,73.70381694036577
9,1,5,4,94.7,58.74306230033512
2,25,17,1,76.45,43.43231273457222
13,9,107,6,72.2,63.75495852749106
2,25,17,1,67.25,43.99147644714826
9,8,5,4,98.0,53.21851676170419
13,9,107,6,102.4,62.48149199647254
2,25,17,1,58.7,36.08338296662038
2,25,17,1,59.45,37.198578071296154
13,4,107,6,76.0,51.102580015205945
9,8,5,4,108.0,54.438763279196756
2,41,17,1,78.2,42.30416179601196
13,4,107,6,102.8,62.17598114689423
9,21,5,4,86.05,55.42512730560125
2,41,17,1,72.2,46.2665048786291
13,10,107,6,105.6,87.53669907079274
2,41,17,1,71.25,44.750624811868626
9,21,5,4,86.4,64.54325355098989
2,41,17,1,67.75,41.29849621322409
13,10,107,6,97.65,96.04235633576634
9,6,5,4,101.55,58.383013932045976
2,41,17,1,89.35,47.56632488597258
13,13,107,6,95.4,71.8319676672397
9,6,5,4,81.6,56.623781501935625
2,41,17,1,61.6,41.51905079535619
13,13,107,6,97.95,88.2952433599908
2,41,17,1,90.35,46.157938246393705
9,23,5,4,124.9,66.21567631213686
13,21,107,6,83.4,72.57547795226705
2,41,17,1,85.5,43.47594616264081
9,23,5,4,79.3,80.18931547151075
2,41,17,1,76.25,47.74038894732745
13,21,107,6,80.9,70.65997154646588
2,41,17,1,69.35,42.04042540723217
13,3,107,6,98.15,65.43721378060363
10,33,5,5,96.75,74.87102946154526
2,35,17,1,88.0,42.11013129752431
13,3,107,6,92.65,63.68861337542379
2,35,17,1,67.35,50.5082327838479
10,33,5,5,106.95,108.54127277094572
13,3,107,6,107.1,67.22773550442281
2,35,17,1,82.35,48.74776648054868
10,41,5,5,77.6,61.14297308681299
13,3,107,6,69.4,33.86412478373568
2,35,17,1,81.5,50.79110987274508
13,9,107,6,83.95,65.56673980320399
10,41,5,5,84.5,46.002860322970534
2,35,17,1,77.2,48.50566977168753
13,9,107,6,95.8,64.56135392827998
10,30,5,5,79.45,71.48682248829978
2,35,17,1,79.5,52.908560644508974
13,20,107,6,79.45,68.2452813097919
2,35,17,1,83.2,60.41226783744472
10,30,5,5,89.6,72.65810347098251
2,35,17,1,78.8,42.22570930506425
13,20,107,6,102.65,87.59071988816119
10,37,5,5,80.05,56.29571826290914
2,35,17,1,81.6,45.41782631707974
10,37,5,5,93.0,73.7749065882517
2,35,17,1,77.75,42.53899140169738
13,6,107,6,137.0,77.27462986681097
13,6,107,6,73.6,61.548782535310536
2,34,17,1,75.5,52.739179483867396
10,29,5,5,86.35,60.53991723604657
2,34,17,1,86.7,47.055510332282864
10,29,5,5,80.65,56.181355776112284
13,4,107,6,140.35,98.63290525985737
2,34,17,1,72.9,49.34294595775037
10,40,5,5,78.1,82.23963700513787
2,34,17,1,83.75,44.78236847595032
13,4,107,6,93.6,65.47751723422243
10,40,5,5,59.1,63.69656687435318
2,34,17,1,76.7,49.249205176594636
13,12,107,6,79.75,55.86720627382495
10,38,5,5,74.2,64.5409702600237
2,34,17,1,83.1,41.04285308642278
13,12,107,6,99.05,72.51023521218445
2,34,17,1,88.4,63.062542055695125
13,1,107,6,86.9,66.33003606369083
10,38,5,5,103.45,83.31012132862054
2,34,17,1,83.6,50.885216548206756
13,1,107,6,75.95,60.57224916098999
10,35,5,5,71.4,62.5614645137505
14,47,107,7,49.4,39.93995493237317
2,34,17,1,69.35,43.38721009698595
14,47,107,7,40.1,33.805792091701804
2,34,17,1,83.95,42.08447019482302
10,35,5,5,112.65,73.44835278150074
14,38,107,7,69.75,44.0596187001204
2,40,17,1,81.3,61.88197594912772
14,38,107,7,65.6,59.95559760531561
10,41,5,5,83.95,52.38468538760059
14,38,107,7,52.5,39.77634843392291
2,40,17,1,78.3,41.227354230439104
14,38,107,7,52.85,42.88819614324031
2,40,17,1,66.45,42.514981879456634
10,41,5,5,107.8,80.26836566366472
14,39,107,7,74.2,58.577523981382775
2,40,17,1,88.25,48.938065046815204
14,39,107,7,64.0,40.88366035729343
10,27,5,5,90.3,52.970796323614906
2,40,17,1,63.6,39.50802716570793
14,34,107,7,44.85,37.954647451371414
2,40,17,1,68.3,27.870187807423413
14,34,107,7,66.45,48.772808429546714
10,27,5,5,101.8,80.15681998104517
2,40,17,1,76.05,60.968909246736914
14,40,107,7,71.2,67.93696769025955
10,37,5,5,96.9,72.14014139159973
14,40,107,7,77.95,52.003517087536345
2,40,17,1,98.8,50.05954349309272
14,40,107,7,72.75,60.24325688406961
10,37,5,5,100.2,55.56750280893547
2,40,17,1,89.7,49.96430304674897
14,40,107,7,63.7,62.6897960302615
2,40,17,1,89.35,42.514734287996525
14,33,107,7,62.25,49.642803050762986
10,44,5,5,91.15,87.39401099557529
14,33,107,7,46.0,34.26061111078159
2,40,17,1,85.4,66.35423280037465
10,44,5,5,76.45,49.73770675940147
14,43,107,7,65.25,48.44842618702903
2,40,17,1,87.15,44.13051814310532
14,43,107,7,74.1,58.937879875429225
10,27,5,5,67.0,46.2202962936596
2,40,17,1,85.65,55.692081077446204
14,43,107,7,81.7,56.26076505177055
10,27,5,5,73.65,102.21096604057398
2,40,17,1,98.9,59.18205631332595
14,43,107,7,86.35,77.98736402372131
10,37,5,5,72.85,50.06866337971864
14,27,107,7,68.8,52.69435203930403
2,40,17,1,77.65,39.39980630462674
10,37,5,5,94.7,72.17165211092963
14,27,107,7,81.35,65.16156035093405
2,40,17,1,85.7,55.311652907578356
14,28,107,7,70.6,57.25418853903318
2,40,17,1,67.8,53.89814956300253
10,30,5,5,82.15,79.1356430440797
14,28,107,7,67.05,58.263896015863615
2,40,17,1,71.8,41.98571185534431
10,30,5,5,89.7,65.02234433760363
14,35,107,7,59.1,43.714263600171314
2,40,17,1,93.0,52.17077221667521
14,35,107,7,64.9,50.23198813086086
10,39,5,5,82.85,50.488430149365584
2,40,17,1,64.55,34.98341712417771
14,47,107,7,71.1,36.04222669679494
2,33,17,1,79.1,29.906697014478034
14,47,107,7,57.5,58.687845060921575
10,39,5,5,109.65,71.36656669691531
2,33,17,1,67.05,38.290406933824755
14,39,107,7,67.35,57.52919167463456
10,29,5,5,69.75,47.02952600005101
14,39,107,7,51.75,48.12907535717721
2,33,17,1,84.8,66.77818742515758
10,29,5,5,66.15,53.15644734871625
14,26,107,7,62.15,48.181974135343886
2,33,17,1,78.05,36.4929337067646
14,26,107,7,70.95,69.94845846839844
10,45,5,5,60.6,72.42302628889588
2,33,17,1,88.3,50.04114096894359
14,36,107,7,65.9,61.438801386334625
10,45,5,5,70.85,74.365579898796
2,33,17,1,87.25,59.33213826906078
14,36,107,7,69.25,59.005686612661144
10,25,5,5,58.0,45.70960972325875
14,44,107,7,60.9,56.84410815184761
2,33,17,1,80.25,53.17684003200523
10,25,5,5,78.25,61.691827489120215
14,44,107,7,73.1,64.46288201666705
2,33,17,1,77.8,50.2222429229373
14,25,107,7,78.15,63.6232951379487
10,28,5,5,92.7,64.8091124197175
2,33,17,1,82.3,41.33699757385692
14,25,107,7,72.15,63.0056597290651
2,33,17,1,77.35,42.42798852793184
10,28,5,5,78.1,54.62012353278635
14,31,107,7,64.6,64.07676317470607
2,31,17,1,77.55,55.89790976225742
14,31,107,7,72.7,45.408207002235784
11,4,5,5,99.95,82.06895367856676
2,31,17,1,68.6,45.484988848259775
15,15,107,7,70.7,56.79149306199412
2,31,17,1,92.55,53.53255281159601
15,15,107,7,58.45,64.97892370850559
11,4,5,5,100.7,76.67779476827901
2,31,17,1,79.95,54.70540721854988
15,21,107,7,78.95,64.02341265834751
2,31,17,1,89.15,48.921284787535555
15,21,107,7,95.2,74.08856719814256
11,0,5,5,143.55,120.08395089751959
2,31,17,1,79.55,46.02227721440998
15,2,107,7,69.7,47.88593904158857
11,0,5,5,85.1,39.1460154589939
2,31,17,1,85.05,53.93219427157927
15,2,107,7,81.25,78.28885448671544
2,31,17,1,70.7,53.327291324424124
11,17,5,5,89.3,48.558266681975944
15,13,107,7,113.5,65.87428217925094
2,31,17,1,100.15,56.75920977900275
11,17,5,5,114.15,68.21735772321325
15,13,107,7,89.8,63.59625940671601
2,31,17,1,56.75,28.069228328320115
2,25,17,1,70.0,34.951093650534325
15,1,107,7,83.3,42.5701897180595
11,3,5,5,98.5,50.6427113267676
2,25,17,1,81.1,47.01388372765958
15,1,107,7,89.95,84.88039572803233
2,25,17,1,81.0,47.79892093034385
15,12,107,7,86.25,60.219663688340546
11,3,5,5,124.65,75.75116813412326
2,25,17,1,94.55,53.432175404161235
15,12,107,7,91.3,80.23327830375885
2,25,17,1,71.65,42.592654419821216
11,16,5,5,127.35,83.95379368250258
15,3,107,7,98.45,68.5530720260626
2,25,17,1,84.25,55.549764318037155
11,16,5,5,106.4,64.54325355098989
15,3,107,7,90.6,86.8443253304743
2,25,17,1,67.35,46.7290904548424
15,20,107,7,93.85,60.28814581918895
2,25,17,1,94.8,49.89420386124392
11,8,5,5,115.6,73.44557598371019
15,20,107,7,83.4,58.32612486789486
2,25,17,1,85.2,41.816138914110795
11,8,5,5,88.3,83.10367652896939
2,25,17,1,65.25,48.99825453389561
15,23,107,7,105.5,68.03366039960235
2,31,17,1,74.75,42.82384357980223
11,2,5,5,88.45,48.885984429938716
15,23,107,7,95.35,84.69528974661553
2,31,17,1,82.6,55.11557235291559
15,8,107,7,86.7,50.49033258169851
2,31,17,1,77.75,45.99871279663561
11,2,5,5,111.45,74.43363345607739
2,31,17,1,70.25,49.3866325404376
15,8,107,7,86.95,80.71422948963375
11,20,5,5,112.35,72.4352887247064
2,31,17,1,75.3,36.68945065647187
15,14,107,7,78.9,47.460676243324684
2,31,17,1,73.1,33.070737581894456
15,14,107,7,81.0,50.306429431090244
11,20,5,5,94.35,55.4116413761585
2,31,17,1,76.35,44.14363517332696
15,1,107,7,100.55,97.49087676614452
2,31,17,1,101.55,58.00224587303313
11,11,5,5,116.8,93.35703959587228
15,1,107,7,98.85,80.00610174098894
2,31,17,1,76.2,65.61498545141554
11,11,5,5,97.5,68.00812644940231
15,16,107,7,88.3,62.950356380413396
2,31,17,1,86.7,50.353591833416566
15,16,107,7,79.85,67.9754406114134
3,20,17,1,87.25,52.76549410761783
11,3,5,5,124.05,70.83745292458012
15,12,107,7,77.3,59.60669337194307
3,20,17,1,87.2,37.086811388246474
11,3,5,5,96.25,75.32517227957311
15,12,107,7,93.2,52.968312275011726
3,20,17,1,122.5,61.61894787191765
15,11,107,7,90.45,69.12572451319178
11,1,5,5,110.2,84.71413229518622
3,20,17,1,81.6,53.07234387334448
15,11,107,7,96.65,84.65302245357998
11,1,5,5,84.55,57.21379572317005
3,20,17,1,87.7,43.52023123003587
15,12,107,7,82.7,72.63470244999975
11,2,5,5,81.45,54.51168392382064
3,20,17,1,85.75,46.45753578892178
15,12,107,7,89.65,57.05055468156015
3,20,17,1,70.65,41.284985164100526
11,2,5,5,96.0,79.09155254646684
15,20,107,7,91.6,59.708414288457746
3,20,17,1,96.2,58.37320942819033
15,20,107,7,88.25,87.10542614072844
11,6,5,5,112.25,69.9269355526858
3,20,17,1,79.6,30.93184358179158
3,20,17,1,78.9,49.53669559555134
15,7,107,7,131.9,99.07939400192895
11,6,5,5,132.0,105.6782604741491
3,12,17,1,103.4,63.22840800579569
15,7,107,7,112.45,86.50371151149042
11,19,5,5,93.05,50.94421613779858
3,12,17,1,92.35,39.930564734298464
15,17,107,7,78.5,54.07840312186119
3,12,17,1,81.85,52.68603630045282
11,19,5,5,88.9,49.349345433722235
15,17,107,7,85.2,69.18061791236649
3,12,17,1,87.55,46.91703203248094
11,7,5,5,109.35,83.79315070614756
3,12,17,1,69.85,47.08030653211483
15,17,107,7,132.25,95.29117427514913
3,12,17,1,87.9,54.64613435550587
11,7,5,5,89.55,80.52490624841354
15,17,107,7,96.45,70.72740479809566
16,46,107,8,39.55,35.96705363757812
3,12,17,1,101.8,49.47152290911781
16,46,107,8,41.4,35.29335706094816
11,23,5,5,100.4,67.70011272633077
16,38,107,8,44.05,36.63400060053502
3,12,17,1,90.3,47.81444397492853
16,38,107,8,63.55,56.22087550105621
11,23,5,5,89.95,44.419619894579775
3,12,17,1,90.1,44.51835812927422
16,30,107,8,47.1,38.66305185765046
11,18,5,5,97.3,73.79637703273714
16,30,107,8,72.65,50.11909500590095
3,12,17,1,106.9,58.47257566811263
16,39,107,8,105.9,65.77065415037637
11,18,5,5,101.35,85.43774279987062
3,9,17,1,101.35,51.490699211247446
16,39,107,8,54.25,52.07370788249651
16,38,107,8,56.45,52.60725885474861
3,9,17,1,91.8,54.412266418906924
11,21,5,5,103.35,79.01650393896735
16,38,107,8,59.3,41.67177512544028
3,9,17,1,84.5,46.755241755111776
16,33,107,8,65.4,39.53466167408304
3,9,17,1,80.3,31.404156613919422
11,21,5,5,111.7,89.51336271899943
16,33,107,8,84.6,77.89696298383694
11,20,5,5,91.05,87.86501309574697
16,35,107,8,61.15,48.20054050799803
3,9,17,1,118.7,70.0339015650353
16,35,107,8,49.5,47.01567487775248
3,9,17,1,91.65,36.14484748895753
11,20,5,5,106.65,82.54585647416005
16,36,107,8,74.3,73.56422185303195
3,9,17,1,99.25,40.47595127454014
16,36,107,8,74.3,65.31228626255634
11,6,5,5,118.7,80.12299755277573
16,28,107,8,70.5,57.0470719761552
3,9,17,1,93.4,45.172651251090315
16,28,107,8,62.9,60.74701638763834
11,6,5,5,78.55,43.85199389333457
3,9,17,1,94.9,46.95787585978691
16,43,107,8,38.5,34.1598409955624
16,43,107,8,57.85,52.98885185633514
12,37,5,6,79.7,78.15106828242472
3,9,17,1,86.35,68.55215072060871
16,42,107,8,58.9,48.35167226194267
12,37,5,6,79.65,60.5703375380531
3,14,17,1,102.45,46.17754637779799
16,42,107,8,57.55,48.63448527428595
16,40,107,8,65.65,55.31086787660412
3,14,17,1,87.55,39.715402023581944
12,41,5,6,101.2,72.38900759820257
16,40,107,8,74.4,75.34440222981678
3,14,17,1,85.5,48.61178111484802
12,41,5,6,81.45,58.961606598120945
16,33,107,8,50.55,34.02394667537
3,14,17,1,100.7,48.696806336436694
16,33,107,8,55.7,61.15992840173428
12,39,5,6,73.9,64.33293336845036
16,35,107,8,65.35,50.614409223586044
3,14,17,1,88.7,46.44646040561677
12,39,5,6,88.0,82.04299258059123
16,35,107,8,75.6,63.67136016501577
3,14,17,1,77.55,42.526122003206204
16,25,107,8,49.8,34.14150121572216
12,33,5,6,79.15,76.10538054151246
3,14,17,1,106.55,63.558903471711304
16,25,107,8,64.15,61.40741854720469
16,44,107,8,58.3,53.02045285597466
12,33,5,6,81.15,55.47619214344872
3,14,17,1,109.95,54.54257149477973
16,44,107,8,76.0,76.30961862528761
12,24,5,6,83.45,85.06497516604587
16,43,107,8,45.75,52.19888585219541
3,14,17,1,112.25,77.64621182341297
16,43,107,8,66.1,53.12041930715929
12,24,5,6,83.85,61.132535053809626
3,14,17,1,76.95,47.9017360414993
16,28,107,8,57.05,44.110477332787
12,38,5,6,68.15,46.2820585904346
3,15,17,1,81.55,36.61819363735953
16,28,107,8,73.7,61.43725939611291
16,26,107,8,78.35,46.09175631281585
3,15,17,1,109.75,63.44983513727494
12,38,5,6,104.3,113.2264149950513
16,26,107,8,40.45,34.34879144430282
3,15,17,1,75.0,54.405882034941776
16,34,107,8,49.1,38.33769616667675
12,33,5,6,64.2,45.91135623763414
16,34,107,8,67.9,59.68416875520676
3,15,17,1,98.55,44.40184325239805
12,33,5,6,99.15,73.59224429960423
17,13,107,8,98.55,75.98716996967318
3,15,17,1,101.15,33.55635479858355
3,15,17,1,88.15,53.86462074888351
12,38,5,6,123.6,85.62058286724235
17,13,107,8,130.1,118.4673617055503
12,38,5,6,80.3,66.26906875522103
3,15,17,1,111.7,70.7174511329194
17,17,107,8,72.5,62.14964961581377
3,15,17,1,88.8,49.170594550209096
17,17,107,8,91.65,57.1436555395352
12,42,5,6,95.05,64.5123203247582
3,15,17,1,81.2,33.49406860294741
17,11,107,8,74.4,63.56546563231195
12,42,5,6,85.7,74.72201113037859
3,15,17,1,83.05,44.71132554039242
17,11,107,8,78.75,101.66709088206002
12,47,5,6,86.65,62.8593040469202
17,4,107,8,70.2,56.97515617400825
3,9,17,1,95.1,55.90395899736393
12,47,5,6,48.75,64.98896667491863
17,4,107,8,79.8,87.86269192085426
3,9,17,1,115.7,41.19670400714882
12,38,5,6,69.15,64.31278419199651
17,16,107,8,85.1,75.30003145312827
3,9,17,1,106.45,49.693243213264225
12,38,5,6,93.55,67.09417968325137
17,16,107,8,100.5,59.29897487353919
3,9,17,1,106.1,60.78858964953001
12,27,5,6,81.55,83.37011644342037
17,14,107,8,119.7,101.45369698329847
12,27,5,6,69.1,46.2463654332908
3,9,17,1,107.55,51.37322157249672
12,47,5,6,65.85,66.31604949823709
3,9,17,1,92.35,48.49772105334869
17,14,107,8,119.8,78.05976118199104
17,6,107,8,65.4,49.28050751618364
3,9,17,1,80.2,36.90899191539273
12,47,5,6,104.6,85.31267567940269
17,6,107,8,61.4,56.347044941897444
3,9,17,1,100.0,60.97281534033274
17,0,107,8,78.85,64.4901257231638
12,25,5,6,109.75,90.83407371338369
3,9,17,1,84.65,41.52142756900852
17,0,107,8,85.1,60.68460309363141
3,9,17,1,83.5,41.36805276386217
12,25,5,6,103.3,87.31075776244661
17,22,107,8,91.75,85.78729816421418
3,22,17,1,78.9,43.70222203190949
17,22,107,8,83.6,63.50582236050653
12,45,5,6,106.65,68.67488240750188
3,22,17,1,99.9,40.645968272906295
17,17,107,8,91.55,77.46610464210173
12,45,5,6,64.95,61.40758996462211
3,22,17,1,98.6,45.846884759002585
3,22,17,1,68.3,36.629151462217976
17,17,107,8,93.7,65.28971870379786
12,42,5,6,77.65,59.76997574033304
3,22,17,1,94.15,29.6315532392148
12,42,5,6,88.1,63.71969868102014
17,2,107,8,123.35,92.02990074741442
3,22,17,1,106.15,61.601670346458015
12,37,5,6,70.4,74.49012650927921
17,2,107,8,102.9,70.58022684188987
3,22,17,1,85.4,46.970763583094396
17,6,107,8,74.05,81.18690262532952
12,37,5,6,101.2,68.29317604810046
3,22,17,1,92.9,41.57035887314548
17,6,107,8,78.85,69.6542400568317
12,30,5,6,80.9,81.27076252937007
3,22,17,1,77.95,35.96119985118464
17,15,107,8,93.95,81.00908006286444
12,30,5,6,87.65,70.17292550324669
3,22,17,1,103.25,47.735978927958804
17,15,107,8,97.8,83.95462433581858
12,36,5,6,78.9,70.35466542716568
3,15,17,1,109.2,64.64689515074625
17,19,107,8,85.55,53.95756129638025
3,15,17,1,85.15,52.46279383374569
12,36,5,6,91.2,71.48765075540192
17,19,107,8,82.9,73.64059235303083
3,15,17,1,76.5,58.65644847217074
12,42,5,6,81.8,60.99749779164802
17,11,107,8,74.1,76.89356964422694
3,15,17,1,76.85,38.82250432552315
12,42,5,6,78.6,64.11453567024037
17,11,107,8,80.05,84.16867463298733
3,15,17,1,87.15,48.79093423124725
17,5,107,8,97.15,81.95138160744101
13,23,5,6,96.6,55.649655978508214
3,15,17,1,109.45,56.60897734272784
17,5,107,8,52.0,37.295406800584075
13,23,5,6,95.25,51.56179225989562
17,6,107,8,66.85,68.94717657667162
3,15,17,1,92.95,45.93757205508134
17,6,107,8,66.45,52.25189495430562
3,15,17,1,84.5,41.20743417854292
13,6,5,6,83.75,67.06938669451918
17,0,107,8,81.25,72.1795094119333
3,15,17,1,79.8,32.34289965192881
13,6,5,6,90.6,61.74258958305079
3,15,17,1,74.7,45.235174948612496
17,0,107,8,91.5,48.642087039712294
3,8,17,1,90.35,42.342308069253605
17,23,107,8,96.9,93.35382607105754
13,3,5,6,134.2,80.2611526928124
3,8,17,1,80.15,37.515295126402144
17,23,107,8,76.4,75.3451007732176
13,3,5,6,88.3,58.439442340363165
3,8,17,1,96.35,54.519214382106654
17,5,107,8,89.8,50.12468663768698
3,8,17,1,81.95,35.791023573251614
13,12,5,6,91.15,41.96022552746577
17,5,107,8,70.25,57.77895719668919
18,26,107,9,52.9,41.47021759490081
3,8,17,1,87.5,39.81338045378582
13,12,5,6,78.85,60.68579561539656
18,26,107,9,59.6,47.90275236570991
3,8,17,1,76.7,36.250735019771454
18,47,107,9,61.2,62.34758257247493
13,14,5,6,105.5,85.31828951822574
3,8,17,1,88.25,37.78592748351526
18,47,107,9,47.15,60.96096680404773
3,8,17,1,83.1,38.56764392460002
18,33,107,9,54.45,53.636667544350274
13,14,5,6,99.85,69.45295643739536
3,8,17,1,72.3,38.983262265260784
18,33,107,9,76.75,96.07939425287817
3,8,17,1,87.8,44.037782820998984
18,43,107,9,60.65,67.32581814930795
13,9,5,6,109.4,104.50202717751712
3,17,17,1,75.35,41.7640931145908
18,43,107,9,64.25,43.18854014666391
18,44,107,9,51.8,49.18878776820245
3,17,17,1,89.3,49.293001531657616
13,9,5,6,113.2,107.27465978309577
18,44,107,9,68.95,66.9331756306243
3,17,17,1,90.1,46.0741964547117
18,28,107,9,43.9,50.46301407440586
13,4,5,6,109.35,73.5171122220785
3,17,17,1,80.6,35.68045314793669
18,28,107,9,54.55,36.19315870219267
18,36,107,9,61.55,68.70185395491235
3,17,17,1,92.65,47.117183143397064
13,4,5,6,92.4,94.94785272370358
18,36,107,9,69.2,70.52032181913016
3,17,17,1,88.9,48.86705918800732
18,34,107,9,58.0,55.48921184860124
13,11,5,6,120.45,100.31186895194196
18,34,107,9,48.45,32.93130809171689
3,17,17,1,98.85,74.43066360184173
18,33,107,9,41.75,45.747447441014906
3,17,17,1,85.1,46.33732154992401
18,33,107,9,45.15,50.400788423240066
13,11,5,6,95.0,75.02280355086432
18,31,107,9,51.1,52.83330289445136
3,17,17,1,88.5,44.89695804957462
13,5,5,6,87.75,70.23934644822434
18,31,107,9,77.2,71.29302025333268
3,17,17,1,92.45,55.325329689602015
18,44,107,9,57.3,57.18768730196534
13,5,5,6,82.9,76.26263484619588
3,5,17,1,99.4,67.83524933713724
18,44,107,9,77.15,51.16462079457476
3,5,17,1,74.8,53.88740698511061
18,31,107,9,62.15,49.98344462761751
13,14,5,6,107.45,73.45351197221706
18,31,107,9,63.75,41.09664475995961
3,5,17,1,84.85,36.465232179361436
18,27,107,9,53.6,43.32666615376724
13,14,5,6,98.5,67.02277696111186
3,5,17,1,97.4,58.39196051368355
18,27,107,9,63.45,51.906266734526284
13,23,5,6,76.35,66.38664656469147
3,5,17,1,76.1,38.97083930055232
18,32,107,9,63.9,52.02823120292735
18,32,107,9,59.3,45.59443641036643
3,5,17,1,72.25,30.956463486305204
13,23,5,6,96.1,73.19685066564284
18,25,107,9,59.4,44.440853656114776
3,5,17,1,89.1,25.91869879774872
18,25,107,9,53.55,47.502326812816015
13,23,5,6,84.85,73.18417646056096
18,43,107,9,49.25,45.69449465860481
3,5,17,1,98.85,48.17651207579762
18,43,107,9,47.6,51.30445758821598
13,23,5,6,117.05,74.53750380636724
3,5,17,1,95.35,42.30002488489998
18,46,107,9,76.0,75.97160134238527
18,46,107,9,53.15,54.50183483149902
13,23,5,6,98.0,77.60765019262632
3,5,17,1,117.8,53.6828895606314
18,37,107,9,63.5,63.22183167229497
3,18,17,1,83.75,37.32203384766585
18,37,107,9,63.85,75.39947996470114
13,23,5,6,114.0,88.92338511917228
3,18,17,1,75.65,36.58627151211086
18,33,107,9,68.5,51.24399836489198
3,18,17,1,77.6,49.04391158092812
18,33,107,9,61.8,46.91044098795289
13,17,5,6,116.8,105.48813852003006
3,18,17,1,89.6,46.47738555922711
18,28,107,9,45.4,48.10886776774876
13,17,5,6,74.15,57.51363682686595
18,28,107,9,57.4,59.55307230573945
3,18,17,1,81.35,38.89564310602896
19,8,107,9,65.8,41.688822179774306
3,18,17,1,79.45,40.65577579216953
13,15,5,6,89.65,71.41153894670553
3,18,17,1,84.0,47.974774073135784
19,8,107,9,93.45,62.90717890586683
13,15,5,6,86.6,74.74053363751862
19,2,107,9,70.35,78.26290039953393
3,18,17,1,108.65,64.3127841919965
13,13,5,6,67.55,52.71619645252351
19,2,107,9,92.4,86.06753774003052
3,18,17,1,108.35,50.67053020818854
19,2,107,9,74.7,80.66963166944679
13,13,5,6,138.85,71.23886801311117
3,18,17,1,88.4,35.58296458167943
19,2,107,9,90.5,77.93553341333497
13,17,5,6,96.8,56.526286386349305
3,22,17,1,112.4,67.42200171894538
19,19,107,9,71.45,73.51725540378438
3,22,17,1,78.2,39.93099310718826
13,17,5,6,79.3,57.48967870752747
19,19,107,9,96.25,76.03176275326268
3,22,17,1,105.75,51.83056911453744
13,22,5,6,87.3,68.14466036926228
19,22,107,9,79.95,77.25043007885729
3,22,17,1,80.85,49.456280533523
13,22,5,6,85.2,73.87443115819823
19,22,107,9,87.35,81.72371619960563
3,22,17,1,94.65,37.77534004862793
19,11,107,9,106.85,82.0585638110785
3,22,17,1,87.55,50.78590251966427
13,21,5,6,136.95,105.39173791646398
19,11,107,9,57.4,43.01211579617024
3,22,17,1,94.9,64.29938200570662
19,4,107,9,74.5,56.20872754858963
3,22,17,1,87.55,50.76309786905403
13,21,5,6,123.8,98.62080489376841
19,4,107,9,94.2,68.15663075438422
3,22,17,1,106.4,80.58496660113016
13,4,5,6,106.5,74.99789470729371
19,22,107,9,101.45,88.95384669650471
3,22,17,1,84.0,47.77248712717173
19,22,107,9,74.6,48.757617488530904
3,5,17,1,83.1,53.30340168862534
13,4,5,6,105.9,101.60755255807564
19,1,107,9,87.45,84.3753986345359
3,5,17,1,100.2,38.23142823990699
19,1,107,9,59.5,52.45499323981915
14,37,5,7,85.85,72.23009651180915
3,5,17,1,94.65,43.052324345834656
14,37,5,7,59.7,53.18399046804652
19,4,107,9,116.1,77.73768306568606
3,5,17,1,103.0,54.04871097347963
19,4,107,9,74.25,64.7731872727727
14,42,5,7,87.5,90.77995373429091
3,5,17,1,90.25,43.05305784115321
14,42,5,7,89.35,66.1794013110933
19,22,107,9,131.1,103.83078338791135
3,5,17,1,86.2,51.308766051077576
14,38,5,7,60.35,43.755631216540515
3,5,17,1,82.3,32.606263524860246
19,22,107,9,88.65,90.02238025829143
14,38,5,7,78.85,59.63333137202982
3,5,17,1,76.1,38.36925852814986
19,22,107,9,108.35,116.3548451934856
14,34,5,7,85.65,64.03393426021944
3,5,17,1,97.9,60.091071234462646
19,22,107,9,67.9,58.51396594426254
14,34,5,7,56.15,40.593329760597754
3,5,17,1,73.95,38.567063941304
3,4,17,1,75.85,54.770598144009995
19,20,107,9,90.9,83.60363880270182
14,31,5,7,74.0,59.60483908295755
19,20,107,9,61.85,45.715683131837004
3,4,17,1,81.55,55.958137548481155
14,31,5,7,77.2,67.74223591169536
3,4,17,1,92.4,37.856237753402084
19,13,107,9,99.55,96.00629091229824
14,35,5,7,67.3,53.45741049510447
3,4,17,1,70.85,41.510017814346554
19,13,107,9,77.8,58.20435867201917
14,35,5,7,77.2,63.86713181532258
3,4,17,1,86.3,58.50425085770309
19,15,107,9,80.1,72.82488007470207
14,35,5,7,88.25,61.32388132736407
3,4,17,1,88.85,57.964848694795414
19,15,107,9,88.9,81.24938866166771
3,4,17,1,92.35,54.2773336427686
14,35,5,7,83.3,64.37480710241923
19,13,107,9,101.45,85.1064194498802
3,4,17,1,100.95,37.61505157863216
14,35,5,7,90.9,93.8514503715425
19,13,107,9,96.55,89.60173576796143
3,4,17,1,83.75,27.685974028282565
19,19,107,9,86.1,77.94255644552055
14,35,5,7,99.05,66.31382724749436
3,4,17,1,87.7,40.27288496194299
3,17,17,1,71.6,46.458130555768626
19,19,107,9,68.5,69.85209939202745
14,44,5,7,60.6,50.354950626840846
3,17,17,1,87.75,34.02301852384183
19,7,107,9,99.6,96.57143524491678
14,44,5,7,94.25,81.58100591630253
3,17,17,1,100.45,48.759857303016446
19,7,107,9,100.95,116.92799178621812
14,41,5,7,87.85,76.70124887475671
3,17,17,1,110.15,55.58045377743207
19,1,107,9,58.2,54.884184281180005
14,41,5,7,67.95,51.99946862076674
3,17,17,1,87.15,31.42957876034344
19,1,107,9,83.8,75.696485352603
14,25,5,7,84.75,88.84929582400218
3,17,17,1,73.05,42.196875663838824
19,17,107,9,49.1,42.142490122015936
14,25,5,7,59.75,60.00866165549945
3,17,17,1,84.6,51.316766522412436
19,17,107,9,96.65,68.5805519463292
3,17,17,1,74.8,39.561544326197435
14,34,5,7,69.15,47.248809508811966
3,17,17,1,86.5,48.14069293009266
14,34,5,7,87.95,82.88449477244951
3,17,17,1,75.6,45.50928187570207
14,26,5,7,67.45,59.64939228525299
3,21,17,1,90.35,48.06823549037239
14,26,5,7,71.4,53.71209801975911
3,21,17,1,91.95,46.3436534007227
14,28,5,7,97.05,83.42502148951665
3,21,17,1,109.45,69.07316868060236
14,28,5,7,67.35,60.47816047745535
3,21,17,1,99.7,64.9875291680521
14,44,5,7,114.4,77.70416232162383
3,21,17,1,103.2,64.3506839615228
14,44,5,7,62.9,58.77154700058614
3,21,17,1,88.15,49.39451812754763
14,35,5,7,58.9,66.82412107835566
3,21,17,1,83.15,40.54013605772615
3,21,17,1,97.4,40.21704273458939
14,35,5,7,77.55,61.31323803139691
14,43,5,7,69.1,56.15476733757199
3,21,17,1,101.15,52.672048914411
14,43,5,7,70.2,41.47871997212928
3,21,17,1,108.8,64.57032070378366
14,24,5,7,75.05,66.77887705743959
3,8,17,1,103.0,45.120890248776185
14,24,5,7,61.55,64.58407413270663
3,8,17,1,69.75,25.708640775550847
14,46,5,7,57.35,67.12304098876143
3,8,17,1,80.6,43.90108498839061
14,46,5,7,77.5,60.751868067444725
3,8,17,1,87.6,40.24843900209377
3,8,17,1,99.8,57.28837486555926
14,36,5,7,97.65,84.0590487943477
3,8,17,1,75.7,37.75837306932206
14,36,5,7,105.35,81.42434331457962
3,8,17,1,97.2,45.70684619916018
3,8,17,1,84.4,29.65130688519479
15,2,5,7,102.65,77.03743109342162
3,8,17,1,84.3,37.722114133977726
15,2,5,7,78.85,71.41227596075298
3,8,17,1,84.55,46.97084762185785
3,20,17,1,78.9,39.34583506347406
3,20,17,1,70.2,34.55521896754146
15,11,5,7,133.5,88.5607136375944
3,20,17,1,87.9,57.43087378020549
15,11,5,7,106.6,113.58437624213897
3,20,17,1,116.15,51.34022225363493
15,1,5,7,74.5,58.78641088944926
3,20,17,1,70.85,35.43604320313904
3,20,17,1,84.3,38.791073308443686
15,1,5,7,76.95,72.10845267628767
3,20,17,1,90.05,40.88684642432472
15,23,5,7,75.7,48.925399710601305
3,20,17,1,79.0,35.53352753312522
15,23,5,7,85.35,63.30816443564389
3,20,17,1,99.6,44.49648123284878
15,2,5,7,81.45,52.86972569190087
3,20,17,1,103.85,55.78084466534141
15,2,5,7,89.1,59.53141585485944
3,20,17,1,91.25,57.340970013640884
15,3,5,7,94.0,61.200275197179685
3,20,17,1,76.7,33.373642294481435
3,20,17,1,86.0,41.60339055008808
15,3,5,7,104.65,82.77571154060008
3,20,17,1,98.65,55.43633142719008
15,13,5,7,101.25,76.5656752832426
3,20,17,1,86.75,88.03819446246344
3,20,17,1,78.35,36.69257059463271
15,13,5,7,82.6,42.295203162135486
3,20,17,1,88.45,48.49142626333682
15,20,5,7,70.65,59.724168606933944
3,20,17,1,85.5,36.57364596191318
15,20,5,7,114.2,68.4917205906939
3,20,17,1,83.35,48.742367823615545
3,20,17,1,88.6,52.17117574817888
15,7,5,7,108.5,94.79645785076904
4,44,17,2,69.25,53.84761637689903
4,44,17,2,72.8,42.221969836118554
15,7,5,7,92.95,58.37489997737402
4,44,17,2,68.8,45.90103771330115
15,2,5,7,94.15,59.87818775164336
4,44,17,2,84.95,62.532917647217495
15,2,5,7,87.7,64.25205300836288
4,44,17,2,79.65,40.914898843433804
4,44,17,2,81.6,45.79289763363103
15,8,5,7,85.55,56.41152831040646
4,44,17,2,93.25,67.70359160184542
15,8,5,7,82.75,64.54364088697946
4,44,17,2,86.45,55.36146769426509
4,44,17,2,51.25,33.01335455459454
15,19,5,7,114.05,84.06042626086246
4,44,17,2,82.95,69.18204436960428
15,19,5,7,88.45,73.24111226842332
4,46,17,2,88.05,52.976136633691766
4,46,17,2,76.8,44.56408750032746
15,4,5,7,115.65,111.42770845048514
4,46,17,2,85.05,52.155107737956925
4,46,17,2,77.95,67.00547895900988
15,4,5,7,134.8,96.85453009539616
4,46,17,2,76.1,73.62629678958034
4,46,17,2,78.9,42.39525792747158
15,8,5,7,98.2,92.5672444055785
4,46,17,2,81.65,41.767873577163286
15,8,5,7,72.9,69.93372802725072
4,46,17,2,82.15,67.29141260611428
15,11,5,7,88.5,77.02460304139328
4,46,17,2,58.9,24.28753199743267
4,46,17,2,88.4,59.015073899542145
15,11,5,7,93.3,75.4391354529911
4,29,17,2,71.8,50.811933948423444
15,0,5,7,92.2,67.78650696352328
4,29,17,2,80.45,52.04904064033214
4,29,17,2,75.85,39.993782411506764
4,29,17,2,79.65,48.57579535876734
15,0,5,7,146.3,70.17879421801672
4,29,17,2,85.8,54.26698133449008
15,10,5,7,73.9,48.244879739228615
4,29,17,2,70.0,46.65212806112471
15,10,5,7,91.25,81.86309174147824
4,29,17,2,60.4,45.81932481296281
4,29,17,2,72.25,43.767177079104435
15,5,5,7,72.7,64.97537995271747
4,29,17,2,76.2,46.60539837717018
4,29,17,2,76.2,48.78373326815965
15,5,5,7,124.7,88.87548948714121
4,39,17,2,101.95,47.95773907141688
15,2,5,7,102.35,83.71522844551168
4,39,17,2,74.95,37.00707613701096
4,39,17,2,65.2,43.66692111885151
15,2,5,7,75.3,55.30213662951436
4,39,17,2,82.55,51.806802032571994
4,39,17,2,85.5,46.83959188999251
15,13,5,7,140.1,66.25620129864309
4,39,17,2,93.95,57.92324776442484
15,13,5,7,109.65,95.47514143262082
4,39,17,2,86.6,52.10354064138464
4,39,17,2,66.2,51.05270754199449
16,35,5,8,82.35,76.97660273369469
4,39,17,2,86.5,56.83818212582472
16,35,5,8,70.8,83.83605555204942
4,39,17,2,79.1,57.004985931518576
16,35,5,8,82.8,67.42528028160233
4,37,17,2,67.25,33.13270764349744
16,35,5,8,83.75,48.88856824722072
4,37,17,2,85.35,47.4078330192274
4,37,17,2,93.45,59.80888421947819
16,31,5,8,97.1,90.69782101485187
4,37,17,2,71.5,48.168017342805825
16,31,5,8,58.05,36.36579509142594
4,37,17,2,62.15,44.101885626234555
16,40,5,8,77.05,71.31580986599049
4,37,17,2,81.6,43.42737434044641
4,37,17,2,69.25,45.392875629273995
16,40,5,8,77.25,57.07324472253085
4,37,17,2,60.3,39.921106408040664
16,40,5,8,83.5,84.70288629892384
4,37,17,2,82.75,51.25773369119917
4,37,17,2,72.05,47.40805505618773
16,40,5,8,81.95,65.29646963939491
4,47,17,2,76.75,53.70472389297847
16,25,5,8,76.1,61.53381612020978
4,47,17,2,72.4,36.05609664485547
4,47,17,2,68.7,39.37150987038323
16,25,5,8,93.35,72.58698955482022
4,47,17,2,80.4,52.36652204967356
16,27,5,8,70.4,59.71634705223653
4,47,17,2,58.65,56.29085650721429
4,47,17,2,61.05,31.43493698352034
16,27,5,8,77.5,101.46479814772164
4,47,17,2,79.55,38.10301134666669
16,42,5,8,78.0,64.23804414666961
4,47,17,2,75.85,55.29468899974886
16,42,5,8,57.85,54.418722590860696
4,47,17,2,92.95,62.44869473162918
16,35,5,8,84.7,62.53681021269751
4,47,17,2,81.65,65.43882237391051
4,37,17,2,71.05,37.07385942455383
16,35,5,8,106.3,93.9843772011856
4,37,17,2,66.4,39.19103012304299
4,37,17,2,84.45,44.84883968457414
16,37,5,8,81.0,92.4047162159344
4,37,17,2,58.85,35.84656630403355
16,37,5,8,64.2,69.74132656882107
4,37,17,2,69.55,34.5047288902474
4,37,17,2,75.65,38.9740466950697
16,26,5,8,69.95,70.89909434504344
4,37,17,2,82.75,54.21776267491756
16,26,5,8,72.4,58.91599729141573
4,37,17,2,66.8,41.319805369694976
16,24,5,8,61.65,59.21439636475326
4,37,17,2,64.35,39.98062030534294
16,24,5,8,72.45,79.66870547196652
4,37,17,2,86.4,57.3827408492172
16,34,5,8,62.35,55.69775106486984
4,40,17,2,92.6,48.906355199987736
16,34,5,8,76.1,71.70326279003517
4,40,17,2,85.45,58.472193121355154
4,40,17,2,75.75,39.70930555132413
16,24,5,8,79.5,73.00216290955827
4,40,17,2,71.8,60.06014529312745
16,24,5,8,92.1,81.91516792903562
4,40,17,2,81.35,49.298526720806834
4,40,17,2,72.4,43.16114236818015
16,40,5,8,91.6,78.32617361830088
4,40,17,2,78.45,39.39339378226012
4,40,17,2,80.2,59.65391415225165
16,40,5,8,98.0,86.12903416569694
4,40,17,2,63.65,35.91550757278152
16,26,5,8,73.05,69.98155772096412
4,40,17,2,85.5,59.49745682313701
4,47,17,2,64.35,41.15730414167729
16,26,5,8,124.75,115.00978219264655
4,47,17,2,72.2,51.945923298834735
4,47,17,2,93.35,69.855697126667
16,34,5,8,96.65,96.20059907899689
4,47,17,2,56.3,31.07054790904758
4,47,17,2,80.6,60.21924854012081
16,34,5,8,95.65,72.19729911845734
4,47,17,2,68.95,37.35389079995197
16,25,5,8,68.7,47.44758881345318
4,47,17,2,76.55,40.59618208649675
16,25,5,8,64.75,62.22782843373974
4,47,17,2,69.7,44.098096390469706
16,28,5,8,82.3,57.73906822940599
4,47,17,2,78.6,38.648755682291686
16,28,5,8,61.4,58.38655216472549
4,47,17,2,83.4,54.305568193713846
4,36,17,2,70.85,39.433187999316935
16,42,5,8,83.25,83.15924799032149
4,36,17,2,71.15,50.43106290039064
4,36,17,2,83.4,56.160859192707846
16,42,5,8,106.55,102.18119870319124
4,36,17,2,78.55,60.131850742216564
17,0,5,8,103.2,64.27539432620755
4,36,17,2,85.25,50.290602868151275
4,36,17,2,87.1,58.5292549432378
17,0,5,8,102.95,84.28989762780154
4,36,17,2,66.05,54.75829665568113
4,36,17,2,63.75,32.103246269694154
17,10,5,8,114.15,105.4116117642494
4,36,17,2,83.65,50.52490266664236
17,10,5,8,69.3,73.00547924642369
4,36,17,2,84.85,46.71895253872661
4,44,17,2,77.45,46.125087362632996
4,44,17,2,71.25,45.08573703745483
17,1,5,8,136.45,113.95635129294023
4,44,17,2,76.35,64.99333973974807
17,1,5,8,86.15,68.29832008414108
4,44,17,2,78.55,54.72849253119294
4,44,17,2,84.1,50.48074150760758
17,12,5,8,100.4,69.51137733455847
4,44,17,2,79.5,49.30090209487471
4,44,17,2,61.35,29.778612954160312
17,12,5,8,93.75,79.70463567050804
4,44,17,2,59.75,35.325367357571366
17,21,5,8,96.05,69.50310481516182
4,44,17,2,68.05,39.68093138762589
4,44,17,2,58.8,43.23814105746526
17,21,5,8,79.25,48.11376321310063
4,24,17,2,68.45,32.09931135513166
17,13,5,8,67.55,53.77680482180124
4,24,17,2,74.4,43.31208655912646
4,24,17,2,88.6,67.7389726896757
17,13,5,8,94.5,67.37444463202412
4,24,17,2,56.3,33.452401377102014
17,17,5,8,76.6,78.34498606870298
4,24,17,2,69.55,53.527636737827706
4,24,17,2,76.2,35.917449211974066
17,17,5,8,88.75,68.96824211949027
4,24,17,2,88.15,68.46610763536103
17,21,5,8,107.3,60.774042242772666
4,24,17,2,75.65,45.212102478499226
4,24,17,2,89.3,64.52017228416976
17,21,5,8,98.1,85.43812781311705
4,24,17,2,75.75,58.22178557713147
4,40,17,2,54.0,43.45960011441964
17,7,5,8,89.05,80.98633737924727
4,40,17,2,77.65,49.66548626879425
4,40,17,2,62.75,35.2642281848573
17,7,5,8,123.95,78.22671168502886
4,40,17,2,100.6,43.868703626785425
17,12,5,8,78.0,53.42776727310877
4,40,17,2,66.6,51.20176806157751
4,40,17,2,101.6,59.709295758700755
17,12,5,8,112.15,82.29937327893367
4,40,17,2,88.0,56.73669563500281
17,22,5,8,107.75,91.53191850531245
4,40,17,2,94.3,49.01031040827827
4,40,17,2,71.05,62.189417783176964
17,22,5,8,118.3,86.0899774104182
4,40,17,2,72.8,49.01406887178845
4,45,17,2,83.9,56.7690612551368
17,15,5,8,104.35,83.18797673753227
4,45,17,2,80.9,52.614686762898195
17,15,5,8,83.15,72.01993510571624
4,45,17,2,58.35,41.418626625939055
4,45,17,2,75.2,35.668945655997824
17,10,5,8,95.4,104.2539409831893
4,45,17,2,64.65,51.872591890840425
4,45,17,2,74.55,46.66732768955397
17,10,5,8,88.35,97.83136672759649
17,2,5,8,57.65,49.165964907272574
4,45,17,2,106.3,56.59282082049854
4,45,17,2,66.5,45.3471986020375
17,2,5,8,80.2,75.27745171591627
4,45,17,2,71.15,38.92134443504719
17,12,5,8,70.95,64.02916687359219
4,45,17,2,61.75,43.417041282015184
4,28,17,2,62.35,43.198775567443064
17,12,5,8,90.65,65.97070721559922
4,28,17,2,60.7,34.654839412942636
4,28,17,2,74.65,49.04806986920827
17,10,5,8,81.75,76.40878635064784
4,28,17,2,96.4,59.02577492302119
17,10,5,8,96.75,63.165509409387084
4,28,17,2,71.5,53.11705048881741
4,28,17,2,87.25,53.23223696813406
17,4,5,8,122.8,97.37966933605803
4,28,17,2,75.0,46.47127012863347
4,28,17,2,76.5,44.5096086610284
17,4,5,8,117.45,112.02418676809323
4,28,17,2,72.4,54.18817116988579
4,28,17,2,74.25,46.90065087641726
17,11,5,8,107.15,89.88546806031023
4,45,17,2,71.9,29.710710455818347
4,45,17,2,69.9,41.94595520303163
17,11,5,8,85.8,84.28935126599389
4,45,17,2,90.3,52.68686044127031
4,45,17,2,73.25,48.008634091884154
17,0,5,8,114.0,102.3585031049924
4,45,17,2,90.5,62.7085992592135
17,0,5,8,91.9,82.76211948139458
4,45,17,2,52.25,29.450895795508405
4,45,17,2,67.05,50.1035506673298
17,13,5,8,67.25,75.46409044948743
4,45,17,2,82.9,45.063580814106125
17,13,5,8,88.6,82.35507206442627
4,45,17,2,86.5,42.72617834290207
4,45,17,2,78.95,49.87508079402505
18,30,5,9,78.6,86.57056750359638
4,24,17,2,76.2,62.948266143924215
18,30,5,9,86.85,83.24426643761623
4,24,17,2,88.45,56.606188056746845
18,27,5,9,49.3,46.51666368087892
4,24,17,2,92.7,62.48039692575584
18,27,5,9,85.5,72.29289839185269
4,24,17,2,80.9,51.25159817790537
4,24,17,2,66.75,40.12726465161876
18,34,5,9,81.25,88.77996158451167
4,24,17,2,96.05,61.64796065265727
18,34,5,9,64.05,60.93005048932406
4,24,17,2,57.8,40.147884521839345
4,24,17,2,64.1,40.75717566786311
18,36,5,9,83.55,87.44891741979848
4,24,17,2,86.3,55.04744365210413
18,36,5,9,82.5,79.87391379707869
4,24,17,2,93.0,49.487903891546544
18,34,5,9,90.6,81.47870241583638
4,27,17,2,88.75,65.97118589521529
18,34,5,9,66.95,58.40554678056564
4,27,17,2,73.3,48.11072754867834
4,27,17,2,73.25,57.37125174088316
18,40,5,9,75.2,51.335429440002486
4,27,17,2,75.6,40.44411348749622
4,27,17,2,72.05,42.67191236941646
18,40,5,9,107.4,85.40454813477596
4,27,17,2,91.2,78.62208073402388
18,26,5,9,97.55,93.3349796220722
4,27,17,2,83.45,43.301239802355
18,26,5,9,73.3,61.124635398761924
4,27,17,2,83.6,49.01385411020891
18,44,5,9,50.6,33.58633807462728
4,27,17,2,87.6,53.75421648088347
18,44,5,9,88.4,78.94928418728198
4,27,17,2,83.95,49.36275497728391
4,24,17,2,76.65,58.23751277945207
18,44,5,9,62.05,59.10514716209267
4,24,17,2,82.3,41.71343340359062
18,44,5,9,61.55,64.41025988883578
4,24,17,2,76.25,48.03055496791929
18,37,5,9,73.4,64.64754645891749
4,24,17,2,84.65,67.06028317079617
18,37,5,9,79.9,67.02544685651704
4,24,17,2,86.5,54.654416684819665
18,25,5,9,61.65,52.71999021643548
4,24,17,2,62.85,42.3261459570671
4,24,17,2,81.6,42.46782063484874
18,25,5,9,103.7,104.05620950641104
4,24,17,2,84.1,64.97278782609483
18,29,5,9,80.95,64.2900295126456
4,24,17,2,84.75,49.599315572527395
4,24,17,2,67.2,64.88094359752533
18,29,5,9,67.7,43.77345987551914
4,32,17,2,88.7,53.681418916065404
18,31,5,9,77.6,86.68782467779671
4,32,17,2,75.65,38.99564753040766
18,31,5,9,59.55,46.67296636677043
4,32,17,2,82.5,65.84231562085122
18,46,5,9,58.75,53.31621161572371
4,32,17,2,79.45,43.34861741254209
18,46,5,9,59.6,44.73477394600312
4,32,17,2,77.15,50.76081684050986
18,27,5,9,57.35,70.80163170882136
4,32,17,2,70.1,58.61013025425769
4,32,17,2,71.2,43.37789881106688
18,27,5,9,70.85,66.68880991906403
4,32,17,2,78.35,39.334296003681864
18,42,5,9,67.6,74.86015031552608
4,32,17,2,73.45,39.20321549647628
18,42,5,9,87.55,80.62745712290115
4,32,17,2,90.5,46.259565155987495
18,42,5,9,58.8,60.67133199721093
5,0,17,2,93.35,46.14539379419199
5,0,17,2,73.65,34.59430284705393
18,42,5,9,78.15,71.23295733385156
5,0,17,2,91.95,55.359566282146474
18,28,5,9,62.8,50.253672293150565
5,0,17,2,82.75,62.86985303826176
18,28,5,9,77.6,101.4055951949502
5,0,17,2,83.7,42.44265481056081
5,0,17,2,98.3,41.32935747714552
18,37,5,9,109.95,122.21916250821934
18,37,5,9,53.6,46.64580987556512
5,0,17,2,96.85,52.9868653039302
18,29,5,9,79.25,64.3394574850743
5,0,17,2,108.7,48.84465170312917
5,0,17,2,77.4,45.55436312802541
18,29,5,9,66.7,52.979737934223
5,0,17,2,82.5,36.8689000306991
19,15,5,9,82.05,57.405735088513865
5,13,17,2,90.35,54.97394119513641
19,15,5,9,107.7,83.31746515587233
5,13,17,2,95.8,45.240410440690134
19,10,5,9,66.55,75.12549150377794
5,13,17,2,110.25,53.26683079701564
5,13,17,2,60.5,42.25548858775004
19,10,5,9,65.5,58.05668736130593
5,13,17,2,93.3,63.81395656618995
19,0,5,9,106.9,83.93098668737186
5,13,17,2,82.65,56.42346936104551
5,13,17,2,89.2,52.67337287972278
19,0,5,9,120.2,115.2355025703085
5,13,17,2,72.8,51.290298662048215
5,13,17,2,92.25,61.67646911185224
19,23,5,9,106.7,117.3187740169582
5,13,17,2,95.65,49.682438918013126
5,21,17,2,60.55,34.61894066304714
19,23,5,9,115.35,129.7050398728633
5,21,17,2,101.05,51.07113202500792
5,21,17,2,89.3,30.35422453907233
19,13,5,9,106.25,97.89998924788931
19,13,5,9,63.85,50.96466784372338
5,21,17,2,107.8,55.44708240627654
5,21,17,2,76.45,47.17099354029919
19,18,5,9,81.85,53.88220583145384
5,21,17,2,94.6,94.51505031920632
19,18,5,9,113.5,91.29391517164997
5,21,17,2,76.85,38.24749733814723
5,21,17,2,96.1,45.81185780766235
19,1,5,9,109.35,111.12926328332577
5,21,17,2,102.6,40.81202093295037
19,1,5,9,100.3,78.45286885499439
5,21,17,2,104.6,66.04575766287459
5,5,17,2,71.75,50.791498459776456
19,13,5,9,91.15,110.92305298814368
5,5,17,2,89.45,79.29390698036342
19,13,5,9,116.95,88.63139220507892
5,5,17,2,98.35,59.17171710592112
5,5,17,2,98.2,41.73676909796495
19,12,5,9,113.05,75.321399070216
5,5,17,2,95.55,56.03239194759064
19,12,5,9,107.65,100.1694748124923
5,5,17,2,80.95,36.81171867189777
19,16,5,9,73.8,69.017617888097
5,5,17,2,101.5,65.59966302865955
5,5,17,2,85.35,56.64875619947334
19,16,5,9,69.75,54.1186561859071
5,5,17,2,109.2,72.2463621375171
19,18,5,9,106.95,100.60996863866762
5,5,17,2,96.2,46.09212742460816
19,18,5,9,91.25,108.48568908774145
5,21,17,2,96.35,75.03141447350394
19,2,5,9,95.1,93.8626656344257
5,21,17,2,118.3,73.18548892692925
5,21,17,2,100.2,56.40418050949209
19,2,5,9,99.5,90.72021767355301
5,21,17,2,101.6,48.71333979193184
19,4,5,9,108.3,109.06931644359786
5,21,17,2,96.9,54.692345274077866
19,4,5,9,93.85,78.90919164657429
5,21,17,2,101.65,88.60454722797068
19,22,5,9,78.25,55.86720627382494
5,21,17,2,87.9,73.99637259957233
19,22,5,9,67.75,53.26880690867483
5,21,17,2,91.25,64.50040799544564
19,17,5,9,84.6,50.8241550529087
5,21,17,2,81.8,53.60439887684002
5,21,17,2,80.5,49.571320231295886
19,17,5,9,78.55,51.18642398136444
5,16,17,2,55.5,37.03696588687123
19,8,5,9,83.55,67.79262108581
5,16,17,2,87.9,70.58693781057289
5,16,17,2,86.35,59.67391654474737
19,8,5,9,106.05,96.09944136975484
5,16,17,2,87.4,48.730623679679354
19,11,5,9,85.7,89.64438515307964
5,16,17,2,90.3,59.59433035554905
5,16,17,2,90.25,40.70674973126951
19,11,5,9,93.4,65.99952152936613
5,16,17,2,84.05,48.485999064298525
19,19,5,9,57.5,70.37456179166178
5,16,17,2,100.5,48.7058842224914
19,19,5,9,99.4,75.89563471255151
5,16,17,2,90.35,42.18664667752981
19,7,5,9,63.25,47.97573399784081
5,16,17,2,92.6,56.80937654259105
19,7,5,9,80.85,67.59108863717091
5,13,17,2,100.35,65.72292318193819
19,8,5,9,91.85,74.62980567264557
5,13,17,2,115.35,74.50346159389967
5,13,17,2,78.05,41.66845961054703
19,8,5,9,121.3,115.18959200059334
5,13,17,2,98.4,68.02739386298342
5,13,17,2,104.2,51.80591309473222
5,13,17,2,80.8,48.16157017898464
5,13,17,2,92.6,62.55136836401364
5,13,17,2,109.05,58.00587538299347
5,13,17,2,96.9,55.308607876741554
5,13,17,2,90.1,62.195701323788406
5,7,17,2,100.1,52.74157453291024
5,7,17,2,91.6,51.73454511150878
5,7,17,2,85.65,46.57226981573342
5,7,17,2,89.4,60.6433924894673
5,7,17,2,90.7,50.77929540772758
5,7,17,2,98.85,64.88960260562388
5,7,17,2,86.65,46.98966851732858
5,7,17,2,102.9,65.2339111037713
5,7,17,2,84.7,48.10416329503912
5,7,17,2,69.05,43.87479194732498
5,13,17,2,96.2,61.199071200382384
5,13,17,2,103.45,68.96717373237487
5,13,17,2,101.25,50.95495947144735
5,13,17,2,109.5,54.120236510939236
5,13,17,2,116.7,89.39333543980015
5,13,17,2,84.7,40.21534140363011
5,13,17,2,85.85,56.077272814535036
5,13,17,2,93.95,42.8749405400846
5,13,17,2,90.2,51.41021811192585
5,13,17,2,86.15,59.191282252852425
5,17,17,2,94.4,73.41690612701655
5,17,17,2,77.9,43.7335232131094
5,17,17,2,91.65,48.81681655892125
5,17,17,2,99.95,56.50661349276784
5,17,17,2,89.7,58.07807811812247
5,17,17,2,86.25,53.87302322664793
5,17,17,2,107.95,76.7562615309691
5,17,17,2,78.9,36.25770335572262
5,17,17,2,77.0,48.72263064369683
5,17,17,2,80.95,30.257621919287153
5,9,17,2,100.35,65.65321573877478
5,9,17,2,100.55,87.97456271110715
5,9,17,2,100.3,57.043012395541446
5,9,17,2,90.95,56.835380937544436
5,9,17,2,103.85,66.43815881982599
5,9,17,2,81.2,49.3959299410067
5,9,17,2,122.45,60.62175656000948
5,9,17,2,97.85,56.70725842336884
5,9,17,2,87.0,56.09859741186893
5,9,17,2,109.65,61.494779410425096
5,15,17,2,90.2,74.89684133596866
5,15,17,2,91.15,50.455060775850185
5,15,17,2,81.15,53.938829876268656
5,15,17,2,89.35,57.18324653436989
5,15,17,2,72.25,45.5167696106553
5,15,17,2,88.4,45.63747306072523
5,15,17,2,118.05,70.35584365809358
5,15,17,2,104.05,63.65984853728033
5,15,17,2,90.4,59.56014209448958
5,15,17,2,84.6,38.852487558375
5,1,17,2,58.7,45.14083225686147
5,1,17,2,91.6,70.09497316611153
5,1,17,2,96.7,69.47252391375577
5,1,17,2,78.0,49.43150497618422
5,1,17,2,74.25,44.39164810020723
5,1,17,2,108.35,68.54677619199747
5,1,17,2,71.45,41.28014050363685
5,1,17,2,79.65,53.1999950534228
5,1,17,2,72.35,29.458757968601315
5,1,17,2,101.7,58.77709901331515
5,16,17,2,126.15,73.22228234341611
5,16,17,2,93.45,52.85877410610276
5,16,17,2,93.45,52.682240091444775
5,16,17,2,96.8,56.5588654691543
5,16,17,2,92.4,52.369537147588304
5,16,17,2,99.3,72.93046435872287
5,16,17,2,111.6,51.20382387036507
5,16,17,2,96.75,58.498650456768296
5,16,17,2,93.6,51.74370035391544
5,16,17,2,78.0,44.77663864585028
5,5,17,2,106.95,43.01098390925399
5,5,17,2,118.6,51.756921733893925
5,5,17,2,116.05,106.33783057090413
5,5,17,2,93.35,44.954099397402885
5,5,17,2,103.4,59.25093825595107
5,5,17,2,107.65,48.82328499696366
5,5,17,2,85.0,36.898152856349405
5,5,17,2,89.1,40.19806227327775
5,5,17,2,116.5,88.46497969015167
5,5,17,2,109.8,54.74592029981489
5,8,17,2,91.7,39.641950135258426
5,8,17,2,90.05,47.95883651632929
5,8,17,2,84.95,59.764868222762864
5,8,17,2,92.75,49.91136881354893
5,8,17,2,107.2,62.88385283495614
5,8,17,2,80.75,36.41410224219819
5,8,17,2,78.6,38.000554012581944
5,8,17,2,103.6,59.581346427428635
5,8,17,2,88.8,44.81494111753826
5,8,17,2,104.5,51.402948922165315
5,7,17,2,81.5,41.73538193503394
5,7,17,2,107.5,67.61929030278735
5,7,17,2,94.65,60.911735106498234
5,7,17,2,77.4,41.672154024631745
5,7,17,2,89.2,51.437852128359204
5,7,17,2,95.45,38.195446132532055
5,7,17,2,67.05,46.00283172062117
5,7,17,2,90.15,43.34351769660359
5,7,17,2,92.9,48.003179719242496
5,7,17,2,104.15,49.84425744255802
5,16,17,2,67.65,53.26129729431761
5,16,17,2,84.9,57.14607321776822
5,16,17,2,97.65,50.763927308567
5,16,17,2,97.7,62.79297647617002
5,16,17,2,99.05,60.5470456491653
5,16,17,2,85.25,53.99013067706279
5,16,17,2,91.25,54.28858075138822
5,16,17,2,112.15,50.487387690288294
5,16,17,2,89.85,50.01712864504256
5,16,17,2,90.9,47.030673081791164
5,18,17,2,79.3,57.10018895719496
5,18,17,2,86.9,51.42383227955487
5,18,17,2,92.3,38.26789227207802
5,18,17,2,94.65,50.46131921424672
5,18,17,2,95.4,73.50001790189543
5,18,17,2,85.8,39.69568450626658
5,18,17,2,93.2,46.641522047928156
5,18,17,2,88.85,45.628101913300384
5,18,17,2,83.3,40.211414980535594
5,18,17,2,91.7,47.439823377677776
5,14,17,2,81.1,66.86270300123662
5,14,17,2,84.0,55.09417774186879
5,14,17,2,77.45,49.85924926071496
5,14,17,2,99.4,61.909441504252165
5,14,17,2,79.4,42.61628055592196
5,14,17,2,92.75,47.613437952790285
5,14,17,2,88.6,63.48178354540193
5,14,17,2,104.5,56.44419694194481
5,14,17,2,100.8,82.05364099173174
5,14,17,2,119.8,83.93769619250497
6,35,17,3,53.8,42.827192542269586
6,35,17,3,63.75,47.02169152300043
6,35,17,3,70.65,63.98953450616585
6,35,17,3,67.9,49.1237963559521
6,35,17,3,70.8,47.6716841918157
6,35,17,3,77.3,48.45301576622559
6,35,17,3,85.3,47.72299456788431
6,35,17,3,70.45,34.445189107211746
6,35,17,3,72.45,47.8995385100283
6,35,17,3,58.0,39.13404763387665
6,32,17,3,70.3,62.12559435276423
6,32,17,3,80.25,40.61095911204265
6,32,17,3,70.85,46.98182739382492
6,32,17,3,78.85,49.92655131606618
6,32,17,3,82.0,51.10258001520596
6,32,17,3,60.7,55.06369517491348
6,32,17,3,62.3,28.696414593574502
6,32,17,3,79.15,66.01138259102703
6,32,17,3,76.35,43.81333010325559
6,32,17,3,73.6,38.36171336934234
6,39,17,3,78.15,42.22156470709949
6,39,17,3,65.6,57.13179592191337
6,39,17,3,50.35,34.04992464633443
6,39,17,3,74.8,57.88336730466115
6,39,17,3,91.8,80.2408217410827
6,39,17,3,68.5,55.00956854565347
6,39,17,3,81.65,49.39878008295559
6,39,17,3,63.85,58.93017723945589
6,39,17,3,97.65,60.98686226082673
6,39,17,3,51.8,41.52310707368406
6,25,17,3,77.7,47.10469861467057
6,25,17,3,103.8,62.90812013522076
6,25,17,3,77.75,67.97125940618695
6,25,17,3,76.8,55.582655378700366
6,25,17,3,67.4,41.51144420518274
6,25,17,3,85.05,66.1898982593186
6,25,17,3,72.7,58.83080109852948
6,25,17,3,72.1,50.99834878647904
6,25,17,3,94.65,51.47127456419899
6,25,17,3,72.3,39.15703875691478
6,33,17,3,72.5,37.84942466363817
6,33,17,3,70.85,42.47386193140932
6,33,17,3,51.1,29.996315563222442
6,33,17,3,85.55,46.627837856348165
6,33,17,3,71.5,46.764246351695924
6,33,17,3,56.55,49.631775687504245
6,33,17,3,48.2,38.305695605085596
6,33,17,3,81.85,50.99667171802283
6,33,17,3,100.7,44.32428347151432
6,33,17,3,61.25,40.90537861944319
6,39,17,3,73.9,47.22276435877309
6,39,17,3,62.05,44.195111661097116
6,39,17,3,97.75,67.82009871324048
6,39,17,3,80.3,57.760029887731
6,39,17,3,66.4,42.35364894489456
6,39,17,3,80.85,60.179796399928456
6,39,17,3,74.85,51.40886161579129
6,39,17,3,89.2,74.13472799394924
6,39,17,3,79.75,56.359630008871086
6,39,17,3,86.8,57.9378977871997
6,27,17,3,77.55,45.99939930957909
6,27,17,3,89.2,83.80654414844501
6,27,17,3,75.85,36.476777039068224
6,27,17,3,77.45,47.50565063342742
6,27,17,3,63.15,52.49588956339946
6,27,17,3,61.45,48.01367677958788
6,27,17,3,73.05,53.10315185412355
6,27,17,3,80.1,54.736594128992955
6,27,17,3,69.85,51.973956028603
6,27,17,3,41.55,33.42780909740618
6,41,17,3,71.45,65.82230864828028
6,41,17,3,54.15,30.285092737273615
6,41,17,3,74.35,43.78569220767514
6,41,17,3,81.95,55.04206525348064
6,41,17,3,80.45,83.96332219299217
6,41,17,3,49.35,41.45292193370819
6,41,17,3,72.45,54.89748819869918
6,41,17,3,67.5,49.70385985223407
6,41,17,3,70.7,48.81554972277626
6,41,17,3,59.35,41.18670582654196
6,40,17,3,65.15,44.73815632744545
6,40,17,3,98.6,80.15865846130279
6,40,17,3,65.8,41.28922377570206
6,40,17,3,94.75,67.48401370149197
6,40,17,3,77.95,38.46320866818876
6,40,17,3,83.5,51.1442747734804
6,40,17,3,85.45,69.11354121261165
6,40,17,3,61.2,49.46833117736724
6,40,17,3,75.95,43.40443222577742
6,40,17,3,88.0,70.63620660971628
6,47,17,3,64.45,49.71653860161943
6,47,17,3,65.35,47.63266791427475
6,47,17,3,99.15,71.19378668927433
6,47,17,3,84.6,55.240526694390624
6,47,17,3,55.15,50.691299990598395
6,47,17,3,51.55,36.823154900715735
6,47,17,3,78.85,49.70679822191009
6,47,17,3,77.0,44.06096255249801
6,47,17,3,59.95,32.87372170818766
6,47,17,3,83.45,74.48240696546011
6,39,17,3,66.25,54.05443163097146
6,39,17,3,72.6,48.788911596148985
6,39,17,3,65.4,45.844588729636065
6,39,17,3,65.35,47.93117324269304
6,39,17,3,87.15,67.40785133092903
6,39,17,3,91.8,49.11597446216883
6,39,17,3,77.65,50.440454733122806
6,39,17,3,66.65,40.20379008056461
6,39,17,3,73.35,40.845375954226505
6,39,17,3,74.35,56.227241009842786
6,34,17,3,75.2,41.31853158852065
6,34,17,3,99.8,50.28926850050406
6,34,17,3,70.45,44.56512089066965
6,34,17,3,71.65,41.375399505147094
6,34,17,3,67.65,45.885756303878736
6,34,17,3,69.45,56.01266304196428
6,34,17,3,89.95,48.771729300357684
6,34,17,3,85.4,28.350067297794443
6,34,17,3,46.1,37.63522985602438
6,34,17,3,73.95,26.336836320416715
6,41,17,3,80.4,55.24814833763067
6,41,17,3,58.55,41.357841489028154
6,41,17,3,57.05,45.27515293937957
6,41,17,3,53.4,27.891519178869824
6,41,17,3,57.9,39.395297608778264
6,41,17,3,75.9,54.91323299437702
6,41,17,3,73.9,51.134394645771195
6,41,17,3,61.8,49.53212673555789
6,41,17,3,84.3,56.002913458046756
6,41,17,3,68.65,44.31023999507396
6,40,17,3,97.25,49.78678222390483
6,40,17,3,63.45,51.024736003339854
6,40,17,3,71.55,50.01418219917858
6,40,17,3,67.35,28.234497376529713
6,40,17,3,62.05,33.217742564067045
6,40,17,3,56.45,40.4780317287239
6,40,17,3,91.8,85.1893247574576
6,40,17,3,77.95,45.2798026311488
6,40,17,3,58.65,41.61891649870664
6,40,17,3,64.75,33.94558338840191
6,25,17,3,87.0,58.11965878119128
6,25,17,3,80.35,59.61214553039374
6,25,17,3,96.55,57.64453231021272
6,25,17,3,69.7,51.34311822896701
6,25,17,3,73.35,46.87528245528936
6,25,17,3,66.1,35.89003673503421
6,25,17,3,87.95,55.10704893301095
6,25,17,3,70.9,38.7908019482644
6,25,17,3,84.65,65.62755759427189
6,25,17,3,75.15,50.51761026977049
6,27,17,3,77.15,43.90093512971173
6,27,17,3,49.35,40.645158965963226
6,27,17,3,62.55,44.930911877072596
6,27,17,3,66.25,48.63708245231906
6,27,17,3,61.5,39.49350379626076
6,27,17,3,71.3,41.573144165307895
6,27,17,3,58.45,36.028460971848354
6,27,17,3,82.4,61.75452252775968
6,27,17,3,87.4,51.32394537076288
6,27,17,3,61.95,35.74246332040541
6,34,17,3,68.05,53.27927907683595
6,34,17,3,63.9,46.7140235903524
6,34,17,3,69.4,43.63894928543586
6,34,17,3,74.5,55.70268820877688
6,34,17,3,64.2,54.51470105924591
6,34,17,3,78.0,50.7491249600476
6,34,17,3,68.7,56.965455829781064
6,34,17,3,82.05,53.69649111343065
6,34,17,3,64.2,47.91066247660711
6,34,17,3,64.95,35.830705738014856
6,43,17,3,91.0,47.879234043910714
6,43,17,3,75.3,53.668671641745284
6,43,17,3,83.15,57.76656745721934
6,43,17,3,99.15,71.51979851025428
6,43,17,3,77.45,49.07617601883401
6,43,17,3,67.45,65.7687135666384
6,43,17,3,57.75,46.583117565329
6,43,17,3,64.7,44.3527724167569
6,43,17,3,68.8,37.12227307014937
6,43,17,3,45.0,26.80337763476049
6,40,17,3,70.6,57.686448285446325
6,40,17,3,78.95,60.42348358395975
6,40,17,3,60.75,39.52331090967909
6,40,17,3,82.5,55.31203352464614
6,40,17,3,86.9,59.86203436147769
6,40,17,3,59.3,45.38849842717518
6,40,17,3,77.65,59.57416872225217
6,40,17,3,85.05,82.48666558905143
6,40,17,3,73.2,47.472540539380844
6,40,17,3,85.5,48.39475830685538
6,26,17,3,78.9,45.11494092578247
6,26,17,3,87.4,70.6081850033952
6,26,17,3,82.75,64.74067703660424
6,26,17,3,74.2,52.25806409692091
6,26,17,3,70.1,49.706401155077344
6,26,17,3,88.9,56.38486172350649
6,26,17,3,72.75,58.70970062407422
6,26,17,3,75.75,52.7175941867808
6,26,17,3,55.7,38.883225987022925
6,26,17,3,60.45,50.16653843895718
7,18,17,3,97.65,66.09186190845524
7,18,17,3,86.85,59.285460186066565
7,18,17,3,91.3,51.14489221808957
7,18,17,3,87.7,57.20241069634814
7,18,17,3,104.05,46.528401060676465
7,18,17,3,91.55,57.94505110333773
7,18,17,3,91.65,54.16376240527182
7,18,17,3,75.0,56.50989666467841
7,18,17,3,82.55,50.634370477810926
7,18,17,3,89.45,47.11182106659142
7,19,17,3,103.25,58.953036616579716
7,19,17,3,79.9,50.87642407162466
7,19,17,3,126.65,102.39257528592691
7,19,17,3,94.0,67.9798731823967
7,19,17,3,74.35,29.875663392766608
7,19,17,3,88.85,47.96739572492527
7,19,17,3,104.1,44.15987700211704
7,19,17,3,82.9,52.977552346551256
7,19,17,3,87.95,51.671507979176546
7,19,17,3,89.95,55.88472628168582
7,2,17,3,88.95,61.473550153062185
7,2,17,3,89.8,48.55772473643043
7,2,17,3,113.0,71.28519444715306
7,2,17,3,105.2,70.7669265599181
7,2,17,3,80.6,48.77596474537541
7,2,17,3,83.3,58.47815606568067
7,2,17,3,76.7,37.78066896401413
7,2,17,3,79.3,53.01747477557704
7,2,17,3,110.85,67.87936280444036
7,2,17,3,89.2,49.47577823116022
7,4,17,3,99.95,68.11327639346555
7,4,17,3,127.25,103.27524541626359
7,4,17,3,93.75,64.50775147220682
7,4,17,3,92.4,56.442238756001466
7,4,17,3,100.7,60.42664103992891
7,4,17,3,81.1,102.3121642199422
7,4,17,3,107.3,77.9318865893058
7,4,17,3,77.1,47.0452190087255
7,4,17,3,99.2,70.2945681812576
7,4,17,3,78.6,61.61715413917237
7,15,17,3,90.7,41.5769419902806
7,15,17,3,80.35,44.508160103395355
7,15,17,3,111.95,53.55221259373146
7,15,17,3,78.8,37.112347214767674
7,15,17,3,91.95,87.15652887945797
7,15,17,3,89.9,73.98712548033005
7,15,17,3,66.35,33.4715511567974
7,15,17,3,97.4,74.46397928210871
7,15,17,3,94.0,76.11003115296474
7,15,17,3,73.15,50.88301857149758
7,14,17,3,85.25,52.913907235691525
7,14,17,3,90.7,42.717061795271604
7,14,17,3,90.8,56.096345692032386
7,14,17,3,72.55,56.11874159222333
7,14,17,3,81.35,52.074112166168874
7,14,17,3,92.7,56.27947181138449
7,14,17,3,108.6,68.51384800477238
7,14,17,3,82.0,40.378472638666985
7,14,17,3,88.55,60.88252277088531
7,14,17,3,92.95,74.03091459511677
7,3,17,3,70.65,61.38255795462285
7,3,17,3,84.15,52.376446092333886
7,3,17,3,91.6,57.98130370168791
7,3,17,3,102.1,66.3427305342254
7,3,17,3,91.95,71.13476831450211
7,3,17,3,91.95,63.748250749994774
7,3,17,3,81.25,42.55507267678338
7,3,17,3,101.2,57.41960054124191
7,3,17,3,88.65,44.50579501001734
7,3,17,3,89.55,60.75271273995226
7,14,17,3,76.8,37.482065887006485
7,14,17,3,89.6,89.18366619392518
7,14,17,3,97.95,33.605254914889976
7,14,17,3,61.6,46.02219144351079
7,14,17,3,73.8,50.63553983850514
7,14,17,3,84.95,43.66918099095806
7,14,17,3,90.45,44.413695137755354
7,14,17,3,72.9,49.07770423146929
7,14,17,3,92.65,45.96941202696923
7,14,17,3,72.05,38.19406815338297
7,23,17,3,86.15,56.651543389576354
7,23,17,3,67.2,36.87332511807361
7,23,17,3,86.6,50.79929547791615
7,23,17,3,62.35,45.09320756412271
7,23,17,3,84.9,69.48297784728511
7,23,17,3,76.05,40.026931723002384
7,23,17,3,79.05,41.65709012754896
7,23,17,3,89.45,53.96048749340869
7,23,17,3,90.15,67.53110394477496
7,23,17,3,75.35,75.63296065104225
7,6,17,3,66.2,39.878235720885726
7,6,17,3,58.9,35.90469841707422
7,6,17,3,89.9,72.68888281030686
7,6,17,3,102.8,46.83520942736632
7,6,17,3,81.45,47.78402617920278
7,6,17,3,91.45,67.78640990951692
7,6,17,3,86.6,46.36400600284211
7,6,17,3,78.9,46.32028088270442
7,6,17,3,78.35,49.24725479925919
7,6,17,3,77.6,45.644392057686446
7,11,17,3,80.9,54.71158830391275
7,11,17,3,98.05,41.176737172953935
7,11,17,3,101.4,57.76941459940454
7,11,17,3,78.65,66.35175403226275
7,11,17,3,107.2,41.32872073866716
7,11,17,3,95.75,51.95937178016565
7,11,17,3,104.75,75.08372519710036
7,11,17,3,89.2,55.95543339404843
7,11,17,3,91.25,45.5375784669275
7,11,17,3,96.55,72.50587997934338
7,4,17,3,85.85,41.57209970261558
7,4,17,3,86.4,54.37820770937758
7,4,17,3,92.65,57.40646855171416
7,4,17,3,84.7,53.382532132169466
7,4,17,3,90.25,66.2434703832842
7,4,17,3,81.4,49.2794395046731
7,4,17,3,111.5,65.37784913787495
7,4,17,3,124.35,100.15844027287334
7,4,17,3,87.65,69.88055598850913
7,4,17,3,96.6,51.765056289272785
7,23,17,3,87.7,66.91243295689169
7,23,17,3,98.15,68.49300771073757
7,23,17,3,77.4,48.420743706108354
7,23,17,3,94.7,77.6151775716173
7,23,17,3,73.6,31.65338595008855
7,23,17,3,100.6,57.22016574968175
7,23,17,3,81.05,40.74112754556764
7,23,17,3,77.05,59.622915940627706
7,23,17,3,89.4,41.80203973869923
7,23,17,3,99.35,68.15869639845558
7,9,17,3,80.2,60.66872948102759
7,9,17,3,72.85,63.28155547359669
7,9,17,3,106.9,65.04565198462741
7,9,17,3,79.0,56.06481211860731
7,9,17,3,81.85,52.00837483167089
7,9,17,3,87.05,62.5303926103139
7,9,17,3,88.1,59.33482158590838
7,9,17,3,87.9,38.94787339644186
7,9,17,3,99.05,59.80712420157951
7,9,17,3,84.05,51.4387474268387
7,8,17,3,106.6,90.35683645821628
7,8,17,3,85.85,52.67104967327128
7,8,17,3,92.55,65.8462923066008
7,8,17,3,98.0,48.5505704882738
7,8,17,3,94.15,50.071816844461146
7,8,17,3,88.35,80.06397113361422
7,8,17,3,91.75,62.29545476365452
7,8,17,3,77.85,64.73124601401024
7,8,17,3,86.45,69.503862066113
7,8,17,3,99.1,49.32587662944428
7,18,17,3,102.65,67.25307662694306
7,18,17,3,110.6,66.4683541639415
7,18,17,3,95.25,61.54491299684706
7,18,17,3,79.1,44.47932695439298
7,18,17,3,72.4,48.5813479477572
7,18,17,3,95.7,80.57366684887616
7,18,17,3,95.9,36.67481568137948
7,18,17,3,79.9,46.290728866019904
7,18,17,3,83.0,49.59308101147302
7,18,17,3,86.7,70.48486212991897
7,9,17,3,103.8,61.37083140522393
7,9,17,3,94.15,63.20665771061912
7,9,17,3,102.9,60.25900238488065
7,9,17,3,89.7,45.146661588998796
7,9,17,3,91.05,53.49124374974596
7,9,17,3,67.6,34.617306289439135
7,9,17,3,79.4,66.25262656163747
7,9,17,3,92.3,43.80591164143079
7,9,17,3,102.4,61.088718917222096
7,9,17,3,111.1,60.32360103728277
7,18,17,3,67.7,55.496894175781534
7,18,17,3,93.35,71.30606750591352
7,18,17,3,79.65,53.180205062845666
7,18,17,3,91.4,53.09713046067457
7,18,17,3,74.4,34.62794733798273
7,18,17,3,87.1,60.36720964232154
7,18,17,3,92.7,60.597985028164786
7,18,17,3,94.45,43.16854971168856
7,18,17,3,104.15,49.247254799259196
7,18,17,3,90.2,60.15996220603516
7,23,17,3,111.75,86.60611076045751
7,23,17,3,77.6,38.87144805231998
7,23,17,3,97.15,45.77666033667099
7,23,17,3,89.05,40.82887909826882
7,23,17,3,87.05,74.48099369001888
7,23,17,3,67.2,40.05601341279878
7,23,17,3,94.35,70.73172071842642
7,23,17,3,88.9,62.99532146370704
7,23,17,3,91.2,65.45355926955105
7,23,17,3,81.35,35.37360746747718
7,20,17,3,92.0,59.72304500997214
7,20,17,3,82.35,57.648914720236085
7,20,17,3,74.25,46.93878992901287
7,20,17,3,92.7,48.307240385724896
7,20,17,3,86.6,51.05662491164512
7,20,17,3,99.3,57.23552448574132
7,20,17,3,99.95,54.6688355367788
7,20,17,3,91.65,69.72070220378932
7,20,17,3,100.1,74.32354589014312
7,20,17,3,102.5,58.203363983084074
8,36,17,4,86.7,61.58955824009883
8,36,17,4,64.5,37.8021163428716
8,36,17,4,62.9,45.36854927323437
8,36,17,4,58.7,37.9335984944329
8,36,17,4,76.2,63.14444593653173
8,36,17,4,101.3,62.24324101966076
8,36,17,4,66.7,58.34389879255405
8,36,17,4,57.3,33.68288648713562
8,36,17,4,63.15,43.38842314670924
8,36,17,4,45.55,33.4215105646207
8,39,17,4,74.7,55.58123500076736
8,39,17,4,68.05,50.71226883631137
8,39,17,4,71.15,50.829203168423184
8,39,17,4,62.25,42.05369374852507
8,39,17,4,65.7,49.258822346330696
8,39,17,4,66.3,48.20580877861091
8,39,17,4,86.6,56.90194705761279
8,39,17,4,56.85,51.37711450380259
8,39,17,4,76.55,64.0003906238079
8,39,17,4,85.35,62.19347994258257
8,35,17,4,58.75,57.974472603760795
8,35,17,4,60.85,70.8506769272717
8,35,17,4,74.35,51.555054885147065
8,35,17,4,69.7,51.25488423452673
8,35,17,4,82.4,45.249483858644
8,35,17,4,56.0,45.301330293003424
8,35,17,4,62.85,52.31611908188024
8,35,17,4,57.35,42.90046619793309
8,35,17,4,72.75,42.946570232520806
8,35,17,4,98.15,69.16819698159127
8,28,17,4,72.65,43.217047075138495
8,28,17,4,75.9,53.996003750765034
8,28,17,4,90.25,62.077095530265304
8,28,17,4,68.3,53.75881812610644
8,28,17,4,70.25,54.03300648190589
8,28,17,4,58.35,44.25199965746419
8,28,17,4,77.9,36.029081820691815
8,28,17,4,58.75,35.51111760680323
8,28,17,4,81.2,65.64305390759779
8,28,17,4,58.7,33.74221157697378
8,27,17,4,63.1,45.324444432975625
8,27,17,4,56.45,34.18444552408995
8,27,17,4,55.3,31.609625449420175
8,27,17,4,60.5,34.45133867997156
8,27,17,4,79.85,60.17892182133996
8,27,17,4,47.3,43.38821086545587
8,27,17,4,54.15,38.81030112849178
8,27,17,4,66.2,48.0324451748366
8,27,17,4,76.1,55.16186707271037
8,27,17,4,60.85,35.6876434461123
8,26,17,4,51.25,49.65870358864862
8,26,17,4,83.85,95.31955948834756
8,26,17,4,82.6,74.26226639772257
8,26,17,4,84.9,86.36635553513331
8,26,17,4,67.0,64.73102241705976
8,26,17,4,89.3,56.503469851533524
8,26,17,4,70.15,49.079178777498754
8,26,17,4,45.85,39.31422000672075
8,26,17,4,82.65,54.98542869180027
8,26,17,4,62.95,42.70643363340248
8,41,17,4,54.05,43.09899864510226
8,41,17,4,71.75,49.46968768852296
8,41,17,4,57.15,51.61933032457797
8,41,17,4,85.25,52.93081382929587
8,41,17,4,65.2,41.850108469959416
8,41,17,4,67.55,51.92552865706606
8,41,17,4,60.8,37.262369899488625
8,41,17,4,79.05,54.289162435008485
8,41,17,4,63.3,30.31952645096104
8,41,17,4,72.2,49.89947790044342
8,38,17,4,64.15,42.64575625212654
8,38,17,4,77.3,47.802334230607784
8,38,17,4,106.45,73.88858967533842
8,38,17,4,62.95,33.38527094078275
8,38,17,4,53.95,36.465520845400185
8,38,17,4,68.15,39.37308057142863
8,38,17,4,53.65,36.43490951791904
8,38,17,4,78.0,55.05977612893482
8,38,17,4,60.45,42.89580399060029
8,38,17,4,79.45,53.03868994968624
8,28,17,4,55.9,38.11740864887412
8,28,17,4,94.55,59.73844305761047
8,28,17,4,87.0,50.36393864452495
8,28,17,4,64.65,55.552038192747
8,28,17,4,71.8,38.07693043798236
8,28,17,4,50.2,37.37519582768624
8,28,17,4,64.9,34.65453566425704
8,28,17,4,77.2,65.51383943789844
8,28,17,4,69.35,47.640401916197575
8,28,17,4,81.65,56.91570405802824
8,29,17,4,52.7,32.702969445087334
8,29,17,4,67.15,57.3532681581534
8,29,17,4,79.3,54.17816612077717
8,29,17,4,62.85,50.32659127612047
8,29,17,4,59.0,41.65648998529205
8,29,17,4,58.95,44.49538710567884
8,29,17,4,61.15,32.86699672443788
8,29,17,4,65.05,48.015869087318684
8,29,17,4,56.75,37.10422730916959
8,29,17,4,91.4,48.64089680613694
8,24,17,4,69.1,57.40245731032042
8,24,17,4,63.0,50.23942674832188
8,24,17,4,69.55,46.76871986589688
8,24,17,4,74.75,56.59447155443998
8,24,17,4,84.55,67.7895155688004
8,24,17,4,67.4,55.79983022045479
8,24,17,4,80.65,61.357687289154605
8,24,17,4,62.05,42.01688257180239
8,24,17,4,65.95,44.85118668851941
8,24,17,4,66.3,55.275482335013784
8,45,17,4,102.4,75.49792607817292
8,45,17,4,71.4,55.58151907925777
8,45,17,4,61.25,47.40627873138636
8,45,17,4,76.9,44.0321652766176
8,45,17,4,75.3,47.88703813196877
8,45,17,4,77.55,52.37463729305386
8,45,17,4,79.25,67.4215918874034
8,45,17,4,60.2,51.208140800174796
8,45,17,4,65.7,45.48695590930148
8,45,17,4,53.7,38.816843875063476
8,33,17,4,72.2,49.224084819484354
8,33,17,4,68.85,36.29306878875446
8,33,17,4,65.25,41.68664433352094
8,33,17,4,59.8,39.62003746112632
8,33,17,4,72.95,46.591703575907836
8,33,17,4,74.9,58.84225120027096
8,33,17,4,61.35,49.159541559251636
8,33,17,4,86.0,51.4024369686476
8,33,17,4,62.65,48.62777525566833
8,33,17,4,64.55,45.77114121825075
8,26,17,4,63.6,51.18943147503049
8,26,17,4,45.25,28.360229751871678
8,26,17,4,60.05,45.79643171574328
8,26,17,4,68.8,39.0041833114023
8,26,17,4,69.55,50.094095670574106
8,26,17,4,77.3,48.07789731806411
8,26,17,4,71.3,46.00697887563535
8,26,17,4,52.7,41.694502982376086
8,26,17,4,80.4,45.31224999931034
8,26,17,4,76.75,45.868088895738495
8,30,17,4,68.6,51.40898958865381
8,30,17,4,81.95,63.89668881957236
8,30,17,4,62.95,38.34534899402644
8,30,17,4,89.8,59.38332213145725
8,30,17,4,73.6,43.418889898291965
8,30,17,4,64.8,50.74248712863806
8,30,17,4,62.9,50.59841894763115
8,30,17,4,57.35,51.80355098578515
8,30,17,4,82.45,56.133745362491645
8,30,17,4,74.6,67.49378138996059
8,32,17,4,60.7,47.057747278714565
8,32,17,4,59.35,33.728443408150966
8,32,17,4,65.45,45.95131863407759
8,32,17,4,77.65,50.44567166242991
8,32,17,4,71.65,44.53416784069461
8,32,17,4,45.5,40.86370156095943
8,32,17,4,92.95,67.92757365869838
8,32,17,4,86.3,44.31003213007661
8,32,17,4,82.15,64.83361295208724
8,32,17,4,70.3,55.8777801616123
8,40,17,4,70.9,41.77748071314069
8,40,17,4,49.0,25.979749198578737
8,40,17,4,71.25,41.10816924830597
8,40,17,4,67.95,36.09705484414279
8,40,17,4,53.35,44.76638188829226
8,40,17,4,66.45,40.047964663440894
8,40,17,4,56.6,42.574269471743506
8,40,17,4,56.35,38.21445717058016
8,40,17,4,51.55,43.00853648435756
8,40,17,4,68.05,50.20009960149481
8,28,17,4,72.95,51.87888222632241
8,28,17,4,50.25,44.55378181124708
8,28,17,4,68.55,47.65940013315979
8,28,17,4,60.95,40.53130693803573
8,28,17,4,74.15,51.14301413425729
8,28,17,4,63.85,37.95880731308057
8,28,17,4,54.95,39.89258604117602
8,28,17,4,58.7,62.90602849530904
8,28,17,4,84.15,45.88690330297788
8,28,17,4,50.3,58.302387781742105
8,36,17,4,73.05,53.07638487669396
8,36,17,4,51.6,35.209747454213215
8,36,17,4,67.3,51.47314067090054
8,36,17,4,72.9,54.75774398489943
8,36,17,4,48.7,39.4943033866911
8,36,17,4,59.5,40.38433776654144
8,36,17,4,58.85,47.252151162393496
8,36,17,4,57.9,50.657674640670194
8,36,17,4,57.05,39.90182029880209
8,36,17,4,100.7,70.53935072000593
8,27,17,4,58.7,30.138452445165026
8,27,17,4,55.45,48.84828823160433
8,27,17,4,59.9,44.70240780045181
8,27,17,4,77.65,52.59305037139814
8,27,17,4,79.05,55.389030835013756
8,27,17,4,55.15,37.057956031912475
8,27,17,4,70.4,58.05387697285124
8,27,17,4,49.95,35.35753474378403
8,27,17,4,62.4,42.566851446933015
8,27,17,4,80.1,54.40481789810821
9,8,17,4,92.9,55.86722982591004
9,8,17,4,93.2,65.78881683882628
9,8,17,4,87.6,56.64887233513219
9,8,17,4,71.5,46.401565309350225
9,8,17,4,94.35,40.25742821288749
9,8,17,4,80.75,66.4584357640964
9,8,17,4,122.95,104.44614578059381
9,8,17,4,77.85,50.62688592978407
9,8,17,4,96.35,49.34014592601039
9,8,17,4,84.35,61.242636506895984
9,21,17,4,72.7,45.19210457358092
9,21,17,4,78.8,45.14607868965622
9,21,17,4,102.05,59.61938487297214
9,21,17,4,99.8,63.345834407971175
9,21,17,4,107.65,54.705214800015085
9,21,17,4,75.85,52.25270076122482
9,21,17,4,89.6,57.33135451501487
9,21,17,4,104.75,78.26868366150833
9,21,17,4,99.95,50.842869396023005
9,21,17,4,96.95,31.660160919895596
9,0,17,4,107.85,70.45437119904365
9,0,17,4,85.4,49.16502822128753
9,0,17,4,102.0,53.6244249141044
9,0,17,4,95.8,52.59537702318072
9,0,17,4,98.9,60.66465198119907
9,0,17,4,92.55,61.12926338592068
9,0,17,4,66.7,36.167883397756135
9,0,17,4,120.9,99.05654950582522
9,0,17,4,110.35,85.08464825349549
9,0,17,4,82.05,50.552187729222226
9,8,17,4,82.6,64.94321406145201
9,8,17,4,73.1,47.62341308310661
9,8,17,4,87.1,61.300725504421415
9,8,17,4,116.65,87.92836498207534
9,8,17,4,109.05,95.69550118667242
9,8,17,4,63.6,48.27487087393127
9,8,17,4,98.6,65.61642926488521
9,8,17,4,85.8,67.81522884395432
9,8,17,4,94.8,76.63213562550841
9,8,17,4,76.5,43.066044751362014
9,12,17,4,97.05,76.85082953358409
9,12,17,4,83.65,48.839452344013424
9,12,17,4,92.7,65.18645322619206
9,12,17,4,88.55,48.28367382350619
9,12,17,4,93.2,55.59969708361255
9,12,17,4,88.7,37.42937208579436
9,12,17,4,58.65,47.63819232948551
9,12,17,4,96.45,46.98765235340249
9,12,17,4,94.8,57.04070568693166
9,12,17,4,95.3,65.67471675654667
9,10,17,4,97.4,69.352949316863
9,10,17,4,74.3,43.7048714615852
9,10,17,4,92.5,56.33966537650754
9,10,17,4,102.45,96.18867150717796
9,10,17,4,81.4,47.63059609337811
9,10,17,4,77.7,65.14364694152535
9,10,17,4,95.4,69.5431709916865
9,10,17,4,94.6,49.68574930712553
9,10,17,4,83.65,79.47344806517722
9,10,17,4,75.9,58.78497838913039
9,2,17,4,101.0,50.54232202609486
9,2,17,4,94.1,65.03755999825268
9,2,17,4,70.25,46.11527318636019
9,2,17,4,87.8,71.82258844212116
9,2,17,4,139.05,79.9911014787862
9,2,17,4,88.75,31.635880695318427
9,2,17,4,84.55,59.7815981191889
9,2,17,4,91.75,54.30699770747782
9,2,17,4,74.45,46.45368378118258
9,2,17,4,80.0,68.35125995065566
9,6,17,4,86.45,58.13457617776551
9,6,17,4,82.25,39.91421722697447
9,6,17,4,88.2,59.05893577382547
9,6,17,4,66.1,35.116198091778855
9,6,17,4,91.65,69.37561758852655
9,6,17,4,93.05,53.74645643153945
9,6,17,4,90.7,58.95234471476449
9,6,17,4,101.8,61.025102686474334
9,6,17,4,78.75,43.50060495647097
9,6,17,4,62.65,47.69450481422031
9,2,17,4,98.0,79.71066097884403
9,2,17,4,89.6,73.91417498124358
9,2,17,4,102.25,79.81351620133681
9,2,17,4,85.15,50.90887111196571
9,2,17,4,74.0,47.69420134675979
9,2,17,4,75.8,37.307541215938464
9,2,17,4,95.8,50.38546156226124
9,2,17,4,93.8,105.42425567302112
9,2,17,4,108.7,55.650318011102534
9,2,17,4,100.95,70.52321379666787
9,14,17,4,86.95,51.573631573549385
9,14,17,4,82.7,41.74244337538674
9,14,17,4,92.75,48.90901864956153
9,14,17,4,66.4,49.4031748393818
9,14,17,4,76.1,35.99692969363389
9,14,17,4,76.25,57.817202867039676
9,14,17,4,122.7,93.36183148882293
9,14,17,4,86.35,66.27159032504446
9,14,17,4,122.2,69.76094518915444
9,14,17,4,95.8,57.78690436240267
9,18,17,4,109.2,64.05392465070265
9,18,17,4,97.0,71.48500026689443
9,18,17,4,60.1,31.484164774993587
9,18,17,4,81.85,42.45774989699511
9,18,17,4,95.8,55.5258119208867
9,18,17,4,67.3,52.2525244920231
9,18,17,4,82.65,69.03566965135145
9,18,17,4,98.2,79.2043326831902
9,18,17,4,76.75,40.144312043846064
9,18,17,4,79.05,57.76857185993819
9,6,17,4,88.35,80.20255606899322
9,6,17,4,73.6,60.677230620632926
9,6,17,4,80.55,44.77602154349086
9,6,17,4,82.1,70.41299222220435
9,6,17,4,84.65,49.332678397738924
9,6,17,4,82.5,62.791635379915135
9,6,17,4,80.2,60.057516291950456
9,6,17,4,94.0,53.27090644699235
9,6,17,4,96.55,52.69822228101199
9,6,17,4,76.45,47.10846945865299
9,16,17,4,87.35,59.93792841897269
9,16,17,4,99.35,72.64207494717905
9,16,17,4,80.2,60.90078212271083
9,16,17,4,76.65,45.33649047313932
9,16,17,4,96.35,73.24096854687417
9,16,17,4,101.95,47.04250597513968
9,16,17,4,85.05,55.864945227424656
9,16,17,4,89.3,56.06678348653787
9,16,17,4,82.25,45.27213038364424
9,16,17,4,78.9,46.47568690922395
9,5,17,4,79.8,59.25111591220966
9,5,17,4,115.65,66.5790191387173
9,5,17,4,86.55,57.898709193865365
9,5,17,4,107.65,62.32197804441401
9,5,17,4,107.3,95.40445758095262
9,5,17,4,112.45,73.47213936695933
9,5,17,4,80.9,64.32556993426815
9,5,17,4,92.35,42.141709554911586
9,5,17,4,87.5,59.56641582919726
9,5,17,4,88.6,55.24338493383048
9,14,17,4,95.65,72.44546042949901
9,14,17,4,72.85,39.95164840812349
9,14,17,4,101.4,73.23530928668077
9,14,17,4,93.1,62.67787320477366
9,14,17,4,93.7,55.28881108849192
9,14,17,4,83.05,46.09541020649738
9,14,17,4,76.85,40.593329760597754
9,14,17,4,105.2,60.05050505944756
9,14,17,4,78.85,44.80516300136568
9,14,17,4,99.05,75.60525949401863
9,22,17,4,112.2,111.05551006496471
9,22,17,4,105.15,95.25382987189101
9,22,17,4,103.3,59.403260587454724
9,22,17,4,93.1,80.43166435912505
9,22,17,4,71.1,55.46634826156924
9,22,17,4,100.85,75.42669847013897
9,22,17,4,100.85,56.16917585107933
9,22,17,4,68.5,47.30806095771573
9,22,17,4,97.75,75.46897236264506
9,22,17,4,91.1,63.11051292855465
9,11,17,4,91.6,72.91913329161284
9,11,17,4,105.0,71.27559558724002
9,11,17,4,86.75,57.98173487355624
9,11,17,4,80.7,47.440932803467916
9,11,17,4,93.5,69.40081904567501
9,11,17,4,75.85,59.278357637594226
9,11,17,4,89.95,63.27922665706171
9,11,17,4,72.5,53.34544818543812
9,11,17,4,89.85,66.54422747711718
9,11,17,4,106.4,71.4212116509109
9,14,17,4,85.9,62.28026636862891
9,14,17,4,94.3,56.065844748549196
9,14,17,4,79.55,44.142681338920426
9,14,17,4,62.85,30.755872353268185
9,14,17,4,72.8,45.99038801177572
9,14,17,4,90.45,41.35911405953316
9,14,17,4,98.15,69.17580577964493
9,14,17,4,109.3,58.6031254779937
9,14,17,4,94.2,52.40088388165746
9,14,17,4,72.7,45.89014342054179
9,2,17,4,83.1,37.351671561270884
9,2,17,4,78.85,49.02553040589105
9,2,17,4,83.9,47.46732948482622
9,2,17,4,91.0,58.3501228970879
9,2,17,4,100.0,52.226228538622436
9,2,17,4,82.1,68.48426634521323
9,2,17,4,97.1,56.35965335517766
9,2,17,4,81.05,53.3730416872354
9,2,17,4,93.05,79.34964265498418
9,2,17,4,79.4,46.15351956699567
9,0,17,4,96.1,65.03836924219587
9,0,17,4,53.25,25.233384319399693
9,0,17,4,102.25,54.04956302467111
9,0,17,4,111.0,56.33919828288201
9,0,17,4,91.5,43.189301794237004
9,0,17,4,75.9,53.46410502679147
9,0,17,4,99.6,53.75813279965426
9,0,17,4,110.05,74.03304738603671
9,0,17,4,109.6,68.2752941368522
9,0,17,4,98.55,72.08874282511287
10,47,17,5,59.75,53.15407099327289
10,47,17,5,79.15,40.55960526123705
10,47,17,5,60.3,32.98660015026836
10,47,17,5,64.15,59.13612752748838
10,47,17,5,64.9,48.25796907193016
10,47,17,5,60.5,35.98903341735909
10,47,17,5,60.3,48.36277385279759
10,47,17,5,75.8,65.63182796559352
10,47,17,5,78.2,54.25243142744364
10,47,17,5,58.15,58.12352997575169
10,31,17,5,73.7,44.416805733629104
10,31,17,5,62.85,39.8236573434752
10,31,17,5,56.65,45.15852195613977
10,31,17,5,65.15,42.44163174600098
10,31,17,5,72.85,49.14883411370855
10,31,17,5,75.35,64.89122477370556
10,31,17,5,74.1,63.6312568012393
10,31,17,5,60.25,48.581862545821075
10,31,17,5,80.4,68.60596874447894
10,31,17,5,53.15,41.83712151716589
10,43,17,5,51.85,35.664039089964646
10,43,17,5,51.7,32.85069894313714
10,43,17,5,76.15,56.44212219517209
10,43,17,5,53.5,37.337014229567785
10,43,17,5,57.0,38.236108588610314
10,43,17,5,67.85,49.74490188107617
10,43,17,5,72.05,86.42214323948038
10,43,17,5,57.3,42.072744021203135
10,43,17,5,72.35,67.95530651987767
10,43,17,5,56.4,53.428161310797805
10,25,17,5,52.95,52.900577053861895
10,25,17,5,57.9,50.518261419432335
10,25,17,5,58.3,52.748759027557874
10,25,17,5,86.3,51.30107211355334
10,25,17,5,56.3,27.422810328552934
10,25,17,5,79.7,55.12578916967038
10,25,17,5,56.1,36.48777733346938
10,25,17,5,73.6,65.93808898464809
10,25,17,5,79.45,53.26445936625047
10,25,17,5,79.8,55.41574923393073
10,36,17,5,85.05,59.561092033394814
10,36,17,5,57.05,45.35065136188639
10,36,17,5,78.9,68.37735851796805
10,36,17,5,57.35,47.736419948229084
10,36,17,5,51.6,42.735908727168095
10,36,17,5,73.1,55.45685852890278
10,36,17,5,43.5,35.51500794697481
10,36,17,5,70.65,48.54436386603387
10,36,17,5,66.7,59.82175277658753
10,36,17,5,59.35,46.39790716695834
10,31,17,5,69.05,54.47981277500869
10,31,17,5,65.0,52.208085681494936
10,31,17,5,84.65,71.54187217066807
10,31,17,5,65.9,42.63418445579236
10,31,17,5,63.35,43.10485990428946
10,31,17,5,76.25,59.28865605528687
10,31,17,5,57.15,42.027904264216
10,31,17,5,78.3,49.844072656107954
10,31,17,5,57.25,44.94426372859236
10,31,17,5,54.6,48.38921149878021
10,44,17,5,82.55,59.08199030963131
10,44,17,5,43.4,41.06016125279178
10,44,17,5,68.7,58.415120609217894
10,44,17,5,54.4,49.30293041360139
10,44,17,5,72.8,52.91064960955652
10,44,17,5,76.35,51.965854173678316
10,44,17,5,81.95,56.396598441656685
10,44,17,5,63.0,42.86576354400474
10,44,17,5,66.35,78.69747203858049
10,44,17,5,72.25,51.728924007245396
10,43,17,5,65.85,49.32094142611123
10,43,17,5,68.35,45.734099911738085
10,43,17,5,72.1,41.27303184762099
10,43,17,5,88.15,58.277263780004375
10,43,17,5,67.05,53.050596504409675
10,43,17,5,39.45,49.49904305295099
10,43,17,5,52.3,35.75221745055233
10,43,17,5,67.35,66.3953668326496
10,43,17,5,63.7,44.046745503767745
10,43,17,5,66.3,48.123853369798795
10,25,17,5,63.8,37.895423970378495
10,25,17,5,74.75,60.3331758261005
10,25,17,5,66.6,52.79094818741481
10,25,17,5,52.75,37.4543581892471
10,25,17,5,54.65,50.78465889367938
10,25,17,5,42.1,41.41306684203861
10,25,17,5,58.65,54.599281853769554
10,25,17,5,57.25,36.44444221580367
10,25,17,5,59.05,56.17966948245508
10,25,17,5,59.0,47.22956255299607
10,33,17,5,70.6,52.148976878493826
10,33,17,5,59.9,44.389306441031366
10,33,17,5,66.0,46.64648686495163
10,33,17,5,70.85,49.01157221030882
10,33,17,5,83.8,62.43109886317201
10,33,17,5,68.35,56.78516763344011
10,33,17,5,49.95,34.053325055982725
10,33,17,5,56.15,37.030961441247484
10,33,17,5,69.7,45.9680667191338
10,33,17,5,74.3,42.8683418951807
10,32,17,5,64.95,44.5154910943193
10,32,17,5,65.85,48.84052997686505
10,32,17,5,47.1,48.54287307438435
10,32,17,5,75.7,52.90219376607323
10,32,17,5,78.1,56.987440906331564
10,32,17,5,60.85,51.638699278330925
10,32,17,5,66.45,47.48348743455316
10,32,17,5,68.0,52.37415996060412
10,32,17,5,67.15,38.21721160887977
10,32,17,5,85.55,68.45396070967776
10,45,17,5,81.05,87.2742049067493
10,45,17,5,61.6,41.0537516716291
10,45,17,5,67.75,49.15911330620836
10,45,17,5,66.7,45.670559444788935
10,45,17,5,74.95,54.190186526616365
10,45,17,5,66.35,53.87146007420178
10,45,17,5,62.3,45.0626464520578
10,45,17,5,51.85,36.159405852128536
10,45,17,5,94.9,40.14434482031847
10,45,17,5,75.5,45.83896297164443
10,42,17,5,63.75,47.91426004635232
10,42,17,5,63.55,46.860908408204224
10,42,17,5,68.3,49.74365868075415
10,42,17,5,79.85,51.74255603720364
10,42,17,5,82.15,62.42576644134595
10,42,17,5,58.8,45.32525727856844
10,42,17,5,78.95,58.51268418493819
10,42,17,5,80.4,59.92047361206966
10,42,17,5,87.7,72.80623165925465
10,42,17,5,97.25,53.65275781404561
10,40,17,5,57.3,43.977386533487746
10,40,17,5,57.8,50.99287875978886
10,40,17,5,70.45,41.51153929616248
10,40,17,5,46.8,48.177959581884366
10,40,17,5,66.15,37.352199963392565
10,40,17,5,63.15,46.23313348215701
10,40,17,5,52.0,39.74126848821803
10,40,17,5,82.2,61.40512579324474
10,40,17,5,63.75,40.996630156764425
10,40,17,5,55.2,44.11301275969305
10,41,17,5,81.8,57.59897659909556
10,41,17,5,52.55,49.37341603055551
10,41,17,5,77.65,55.65615774320791
10,41,17,5,59.15,55.72798125481348
10,41,17,5,48.45,38.931079452905244
10,41,17,5,53.8,48.609723956816445
10,41,17,5,63.7,41.94871555652337
10,41,17,5,80.55,61.04741470451688
10,41,17,5,77.7,48.10306916567688
10,41,17,5,70.85,57.826669316246516
10,27,17,5,44.3,37.46169973944617
10,27,17,5,100.25,75.54146647964109
10,27,17,5,73.0,65.1710300508956
10,27,17,5,72.7,64.0231043822216
10,27,17,5,63.2,61.248931247388875
10,27,17,5,61.6,37.37068933071254
10,27,17,5,63.5,51.714296099363395
10,27,17,5,85.05,72.88814429622535
10,27,17,5,69.35,39.51318900396623
10,27,17,5,72.25,50.91362654949118
10,33,17,5,46.1,32.88560715411435
10,33,17,5,76.45,56.97042168852553
10,33,17,5,47.95,37.2692550022274
10,33,17,5,67.45,45.08060033224701
10,33,17,5,53.7,50.19446394301184
10,33,17,5,54.15,46.71106597167877
10,33,17,5,66.0,41.59832992599076
10,33,17,5,77.6,91.58797898598289
10,33,17,5,74.05,47.61410118419697
10,33,17,5,53.3,39.64858794857378
10,28,17,5,65.55,49.04613832108014
10,28,17,5,55.0,40.69139311554976
10,28,17,5,58.95,53.75624810686025
10,28,17,5,56.9,42.87791727070806
10,28,17,5,60.0,56.59086777731433
10,28,17,5,79.4,49.55953357751718
10,28,17,5,40.15,27.851627562760797
10,28,17,5,104.2,81.7863712749
10,28,17,5,70.9,50.09454219667784
10,28,17,5,59.55,69.77216682286637
10,28,17,5,49.55,39.66103085424095
10,28,17,5,76.55,54.07156563783146
10,28,17,5,65.0,42.638011210655684
10,28,17,5,60.75,61.010676373721246
10,28,17,5,52.7,49.01031040827827
10,28,17,5,51.4,34.82497591339327
10,28,17,5,74.9,47.23613692480522
10,28,17,5,55.2,38.52627264881105
10,28,17,5,74.1,58.70613704133316
10,28,17,5,60.65,36.8285858653588
10,36,17,5,64.95,60.91190791886089
10,36,17,5,65.2,49.6159991174324
10,36,17,5,67.6,53.91845695121477
10,36,17,5,62.45,32.57133870848967
10,36,17,5,72.25,51.79196747312118
10,36,17,5,55.5,41.45574685575477
10,36,17,5,82.75,67.67948845769105
10,36,17,5,72.1,50.42440929382891
10,36,17,5,43.05,42.12197201361529
10,36,17,5,78.3,50.13885981110754
11,4,17,5,76.3,58.18672302890157
11,4,17,5,86.9,60.27122906189634
11,4,17,5,107.0,53.707786360913005
11,4,17,5,97.3,84.2977804540172
11,4,17,5,72.6,60.649467390380615
11,4,17,5,60.1,36.95074958288184
11,4,17,5,93.65,54.71098706167855
11,4,17,5,108.95,98.68369192846191
11,4,17,5,80.65,57.212691819762846
11,4,17,5,77.85,66.93616361877935
11,6,17,5,88.85,45.24468564314895
11,6,17,5,83.05,44.040023662692626
11,6,17,5,127.25,83.72692140775901
11,6,17,5,66.3,43.55287168005053
11,6,17,5,83.4,45.89736834561031
11,6,17,5,65.95,51.85960297816242
11,6,17,5,101.4,74.35788281575871
11,6,17,5,80.5,55.80086775405257
11,6,17,5,90.8,51.86277439957346
11,6,17,5,85.95,44.82888518989092
11,20,17,5,87.8,68.2291803602504
11,20,17,5,70.75,39.10293433598316
11,20,17,5,84.1,68.4881088411089
11,20,17,5,95.3,64.25287214551088
11,20,17,5,85.45,55.11277910841215
11,20,17,5,88.05,48.87198637902473
11,20,17,5,86.4,57.05620497645974
11,20,17,5,104.55,64.37184330533277
11,20,17,5,90.8,72.20847012570434
11,20,17,5,115.25,67.906185285289
11,0,17,5,76.85,48.993313184985816
11,0,17,5,94.7,80.52073940100283
11,0,17,5,71.4,46.909094618152
11,0,17,5,81.4,52.03278318825343
11,0,17,5,73.3,56.757192913043376
11,0,17,5,86.85,62.779710936441546
11,0,17,5,91.05,46.08056446108957
11,0,17,5,79.3,73.59354948849655
11,0,17,5,101.85,71.02206847541343
11,0,17,5,99.05,79.60327618224873
11,6,17,5,102.7,82.64324088004956
11,6,17,5,74.65,55.48852418103651
11,6,17,5,90.2,50.220146932229675
11,6,17,5,81.7,56.105258220598174
11,6,17,5,68.05,39.83581435421093
11,6,17,5,102.1,72.51126954154309
11,6,17,5,83.0,40.44879804342639
11,6,17,5,113.3,71.64907168752582
11,6,17,5,94.1,67.70127884977312
11,6,17,5,82.45,57.034131055563186
11,2,17,5,87.5,56.20310911047724
11,2,17,5,86.85,66.30414371428238
11,2,17,5,88.2,65.71917928820925
11,2,17,5,81.45,63.87691700697358
11,2,17,5,82.05,56.661947687927864
11,2,17,5,115.9,67.91162988534593
11,2,17,5,84.85,62.576500549748154
11,2,17,5,67.1,49.0262013728642
11,2,17,5,101.9,72.41321484515466
11,2,17,5,91.7,64.227474036059
11,6,17,5,89.05,70.37080360490421
11,6,17,5,81.1,57.012371695236375
11,6,17,5,61.5,41.41001658637932
11,6,17,5,78.9,79.64718252525023
11,6,17,5,86.55,47.98078014328127
11,6,17,5,76.9,52.106065916197885
11,6,17,5,89.35,65.83254274453118
11,6,17,5,93.7,66.52826862556842
11,6,17,5,90.1,73.89601513364289
11,6,17,5,87.15,59.35555221668289
11,19,17,5,84.8,54.05805845764835
11,19,17,5,99.3,69.36713919428998
11,19,17,5,83.75,64.25760245826334
11,19,17,5,84.8,64.86877441987664
11,19,17,5,114.25,70.95281975777247
11,19,17,5,95.0,66.92415188303217
11,19,17,5,81.7,72.33845886925535
11,19,17,5,93.5,67.05732033511566
11,19,17,5,93.85,69.55669781211812
11,19,17,5,84.3,54.93450645996558
11,16,17,5,94.8,51.04342836200727
11,16,17,5,81.0,68.66470785828159
11,16,17,5,104.15,82.37671809565204
11,16,17,5,113.1,72.16348398638075
11,16,17,5,84.05,59.29007638631221
11,16,17,5,60.65,61.43569594984748
11,16,17,5,71.4,43.7136616005376
11,16,17,5,106.4,73.07631195141866
11,16,17,5,70.55,49.82545851057944
11,16,17,5,72.55,55.84798446158153
11,19,17,5,100.05,75.9885552324545
11,19,17,5,95.7,76.12669495131472
11,19,17,5,78.05,58.18163483075176
11,19,17,5,72.85,45.491786418857494
11,19,17,5,67.5,57.44700074622558
11,19,17,5,99.05,75.58297984404467
11,19,17,5,84.05,73.74813110923736
11,19,17,5,101.4,66.80482176105491
11,19,17,5,77.4,53.191214153823324
11,19,17,5,76.25,59.11796859269029
11,23,17,5,106.55,72.4920866824714
11,23,17,5,68.05,40.27337503664307
11,23,17,5,104.25,54.46957141860321
11,23,17,5,82.6,54.5772267911308
11,23,17,5,109.55,86.3337922496778
11,23,17,5,95.6,73.58375106674457
11,23,17,5,67.4,34.82950956935951
11,23,17,5,94.1,76.39778172585626
11,23,17,5,104.55,88.16221591923306
11,23,17,5,83.7,57.83743096864375
11,21,17,5,73.5,47.34364849302997
11,21,17,5,93.65,67.74120645981719
11,21,17,5,95.0,57.8737282456611
11,21,17,5,81.25,52.49047532648185
11,21,17,5,78.15,66.48567316980483
11,21,17,5,83.7,55.03979421626157
11,21,17,5,80.4,64.85157142112651
11,21,17,5,87.1,71.79055794828675
11,21,17,5,81.35,46.41832102000017
11,21,17,5,65.25,67.14467882667131
11,15,17,5,66.2,44.12852043508227
11,15,17,5,113.35,99.13163762869738
11,15,17,5,74.1,61.56630999431255
11,15,17,5,86.0,64.34446772113193
11,15,17,5,78.5,58.605280882941095
11,15,17,5,70.25,51.3695332601769
11,15,17,5,83.55,50.51052521895547
11,15,17,5,98.4,45.429413147732475
11,15,17,5,79.0,58.000907433917746
11,15,17,5,86.45,55.82441929365395
11,15,17,5,103.95,65.48400769010625
11,15,17,5,96.15,63.98788947918192
11,15,17,5,87.2,62.181906320763524
11,15,17,5,69.7,61.39526811871108
11,15,17,5,84.45,46.698895512691344
11,15,17,5,96.5,67.03534024755348
11,15,17,5,64.2,47.39153821872469
11,15,17,5,95.8,97.55786407104895
11,15,17,5,114.5,78.05362529090262
11,15,17,5,53.5,31.934966811680855
11,2,17,5,81.85,68.72391371123645
11,2,17,5,69.35,56.79906874699898
11,2,17,5,94.5,79.91014690855829
11,2,17,5,110.8,73.58890076492158
11,2,17,5,82.6,60.34671752290652
11,2,17,5,96.75,70.8451796079607
11,2,17,5,61.85,59.16104248040615
11,2,17,5,92.1,92.31804294194922
11,2,17,5,89.75,84.81923503297439
11,2,17,5,91.5,55.09561067625509
11,15,17,5,92.4,56.755616462161704
11,15,17,5,100.45,48.7317847211167
11,15,17,5,77.0,52.700744027505266
11,15,17,5,93.55,60.221062061287775
11,15,17,5,63.95,57.251499635610564
11,15,17,5,78.45,63.91480760808833
11,15,17,5,87.55,52.66525370078854
11,15,17,5,70.0,45.0192941093623
11,15,17,5,75.15,49.961327149369396
11,15,17,5,90.2,77.02125475614201
11,6,17,5,122.8,100.49540445109653
11,6,17,5,107.05,59.65203927338682
11,6,17,5,98.0,51.87941484067189
11,6,17,5,66.0,49.80065524827857
11,6,17,5,60.05,50.73509633380033
11,6,17,5,93.5,63.81016253000194
11,6,17,5,113.95,62.12760637336844
11,6,17,5,89.55,66.17160704522271
11,6,17,5,113.95,51.32299679480924
11,6,17,5,73.5,72.30309012832898
11,19,17,5,95.6,74.00099572587555
11,19,17,5,95.5,75.99272818396578
11,19,17,5,102.15,66.4191435625223
11,19,17,5,75.45,46.59509235508549
11,19,17,5,60.65,41.343586023265544
11,19,17,5,71.75,52.15147472305528
11,19,17,5,81.7,49.701318419450196
11,19,17,5,102.45,112.3043210491733
11,19,17,5,100.2,60.67566927612141
11,19,17,5,126.15,72.04039437046852
11,13,17,5,74.05,50.39577572104943
11,13,17,5,112.9,71.51069114033524
11,13,17,5,75.6,49.61790848176959
11,13,17,5,85.55,60.59223069876723
11,13,17,5,65.6,45.05014749669178
11,13,17,5,98.9,67.9627607010285
11,13,17,5,104.05,70.90577513410611
11,13,17,5,74.25,57.90998005071046
11,13,17,5,108.4,103.91160210790505
11,13,17,5,113.4,71.67499747581367
11,3,17,5,99.6,62.861083266785045
11,3,17,5,96.6,56.57914810245909
11,3,17,5,68.45,52.65625868733334
11,3,17,5,86.55,63.71934763600373
11,3,17,5,88.15,54.07623760658844
11,3,17,5,87.35,57.48068325418915
11,3,17,5,84.6,46.21164127656239
11,3,17,5,86.45,39.95191188363699
11,3,17,5,81.0,61.937999559831475
11,3,17,5,84.3,61.76534541906847
12,39,17,6,57.2,32.16176219314515
12,39,17,6,55.75,51.09730140160355
12,39,17,6,60.55,63.89339394236061
12,39,17,6,64.3,43.85994456040848
12,39,17,6,64.3,49.81449799532577
12,39,17,6,68.25,51.691264659565675
12,39,17,6,68.4,57.258784662727784
12,39,17,6,58.15,51.83605227821148
12,39,17,6,54.25,42.98331989823127
12,39,17,6,54.1,46.719656631759115
12,25,17,6,65.7,43.9737960249295
12,25,17,6,53.2,40.31533598755532
12,25,17,6,59.0,40.51120702641236
12,25,17,6,60.7,46.388632908913095
12,25,17,6,77.05,66.07131314763338
12,25,17,6,77.05,50.737171051565234
12,25,17,6,46.3,48.55393094823854
12,25,17,6,53.65,52.96699568201832
12,25,17,6,74.75,44.38809110086789
12,25,17,6,87.25,73.99066441824017
12,27,17,6,52.9,44.10859803998118
12,27,17,6,53.7,43.299568491833114
12,27,17,6,42.1,40.6122874846621
12,27,17,6,66.4,52.60318181291037
12,27,17,6,77.15,54.86277138652883
12,27,17,6,77.4,60.737918443441124
12,27,17,6,50.9,50.14914597583156
12,27,17,6,57.95,52.11068685222376
12,27,17,6,50.05,59.6273294811417
12,27,17,6,60.95,47.94786093686613
12,42,17,6,70.35,67.91967004445301
12,42,17,6,57.9,40.492884365163796
12,42,17,6,53.85,44.81925690452357
12,42,17,6,82.0,80.10387992442918
12,42,17,6,63.35,49.71420955399922
12,42,17,6,91.1,71.83746273798637
12,42,17,6,50.7,61.90408540212578
12,42,17,6,65.9,47.796608556190314
12,42,17,6,47.85,42.01036839438068
12,42,17,6,57.75,42.52042852683005
12,43,17,6,57.45,43.76549349719059
12,43,17,6,74.5,45.651425296248384
12,43,17,6,69.45,57.84869101917155
12,43,17,6,67.9,53.03613465315293
12,43,17,6,95.1,55.144690062645765
12,43,17,6,70.5,57.78225916043964
12,43,17,6,89.45,104.62085683175476
12,43,17,6,60.4,36.94433935701539
12,43,17,6,49.45,41.90022610163842
12,43,17,6,55.2,41.14876732821506
12,36,17,6,91.4,57.620719957503596
12,36,17,6,67.35,36.75133366717172
12,36,17,6,72.9,48.94454434411084
12,36,17,6,56.15,39.35837368270402
12,36,17,6,47.4,38.64194612076364
12,36,17,6,73.15,64.96904121032935
12,36,17,6,79.1,69.15193036845906
12,36,17,6,52.95,32.04187227593557
12,36,17,6,59.1,56.181941282905036
12,36,17,6,48.35,37.41696069122158
12,38,17,6,52.35,61.180728820008085
12,38,17,6,79.65,57.115096170157294
12,38,17,6,67.1,58.05161043144463
12,38,17,6,64.25,46.14607812496951
12,38,17,6,66.05,42.76185585062315
12,38,17,6,57.05,38.87696517287109
12,38,17,6,66.0,50.9809045778804
12,38,17,6,62.25,53.35864256933553
12,38,17,6,65.2,42.06336072866115
12,38,17,6,88.5,68.42321858919868
12,44,17,6,69.8,73.6853909679881
12,44,17,6,48.95,33.15271680539843
12,44,17,6,77.75,53.44143375794911
12,44,17,6,70.15,50.40392110895635
12,44,17,6,56.65,46.062057681944005
12,44,17,6,65.85,49.395583650874364
12,44,17,6,81.75,59.8848676079446
12,44,17,6,63.8,49.02480575124565
12,44,17,6,56.4,42.5705606209144
12,44,17,6,58.95,33.573916881067696
12,36,17,6,76.0,71.3235769684818
12,36,17,6,64.05,67.85237458513966
12,36,17,6,67.4,40.81073130285323
12,36,17,6,65.75,55.95663264387972
12,36,17,6,67.05,49.176882673403405
12,36,17,6,49.35,33.5751709640198
12,36,17,6,48.45,48.10785579792227
12,36,17,6,101.25,49.739188193066276
12,36,17,6,81.75,59.490711349269525
12,36,17,6,51.0,46.26809745499877
12,38,17,6,48.75,36.69773404735674
12,38,17,6,82.95,54.777516517175854
12,38,17,6,59.65,41.99533182077315
12,38,17,6,63.75,46.08330557405338
12,38,17,6,63.35,51.733400592287616
12,38,17,6,56.85,38.55860201658878
12,38,17,6,64.55,37.73100777037927
12,38,17,6,55.55,33.98215475959791
12,38,17,6,53.9,37.93470845101037
12,38,17,6,62.55,43.6221515432602
12,36,17,6,48.45,28.418813264603802
12,36,17,6,65.3,53.47217672968369
12,36,17,6,75.4,51.32907250487317
12,36,17,6,66.2,42.223216362565275
12,36,17,6,43.85,45.35390077809706
12,36,17,6,59.6,64.77280130945151
12,36,17,6,58.9,43.78043302423439
12,36,17,6,63.65,55.45721442318346
12,36,17,6,69.1,55.75689714239278
12,36,17,6,92.6,68.88770419656677
12,25,17,6,74.05,55.389981043506424
12,25,17,6,64.45,57.26712568490343
12,25,17,6,49.9,32.906406351155525
12,25,17,6,74.25,77.00982507378352
12,25,17,6,54.2,36.859048735476215
12,25,17,6,58.1,42.677369819810146
12,25,17,6,55.15,36.76422030639086
12,25,17,6,73.15,57.2246496390829
12,25,17,6,62.55,41.03076509414036
12,25,17,6,66.9,41.064647364343635
12,43,17,6,52.4,34.904983809433894
12,43,17,6,75.7,59.333224916124095
12,43,17,6,61.35,49.37533477568052
12,43,17,6,56.85,43.186590267667206
12,43,17,6,44.25,35.66492453525261
12,43,17,6,75.15,58.41077315917528
12,43,17,6,88.2,70.97857349043332
12,43,17,6,47.0,44.670725136385755
12,43,17,6,61.8,47.59433845145427
12,43,17,6,78.05,64.25399844203841
12,29,17,6,56.35,43.180496328294964
12,29,17,6,63.85,54.40808279735843
12,29,17,6,62.25,61.034826124107205
12,29,17,6,73.2,53.94890370087529
12,29,17,6,55.5,40.50795893206797
12,29,17,6,47.85,32.83495409660741
12,29,17,6,73.25,68.03472410622774
12,29,17,6,60.45,44.753682588845784
12,29,17,6,50.4,54.43914999916493
12,29,17,6,73.7,64.12496024416536
12,27,17,6,40.65,30.159706476304475
12,27,17,6,68.05,47.277985307506945
12,27,17,6,54.6,32.03682092119694
12,27,17,6,58.0,39.94074558511316
12,27,17,6,59.65,43.48656779911894
12,27,17,6,75.35,59.24993892957102
12,27,17,6,82.0,71.06631447198862
12,27,17,6,67.85,55.70719976145954
12,27,17,6,43.3,29.37614499448221
12,27,17,6,61.9,36.53534697997773
12,29,17,6,57.9,50.82156608121564
12,29,17,6,89.6,43.416465467426185
12,29,17,6,68.7,49.04466278167708
12,29,17,6,61.05,46.343653400722694
12,29,17,6,69.75,52.97156635502922
12,29,17,6,90.15,104.13416194607092
12,29,17,6,57.15,43.00094858194838
12,29,17,6,52.55,31.362859362124826
12,29,17,6,61.6,41.871231173682965
12,29,17,6,62.3,46.86947160381747
12,39,17,6,56.75,45.28142991047038
12,39,17,6,54.65,60.290764763680635
12,39,17,6,67.5,53.6317855478692
12,39,17,6,53.65,42.56175080490637
12,39,17,6,57.2,52.989174664066496
12,39,17,6,54.4,51.17914871466596
12,39,17,6,66.55,59.6846758080815
12,39,17,6,58.9,41.264104446715834
12,39,17,6,75.8,52.51626314520905
12,39,17,6,59.35,55.64007926892837
12,47,17,6,50.55,37.115006186319384
12,47,17,6,76.65,54.42839332554287
12,47,17,6,61.15,40.2325804083679
12,47,17,6,66.2,59.96103998255428
12,47,17,6,69.0,43.01652069416562
12,47,17,6,62.95,44.992952664541626
12,47,17,6,73.9,49.52181868950078
12,47,17,6,59.25,46.39178125941116
12,47,17,6,47.1,34.47333065306846
12,47,17,6,59.75,62.473468052656685
12,24,17,6,45.5,52.937400966165995
12,24,17,6,52.95,44.96018706647729
12,24,17,6,58.75,50.61295340751791
12,24,17,6,63.85,47.110480452029485
12,24,17,6,46.9,44.26225670276033
12,24,17,6,81.65,72.49194147591419
12,24,17,6,73.2,55.4261955928308
12,24,17,6,60.85,57.39821655032406
12,24,17,6,62.6,40.71777059350454
12,24,17,6,70.85,46.682888784469604
12,33,17,6,69.8,46.03271148124766
12,33,17,6,74.1,43.67933390662357
12,33,17,6,59.25,49.55791402092367
12,33,17,6,85.15,73.23234473775555
12,33,17,6,65.4,44.67001820366531
12,33,17,6,45.25,36.69916821085215
12,33,17,6,67.45,56.06713550923149
12,33,17,6,69.1,54.59699239836723
12,33,17,6,68.35,58.004786553851694
12,33,17,6,58.05,33.239917347417666
13,14,17,6,90.9,59.36763250689456
13,14,17,6,67.2,44.48488803130671
13,14,17,6,120.65,99.20753101718799
13,14,17,6,118.7,48.598353881587386
13,14,17,6,68.6,54.66683782600505
13,14,17,6,109.3,76.67779476827901
13,14,17,6,79.15,47.462201026878105
13,14,17,6,95.05,64.94975791049247
13,14,17,6,73.25,52.64166350754984
13,14,17,6,88.55,73.3782378466101
13,0,17,6,70.7,49.670599161401626
13,0,17,6,85.6,53.295008159647026
13,0,17,6,89.1,50.04303411223079
13,0,17,6,88.6,62.532012854048986
13,0,17,6,89.8,77.95653309782047
13,0,17,6,95.65,64.04379669208286
13,0,17,6,107.45,61.52660956212788
13,0,17,6,93.5,57.29195773450783
13,0,17,6,101.8,67.92457116847372
13,0,17,6,87.6,60.223618377894866
13,7,17,6,86.05,63.211820180456094
13,7,17,6,86.7,79.91185933988706
13,7,17,6,58.1,42.94905182459304
13,7,17,6,59.25,44.184868807986156
13,7,17,6,101.4,81.4903287771655
13,7,17,6,63.95,36.59375126410173
13,7,17,6,115.4,83.01071585866744
13,7,17,6,78.95,59.47177570295978
13,7,17,6,78.05,46.5295322179479
13,7,17,6,103.55,83.18304166747349
13,0,17,6,70.7,49.057538719988365
13,0,17,6,87.8,45.68957038652544
13,0,17,6,77.45,52.68124104360808
13,0,17,6,93.6,63.552216409235605
13,0,17,6,71.35,46.26158460889895
13,0,17,6,76.85,53.21483271657097
13,0,17,6,90.4,82.7293621903436
13,0,17,6,85.3,93.70620380518544
13,0,17,6,92.05,52.78703489145397
13,0,17,6,63.9,53.53395380995425
13,22,17,6,69.7,57.03193934334653
13,22,17,6,84.35,84.89887173015099
13,22,17,6,87.6,57.098621976182116
13,22,17,6,74.15,50.0938855392657
13,22,17,6,86.05,57.23770840239758
13,22,17,6,100.75,84.79441081382168
13,22,17,6,106.95,77.61136311269456
13,22,17,6,81.35,53.22966624375032
13,22,17,6,74.0,50.067323097058654
13,22,17,6,63.85,63.913819442977065
13,17,17,6,81.8,71.1651895980494
13,17,17,6,108.8,76.40653044561597
13,17,17,6,58.0,38.34606958518147
13,17,17,6,81.25,74.89492639691957
13,17,17,6,87.0,57.441961555716574
13,17,17,6,131.6,83.47164662011697
13,17,17,6,67.1,58.38519999920672
13,17,17,6,98.3,57.57567103158106
13,17,17,6,63.4,50.1328760710763
13,17,17,6,67.0,47.29303943443865
13,9,17,6,92.05,71.312857776214
13,9,17,6,128.7,85.89289536209739
13,9,17,6,81.45,66.35905126062703
13,9,17,6,80.9,51.23208287576715
13,9,17,6,90.75,66.4520998836558
13,9,17,6,83.2,57.71581923072464
13,9,17,6,75.5,54.04627646748664
13,9,17,6,64.5,55.59108220796418
13,9,17,6,68.95,49.52030418238351
13,9,17,6,86.75,48.49186041301972
13,22,17,6,109.55,54.53195586558688
13,22,17,6,55.75,40.7080426555012
13,22,17,6,82.3,55.42002298238806
13,22,17,6,90.95,57.81137658936946
13,22,17,6,70.45,58.075699239055766
13,22,17,6,111.25,48.13891630643439
13,22,17,6,71.25,50.63062834209931
13,22,17,6,62.65,51.61627140431795
13,22,17,6,78.15,69.43855670947327
13,22,17,6,55.8,49.31061591691249
13,13,17,6,97.85,67.18260661494868
13,13,17,6,103.9,68.72209481520098
13,13,17,6,58.5,58.966091951222275
13,13,17,6,72.45,43.58594051441721
13,13,17,6,77.35,47.576282237885586
13,13,17,6,88.65,83.81952730655749
13,13,17,6,84.45,51.51542947199616
13,13,17,6,75.15,56.07539567403872
13,13,17,6,81.95,46.855292348385056
13,13,17,6,52.6,44.48465140389791
13,17,17,6,97.35,78.33079316523444
13,17,17,6,78.0,57.51521537819362
13,17,17,6,88.25,81.29923609403525
13,17,17,6,100.85,85.62235013187423
13,17,17,6,64.3,40.70186857213263
13,17,17,6,85.65,83.53396724812323
13,17,17,6,79.2,57.39117848956452
13,17,17,6,96.6,62.94391822968493
13,17,17,6,60.5,50.044716846141974
13,17,17,6,81.1,47.6918838952047
13,13,17,6,106.0,85.42093913148733
13,13,17,6,109.15,85.61312921939509
13,13,17,6,84.8,82.62062951256564
13,13,17,6,86.95,47.88085542040235
13,13,17,6,88.45,50.79315639770879
13,13,17,6,99.85,92.31027484578986
13,13,17,6,90.5,69.13487961186718
13,13,17,6,96.7,70.49904814586992
13,13,17,6,81.8,60.72335889745785
13,13,17,6,82.4,36.925814675829216
13,9,17,6,88.9,66.34987010656384
