trial_id,stim_id,param_id,sample_n_mean,sample_n_std
17,18,0,31.5,32.674632039969
2,36,0,24.15,26.200190838999625
2,44,0,28.85,33.905868146042835
18,33,0,14.75,18.501422420423445
8,27,0,33.55,39.801448003281166
3,9,0,40.35,32.582324882316826
11,13,0,46.25,57.977196061536944
5,9,0,21.95,23.091294782598094
0,26,0,26.7,32.0986964811575
5,18,0,23.6,29.153676305146547
4,40,0,29.8,35.307073989276006
16,30,0,24.75,20.47559522944327
0,33,0,35.55,37.82991715004075
12,37,0,18.15,15.792319918905285
11,5,0,23.3,26.551043194888635
5,20,0,25.35,20.2881220110892
11,22,0,55.65,68.13784403306055
17,2,0,32.5,48.838617162198496
14,27,0,44.4,53.14171718398981
11,8,0,29.0,33.42863569173182
14,30,0,32.05,30.95408314193613
15,23,0,43.6,49.34027926445833
9,9,0,22.95,34.34725914139752
2,45,0,47.35,47.49102408267327
14,40,0,22.1,20.449938875214276
5,20,0,23.15,20.9442241755523
16,39,0,19.3,27.718699749257247
5,17,0,35.9,38.11464699809607
18,41,0,24.3,30.03173759804608
10,28,0,29.5,39.211303418650516
9,8,0,46.7,45.75115759248756
8,25,0,27.35,23.331196644023752
0,30,0,44.4,48.76517307734239
13,5,0,27.55,55.33959751056724
16,36,0,48.1,58.28234362950213
9,14,0,30.55,43.76549349719059
9,18,0,27.65,32.105541413807124
14,37,0,30.15,49.17238741621691
19,8,0,38.2,41.57884077268148
15,17,0,25.45,46.8867336191559
11,6,0,31.35,28.42955282244535
16,42,0,46.3,48.67518550771559
4,28,0,34.25,32.09996720772222
8,39,0,20.55,22.47214650230486
14,27,0,26.7,41.88467877147291
9,10,0,32.65,35.14672253942262
1,12,0,25.7,24.613004692641653
8,40,0,23.35,33.806375916853014
0,25,0,35.0,47.6776456501036
19,14,0,21.4,22.61904181506323
4,42,0,20.35,20.05853276892668
2,32,0,22.8,23.589917560820677
16,47,0,27.45,29.155616954542392
15,18,0,27.9,40.14303374054752
4,28,0,26.7,42.58996669590028
17,5,0,28.1,42.75868640589763
7,8,0,21.95,15.82960251520782
6,39,0,19.6,20.4383540381674
19,21,0,43.05,51.602198035599834
5,15,0,34.65,45.4466430929838
13,18,0,21.75,28.1179377098078
13,1,0,43.7,52.333042797271524
7,17,0,35.25,40.09052257080219
1,22,0,26.85,28.292225080399735
15,18,0,14.0,13.510230042063446
11,6,0,37.0,40.22698753717197
14,40,0,25.3,28.793456859063255
7,22,0,33.95,28.30003719543771
6,42,0,21.85,24.171046185140813
13,3,0,35.95,35.242729746715135
8,37,0,20.75,19.531014472264093
5,18,0,27.5,38.24643086203222
2,27,0,34.45,38.86207053562367
3,13,0,23.4,24.011839185131816
19,23,0,26.2,29.48255505602557
5,7,0,32.3,41.16219522558866
1,8,0,58.0,60.02543320609146
2,42,0,27.3,31.795564073260945
0,36,0,34.15,45.900665056528084
8,33,0,32.85,28.810222966308697
2,39,0,32.75,31.599258818756123
19,22,0,39.0,44.08604027771627
14,44,0,20.25,26.850218072230174
18,34,0,10.2,13.813037319865606
1,11,0,28.1,39.365894937249
1,12,0,38.2,40.138706873461736
17,16,0,33.1,66.85483094775299
4,47,0,27.15,28.122429707114193
9,0,0,24.75,30.547417842464284
12,37,0,46.3,55.15156150864728
4,43,0,60.2,100.27625000861107
3,13,0,26.65,45.566925909502665
7,5,0,16.05,20.187215860799785
14,44,0,31.5,29.202559368730178
16,39,0,32.7,45.381540415969965
15,2,0,43.4,41.12292227994145
4,27,0,23.15,32.645262411179004
4,37,0,26.75,33.14858891971755
2,37,0,34.35,30.411692695928302
19,1,0,20.5,28.47621352711953
5,8,0,33.05,39.900501249984316
4,30,0,34.0,44.358586660604004
0,30,0,46.2,61.545532994515106
19,19,0,22.25,26.671244124672825
16,43,0,34.25,37.02755019825388
18,45,0,26.3,36.13148503073622
14,27,0,22.7,27.900386716806786
15,23,0,16.65,20.00598594631643
1,8,0,43.5,47.752101083562145
15,13,0,29.55,56.827046007114745
3,21,0,20.0,19.692370951315397
5,0,0,27.25,36.91223588316937
0,44,0,16.35,19.222451237522943
18,38,0,33.8,30.45548952332343
17,8,0,21.4,22.630673176488866
6,44,0,28.15,33.66753082094004
14,25,0,32.35,42.01663204519197
18,44,0,42.75,80.43099363331342
12,44,0,28.5,33.66788255577523
18,28,0,19.3,18.356412904945294
3,3,0,24.55,25.140604606890424
17,6,0,25.05,26.438558365029145
4,24,0,30.4,34.904983809433894
19,6,0,32.7,38.044433855275344
7,3,0,22.75,26.81883666380777
2,46,0,17.2,22.809508635885305
14,35,0,15.7,23.391631432044914
11,5,0,38.55,53.06150849919861
17,9,0,32.2,67.48223937880951
18,38,0,15.9,17.010523058884523
12,31,0,32.25,36.96922617814074
6,39,0,33.7,34.921114107747414
3,21,0,23.15,30.517078911048444
9,20,0,41.9,58.62988280642165
18,30,0,28.85,36.125912845869635
18,24,0,30.15,39.549136659683434
15,11,0,23.85,28.716903146331592
13,23,0,20.75,29.81676497684164
4,38,0,23.45,27.22513351182767
11,15,0,18.55,27.626217524967874
7,5,0,38.05,39.59063552221196
14,42,0,24.3,22.280744577939227
12,40,0,35.1,36.61449238527798
12,41,0,39.1,43.311478969510105
7,21,0,42.5,54.97798602503024
1,21,0,56.25,52.8711193673625
12,32,0,24.25,21.061001625603758
1,1,0,47.65,48.12295108420338
2,41,0,22.75,20.201289693065586
0,24,0,39.8,35.78385404796856
16,35,0,23.85,27.482578213536623
14,40,0,21.2,26.474615448725494
10,43,0,41.85,45.510293803767766
13,12,0,16.95,21.81857007230309
16,24,0,47.95,51.302482755146514
14,37,0,23.1,22.557295470587086
3,7,0,29.2,34.03187360479337
0,34,0,22.3,30.59256875710006
8,39,0,26.8,26.94165235428123
7,13,0,52.7,54.86452213838816
17,18,0,35.3,29.787139577517785
13,7,0,26.85,23.822313732694973
14,47,0,34.05,32.15010026995905
3,13,0,30.05,34.70549023759178
4,45,0,31.5,43.30248564641405
4,29,0,17.75,21.615966321217286
5,3,0,28.9,37.717649086754854
8,47,0,20.7,23.71563996495495
13,14,0,56.0,72.88707921016916
8,37,0,36.45,40.025616797246236
8,47,0,48.3,57.825599867186845
13,1,0,29.3,45.77530936398377
4,37,0,44.8,54.41613537797115
1,4,0,30.0,32.04930412250541
10,47,0,28.3,32.34208599202886
17,0,0,18.95,21.463494099222714
2,26,0,22.45,29.13936566878125
6,43,0,36.75,39.87595898863321
12,28,0,24.85,22.09852340863763
12,28,0,10.65,16.268390403349358
3,1,0,30.4,31.819226230295687
17,17,0,21.95,28.113444994765125
8,36,0,27.65,46.3411548364836
14,27,0,13.75,16.695019742741437
9,21,0,22.15,21.626676996125333
7,10,0,16.8,18.62256695517565
5,19,0,17.55,30.28022630799113
0,47,0,47.55,57.98409491539809
0,47,0,23.95,25.68324253999913
3,17,0,36.15,35.41078485730761
8,35,0,24.55,26.705952421451705
9,23,0,53.75,44.66704307251718
13,4,0,39.1,51.487249315779756
13,18,0,26.3,30.888764777402223
11,6,0,34.8,41.155162111466076
4,42,0,47.55,59.46381031217311
6,38,0,33.55,43.58111010397437
12,46,0,27.65,26.33443812916743
14,31,0,25.15,17.457542480935977
0,33,0,33.15,39.4064849058068
7,15,0,14.55,12.386218997443555
17,15,0,28.05,23.90656153047791
19,2,0,18.5,28.965496715920477
1,7,0,37.2,39.22485785422568
14,37,0,29.3,26.107268598691256
17,0,0,32.55,37.09372907705702
8,28,0,33.7,39.06014256044267
14,24,0,21.55,25.915804972418297
16,31,0,19.6,21.0172861185614
13,1,0,31.15,39.62757546005188
2,34,0,28.45,29.58924947021344
11,12,0,17.75,18.648761776307662
0,45,0,46.45,69.45007673066128
11,14,0,30.4,32.823932218973844
18,32,0,33.15,49.90335396385803
2,28,0,28.15,39.40782049022089
18,47,0,22.75,18.973319216870387
8,45,0,33.3,44.03359961139723
14,47,0,25.8,30.247400932276726
14,36,0,22.95,25.938134900282694
11,2,0,26.25,24.68085770069803
10,36,0,21.65,23.720466401733958
10,43,0,20.65,24.56629055390633
12,26,0,33.05,66.39631806532331
14,39,0,33.95,35.37390504163679
14,46,0,27.45,32.40609916601958
4,28,0,33.7,47.171690886087944
15,11,0,25.05,27.58618075089505
8,46,0,28.5,39.43749218033119
15,2,0,14.65,18.87430723719974
17,2,0,46.5,70.57843714247066
12,28,0,37.8,45.03986538261644
8,25,0,34.25,31.687412410342972
10,34,0,39.0,64.5877615912521
18,27,0,21.15,28.047469160617492
3,17,0,36.45,40.49623114367688
2,43,0,22.3,21.16128540519219
0,35,0,25.15,23.35599776457746
6,28,0,20.05,21.878792904257047
4,34,0,27.9,36.39100525071951
17,10,0,22.2,18.70716158953148
2,38,0,52.7,55.951200542126564
18,40,0,31.25,24.30480784146475
18,31,0,25.55,37.66538966939501
16,26,0,28.4,29.23300225862256
5,17,0,16.35,14.921813774330165
14,41,0,16.4,26.004857845774648
16,41,0,50.45,59.38587019609436
1,10,0,36.9,40.22031432262217
9,4,0,18.75,27.36858552582158
6,39,0,29.5,38.39476389739677
14,29,0,36.2,38.64902803979749
18,28,0,17.85,18.98274840064276
0,28,0,22.75,29.575727957406666
8,29,0,34.7,40.774217860129006
4,38,0,26.35,31.074232005583696
12,30,0,21.35,32.049755726140305
0,24,0,39.5,40.6558081563029
11,17,0,27.0,32.97846187086992
5,0,0,15.4,16.974904076932294
4,27,0,27.35,31.158803774079306
11,17,0,30.5,35.73219100033205
9,15,0,15.4,18.72628324602953
4,25,0,22.65,19.47001743572328
14,46,0,47.4,58.22497203452358
13,7,0,13.6,12.529544033372103
7,15,0,31.95,39.279665289601915
14,42,0,19.05,25.716009758411914
16,35,0,29.1,35.534860570846114
15,21,0,43.55,69.11277968501537
12,24,0,32.2,35.126238505979366
9,13,0,16.25,25.902397775617526
16,36,0,21.1,33.3843644461548
6,40,0,35.15,37.148740858452
6,34,0,30.9,36.10059046025352
16,36,0,32.65,23.99402337864029
10,45,0,28.35,31.243146616919294
11,3,0,30.8,37.30048680365277
4,36,0,25.9,39.40731965137014
14,25,0,23.9,29.941873513086723
7,20,0,29.55,22.661060968333462
7,11,0,27.35,27.961016094781524
11,1,0,29.55,50.53448535927041
3,6,0,25.6,38.26555411305248
7,3,0,23.25,24.51610641362552
0,46,0,31.65,47.81463660516735
10,26,0,20.95,23.83821566971382
8,41,0,35.05,42.78277444806127
12,39,0,16.8,19.01965742123271
7,17,0,25.2,30.455489523323433
8,45,0,18.0,17.23216087497597
5,7,0,27.75,34.634748295226345
18,25,0,21.6,32.67447096177043
11,23,0,23.05,34.54284143982429
2,41,0,24.9,37.67855735309576
11,23,0,37.0,51.429051793913644
11,3,0,20.95,33.10823557905034
5,6,0,36.5,37.40602259417311
3,19,0,29.3,35.101506940211046
9,11,0,38.7,37.74582584102581
12,41,0,28.7,21.113976413740733
18,26,0,25.75,31.21887924081567
17,18,0,35.4,37.99778386889647
16,29,0,20.1,23.244467366620704
10,37,0,23.95,33.47501031798905
11,18,0,27.2,24.334510906378036
16,30,0,29.15,66.81260123816858
17,6,0,23.95,25.288805511738314
15,2,0,26.5,38.95949313406372
14,34,0,29.25,44.044086764824264
0,30,0,18.15,17.269611277739013
1,20,0,26.5,25.39063233805562
9,2,0,25.3,33.64379977288378
12,41,0,24.05,32.459651066646124
5,5,0,15.6,15.12196032961753
1,9,0,31.25,36.050950786790345
3,4,0,39.05,36.38894424351845
2,36,0,28.2,27.02552399803602
15,4,0,19.25,18.755700887716074
17,6,0,45.7,40.797445740479496
9,5,0,40.5,52.29420819293773
11,13,0,27.4,31.510065225675362
16,47,0,23.9,26.901183695341853
10,43,0,22.2,24.712238604426453
1,19,0,31.2,26.83791504961826
12,44,0,45.05,50.709155199555745
2,43,0,57.7,74.29819010333684
0,29,0,32.9,50.83088576218617
2,24,0,28.15,29.478404227323324
7,4,0,24.25,30.87815613529716
15,8,0,30.5,34.66759445452132
12,35,0,26.0,29.30780388260186
7,2,0,31.95,39.00671332233115
8,27,0,33.65,42.90414653006961
3,15,0,25.95,29.979773883491237
2,46,0,31.65,37.62876139617841
12,34,0,30.25,29.896091981887427
10,46,0,32.7,23.32177658665597
15,21,0,27.1,23.334862105306822
6,47,0,23.85,17.54175469828309
12,42,0,14.55,18.974983530954646
12,32,0,21.1,18.512868923791192
7,2,0,21.5,18.869356946619757
3,8,0,52.8,70.5747830319017
4,44,0,24.85,40.32535443770229
19,14,0,23.05,23.107244250280154
8,33,0,61.65,77.5915588192427
1,1,0,29.05,31.137175276677336
3,21,0,27.95,25.371917754208408
3,2,0,29.8,31.816248745107057
1,9,0,32.45,33.159066395339394
13,1,0,29.25,35.17306834556953
14,24,0,35.5,35.58459157970957
11,21,0,43.85,46.459121816926334
6,32,0,54.2,46.05214435832494
8,41,0,16.55,26.10802457805686
16,29,0,40.0,47.633468994196214
11,19,0,22.95,13.686239728089554
11,9,0,25.4,49.81164522478655
10,35,0,37.75,45.07172646255953
7,18,0,27.25,34.350936553539015
18,39,0,20.05,23.30907887272118
4,33,0,44.4,36.95573454539193
2,40,0,17.9,17.582587079865483
15,12,0,31.7,47.594891366726806
19,12,0,21.7,20.118334136330784
8,39,0,37.35,44.24724195984007
6,27,0,28.4,30.229647350694787
9,7,0,26.95,39.60259826670069
8,35,0,33.0,32.63353135076025
10,25,0,48.4,59.76920523762083
12,26,0,38.35,38.01422863806878
1,18,0,35.75,42.80171541077838
14,47,0,27.2,21.64449607928805
2,37,0,21.05,19.802910471895153
11,15,0,37.6,50.86452594883786
3,2,0,28.95,28.365054482399177
7,16,0,35.25,44.654079792391464
6,47,0,34.85,47.728701505157474
18,41,0,31.9,29.53303235362058
14,40,0,33.2,35.18163396462781
6,43,0,14.1,15.960147737081689
15,23,0,35.25,45.66799524255126
11,4,0,18.85,22.077077895886777
3,14,0,29.95,32.043514821337304
18,30,0,19.35,17.646454840025307
10,28,0,20.6,20.053612353415346
7,19,0,32.35,34.66725286279014
0,41,0,36.75,51.2803183749046
6,37,0,24.5,24.968401082800217
4,41,0,33.4,41.3157291317025
7,11,0,27.5,40.06245124802025
15,9,0,31.65,28.375814386643835
0,30,0,29.05,36.77595753521013
16,30,0,26.55,36.422195373006744
15,19,0,20.25,25.141441988540713
16,27,0,20.15,23.131830427948593
14,36,0,24.65,24.07723318603566
6,34,0,38.05,42.01061895834383
17,19,0,42.25,68.84373992103994
15,6,0,39.4,54.97214605693744
7,19,0,34.3,40.16950925371395
11,18,0,22.15,25.263401862857076
1,21,0,33.15,32.40415015655281
1,12,0,39.7,45.074324585534335
8,43,0,25.75,26.32564289213486
14,45,0,38.3,54.73005524726264
7,12,0,16.95,14.66278856224329
16,43,0,27.1,33.59338907394852
16,40,0,30.9,38.0067860976653
19,7,0,41.65,51.76492919667563
7,8,0,32.15,35.38104607063832
8,31,0,27.5,33.445163288111196
14,26,0,20.15,30.683914867222324
1,16,0,50.75,46.777046777914045
10,32,0,21.85,33.11268639056638
4,26,0,21.3,15.13483260213792
7,16,0,56.95,72.01715804328562
12,27,0,39.1,63.94644140545315
11,11,0,26.5,34.486458059268486
10,42,0,24.2,42.015786506853274
9,0,0,29.9,25.49282664841849
17,12,0,27.9,32.92719240992162
19,0,0,21.25,24.86992476656769
13,17,0,18.6,18.869078018365336
1,4,0,18.85,24.55986242032441
14,45,0,22.65,22.923844171057947
7,19,0,32.65,28.22704004095513
1,0,0,17.4,17.30956535074116
14,36,0,14.85,20.813141091754105
13,9,0,18.5,24.243284474370697
1,16,0,46.35,42.89187752820733
0,42,0,19.9,25.50521102586066
4,42,0,28.2,37.05415666717824
10,45,0,12.55,13.14884425579518
14,42,0,25.0,29.919189406413437
11,14,0,22.35,20.186694419318563
12,38,0,36.9,42.82879012017378
19,14,0,19.5,14.894364882839346
5,15,0,41.5,43.55456348076514
9,19,0,22.55,32.50663899801652
2,30,0,32.25,53.16991135674584
12,46,0,41.45,55.67998317452861
3,18,0,28.0,29.742756747607785
14,37,0,28.45,40.431195616100304
1,3,0,33.25,35.3536642930739
12,35,0,13.3,19.142402643016588
4,43,0,24.05,29.22773556599603
7,4,0,20.9,24.81065136292539
5,22,0,22.25,27.59075932264279
18,30,0,37.2,50.63450040811055
4,46,0,19.4,19.378229781734042
4,46,0,31.8,36.997297198579254
2,28,0,10.85,11.268376803669359
19,2,0,27.95,27.06614704366829
0,46,0,36.0,37.131345815971486
5,19,0,30.1,31.78695528539639
14,30,0,30.35,34.27485652010354
14,35,0,21.2,18.861266352529267
12,32,0,31.0,39.345968829829246
13,4,0,16.7,25.079032970528228
0,37,0,23.35,31.20100369505679
1,11,0,30.25,38.318437227775185
12,36,0,22.5,21.16725375619018
14,37,0,41.05,36.49437591854683
4,42,0,19.6,25.84854673711953
17,5,0,27.2,20.361470322258423
6,36,0,28.1,31.23409068714233
17,2,0,25.8,33.11002392343634
19,3,0,23.55,23.895551226557895
6,33,0,45.35,43.093869389361736
15,20,0,32.65,34.127123030161655
9,20,0,35.25,45.49595123686687
18,41,0,30.8,38.344147978675
5,1,0,39.25,59.03422290234886
13,12,0,22.45,25.232549988999693
19,15,0,36.4,44.05427274815033
14,41,0,23.5,34.16754384838891
6,45,0,17.6,13.132522906689973
3,19,0,27.05,42.644768914715364
14,32,0,43.45,104.62337214982128
6,35,0,51.65,57.223729895541545
15,5,0,27.15,26.66611293284735
8,46,0,21.85,22.295326392483435
7,18,0,37.45,41.185683511577054
10,32,0,21.3,33.609365862571856
19,4,0,13.85,9.653333212174081
19,22,0,31.45,37.904971205704186
9,8,0,19.45,19.52454595469104
4,40,0,31.35,34.17951833604754
0,34,0,27.65,39.11423889340717
13,9,0,20.75,19.536403267530567
11,1,0,24.6,30.58964393041334
14,42,0,24.6,37.7713341597901
1,8,0,34.6,33.13354159982552
3,15,0,30.35,33.04745391896803
5,23,0,18.45,16.73154914651077
13,17,0,23.15,25.809575946270712
17,6,0,39.15,49.899135104834485
15,2,0,17.7,28.209927330640184
15,15,0,22.15,19.34799051173287
2,29,0,40.75,58.47525342534134
4,29,0,32.3,38.04720060246497
19,13,0,28.35,31.7859204183567
19,16,0,27.9,24.317851359378817
4,24,0,15.35,16.027197279361694
3,19,0,21.2,24.571271200755014
7,23,0,21.55,30.754503307389154
3,19,0,34.0,24.67899170507068
12,31,0,28.55,32.11078684147972
3,18,0,26.85,26.596942839752327
6,26,0,31.0,27.512676504132646
8,30,0,20.6,21.22411736432724
8,31,0,34.8,34.53846063677266
13,13,0,19.35,15.536967800090617
15,1,0,29.6,39.90304038013829
7,9,0,37.35,47.234326278114395
3,12,0,29.35,26.594963907912298
7,5,0,37.45,46.62670908395745
2,26,0,46.0,60.75056854834667
5,11,0,37.9,32.367787755892834
12,31,0,23.5,26.412716235695417
7,1,0,24.85,21.825323292957314
0,24,0,24.3,32.58688790231272
1,1,0,41.4,43.61602795689725
2,45,0,29.85,34.76730920669134
8,33,0,36.75,36.119501949122046
1,11,0,30.65,29.524788871298252
6,26,0,51.35,64.18909154742892
9,15,0,22.85,23.288296134369844
3,21,0,18.95,18.821809857603746
2,26,0,27.95,25.00626237354829
3,9,0,29.75,55.220014487502624
1,16,0,57.8,61.845818477548626
6,38,0,27.65,43.142694691722234
14,28,0,40.25,62.949332173206024
1,1,0,25.35,32.645262411179004
15,15,0,57.5,61.479564426769194
5,1,0,33.1,41.463871401244575
7,1,0,23.95,30.72368364701904
12,44,0,26.9,39.841660290917126
14,34,0,36.7,63.35289633224522
13,21,0,32.25,35.020107006359105
18,30,0,28.25,33.27536626394967
19,15,0,33.35,35.22450552489962
0,46,0,34.3,29.670293490113536
8,45,0,27.35,28.61408376086301
10,47,0,13.8,14.894718244362576
14,36,0,48.9,47.24839178549667
7,7,0,24.35,27.388578103405
9,1,0,39.4,51.68467145254863
2,35,0,33.35,44.15078827453886
2,30,0,28.2,37.06835790663968
9,23,0,38.05,50.02365230042369
16,29,0,35.4,36.19886593163993
3,1,0,38.95,30.45181698839557
4,40,0,17.35,17.688161369446483
12,33,0,27.35,35.63155756821251
18,45,0,19.75,20.89793492693779
14,24,0,24.25,35.613236746734316
2,34,0,25.45,38.2367624152464
2,29,0,27.0,28.910023757932308
13,23,0,41.4,35.543005826152275
10,46,0,30.35,34.15333073069155
8,33,0,35.45,33.11936148634448
18,40,0,21.55,24.83731276251837
5,5,0,34.7,41.500919457157494
14,47,0,21.9,19.40130218093078
19,14,0,20.4,22.122624760995006
5,13,0,30.85,31.875208977643126
0,44,0,33.7,52.95489639902601
7,23,0,15.55,25.4754267564069
12,25,0,28.1,49.45800983503184
10,38,0,27.95,29.27811289575956
4,31,0,43.5,48.90538663690599
0,47,0,23.25,34.007545602332684
4,32,0,37.35,46.84945093201818
14,37,0,21.05,28.18076051418582
5,11,0,28.9,30.230517867319374
10,39,0,36.2,43.38275184788001
12,27,0,29.8,29.974726196019134
9,18,0,25.65,28.249406141871745
7,16,0,27.55,40.79792951402778
18,26,0,35.6,41.19069900123724
0,35,0,40.6,46.99316859647626
0,37,0,42.9,55.52230466929011
6,32,0,38.75,50.506773907331635
19,2,0,26.05,22.474488460896
5,11,0,25.95,24.349375870094864
8,40,0,37.45,36.68281542314359
12,41,0,30.8,33.788194761827064
16,40,0,36.65,44.16032394045945
2,27,0,30.2,33.65709434874021
17,11,0,19.8,15.810056759444038
13,3,0,28.1,40.72487924443342
15,22,0,19.25,27.831967610153463
10,27,0,18.4,20.863970455258382
19,16,0,26.95,38.92972751266731
14,42,0,30.5,29.30331398538936
5,6,0,37.35,36.02378600167862
2,38,0,23.65,34.90479532732007
5,17,0,30.7,40.670822335842736
8,42,0,22.8,29.430739390178964
12,29,0,27.0,26.45552374915502
2,28,0,22.25,21.385865966986113
5,21,0,22.05,24.709842488155882
14,46,0,28.95,30.694547775751552
5,3,0,18.8,16.414371110321845
7,5,0,19.7,17.23246629872933
8,41,0,34.85,48.600709329889625
18,29,0,16.15,25.744237985881117
5,18,0,21.75,19.78802136328148
16,30,0,31.9,37.400956925556976
0,39,0,14.6,15.111515302471892
15,14,0,23.25,31.902606724051147
16,37,0,16.0,19.08430051942668
8,45,0,24.95,29.34096292324364
16,41,0,26.7,33.97227972146827
13,9,0,34.3,31.42761105846427
4,39,0,26.85,33.18730733911765
15,11,0,34.65,45.47327150153848
19,3,0,48.65,54.471890384906445
19,11,0,38.45,43.25989390940102
14,33,0,24.2,24.690931640243104
12,28,0,16.9,16.12418908609703
19,5,0,41.4,42.94231136377219
4,40,0,57.7,58.588754085260746
12,36,0,15.6,17.144586378949572
11,10,0,23.2,20.970154229786978
14,33,0,28.85,27.57244047385379
16,32,0,24.8,22.81642990663111
5,10,0,27.0,23.017156072899414
15,13,0,29.9,32.093449077408465
5,11,0,30.0,42.428887875076214
2,25,0,33.55,29.71350038725087
12,34,0,29.0,39.70682030769233
8,43,0,38.4,48.29558114253039
9,8,0,40.45,69.25655963612095
8,28,0,24.15,27.087140083344654
19,13,0,31.6,36.91013268381518
17,23,0,23.0,22.159707389289853
3,23,0,42.3,41.14812779523063
9,20,0,34.9,39.84562314998382
12,45,0,28.4,32.50004048580474
2,24,0,26.85,21.75285825139453
10,24,0,29.55,40.94601709311266
4,45,0,23.6,23.36078585556303
6,30,0,42.5,44.8852337693179
19,2,0,26.3,22.297273847998362
10,26,0,25.4,29.178939773675626
5,4,0,38.8,45.94917100220061
10,39,0,22.3,31.92441731735493
5,21,0,29.1,37.22463813404405
19,19,0,34.45,35.04354434129059
15,0,0,23.3,30.75215011738375
19,11,0,38.75,57.133154721414186
15,10,0,26.2,25.025460719246034
3,5,0,19.55,24.403353954129468
11,13,0,23.4,27.734455105518116
1,15,0,44.15,45.41536373473072
17,16,0,27.45,27.15351096810018
12,28,0,25.85,33.43379160449248
17,22,0,16.7,18.884970353780222
3,16,0,25.85,28.039962084214924
4,36,0,30.6,24.875267784858536
3,14,0,36.8,32.289154118437516
19,19,0,32.7,31.682802906308655
3,1,0,33.9,42.15747420777184
5,9,0,27.35,22.7602492817724
0,39,0,33.95,47.00109181262651
6,37,0,29.0,26.72471751610837
16,27,0,24.95,31.14900522192947
16,38,0,22.05,18.1121506177483
8,27,0,22.9,21.518413167869927
0,43,0,38.0,44.424981118380025
9,12,0,33.85,43.34230339008178
9,7,0,39.75,44.9793812412099
11,15,0,33.35,38.12482959409717
13,4,0,32.35,33.45739631861769
8,40,0,19.5,25.20964727618127
9,16,0,25.15,26.614746604882512
10,32,0,39.5,56.36114749868407
12,26,0,20.15,19.36974037268603
13,18,0,41.7,50.158800455731544
0,47,0,35.45,35.46158039640262
19,21,0,34.1,39.83109073919121
6,40,0,30.7,30.85296198354211
12,40,0,41.0,44.882302220714784
2,24,0,31.3,36.871184013078775
5,17,0,40.25,51.33366085564233
2,36,0,40.75,71.84184017687743
19,17,0,18.6,33.927787090261354
16,41,0,20.2,27.33534438472614
9,20,0,28.25,34.87100288356019
15,1,0,44.45,42.813518524188744
5,5,0,25.85,19.770459090056026
13,9,0,23.65,21.00945902257011
14,42,0,22.85,30.161451521681393
14,45,0,24.05,25.70577448950456
15,9,0,29.95,28.79779779592073
11,10,0,27.2,33.361812395548746
9,11,0,25.05,24.11480218062189
6,36,0,51.45,57.629921869952604
9,0,0,22.5,14.543944299586466
14,35,0,20.9,17.570609431362183
12,38,0,28.95,47.14532404117473
18,44,0,29.05,44.17962736017825
13,3,0,29.05,36.65267276819838
13,19,0,22.55,21.421767090115555
5,17,0,30.35,42.10797524160201
7,14,0,26.4,39.71795298695144
12,32,0,22.25,17.356554957709783
10,37,0,20.25,23.19681239444674
12,42,0,17.7,18.65786133171978
18,27,0,27.75,40.41739463985382
4,38,0,37.9,50.64208775940797
13,7,0,19.9,21.759208576939027
10,34,0,29.1,31.250936828062912
6,34,0,21.6,23.868940399386684
6,27,0,30.8,26.957276139144795
3,17,0,27.05,28.505724263548778
13,20,0,16.55,18.855335696044406
10,42,0,23.8,30.38455286213011
7,23,0,36.4,60.87467713088484
3,11,0,28.05,29.014470074158005
17,18,0,27.35,32.52250233138183
2,30,0,38.15,34.343887834357766
16,39,0,19.1,14.54900973298617
0,42,0,27.25,24.365365842350467
3,2,0,34.9,49.66296936667993
18,26,0,26.1,28.57658224196132
15,12,0,45.45,54.44985621748935
8,28,0,34.3,33.22031718217348
7,9,0,27.9,35.90469841707423
6,28,0,24.5,27.186490453125696
0,28,0,25.15,27.307749044817605
7,12,0,23.7,25.664023559511435
7,17,0,19.35,25.332057908798816
15,13,0,19.7,18.221156009314818
1,23,0,38.2,46.660701373121036
12,32,0,36.45,42.45799782075655
0,44,0,27.2,31.010354807114965
16,44,0,30.85,36.860012565323274
17,15,0,20.5,29.032649497455537
14,38,0,25.6,33.45130002980766
14,42,0,29.7,36.63777170884542
9,19,0,30.5,31.35618800676813
16,43,0,19.75,21.1482859825566
17,12,0,24.5,31.506891476728004
15,20,0,29.45,33.413635729019056
1,6,0,17.3,18.1400980673958
4,27,0,17.2,17.937317759939823
14,37,0,22.75,21.339054879677654
3,6,0,32.0,39.48883919606439
18,47,0,16.65,29.220171475414574
2,31,0,38.3,37.868331443513455
10,26,0,19.3,25.811258253552438
9,10,0,26.05,33.26207734753926
1,6,0,32.35,42.7135809784195
12,43,0,21.3,20.4195468788326
9,14,0,36.15,43.50713795035912
6,36,0,66.25,68.46733758362065
4,37,0,21.85,25.46881478035029
15,2,0,16.85,24.908833774386146
13,18,0,19.45,24.223683495811766
18,28,0,22.9,29.994560910447184
17,19,0,25.25,27.320466590760162
18,43,0,26.25,37.11557340893017
17,6,0,26.1,28.14791756343433
0,42,0,42.25,45.36620003111521
13,2,0,15.6,25.54953908328722
1,20,0,17.3,18.18935489727295
6,42,0,34.6,32.73562360230181
2,29,0,42.25,65.42643518527225
6,41,0,33.25,33.95953474357386
12,41,0,26.8,22.624160350805226
14,42,0,28.6,20.72984119064769
10,40,0,29.15,38.192414512777134
11,12,0,30.7,31.397452125928947
4,29,0,26.1,28.076774443619673
1,7,0,28.75,38.85990356734249
5,17,0,20.55,19.443507913954207
4,25,0,25.25,22.05465698524559
7,10,0,19.5,26.78275171586527
1,13,0,30.55,34.55959764629334
14,34,0,34.8,49.97325600548231
14,29,0,36.7,36.80975271224791
17,2,0,35.1,33.33229822954244
11,18,0,41.4,60.749182364001705
1,18,0,49.55,50.43335884323516
9,22,0,25.6,30.919930550749267
17,17,0,31.8,29.373457406304762
4,33,0,29.7,28.921126861645078
5,11,0,29.95,38.21060062338723
10,46,0,23.65,27.728524169735014
15,1,0,40.45,40.03744957438039
6,31,0,23.45,32.63429742496462
0,26,0,24.15,22.732483134793796
12,41,0,22.2,29.729659123154228
0,29,0,45.95,49.906728794295546
16,28,0,14.3,19.12589867169645
11,14,0,16.8,18.639516596397247
3,20,0,36.6,37.73648241772354
19,5,0,15.4,13.716682121455344
9,13,0,21.25,17.68994659478416
0,26,0,36.55,34.10274722688852
18,36,0,43.4,46.00732207171514
7,12,0,31.95,25.742602412098286
19,0,0,18.9,18.96783981818755
9,18,0,45.0,50.496482420482565
0,41,0,41.85,43.673760639782934
1,6,0,52.1,39.3551976103204
19,2,0,14.55,21.453683280867867
9,16,0,36.85,35.36914355465048
8,41,0,32.95,41.66340689003014
16,37,0,27.2,24.93486251057047
9,6,0,46.15,63.59764560355823
1,10,0,53.8,59.94436016665348
1,16,0,36.85,37.987913590343034
4,43,0,15.5,15.073504115360485
3,5,0,21.7,22.138558884301485
7,1,0,41.95,42.14820343302403
16,38,0,26.4,26.59323222175146
5,5,0,29.55,32.52444424866028
17,22,0,26.2,29.025578556271977
19,17,0,40.0,43.471708888473785
18,30,0,27.35,46.24451603334059
18,45,0,20.15,28.8576816371947
15,15,0,36.85,54.01975759410917
4,44,0,20.15,30.09681745721018
14,34,0,37.15,63.824821932668506
3,8,0,32.45,30.804092346036718
18,30,0,14.95,17.942818531159066
3,7,0,17.65,22.84104108605247
15,8,0,43.35,41.02537725539362
16,29,0,31.3,38.39969846372837
17,5,0,40.15,55.2365963736667
5,13,0,35.05,37.98957613262935
18,40,0,37.8,32.19937887599697
1,21,0,35.45,35.17546244038217
17,12,0,20.4,21.573375403858094
9,3,0,25.35,29.469475733375372
3,13,0,41.1,44.0309699619424
16,43,0,31.9,31.440670945030487
6,41,0,19.55,23.050231189615797
5,19,0,21.8,29.55743739337289
16,25,0,25.2,23.4556692731764
14,40,0,25.35,36.537327704547224
8,43,0,18.85,14.49600670965338
3,22,0,19.45,18.661739637980954
5,19,0,41.25,51.826507137808
2,26,0,38.9,35.96182186123149
6,42,0,27.2,31.513739693563572
13,9,0,39.5,41.89523273972577
19,6,0,21.55,42.46667424054574
12,39,0,27.95,34.76004209312453
13,1,0,27.15,32.32446523349735
18,41,0,40.55,47.97310101559656
3,12,0,28.65,44.13171076150167
17,22,0,20.7,24.8280401753213
19,14,0,35.1,36.60442883759171
10,29,0,30.6,28.126406397584912
4,39,0,22.2,23.661205201319465
9,23,0,30.45,41.23932078668813
11,16,0,38.6,38.151222647166676
6,40,0,23.65,29.563980573806717
10,45,0,37.4,49.04069201881444
11,17,0,22.55,22.394724472753094
10,34,0,24.9,33.191470051965545
7,17,0,37.95,31.19121839978615
10,25,0,27.45,25.533208510528112
16,44,0,26.35,26.069290261471295
12,28,0,12.6,22.286176976110692
15,9,0,41.45,61.052587341181784
9,22,0,26.35,30.59286982632598
16,24,0,32.8,37.90514476954283
17,18,0,31.7,49.815554535548536
15,5,0,46.35,64.99657885733599
10,28,0,22.65,34.10706825957279
0,44,0,22.35,31.638209743749304
18,47,0,29.55,38.166498122664706
3,13,0,26.6,31.352662944066022
0,29,0,25.5,23.464418751983207
9,15,0,35.75,39.26814029343971
18,29,0,23.8,25.069587362505903
1,6,0,30.25,29.77967339257469
6,26,0,26.75,20.78682528100811
7,3,0,32.2,24.366931863101943
3,10,0,19.3,18.447935271717366
0,46,0,14.85,12.583510513449943
19,0,0,17.0,24.021919814597403
4,42,0,31.2,31.084943046602582
18,29,0,25.75,25.09953868311653
15,19,0,23.95,25.685291715811125
13,19,0,19.7,22.358561294454855
8,34,0,22.9,25.579391375830166
7,12,0,36.0,38.853300340748675
0,40,0,34.8,43.476067221548824
12,30,0,29.05,29.526927941867076
4,36,0,35.55,27.84822587186707
9,17,0,22.3,19.950201159782562
19,9,0,24.0,23.31252204740033
19,17,0,33.75,32.97187796959866
12,47,0,31.0,38.2140784197877
7,3,0,46.4,53.879397488132796
10,28,0,20.6,28.590392202902525
13,21,0,22.4,23.166218599731085
12,31,0,15.7,18.079066114679357
19,5,0,23.4,28.21421814020651
5,21,0,27.85,26.575166484600068
10,36,0,19.7,37.912780791817696
5,19,0,31.35,29.081147809100262
18,39,0,25.25,32.315671609591334
14,46,0,29.4,33.23663166162489
7,14,0,35.1,50.83399194281426
12,30,0,30.5,27.425497164807098
15,1,0,21.85,24.74560035323664
13,20,0,53.55,74.49653824525215
0,35,0,34.45,39.916326958961754
18,32,0,27.15,36.236467528545994
11,16,0,19.45,19.367566485724204
19,17,0,21.5,22.686652695501728
3,15,0,36.15,35.703862388734414
0,27,0,39.1,38.42819688444247
5,2,0,45.25,70.93353078392254
13,10,0,45.75,46.29411125447928
6,31,0,28.25,35.887067015115186
8,36,0,23.3,29.338496355830042
3,9,0,24.55,23.342924094105218
0,32,0,32.6,52.30819599662229
8,26,0,29.45,28.909067963639295
1,13,0,27.15,23.367262299388457
8,24,0,22.6,22.69337951218836
18,29,0,22.8,24.890497024070516
5,11,0,35.6,45.115524227429624
9,4,0,40.35,45.03247366301929
19,19,0,31.15,44.67693977174825
2,37,0,35.2,36.26742775259191
2,44,0,27.7,33.872982557909204
18,47,0,18.65,30.286830558233685
14,40,0,23.7,30.23260700495062
19,18,0,37.55,40.63635266475987
4,40,0,29.9,28.561844257127746
15,15,0,18.8,20.987715705295702
10,47,0,23.95,20.286046539691423
16,46,0,19.4,28.531423120187288
1,11,0,32.4,30.460327952065263
3,23,0,32.6,36.52886385773369
15,7,0,19.8,26.009310074016106
11,20,0,23.4,22.21284597515117
1,0,0,29.35,34.65206760748461
19,12,0,21.0,20.71612644141858
4,41,0,36.65,41.432602215113036
7,13,0,17.65,21.957554748339255
3,0,0,47.0,58.0027222591637
7,17,0,24.5,34.85685011586675
14,31,0,35.1,39.78878445518351
17,10,0,36.45,48.1658046423197
10,24,0,25.35,43.528907515278675
6,47,0,25.35,33.27125359510029
7,7,0,29.85,32.656546051289624
18,28,0,33.95,35.019505842796875
19,22,0,21.4,24.69263687396455
3,7,0,22.15,28.32569040362662
2,27,0,19.25,27.71257552277058
3,8,0,30.95,30.439716092458443
5,9,0,32.1,39.22526038959562
17,21,0,17.1,16.833237797192854
16,25,0,28.3,50.50596629685395
10,28,0,20.1,29.69299048951665
17,12,0,24.85,28.608565151017277
11,8,0,22.9,26.542716316791772
2,47,0,20.9,24.503275828259973
19,14,0,36.85,38.01699758349096
2,33,0,41.9,67.99527847385319
12,40,0,17.75,22.36273921645463
1,0,0,47.6,48.46854650182941
3,14,0,22.35,18.201431406984394
17,10,0,32.45,43.43594800332287
3,5,0,22.25,26.255575848910546
19,8,0,26.7,22.50403472596344
13,10,0,35.35,34.76276743874112
2,32,0,16.7,17.90648221352139
15,3,0,23.55,24.945150356648274
1,0,0,31.75,36.92364097915988
3,19,0,42.05,51.716306091884334
18,35,0,22.0,25.464113034456528
0,31,0,31.35,27.8194838954738
3,4,0,22.75,19.633148660257973
11,18,0,25.65,41.57716351936227
13,9,0,35.5,49.88776877837102
9,0,0,33.55,32.069784106407376
6,25,0,29.1,30.910567091121717
11,7,0,13.05,17.25802635541534
15,5,0,27.3,33.17751299330696
2,45,0,37.55,33.71939157845308
13,0,0,23.95,26.96874409190641
11,6,0,32.4,52.250812131688946
12,44,0,39.05,40.025616797246236
16,26,0,27.95,31.490140478702553
3,11,0,45.5,59.40627292767906
13,22,0,36.85,44.98452950445122
7,2,0,20.35,21.054503206277698
5,20,0,21.8,29.211749618765964
6,30,0,28.95,41.37056543256965
15,22,0,27.15,24.430944571006236
6,24,0,21.3,25.396021238312944
17,19,0,29.8,37.49610506088389
15,12,0,20.45,17.762986353947532
8,31,0,22.85,26.72525909480038
11,17,0,28.75,30.85257815722
6,41,0,18.55,23.75859955114314
3,20,0,24.0,24.9673470968109
15,15,0,20.45,20.155905494811922
7,3,0,21.35,47.1852731262626
18,37,0,36.35,40.30185446954284
12,43,0,21.7,31.42593632151969
4,41,0,36.4,51.7457346322533
12,31,0,30.55,43.181958952175485
10,36,0,37.75,52.526559697777756
3,5,0,23.8,34.18617756992006
12,31,0,20.55,24.534562087840598
11,13,0,23.8,26.448758800844757
17,14,0,35.2,55.68766281209586
17,21,0,25.35,27.71903203292109
8,46,0,22.15,18.739979778678077
8,28,0,17.5,19.787023924518657
4,32,0,23.65,23.088559481859587
6,33,0,28.9,41.55136326853409
0,26,0,30.5,35.915837292496086
7,10,0,33.45,31.41986465179063
8,30,0,27.55,24.637316583204683
4,37,0,17.6,26.729443651051486
10,38,0,31.45,43.843591621989525
4,47,0,25.45,29.39651787470575
0,44,0,40.6,36.853051005595894
11,16,0,29.65,29.189534894691644
0,33,0,41.0,60.863090535017065
0,44,0,23.2,29.687140579541737
6,39,0,23.3,20.779797881596444
17,13,0,38.7,40.48534497685227
6,38,0,33.0,63.63795623434344
0,46,0,21.1,14.846229363572068
17,1,0,41.25,48.45494380295336
8,34,0,26.5,29.42519507604253
0,34,0,21.6,28.566450694182464
6,47,0,20.8,21.680939967970414
18,45,0,18.7,16.4927416252056
12,40,0,36.9,51.555692931859724
10,31,0,36.6,49.81481495974551
11,0,0,18.1,13.961978445237019
14,25,0,33.15,32.84937714702317
7,23,0,26.2,25.211943702601708
5,7,0,20.35,27.30389407353734
9,4,0,27.4,50.10977423301975
6,34,0,20.05,34.2705566431533
14,32,0,17.05,22.829977983713476
2,37,0,26.6,28.680453640983988
4,44,0,32.25,59.27889035824864
4,43,0,31.75,31.8100861197729
15,0,0,24.5,31.317558552419285
4,32,0,24.15,23.864254264044103
7,13,0,12.65,11.467459682900452
3,15,0,25.35,44.12216891171245
4,35,0,28.1,32.8295438190728
12,36,0,19.2,17.551728060072513
16,35,0,28.0,29.88574735115122
7,16,0,27.0,31.385548132523468
10,39,0,33.9,34.09877293671246
13,23,0,29.45,27.052531742596855
18,29,0,24.55,27.03306941701706
15,18,0,17.1,17.00742871744425
18,38,0,26.45,23.4957442955102
19,20,0,35.75,67.47309405276025
11,0,0,26.65,32.08750371619522
1,15,0,33.25,42.7340305660612
2,33,0,28.15,59.0729032191312
12,30,0,35.5,50.05733554740267
18,28,0,45.5,58.02494926186585
15,0,0,14.95,27.8935476409868
10,32,0,42.5,60.9577075131862
1,1,0,36.7,44.247033798888715
12,46,0,22.55,23.30907887272118
17,12,0,25.95,28.429923079667123
2,38,0,40.4,43.65341971291114
1,0,0,29.4,32.9279916116812
17,14,0,35.45,44.33541414454613
2,45,0,35.4,51.06280962026854
3,15,0,26.95,24.077670371660044
13,9,0,34.0,28.27496568009458
19,1,0,30.85,33.92914443520884
16,30,0,30.3,32.10033611891577
6,25,0,20.1,19.196765078358496
10,32,0,19.95,22.584286572747875
16,26,0,30.25,38.74596753211874
16,36,0,27.9,44.5455414509454
1,12,0,26.2,29.59658586284645
11,3,0,21.25,24.03916760096673
19,22,0,15.3,15.033646474351771
0,35,0,56.2,75.87427273561109
10,40,0,31.4,36.06193502704391
18,47,0,14.6,13.355070001195879
11,3,0,21.65,29.005035860401176
5,13,0,19.6,22.68874054169647
7,2,0,35.2,35.73233829460367
19,17,0,13.25,15.572833971205654
13,19,0,23.0,29.50825040739053
14,39,0,32.55,35.817483234632185
6,29,0,33.0,49.137829783065044
7,4,0,17.25,20.32337259620584
4,35,0,34.15,37.089188380670215
17,5,0,32.75,59.948991475648434
11,14,0,40.15,44.493967657366056
13,18,0,30.35,37.39444794140041
0,25,0,28.7,36.95103445599894
17,8,0,37.5,48.196418298895466
13,14,0,27.0,38.69720512143643
4,38,0,22.5,24.295332018614953
11,6,0,24.45,30.29586562031543
1,0,0,37.2,31.84601106971847
7,22,0,43.8,52.8638768317668
10,32,0,23.2,27.795493765792514
19,0,0,43.3,77.67618343922551
0,32,0,40.95,47.24123421891427
0,43,0,34.35,40.35797058170399
12,32,0,28.9,33.84624677940866
9,6,0,37.3,27.81726082848561
1,10,0,36.55,31.439959488389594
18,42,0,16.35,22.214919121593653
5,13,0,22.3,24.253268906099624
16,29,0,18.45,25.559991351617022
0,39,0,25.3,36.30006524570039
0,32,0,42.0,54.68666728689332
5,11,0,24.15,25.994483220382296
8,32,0,32.35,43.38842314670925
1,21,0,46.95,58.983026104304386
16,40,0,37.8,46.8531861524014
9,3,0,25.75,24.287477821860556
12,39,0,26.5,24.383989570380418
13,10,0,38.05,48.64314199512501
2,43,0,24.95,24.37530026805608
18,31,0,30.75,33.920766811094225
14,47,0,14.05,12.330855606972293
13,16,0,19.15,25.505984849793485
0,27,0,28.7,33.093328950902354
8,44,0,53.15,55.28040958794106
12,35,0,25.25,22.710709275350112
0,36,0,35.55,36.223683732578806
4,38,0,41.15,74.06133659978983
5,1,0,30.2,28.533636660135553
6,39,0,29.9,29.114836152905383
4,32,0,38.25,66.32366807835963
2,40,0,24.85,27.700038001113967
17,23,0,36.15,38.8428344675525
9,18,0,24.6,27.226921661434567
2,43,0,51.1,74.26616428693983
2,30,0,30.35,36.97691313864853
6,34,0,32.55,33.12253963057403
9,1,0,21.75,27.084419681316493
5,18,0,28.2,38.59860919228758
14,41,0,24.0,27.581458302730535
8,40,0,39.6,64.00032894652307
4,24,0,17.95,17.288496327418354
19,9,0,26.9,28.119856254779712
6,29,0,24.65,44.00870129274078
12,29,0,29.4,33.53458544626177
14,27,0,30.0,34.0587727318528
11,5,0,42.4,57.011910113035526
14,38,0,27.35,29.94780547271501
19,11,0,34.65,30.872019353248803
10,28,0,30.05,36.34407937014167
8,39,0,32.15,48.32921640058668
13,5,0,36.95,36.72440032114028
16,36,0,34.1,37.336168438716506
7,0,0,29.2,37.15628444401042
12,40,0,42.7,68.27583374580065
13,17,0,22.0,31.214031932348696
17,9,0,34.8,34.27074861345044
12,36,0,11.6,12.175903727401403
14,33,0,9.7,9.679604167635434
11,2,0,30.15,42.07421388076325
11,1,0,25.45,33.50172815652476
11,17,0,23.45,31.87884135780015
8,28,0,24.15,27.627741588178324
17,8,0,36.15,39.88968340442505
16,47,0,40.3,61.52115596751208
15,21,0,28.7,29.454871815783044
1,7,0,25.7,28.15763895604437
0,36,0,40.3,46.94240592134377
12,45,0,37.0,52.51766620060239
4,43,0,30.6,34.88990202276147
1,14,0,29.35,38.87940193388836
6,32,0,27.55,40.15820686917393
1,6,0,19.0,24.146482799342586
1,8,0,20.85,33.249099710803414
7,18,0,47.5,68.21753131671775
5,9,0,42.85,55.48947268579301
8,43,0,25.1,28.835102876437542
0,29,0,33.2,49.85726996558328
3,5,0,49.6,76.45459608916848
19,15,0,20.4,23.1047955833279
8,38,0,44.25,52.544592590734936
1,1,0,25.35,37.653929689378124
18,34,0,18.35,25.81365407767961
18,42,0,19.6,25.001894665046994
1,22,0,41.1,49.03371557569235
5,10,0,22.2,24.778173757096024
4,25,0,18.4,12.51693589543888
0,38,0,28.55,38.14166805614646
13,22,0,44.95,50.79108396683729
3,1,0,30.3,36.542837155432
14,30,0,20.8,24.429490375363955
9,19,0,16.35,20.445756219040202
3,9,0,31.25,41.66391218965603
15,3,0,33.7,45.729294998421224
18,41,0,30.25,25.412129304516647
9,10,0,35.65,49.521154437695664
12,45,0,32.95,31.08981048172333
8,26,0,53.05,57.935967375970115
11,22,0,37.25,65.79703640742491
18,36,0,15.7,25.160746369985468
15,2,0,17.1,19.883608695024204
6,40,0,32.4,34.99082586531564
12,24,0,31.45,57.2616110955949
6,41,0,26.95,35.69383700304578
0,41,0,37.25,27.51052430195435
2,37,0,28.65,30.307676637411433
15,20,0,39.05,57.02213328358144
4,38,0,23.55,30.834831637375014
10,35,0,29.75,30.813317353309913
14,29,0,28.35,43.449032452433634
2,41,0,21.15,22.250428736259632
12,33,0,25.65,31.876860110843975
13,9,0,20.95,21.07998551882055
19,4,0,28.2,26.924064759205557
14,32,0,26.25,31.066778668573047
11,1,0,29.95,44.74544963633615
16,33,0,30.6,47.553183522850446
11,3,0,21.55,28.381749139376986
10,45,0,25.4,38.101526423353086
18,26,0,21.85,25.271733741787273
17,18,0,21.75,26.83453195535853
17,23,0,26.7,22.36091514933567
11,11,0,16.45,18.426168462556895
19,6,0,23.8,21.59824554278231
5,23,0,20.9,30.767207423352207
13,6,0,18.05,14.028073356853504
15,6,0,41.2,51.89321018358659
19,16,0,26.55,27.356275138872327
0,35,0,34.5,38.38516709135938
17,21,0,40.85,59.09962596729088
18,44,0,15.8,17.298007186713125
16,36,0,15.7,19.91587570917126
8,43,0,14.55,16.359368794926684
4,27,0,25.5,29.702914973024733
7,10,0,27.45,28.173288954722977
19,10,0,24.45,30.410308155381507
12,27,0,24.45,28.01216840852147
10,37,0,34.6,39.94917824067553
9,19,0,23.6,22.887367234947938
13,15,0,29.55,24.65440069610719
12,45,0,33.4,37.18998167305418
17,23,0,29.65,29.008664767254412
19,19,0,38.2,41.96188746946448
4,32,0,28.8,42.66219823092496
6,38,0,28.0,24.501342605532543
12,27,0,22.75,27.06886928208355
7,0,0,43.1,47.30071769790435
12,27,0,36.9,38.413128238307166
7,17,0,25.6,25.60509817656591
14,46,0,29.1,30.599105594083866
4,39,0,18.25,23.799325510124067
18,35,0,29.8,35.277247774256935
1,18,0,20.5,24.031777208302213
11,17,0,40.35,51.65194753550467
7,2,0,27.35,27.303894073537336
9,9,0,23.55,26.196574705785284
5,16,0,27.5,24.023015280307646
12,35,0,21.65,33.66284067195256
18,43,0,15.55,18.602419197512994
2,41,0,20.65,22.16036053288322
6,42,0,29.3,43.36272957032887
13,17,0,27.5,45.330946789606166
3,4,0,47.45,46.86427772105092
8,28,0,21.0,29.367006191159135
12,46,0,37.65,51.006991264872084
1,0,0,35.75,39.097550064583736
11,10,0,26.9,35.21946232292295
9,21,0,29.75,30.017319561949737
5,10,0,32.8,31.572139617073788
2,42,0,34.5,30.4138126514911
9,10,0,26.2,34.88567795408009
6,46,0,45.05,52.26498777736795
17,1,0,27.1,27.39170062551602
8,29,0,23.05,24.900803199896988
4,34,0,29.2,50.39695061785928
16,31,0,33.8,43.974394463381216
10,25,0,26.9,26.303691956193447
8,24,0,32.65,27.187990769920148
17,12,0,44.0,66.10119833295484
6,31,0,40.1,43.46916632571451
7,14,0,38.25,33.86486302007467
11,10,0,25.8,28.132393764970807
2,42,0,34.2,45.1227565414031
15,10,0,34.75,40.397856899905754
16,25,0,30.2,29.805686493829008
8,28,0,49.95,51.85351330532256
15,21,0,44.15,65.14782785085171
13,1,0,25.7,27.197329590276055
18,29,0,32.5,35.73071802421994
13,5,0,15.7,34.2254137647512
12,46,0,25.45,25.54969358143583
0,32,0,26.45,33.96821269487417
16,44,0,19.4,18.169957854135287
16,33,0,24.3,30.880244067756497
17,12,0,33.35,44.41345813104284
16,37,0,36.0,44.339598554790726
0,41,0,35.2,52.52127388522022
19,12,0,16.9,20.626758298257553
7,5,0,29.8,37.37942017516563
10,31,0,27.4,38.48772873472653
7,6,0,31.65,35.01319300221741
4,34,0,15.6,15.476297666873826
2,33,0,27.5,30.474320509673642
10,27,0,21.05,23.899955956797122
13,12,0,31.85,24.698764085848932
15,20,0,20.55,19.959102922568544
7,23,0,30.0,41.014759859296866
10,34,0,52.6,66.222432198733
13,1,0,17.35,16.993110058893993
14,39,0,30.05,31.187843448166923
13,12,0,41.75,51.377729150202605
0,38,0,32.95,32.70196356570399
17,6,0,33.4,34.11497587493458
17,10,0,28.5,38.39202219760054
14,46,0,28.25,23.49888015248924
14,27,0,20.9,19.601020381602584
9,20,0,28.35,42.62600515869948
4,46,0,28.85,35.65813555948975
14,27,0,16.3,12.384625443202594
0,39,0,28.0,30.208050512892648
10,29,0,33.15,37.04517157258291
12,40,0,28.0,37.66193107942792
0,30,0,32.6,35.396104454110706
19,1,0,26.3,39.81681739376493
18,44,0,23.05,21.286207543358852
18,46,0,28.05,28.847101468915294
19,19,0,21.5,29.323064390734437
15,20,0,38.45,72.0186196684397
19,2,0,29.35,37.953260729481464
16,29,0,24.3,37.22774856418119
0,43,0,33.8,29.310677055873075
8,37,0,31.7,47.9397648370492
8,33,0,35.95,39.36532671486953
19,1,0,21.45,25.44855491709541
10,32,0,26.35,22.398954392889344
16,46,0,29.65,36.15649464844674
10,31,0,26.4,33.269869409517014
2,40,0,31.75,34.69396276921359
11,8,0,32.85,31.914812597881486
11,22,0,27.75,36.67621486525164
8,26,0,24.95,26.440549002979257
1,12,0,48.35,58.45490839775112
11,9,0,29.15,25.901178595414898
6,38,0,24.6,28.899826989101506
15,16,0,24.05,35.13354222781534
15,18,0,18.1,19.654649911862965
13,1,0,25.45,23.751952828302237
18,39,0,22.85,26.86471957595569
6,38,0,26.5,41.72655345410036
12,44,0,27.1,53.11744683147654
4,30,0,28.65,41.185427928870794
10,27,0,42.0,79.72716634016024
8,31,0,23.95,37.33134001570827
4,25,0,26.9,24.122276230205056
18,27,0,33.6,47.22443613661315
8,40,0,20.0,20.209429794815563
1,21,0,41.9,55.57062836465056
12,32,0,32.75,31.933936741176673
10,33,0,40.7,40.4762438448712
8,44,0,29.25,28.26914814496725
11,10,0,27.75,40.056374747282575
17,23,0,24.1,28.454765579960878
11,14,0,22.6,35.27545739939941
18,32,0,16.55,17.15402361884201
11,18,0,28.5,30.73057794856178
19,9,0,27.85,45.824924268464706
5,3,0,28.95,32.57133870848968
0,25,0,31.4,24.34272829928132
7,16,0,29.35,29.351365071814758
14,35,0,43.15,60.10541178892121
5,17,0,31.4,38.59288180890084
12,28,0,16.95,23.50694186382979
6,28,0,17.85,21.467907504728515
18,41,0,23.15,28.72056845940865
15,20,0,28.5,23.272979588943233
7,13,0,34.1,46.874861403303875
15,20,0,36.35,46.766244011545
9,19,0,34.5,28.03663017516455
6,46,0,50.95,61.95539567004297
11,20,0,26.25,29.298598852792296
7,10,0,27.8,24.353968659618584
8,26,0,41.3,49.045735905645415
14,33,0,26.8,22.6032135582066
19,19,0,29.3,37.660673331599824
2,42,0,60.8,56.05223128100207
14,46,0,17.7,20.95132202837907
8,30,0,20.8,27.287166831391833
4,47,0,27.65,26.394327540511227
8,29,0,29.4,30.955655889981514
8,31,0,26.05,34.006926539038766
18,41,0,33.0,30.218502523070896
1,22,0,25.25,31.19526785975888
6,33,0,30.0,39.117905443873006
16,37,0,28.35,35.776021078517466
7,20,0,28.6,27.50961554381342
12,45,0,52.4,70.27195292875425
14,29,0,38.65,51.815741359470856
18,42,0,51.7,39.44629927275548
7,20,0,31.95,29.412627077140648
19,22,0,19.55,21.854723685474063
6,44,0,36.35,75.23106511205818
3,18,0,39.35,59.25171549814979
5,19,0,29.1,37.63942501937927
5,2,0,22.65,22.30948582766391
17,2,0,38.5,37.62208198161791
0,30,0,19.2,16.725650014903835
9,4,0,24.15,27.58770702590863
8,34,0,41.2,106.9552784061982
11,21,0,35.6,38.501401204850225
1,19,0,40.8,47.209053547408736
19,7,0,26.65,38.720693501836436
14,30,0,28.85,23.680493860426225
17,17,0,19.3,29.299003036747997
1,11,0,26.65,23.46167086973986
4,31,0,35.6,52.24476805837771
3,23,0,32.45,31.976101273163042
2,24,0,30.6,29.548176540052438
10,46,0,34.75,58.323846346340865
12,35,0,29.3,44.0120796815458
1,5,0,34.4,34.443546488955555
17,13,0,39.3,38.27064286451375
6,33,0,32.9,44.30623099816952
10,33,0,22.35,24.30134282622865
3,3,0,36.1,33.51024980666756
9,7,0,18.7,28.842767952432975
18,24,0,25.8,34.75568866727923
10,43,0,23.0,27.36690279189541
12,41,0,37.25,41.27682540832657
8,37,0,27.3,30.645854875539552
14,36,0,49.5,46.11370386566803
16,27,0,34.1,77.93985535418692
12,43,0,16.55,19.725684565534028
7,21,0,34.75,40.33266274634649
11,14,0,19.95,18.468964009357627
13,2,0,23.95,29.126719511020873
17,21,0,41.6,51.35367562307493
10,33,0,32.35,27.545703648185942
12,35,0,21.3,30.187309986325815
17,7,0,26.3,30.544359458611048
12,27,0,28.5,29.59996443810097
13,5,0,25.5,27.889820818053995
0,38,0,18.65,25.639761473560018
5,16,0,21.65,20.757433671616994
6,25,0,39.55,35.942168461073834
7,6,0,31.8,24.690931640243104
1,7,0,43.0,53.581222162442806
1,12,0,32.9,34.421382583321204
2,30,0,18.15,21.487511672940094
9,10,0,26.95,28.573957594837626
18,35,0,34.55,41.55715784821013
18,33,0,22.35,30.340653637617873
4,38,0,21.0,21.923311313471068
15,22,0,26.7,34.18078869466698
5,7,0,64.25,83.37163155035662
0,30,0,37.8,41.580106579443665
17,0,0,31.15,46.57904995528399
15,10,0,22.9,18.433093808919356
19,12,0,36.3,29.454871815783047
3,21,0,32.05,37.90635969416159
10,25,0,30.85,31.41617920418512
12,26,0,17.7,18.553195213536103
12,27,0,13.35,13.503508316067542
8,27,0,31.9,30.32265090480608
18,40,0,26.2,24.82698023055605
17,8,0,27.1,38.39668297077099
12,31,0,37.85,44.26032439769815
4,40,0,28.1,35.55707050866107
5,13,0,25.6,25.240735663647072
17,21,0,21.45,23.840423433187677
18,28,0,24.0,31.953914182443242
17,15,0,30.45,36.81171867189778
9,2,0,29.55,42.45427881231389
4,46,0,12.65,13.838447585583701
8,31,0,36.4,37.4579061993874
4,29,0,24.15,16.983815825661797
6,31,0,24.95,48.39038073179856
14,42,0,27.75,30.192147811536763
18,37,0,39.7,52.05776144165047
15,16,0,47.6,105.59326134799163
7,4,0,26.9,33.232672572572156
7,21,0,41.25,51.92897477374873
16,29,0,21.3,37.020762311239125
11,17,0,15.8,22.59855607869904
4,35,0,26.65,29.51587440861719
3,4,0,34.95,34.87341771547341
19,4,0,19.95,29.860156519489664
10,42,0,25.25,22.860849088619425
8,37,0,35.55,42.700271168866564
18,47,0,23.95,32.89452842039235
6,28,0,22.8,26.319094529297644
5,18,0,20.35,23.283775693094018
2,47,0,40.85,35.49392090277758
5,4,0,21.1,22.533950993299445
9,20,0,18.2,16.510283876548293
18,26,0,20.3,26.449753754698936
2,47,0,48.05,84.22118435843112
13,5,0,23.85,29.40690037174411
12,38,0,23.55,27.413932301122475
8,45,0,42.8,43.459115693282406
17,0,0,23.45,30.182732951491527
12,24,0,21.0,29.427877939124322
3,20,0,45.6,44.819403692691196
9,19,0,32.05,48.69288827355647
18,30,0,26.9,28.81319142337412
10,43,0,27.6,27.859421537803915
17,0,0,41.7,65.27843199871245
16,29,0,42.35,47.368960523243814
2,40,0,26.05,21.902835673179755
15,3,0,35.25,29.25545383253127
17,2,0,33.2,34.02259311259598
19,2,0,24.45,33.02068729559826
15,1,0,39.45,45.38777368411013
15,17,0,35.55,51.32197128756947
2,27,0,22.65,20.412264115374107
5,4,0,29.25,29.666346341657206
4,37,0,20.9,26.323693549828132
8,25,0,24.45,26.482317834637072
6,24,0,38.35,43.86255446517594
2,45,0,32.3,42.28736280062377
9,19,0,39.0,66.93751996412301
2,34,0,25.25,27.85465093924834
17,14,0,41.3,59.37578808341255
17,14,0,26.3,26.48952126487199
16,25,0,41.45,36.2715997354462
12,35,0,27.75,30.2513592561079
14,44,0,32.95,39.888627847783226
7,5,0,26.0,33.494697145102016
6,33,0,20.9,23.741812993335753
13,17,0,22.65,22.103286252453383
17,8,0,34.7,50.147256838445834
1,23,0,22.9,26.13910158324014
8,38,0,30.65,39.598345260483065
3,21,0,33.75,39.24937143311644
1,21,0,37.5,46.146790958738116
19,11,0,36.45,45.87795594951091
3,13,0,26.7,32.24429774149385
13,13,0,24.7,23.220000453329703
2,30,0,15.5,21.66126788338553
13,9,0,28.3,29.35643030070243
10,35,0,22.15,32.81892105093293
19,22,0,24.1,24.18764364842425
3,3,0,38.65,43.63518015739618
0,47,0,32.35,35.23944410816708
6,32,0,26.35,34.44029922236908
1,20,0,21.2,22.25829236368703
9,7,0,21.65,23.546761985462034
16,35,0,24.6,30.601685540092994
17,13,0,29.05,42.275381662816976
6,46,0,43.45,62.35085362181035
12,45,0,21.4,19.537817580002983
14,45,0,35.3,45.54246139015417
16,40,0,19.95,19.400149212665458
13,13,0,31.4,44.818229373889
6,38,0,42.4,47.33241906702891
16,43,0,22.75,30.35210042155238
11,8,0,33.05,22.38532178859503
0,27,0,19.85,30.972441060774624
11,20,0,40.05,46.50011318605353
5,5,0,19.65,18.091216246100146
5,4,0,28.2,25.42605377415685
18,43,0,25.2,28.20526266683689
1,19,0,25.65,31.454687542893392
17,9,0,40.05,52.24081384874231
16,42,0,22.2,22.163507227683507
17,23,0,20.85,32.193943529800755
8,42,0,19.15,29.090195490649606
14,32,0,37.5,51.47457215895406
16,38,0,32.45,49.27631543812803
0,46,0,33.6,24.046884030554715
11,11,0,28.7,26.827126883848468
15,13,0,33.95,47.362515713767166
12,33,0,26.8,23.743364724087705
19,19,0,34.1,27.548808360894
18,46,0,16.75,15.053850705139585
7,7,0,21.9,40.84231551763569
16,40,0,25.45,24.13879820843135
17,14,0,20.7,17.681688416640473
15,8,0,37.6,39.73120210933255
1,19,0,21.45,29.96396959156464
7,15,0,36.05,38.93648674444062
19,8,0,25.5,28.374376876997577
18,47,0,23.35,22.56283623455545
9,6,0,50.3,50.95002711636074
12,43,0,17.75,19.769394208432917
0,24,0,36.65,31.593262106441554
16,42,0,15.25,17.115320929690913
8,42,0,33.7,56.98023664763997
5,12,0,16.7,18.77035736978584
15,17,0,18.45,17.972127542977557
3,16,0,23.75,26.072520319092163
8,26,0,20.75,22.400364188768755
6,28,0,29.8,33.06866858682495
3,22,0,25.35,23.056623662991985
13,2,0,21.8,34.84491958740372
7,21,0,27.1,52.17773269771009
5,22,0,23.85,21.851833597639978
0,32,0,41.4,53.582597331989284
7,1,0,20.5,24.95364122781114
2,43,0,18.35,24.348943562947014
7,6,0,25.4,34.62186713928823
5,16,0,38.35,49.703621598430836
9,16,0,37.7,42.141490993531484
9,18,0,37.75,33.63406011768428
18,35,0,10.7,14.611098881546036
16,27,0,23.6,28.95986333204158
12,42,0,27.4,24.05344925478738
5,20,0,26.85,27.38281251173136
4,36,0,27.7,27.413212335045955
1,4,0,33.7,36.775420853436444
9,12,0,15.6,11.554903265440355
16,25,0,41.4,68.65504926422881
18,35,0,14.6,15.792736504981951
6,38,0,48.2,67.02835221009092
10,40,0,29.05,40.78760776716895
10,36,0,14.55,15.611989319952658
9,21,0,18.2,24.312872916907292
7,20,0,24.25,23.137745420803096
9,20,0,27.2,33.044786195962025
19,7,0,23.1,22.764006677208652
0,40,0,27.8,30.381088300384988
19,14,0,28.65,42.637116274562075
2,42,0,15.35,18.91052338611605
18,33,0,16.8,20.182326818022585
8,44,0,35.8,34.85247102921262
13,16,0,19.2,19.105248658831673
11,13,0,29.3,37.79459721901225
1,3,0,31.8,37.46802145268612
0,36,0,24.75,27.43389183205021
3,1,0,30.75,34.662090622404605
16,25,0,35.95,31.48011067993651
4,37,0,26.95,35.08557208342273
10,37,0,29.25,40.153488411082634
17,3,0,26.45,24.24540108317886
6,36,0,17.7,22.59273287912218
14,33,0,38.5,40.63120397972604
6,29,0,23.9,37.55403125042496
16,46,0,42.65,62.34561986049601
16,26,0,33.25,46.168883346618685
13,10,0,35.15,40.066096706107494
2,31,0,31.15,39.398470448536585
19,9,0,26.75,35.4146490653381
3,7,0,36.45,49.43839867105219
6,26,0,17.65,23.693825533692372
12,41,0,28.4,37.20837483544178
16,25,0,36.05,34.14593294730875
3,21,0,26.55,37.57725375809147
5,4,0,29.8,38.02298473845856
7,13,0,44.25,57.59831412006504
18,36,0,32.3,43.5564968868323
8,33,0,38.75,45.67836641009327
3,16,0,17.25,17.23483314930001
19,4,0,29.5,39.30380991308871
19,1,0,42.2,42.40853935855745
9,14,0,27.25,25.158183768434395
9,6,0,40.85,35.53245366081401
17,8,0,31.8,57.38751010271724
13,12,0,37.55,47.210029041563445
8,32,0,35.85,43.217047075138495
18,26,0,49.0,74.8465096046569
4,45,0,29.85,21.066998387350573
8,33,0,28.2,33.04319342283593
3,9,0,22.4,26.693977243053002
5,20,0,25.9,41.010781637592764
10,43,0,15.85,15.394035071724167
6,24,0,44.9,44.07875726589015
1,11,0,23.7,30.447711866324813
17,16,0,30.95,35.271092979946054
13,2,0,27.75,28.907975588608398
16,39,0,15.5,18.394793313669812
1,9,0,28.5,43.36928333327755
8,32,0,39.25,62.02365847421705
6,47,0,24.9,31.004074435127837
16,45,0,26.9,27.000779715837055
7,19,0,37.9,33.923908662584395
13,8,0,48.8,82.84583018442974
17,0,0,41.9,60.10508341755778
19,5,0,31.8,43.37547208904323
17,11,0,34.85,38.1979263697307
19,1,0,22.15,22.681490250863146
14,25,0,32.65,37.83381250179597
5,23,0,19.55,17.16322568136519
14,44,0,20.45,30.217588116508363
1,2,0,34.45,40.78889812836718
1,19,0,39.05,47.55769349459997
10,30,0,29.45,35.396215973789594
4,44,0,30.45,34.84170972903174
1,8,0,29.25,26.726440682944432
12,28,0,33.85,31.731231501969454
0,27,0,27.35,32.72577448723672
15,3,0,19.65,22.1199481297574
9,4,0,25.75,31.585931245280374
5,15,0,26.8,22.277200995873027
1,14,0,36.9,59.568536378828284
5,4,0,28.1,27.80742044093532
1,12,0,23.65,24.839007946966674
9,8,0,34.85,33.29813492485254
8,35,0,25.45,33.00952813004786
13,18,0,29.3,34.00170274374042
2,44,0,44.25,52.231141144562
10,35,0,25.8,29.437891800946115
10,34,0,23.3,29.76239237695787
5,2,0,31.1,39.549968394424795
7,3,0,22.1,25.731201620641528
17,20,0,29.9,41.14659287551228
17,7,0,16.55,20.58991833014656
12,33,0,31.8,40.32186294777249
19,15,0,18.75,16.86751783442771
7,15,0,28.2,30.464129035551586
6,47,0,26.05,30.64306395289238
17,11,0,9.45,7.989960806174867
13,6,0,26.25,29.076803921954514
5,21,0,21.45,22.22013074953241
4,44,0,12.3,12.48620291193022
7,22,0,33.75,39.34981441807372
14,47,0,23.95,32.132087585956484
4,25,0,34.75,39.612431594666155
7,19,0,28.0,30.48209137734552
4,42,0,22.2,27.312229765012635
13,0,0,25.55,34.971379275359624
11,18,0,27.55,27.348578333107284
18,38,0,23.15,19.615447725547437
2,40,0,40.1,44.904459982453744
12,37,0,26.15,32.16450315422103
17,1,0,27.85,29.302909860895884
2,35,0,51.3,53.10079789270689
9,6,0,18.05,20.625673832692875
16,46,0,20.0,23.868058373615472
13,19,0,23.6,33.66459955439682
4,33,0,31.35,38.844189432031904
12,26,0,27.45,34.20907081924017
15,13,0,24.4,46.02447861278765
13,0,0,29.7,27.222475234532528
12,41,0,28.25,36.39530767904884
12,30,0,27.85,26.354416388110263
5,13,0,28.3,34.38497223773015
4,43,0,34.55,38.55341475762795
18,27,0,20.95,15.4697497683297
18,28,0,27.5,53.298069482170895
3,12,0,44.2,65.2756100175088
6,31,0,25.55,29.646114505330335
16,42,0,23.75,23.36636133644396
14,35,0,23.2,21.60311868323889
9,9,0,14.55,9.500554000466998
12,44,0,28.25,39.61110290921234
3,4,0,42.15,50.82609669513446
1,18,0,45.1,79.1573383239123
16,44,0,38.05,95.25062508428682
2,40,0,37.35,40.72924075687612
11,4,0,15.3,27.906045374095065
5,10,0,35.9,45.35230511172909
4,31,0,17.5,16.633827296395612
16,45,0,30.05,48.13410542705824
14,34,0,25.1,38.21394069129608
17,11,0,22.75,26.64952848402862
13,22,0,28.0,28.782304505226453
4,27,0,41.65,34.74913857319268
11,21,0,38.55,36.088305439209584
17,6,0,20.55,23.052514419312953
18,25,0,27.35,31.305414026465478
3,21,0,22.3,38.2307399050059
7,6,0,25.55,39.188444859758285
8,24,0,28.2,30.952595333747652
0,35,0,38.05,53.75233165077341
4,26,0,24.0,26.473422620869368
14,25,0,20.4,22.988326557075375
4,35,0,32.4,34.82497591339327
16,24,0,19.95,21.929252273234443
11,7,0,22.95,19.538019616284444
5,1,0,27.8,23.92884187929309
18,36,0,14.5,21.989231814446672
14,33,0,32.0,58.61740355901138
1,7,0,32.35,40.32274400646026
4,30,0,31.25,34.48550420104076
12,42,0,24.4,24.74799300740844
13,13,0,27.15,31.88511449431834
4,41,0,24.9,42.49941176063499
11,4,0,49.1,40.673151625585824
6,45,0,29.05,29.82311890216433
5,15,0,42.75,58.450946595369494
16,44,0,16.15,22.930730931495216
15,14,0,20.0,23.848204169397388
12,33,0,39.95,34.414615928028084
11,2,0,34.4,56.66930850394938
12,39,0,26.9,31.670839983542557
4,40,0,23.15,15.838909452092306
11,4,0,24.15,38.994297828758185
7,15,0,28.9,25.70869195632604
7,18,0,20.8,33.19575115488188
18,34,0,46.2,70.43369408995878
13,5,0,20.95,27.28885448213919
12,34,0,41.45,43.7991528396804
9,15,0,25.25,36.790838390470036
16,28,0,19.75,23.752839165477727
4,40,0,25.4,50.648842663558405
1,5,0,31.9,40.9619849436806
7,11,0,31.25,24.95232295904795
8,46,0,20.05,25.850735508216967
15,4,0,28.7,22.438453835465488
13,17,0,24.85,27.100737997331365
8,35,0,32.85,33.77834092713071
18,43,0,32.2,32.45174555357052
4,30,0,30.55,28.23673419315231
3,0,0,40.35,45.24119571224532
2,32,0,29.3,26.38600107313685
11,1,0,27.55,31.37460421222369
11,16,0,24.8,27.36805667773635
8,45,0,23.45,19.22299883500299
7,2,0,33.95,47.70686257596601
11,6,0,29.75,55.298115509910176
17,4,0,35.05,35.62594412414697
6,46,0,28.35,39.96745386462656
7,0,0,32.7,45.11634083706607
18,41,0,29.75,28.380636467771286
4,24,0,40.5,61.14047672971517
16,45,0,27.95,38.33848554239213
9,7,0,22.15,22.94679200145185
11,6,0,29.5,35.02254912721832
9,15,0,51.15,56.63667679070459
17,16,0,21.25,33.373287458526974
14,29,0,21.55,20.26528013493444
8,33,0,27.45,20.919582867935514
11,5,0,29.15,40.36579453474256
19,22,0,39.75,47.8889889552692
16,37,0,22.05,27.39280543269864
5,2,0,24.45,37.12067802239212
13,11,0,30.45,26.636885782886225
5,23,0,29.45,31.921738179821173
5,9,0,30.9,26.55461105761206
8,29,0,21.95,29.263728222386227
0,37,0,32.2,18.676188047886004
14,41,0,30.35,42.538249042231946
9,13,0,35.6,31.194466445863522
6,24,0,42.0,44.04423613643567
13,23,0,31.6,48.74790143931165
15,14,0,28.15,44.77108441840559
17,13,0,31.7,29.707521641921982
10,32,0,37.1,46.42129729020143
19,4,0,24.0,23.099327855338586
8,34,0,38.6,39.660931326485645
2,37,0,23.65,19.53748084822444
19,5,0,34.85,46.15679798252907
16,41,0,22.0,20.71612644141858
13,6,0,26.8,36.03740746560587
6,26,0,25.65,21.489960936507806
19,8,0,30.3,31.79556407326094
13,20,0,24.7,30.154165287908842
4,24,0,21.45,30.92176035024356
18,34,0,13.65,17.15034141136309
6,44,0,29.1,29.431275881279767
2,38,0,36.4,42.22919917732155
12,46,0,33.4,37.34110194861478
13,14,0,33.65,60.125548471073174
14,43,0,29.8,31.06800689828008
9,17,0,16.95,19.31041442494588
16,25,0,24.9,23.993200791276816
19,21,0,37.05,29.030791275906743
1,9,0,33.6,37.34110194861477
9,18,0,35.05,44.604076990904396
7,10,0,31.4,34.493935393737964
15,13,0,38.7,32.6336926310346
6,35,0,40.75,43.165379646193315
18,46,0,28.45,26.719744325911975
9,10,0,16.35,14.995701138378923
5,1,0,42.55,60.433064320435506
6,32,0,13.05,14.569163542077133
12,24,0,30.8,33.831782005744394
19,23,0,31.1,29.586447822218236
14,40,0,29.2,31.339566382651686
6,47,0,48.5,48.12757170162169
18,42,0,29.35,47.20088647695642
8,27,0,20.9,21.083543095829132
9,22,0,22.2,24.173931152554008
9,13,0,24.85,24.413704089474443
14,27,0,20.1,19.793406664049044
17,17,0,47.65,46.169339336152966
8,40,0,37.45,51.07937579472705
12,46,0,27.45,32.97443188130368
6,39,0,24.55,31.72326889640606
1,11,0,39.05,31.595261137008976
2,44,0,32.25,42.19238519473689
13,2,0,28.1,29.920772576572077
7,16,0,24.45,38.69105023672856
17,21,0,38.85,46.33206801250932
6,25,0,33.9,33.26433209120069
11,7,0,20.25,21.90860201165887
2,28,0,23.4,26.20847592910194
4,42,0,28.7,28.968403840264163
19,9,0,37.0,50.76053170473462
4,30,0,37.35,34.28867390108193
0,29,0,25.1,27.119423996367193
2,42,0,17.35,19.45379140424817
4,46,0,32.6,36.400404856048105
0,24,0,28.85,33.94620357038627
12,40,0,20.9,24.56977175739584
5,7,0,26.85,27.879958846152512
17,4,0,16.4,17.15686144773694
12,39,0,19.7,25.86422035818675
19,5,0,33.3,39.84588732657494
18,28,0,33.5,43.05626673625057
14,43,0,19.65,23.475126814297905
18,43,0,19.3,20.588959739576325
12,42,0,27.05,32.290580343923345
4,25,0,24.7,34.83358935522466
9,2,0,30.05,33.103466188364784
10,47,0,25.9,32.51380273700775
3,18,0,51.1,67.56120032587997
9,11,0,28.2,28.53179205543768
7,1,0,20.0,19.569041070554597
19,23,0,21.2,21.214692029222032
15,6,0,17.6,25.607153605769497
6,35,0,28.55,26.80823714732784
14,46,0,22.5,31.181134647327006
13,22,0,39.65,44.123361755781694
10,24,0,19.3,22.231083028759052
14,32,0,33.3,51.007842534261336
10,44,0,30.45,38.7399902181875
3,5,0,28.15,27.97607060178018
11,19,0,39.15,50.68403153490831
0,38,0,19.05,20.043308372779077
19,18,0,30.65,46.42625731653428
5,18,0,23.6,26.34068296281189
10,30,0,22.15,34.24259428194504
10,40,0,23.95,38.21748704179114
17,18,0,34.55,32.806409835820034
1,8,0,32.5,40.510557428377794
4,46,0,43.1,45.125439201828215
16,36,0,37.4,54.11722169707649
8,32,0,28.3,46.604833722649296
5,8,0,35.35,48.93957068617754
13,6,0,25.65,27.94783674897519
2,31,0,27.65,36.630839753582386
5,1,0,26.3,26.533196684828415
11,7,0,35.35,31.546582098624615
12,44,0,21.8,22.83718113308346
1,3,0,31.7,40.577541104720275
4,46,0,32.2,31.06631277563664
18,38,0,21.15,25.49979360081588
11,18,0,31.95,25.950306762206715
10,37,0,29.65,35.36021403840912
0,25,0,35.1,26.570462428874105
1,18,0,30.25,34.06167007680411
10,31,0,29.8,25.560248742715192
0,41,0,30.6,35.72320490131103
13,9,0,26.25,26.357611504279486
17,3,0,22.0,23.76862150864144
13,15,0,29.9,33.964222662275546
6,26,0,18.9,26.70284826124655
18,24,0,38.8,41.94557877711748
16,32,0,18.65,17.99495543347167
19,8,0,16.45,22.127560809280833
6,43,0,35.1,52.217057104279434
1,6,0,33.2,29.941346170910816
5,20,0,45.75,50.91362654949117
16,38,0,19.6,24.73948474126245
1,9,0,32.05,34.73277687536205
17,22,0,44.95,52.14299670390222
4,35,0,30.55,30.84336489254596
3,21,0,20.3,20.6068460775335
6,33,0,27.1,23.43613943419324
15,2,0,32.8,34.55978801104574
6,45,0,35.8,29.623248338176268
14,26,0,16.15,10.332753237820219
10,32,0,22.6,20.717142660125695
6,36,0,28.35,37.697235693713246
15,14,0,17.15,18.494024639553746
9,10,0,27.3,28.864656953662756
19,21,0,38.15,62.432510930224744
1,0,0,37.6,49.84861292479778
16,39,0,20.2,31.850968753341178
18,36,0,29.35,35.56502569423476
2,31,0,21.9,24.034843128477583
19,13,0,31.05,53.40360228338633
7,18,0,16.65,22.565168780783875
9,5,0,24.2,28.02743017305124
3,10,0,37.0,55.50438579162247
7,3,0,21.75,23.384373999926122
3,2,0,36.9,59.01730343944188
6,31,0,24.15,22.450589020522848
6,28,0,34.85,40.91747149671165
9,6,0,25.65,25.24672985598437
13,4,0,34.25,33.926972657226734
6,46,0,25.4,33.03490976463981
7,5,0,41.75,42.05869958196896
9,10,0,25.7,30.59600937170866
12,30,0,25.1,22.74087439877923
2,40,0,30.95,37.92995622126881
5,22,0,57.8,66.20112894569255
6,42,0,35.1,73.38786648600994
11,18,0,15.3,15.424177876240106
15,13,0,27.85,34.19491344137543
5,13,0,30.0,25.680219707209016
5,4,0,26.75,31.49415150384859
8,27,0,32.95,31.214832843917076
10,47,0,22.3,18.638104715029932
1,14,0,43.3,45.47885570008851
1,21,0,28.75,21.188067644934396
7,9,0,19.85,22.266980510447116
19,18,0,23.45,28.73375971515773
12,37,0,19.4,21.132165555205923
7,14,0,29.1,25.327122969155752
5,7,0,40.6,53.95651270382376
10,38,0,28.1,32.13114573612011
9,5,0,41.95,50.40412994774807
17,1,0,26.65,21.278293857207732
15,5,0,12.75,12.147666009307475
8,28,0,23.9,20.157015234351903
14,25,0,26.55,29.633684603131865
11,3,0,33.25,38.198753079676635
1,8,0,28.45,27.488705814723634
11,19,0,21.35,15.915153322012262
0,31,0,26.55,31.739855403776367
3,12,0,23.3,24.113983713321108
19,21,0,27.15,22.939910062687918
15,15,0,21.45,21.02999111544723
7,8,0,27.1,24.88901681253675
7,15,0,29.8,27.83144756717139
4,34,0,26.75,35.80484383578936
5,18,0,29.75,34.194297770242336
3,13,0,22.05,16.75355421835523
7,10,0,29.75,34.2266055330614
19,4,0,28.55,31.729904539806974
10,31,0,27.05,25.278397267648373
14,45,0,47.55,61.38358686849527
4,24,0,53.3,72.72087950368501
19,22,0,35.5,45.34371656116146
13,10,0,33.4,36.965702453689914
2,25,0,27.15,29.2039561126841
18,38,0,26.85,25.19455872750472
6,33,0,29.7,30.25523008288684
15,15,0,42.75,69.27054131979078
8,32,0,26.2,27.38343717612797
13,16,0,21.5,23.327192174302546
18,25,0,22.5,25.243029261873257
10,47,0,28.35,29.270561823676776
3,1,0,42.6,57.677323830171986
12,24,0,17.7,21.779033858035895
8,35,0,24.15,30.458384032885537
6,46,0,37.35,33.490414968119495
1,11,0,24.95,31.478438736112025
13,21,0,27.75,35.36854832370585
7,21,0,26.0,28.349324692597456
12,26,0,25.0,31.357027249003323
9,2,0,34.5,36.0358009119878
17,18,0,22.3,23.693436799426564
11,23,0,29.95,37.7756187033522
14,33,0,18.0,22.785036641112562
11,11,0,15.2,16.678381847548387
17,1,0,28.3,41.61995978652044
13,14,0,27.95,31.870585349602784
8,34,0,26.85,27.357814240176424
11,7,0,22.6,44.599268344246475
15,6,0,22.7,27.472665841178436
9,16,0,20.8,19.643131918789003
4,47,0,17.65,21.091966542538866
12,38,0,15.95,19.03590789727887
10,42,0,37.65,36.3365482240967
17,11,0,22.25,37.53717455648747
8,24,0,26.2,26.712110401562494
13,8,0,12.4,11.979807572481462
8,46,0,29.75,30.755187837946437
17,13,0,20.15,30.347591597843042
12,32,0,31.15,34.580607586516344
16,33,0,25.1,30.770628510762794
7,23,0,33.1,39.986708317955646
3,10,0,27.95,29.84605237054414
8,31,0,30.1,31.098993045130136
19,23,0,34.15,48.33575009081896
11,0,0,18.75,15.800982647657676
11,21,0,16.25,16.82690514747454
2,25,0,23.7,34.943714139952796
17,15,0,18.55,15.53425755852969
2,25,0,18.6,23.506773939710047
9,23,0,51.7,72.78309520327109
3,18,0,19.65,22.069924760799896
9,21,0,24.75,37.29664158720206
13,8,0,34.05,36.07371838187376
18,42,0,32.55,34.216762589486216
15,23,0,22.3,32.7447866481304
17,0,0,41.95,50.383241783668296
14,31,0,31.3,37.29131407262498
6,40,0,40.3,40.57235252574941
17,6,0,29.65,39.77340423210624
18,45,0,19.95,18.059769188942994
0,47,0,38.8,63.64754925616375
13,23,0,24.6,22.039199526967252
0,30,0,19.6,27.371518043396858
2,38,0,31.55,29.07245938576305
0,27,0,21.7,23.210932088588184
0,25,0,29.6,34.359400766786244
3,1,0,40.4,46.74161900670986
16,25,0,37.05,47.99503812073209
14,28,0,19.05,19.6615440845696
5,4,0,32.9,37.310785797703396
17,11,0,25.9,28.860645212906505
9,1,0,54.8,77.68736265178188
17,20,0,30.35,43.19999390838163
3,8,0,28.25,28.918897482078176
15,7,0,38.8,38.54948972288397
12,44,0,9.95,14.561936684383706
6,36,0,32.05,34.35951565126426
0,34,0,43.55,57.12080918636625
2,47,0,31.55,42.97303315973133
6,37,0,23.15,23.65603294588596
13,15,0,13.8,26.381013906535934
18,27,0,15.7,20.59151588193034
3,12,0,34.45,45.03738213388611
8,43,0,33.75,37.99290099894703
6,47,0,31.45,37.920241782484794
5,4,0,33.1,47.475090421465396
8,42,0,42.85,51.847219891970255
5,20,0,31.8,42.110881204143354
17,6,0,25.7,31.138231704517366
1,21,0,24.05,34.29205063629332
18,47,0,18.5,21.960490839112335
17,19,0,18.9,20.203960007879644
19,6,0,26.85,40.81959668693715
13,8,0,27.65,39.16265003667061
3,18,0,21.05,22.523613340109016
17,9,0,33.35,37.655327434647624
0,28,0,34.95,48.65504247141027
12,31,0,36.75,37.99428627403973
16,45,0,22.35,36.765651876374186
16,38,0,26.3,31.779006642088337
7,7,0,19.85,21.129363454680785
2,28,0,32.45,39.11181676330462
5,6,0,24.05,20.9497519141196
13,2,0,19.0,40.864345545256256
19,5,0,17.0,18.035053587243283
6,28,0,27.6,27.981949068715895
4,31,0,19.8,24.669606273392578
13,17,0,28.75,49.84594688690979
0,41,0,38.55,63.37978674957067
13,10,0,51.25,59.04848587568123
16,36,0,23.25,28.489841218082965
0,44,0,30.55,27.232865206739103
17,23,0,31.85,40.13696943952637
2,29,0,29.35,47.38118102991391
13,1,0,29.85,33.247516725630085
15,18,0,26.05,22.246170575250876
0,45,0,25.7,32.55618625020281
8,46,0,36.35,57.58222953216328
8,43,0,28.6,34.28119017770533
15,19,0,23.8,30.32907238243444
16,32,0,38.9,41.9835807504741
18,44,0,18.95,22.51893939729284
15,6,0,29.2,55.59117688418209
16,28,0,19.0,17.603827335045786
18,40,0,25.25,33.00857145460379
6,40,0,28.05,25.002052547319938
1,1,0,32.15,36.20886050329903
10,38,0,23.6,32.93598256266877
4,33,0,37.85,42.79482875793584
15,8,0,26.05,26.23271360644748
2,43,0,21.95,23.155026736281144
16,28,0,27.65,30.08107465885451
11,7,0,34.35,35.787788273008495
7,0,0,23.6,23.184386760785465
14,46,0,20.2,28.57602970470549
7,1,0,42.7,43.809515909337854
2,38,0,24.6,20.6356870238761
0,45,0,47.8,47.35376381417238
19,13,0,20.05,21.069996128193885
1,5,0,31.05,26.10802457805686
14,25,0,30.95,47.9906515019222
8,28,0,22.95,32.85610573714612
14,27,0,17.35,21.38685036233836
17,5,0,28.95,32.66814801510551
15,2,0,28.5,35.69239930883118
4,40,0,30.8,37.290608384474105
17,12,0,26.75,24.380481839718467
16,26,0,27.3,27.48607302846872
19,16,0,35.3,29.419113013928815
16,26,0,41.25,86.34927543657244
12,37,0,41.0,36.33035558375537
6,31,0,29.4,30.838117220158082
17,17,0,29.45,34.17674648061164
9,18,0,24.25,27.080532918646465
3,9,0,43.25,44.217018633577105
17,20,0,41.8,47.00459104116712
2,43,0,47.6,68.69643367744791
16,27,0,23.85,34.25488824125766
13,3,0,31.65,32.80769325694975
10,29,0,32.55,37.28478594759389
15,2,0,37.1,37.32911943636947
13,0,0,31.5,43.959909965905595
11,0,0,36.8,35.76325665142633
11,15,0,26.95,35.98753439149378
6,44,0,24.05,20.100995000248123
9,23,0,30.85,30.441099295455636
11,23,0,17.0,18.235304104661203
13,11,0,39.9,38.79351546464
6,43,0,33.9,41.80518728830821
9,8,0,19.3,23.925542396095608
0,36,0,34.8,39.34275831177763
8,24,0,19.45,18.771408830284535
8,42,0,27.0,39.544778083638434
17,4,0,25.9,55.07306152070319
17,5,0,30.0,36.138621999185304
4,31,0,18.25,20.687842857709047
5,12,0,56.6,50.240893387966864
18,31,0,22.5,22.170392774812846
9,15,0,19.15,18.11447516563248
1,15,0,34.8,45.74483002137193
18,30,0,21.25,30.0628727135228
19,5,0,24.05,33.95891480505291
0,35,0,26.0,28.451251013101803
7,20,0,26.25,26.137037644731382
9,4,0,28.95,34.56112053495342
6,24,0,34.0,31.53944898227081
16,25,0,31.6,26.322693831109227
14,28,0,36.1,44.449735065221944
16,39,0,32.25,44.31451585868307
1,10,0,65.15,77.61936478401304
13,21,0,29.55,32.3003584793534
12,39,0,24.1,32.63498284453598
6,27,0,24.5,24.951531964358843
3,2,0,32.25,46.56051523498605
9,7,0,26.7,33.373642294481435
7,11,0,33.9,43.51877997515918
8,44,0,44.85,31.926354399823946
5,13,0,40.2,41.47998883418619
19,5,0,18.5,20.11938054921698
13,18,0,39.2,43.26369573234645
19,14,0,28.15,42.69262847747594
18,45,0,19.7,25.90082299037904
17,14,0,26.3,31.095946596571746
0,29,0,37.9,31.005771958408683
17,6,0,23.1,24.496831159194965
9,21,0,17.4,20.4332031134055
16,35,0,21.85,28.366538849774912
8,39,0,22.45,29.66208815448114
1,20,0,27.4,27.54020983752188
14,43,0,33.55,40.39082099998255
14,25,0,23.1,27.990411892195098
8,30,0,14.65,18.097033778466223
1,2,0,23.05,36.13203127711652
16,36,0,23.85,23.84439689230773
4,42,0,21.05,32.55840905204061
14,32,0,18.7,26.825164933029033
13,6,0,19.6,24.411817673111997
0,39,0,37.05,49.82334582777118
13,8,0,20.2,28.82907888701413
14,46,0,29.35,32.65332255198865
10,27,0,28.4,32.30186567856088
15,22,0,16.15,14.608126793708104
3,11,0,33.55,37.70030713263138
12,46,0,30.25,37.6813160458518
5,7,0,21.15,27.182182631856094
3,9,0,20.4,23.702986709429013
2,30,0,23.0,24.279079146675357
6,28,0,36.15,44.72168319024253
13,16,0,68.6,112.56876261107907
0,24,0,43.35,51.36277066637192
9,0,0,32.0,34.23448553724738
0,31,0,27.8,25.51697061709489
5,19,0,32.25,29.680535886777985
6,25,0,35.85,33.73780481424674
10,33,0,27.05,28.177024982103863
9,4,0,33.55,60.174723667176515
9,21,0,29.45,25.088212791122277
4,43,0,24.15,41.72626965051356
3,17,0,27.1,43.17516342577183
1,21,0,32.55,46.7540879158401
6,36,0,34.1,48.491887547245845
19,15,0,34.3,37.87805919554291
13,7,0,30.15,36.70977927932613
17,20,0,31.2,42.9094517866586
19,13,0,43.15,46.327523932153014
6,28,0,33.45,36.94302156165983
7,4,0,16.7,18.868241208861768
18,29,0,19.0,23.19028834844902
13,16,0,29.6,34.062481289227115
15,11,0,32.1,44.504168935410746
14,24,0,36.2,36.39780213144744
11,14,0,21.2,22.350320850163722
6,33,0,17.55,20.989909856630486
17,4,0,44.75,36.16319006655074
3,16,0,32.8,34.50339418848986
16,38,0,37.7,35.410524751235954
6,27,0,23.3,27.10622379493412
13,18,0,29.95,38.67200129564704
7,16,0,41.35,47.975075765827015
3,18,0,21.6,51.997368354460725
4,30,0,36.9,53.169936103621176
19,19,0,18.85,19.162119979408935
3,18,0,25.55,37.522589687308425
3,20,0,27.9,26.72452057568105
12,40,0,21.35,27.541881982861934
13,11,0,24.75,32.60751447136074
11,5,0,27.55,34.158261696187985
16,33,0,32.15,37.81154794364728
10,27,0,44.65,32.57101552963277
0,43,0,32.8,29.90616905202706
8,28,0,28.8,37.14069976383548
1,15,0,32.9,28.675865517153877
7,22,0,28.4,40.7125998859528
11,15,0,25.25,32.62849094047458
7,23,0,37.55,45.96620612214106
13,16,0,26.25,29.572168636992735
1,4,0,30.0,24.56784376717707
0,26,0,28.15,35.073269173635865
7,20,0,42.35,51.77407906624602
3,1,0,30.5,34.69491089634419
13,12,0,18.25,22.26367114003391
17,15,0,31.7,34.1376470684261
12,32,0,28.3,31.422586579854002
14,36,0,32.15,66.48329825879897
16,39,0,30.4,34.43131989154183
5,9,0,24.85,32.49497936928913
2,41,0,38.15,47.03556884786348
11,18,0,51.95,56.801107290911894
6,28,0,26.7,23.521770431039545
13,22,0,33.05,51.20081722209643
14,31,0,26.4,28.030810116539154
19,9,0,29.8,33.205262740779666
11,3,0,27.85,37.483013696732996
11,7,0,25.45,26.972646963368767
15,2,0,28.55,31.28893364148182
15,19,0,36.5,43.98863489584554
7,23,0,27.85,28.56990503456759
19,16,0,29.95,41.25080541478459
16,40,0,28.0,23.94511267571384
17,23,0,26.1,25.73120162064153
16,40,0,28.05,26.42661138840325
12,40,0,34.4,33.31887405692234
10,45,0,22.95,27.806616024551463
15,9,0,36.8,31.455231344680467
9,17,0,41.0,62.104326487138174
2,24,0,46.35,79.74186973901278
8,45,0,28.15,40.557009907432516
2,32,0,31.5,32.04027071309512
16,35,0,32.85,34.12866521670141
0,26,0,21.9,22.152343347589067
7,13,0,46.55,82.98286126157555
10,26,0,31.3,39.75199432269504
11,7,0,25.8,21.93435181339272
5,15,0,17.0,13.451667867630862
10,36,0,29.9,38.03032031363784
7,7,0,25.1,27.479944840211246
10,30,0,17.2,12.767557570490508
1,15,0,40.7,45.640586739159446
9,21,0,31.8,36.85476474230335
13,8,0,36.55,56.52523889006527
4,44,0,27.15,32.860590698473935
16,34,0,23.0,31.851629719521004
16,39,0,24.65,23.899515520304238
18,25,0,43.2,50.263097271939195
6,39,0,39.6,52.182271641662076
8,27,0,36.25,50.845353770034876
0,31,0,36.15,35.862713373730045
14,41,0,28.8,24.95385214435048
14,24,0,16.4,21.76767279585414
19,7,0,18.6,21.24890090036857
18,44,0,34.2,40.82517283297286
3,14,0,24.75,22.11661675849417
5,22,0,25.7,27.5033012372582
5,6,0,24.9,25.177057225305653
11,21,0,19.6,24.040317013410274
11,22,0,23.15,29.169694078470876
2,44,0,23.5,29.718858092392942
10,35,0,14.3,14.17596186284522
17,20,0,35.55,37.647219789710064
11,19,0,33.05,27.923721287219504
15,13,0,35.4,30.07604397278059
2,33,0,34.45,38.88508711575686
11,20,0,37.15,56.821303454917235
10,28,0,19.4,17.263896004759697
17,4,0,41.25,50.772842927566785
0,31,0,21.8,24.97704209026656
8,42,0,28.55,31.50183787453812
9,7,0,24.25,27.378199164183247
17,0,0,50.95,64.34812801432042
14,41,0,24.6,32.971119738979226
18,35,0,32.95,36.70576464119412
17,21,0,37.45,68.81055228134096
2,46,0,37.05,36.8617259783812
9,11,0,28.45,26.458458004955617
13,16,0,22.15,30.548107013451148
16,39,0,25.4,34.960729849059895
10,36,0,21.6,26.35266889509935
13,15,0,35.4,35.75707511881574
14,39,0,39.6,66.63680032755728
16,43,0,31.05,43.36682578823781
14,44,0,39.45,48.24659791660253
9,6,0,26.3,34.81242972212503
12,38,0,32.35,45.71222915956781
9,11,0,41.25,55.88510299571886
14,26,0,41.1,49.590852297363746
4,45,0,32.1,35.518564456529376
15,11,0,21.6,26.849286964951528
13,17,0,20.5,30.993208084488785
9,4,0,17.65,19.868713835416834
1,13,0,17.65,13.895379769814438
18,44,0,46.85,65.93240158637761
6,33,0,27.1,29.823868929009475
10,45,0,25.55,41.90525026771705
11,20,0,33.25,38.59762059751189
18,24,0,25.0,18.634998199483057
14,30,0,34.2,33.986994416595365
18,41,0,22.05,32.85610573714612
12,43,0,26.8,27.136303126410223
7,8,0,20.1,21.72774118131255
11,22,0,24.25,40.0340315757797
10,46,0,35.7,38.94003487144655
7,7,0,25.65,27.178309850242517
15,12,0,34.6,59.67490877112511
8,29,0,54.45,65.3721935092477
0,46,0,23.15,22.11280886250034
8,32,0,27.5,29.19534930519982
5,12,0,35.2,59.21557405384428
11,6,0,42.2,46.08184937809314
3,18,0,28.5,35.87771629181252
14,38,0,20.85,35.93308840199049
14,36,0,30.75,37.006222805303835
18,46,0,11.55,12.513045823838164
12,25,0,23.15,24.53198771099952
10,34,0,24.85,30.41688416168335
7,7,0,33.75,41.64243154839974
5,10,0,27.1,27.606063407195624
2,32,0,40.2,46.09098553262254
13,16,0,28.3,36.23185571318495
17,21,0,21.1,31.877892025665687
18,34,0,31.05,41.93412754108018
18,24,0,26.7,29.356430300702435
19,7,0,30.35,42.5975969176419
7,8,0,36.85,51.22733131526774
3,10,0,33.6,32.55505458369512
12,39,0,38.9,35.86363060260352
4,39,0,29.4,38.57241992599594
8,29,0,47.95,40.739835671321934
7,21,0,35.05,34.39166820765261
18,33,0,21.2,32.27611142038415
8,45,0,39.15,29.679471906211187
9,13,0,39.2,43.382751847880016
11,20,0,42.5,42.42330541229977
17,5,0,29.9,47.73710903424471
10,38,0,27.75,24.371845274932774
19,10,0,34.0,40.49171455209597
11,16,0,33.35,36.42624126411589
1,18,0,44.5,58.19341615862164
2,31,0,27.45,30.5760053843395
5,17,0,32.15,32.464190798640374
7,0,0,28.0,32.916161444046395
10,39,0,33.6,36.06485386370679
16,34,0,19.6,29.353382303093777
14,29,0,54.6,71.87518421029026
13,15,0,22.75,23.74175757250459
8,31,0,26.85,31.898317064994945
15,14,0,37.4,55.869584984280934
19,10,0,30.2,25.332733141551323
17,22,0,22.9,31.30310225083635
19,21,0,20.8,17.653387925923962
13,0,0,30.05,34.84775156984571
12,36,0,43.4,43.20258276879678
12,42,0,26.6,30.26097017264109
6,37,0,24.05,31.463387243621835
9,15,0,28.1,34.217416310226696
5,21,0,22.8,20.93247288431617
2,24,0,18.95,15.85617927032334
9,1,0,17.95,20.843969214897122
11,23,0,17.8,25.209856050863586
5,15,0,40.25,43.158063221750716
2,47,0,19.8,24.77180060599467
16,35,0,37.85,44.209161946365825
6,25,0,31.8,40.789059420646765
18,33,0,39.9,47.62783352532203
1,3,0,40.35,40.57906512372839
3,21,0,32.8,47.75661982219958
8,46,0,31.55,46.7923464277068
9,23,0,23.2,26.17270575075855
13,8,0,44.5,66.75840179727429
7,19,0,21.95,21.86916839561554
16,38,0,13.2,15.230163976032632
10,28,0,29.0,31.604463375655627
7,22,0,29.2,50.30182585364598
6,42,0,28.25,38.54030699356058
9,18,0,42.9,51.32445810722213
3,2,0,40.75,40.30133209238936
5,1,0,29.85,30.743891134748438
8,34,0,31.95,34.747926859780165
19,7,0,29.5,33.98064464553779
18,28,0,22.95,28.22554833740823
5,17,0,26.5,24.905082973054654
16,28,0,20.2,18.36071320710839
17,18,0,35.3,54.443693753029685
3,22,0,34.1,57.82177699393925
6,42,0,28.0,30.8971127930648
12,29,0,27.45,37.04403496267367
2,26,0,35.95,66.08883574800146
2,39,0,27.95,44.23915269960476
5,12,0,18.9,20.41129718150169
19,9,0,41.05,47.15202177950313
3,7,0,27.95,25.249231358806277
5,3,0,18.7,20.243517480912256
2,38,0,25.5,32.17305181604467
13,21,0,25.2,35.56550664840717
19,16,0,16.65,32.8285418179781
6,26,0,32.7,36.18097784602756
15,7,0,26.85,25.041596972784472
8,29,0,27.95,33.72251317349942
7,1,0,46.65,43.09020526144757
5,13,0,20.45,23.968125763846846
18,36,0,23.2,22.37385692463886
13,6,0,16.4,17.66471356300911
9,2,0,26.1,39.989340685000705
13,16,0,40.45,47.99942433865333
17,0,0,15.3,14.1982207929096
19,23,0,46.15,53.64628304188955
16,27,0,21.7,33.95678368006512
12,46,0,12.0,13.730488548827156
1,19,0,32.4,35.77620497069614
5,14,0,24.15,32.891008209731595
9,10,0,26.8,30.334277987989616
11,21,0,30.25,29.575727957406666
8,47,0,26.4,27.601296689600805
2,28,0,23.2,24.67600581856583
18,43,0,21.6,30.250532835672583
2,43,0,26.8,27.006042208910838
13,8,0,35.2,34.524743224777815
14,32,0,44.7,65.79161680719864
1,1,0,34.9,34.60438061712327
9,13,0,33.25,29.26264908682991
14,25,0,25.75,41.30741618134626
6,33,0,18.2,21.816459262145223
19,12,0,34.9,38.60583539202059
7,21,0,24.0,34.11590152468648
10,24,0,33.15,29.397950161264824
17,10,0,27.35,28.124301160908402
10,24,0,26.9,22.782495589007755
4,39,0,42.85,40.733117264767046
19,11,0,32.3,28.36806952228249
11,10,0,26.85,27.065758130115157
12,28,0,33.95,46.684241678029125
3,16,0,29.7,39.412928682964186
14,29,0,33.1,40.62654045662373
18,37,0,18.8,19.784629866322202
19,19,0,17.6,20.074597721603553
10,44,0,21.55,38.511071545452324
17,17,0,29.05,29.22773556599603
9,4,0,24.1,31.403821423514685
0,32,0,32.0,43.45233323030991
16,30,0,45.5,49.429907844074364
15,8,0,24.4,27.759114197910417
19,3,0,54.2,89.97637116721842
1,1,0,21.65,22.172232515848332
14,33,0,34.3,29.6560990443166
2,39,0,26.35,32.085863422681136
10,32,0,35.05,44.48828941122419
17,18,0,29.3,32.61594701982452
17,10,0,22.8,22.906216117947224
17,21,0,38.25,41.925843054009945
4,37,0,24.25,35.823948179365914
2,43,0,33.45,34.67211073987124
0,29,0,48.65,32.90220757271303
9,3,0,26.95,20.192429535009296
11,1,0,27.05,43.42746523620859
19,6,0,56.95,59.77015185384406
7,19,0,21.8,24.075757625943112
0,40,0,28.95,25.409229570540326
12,47,0,22.3,19.849698393572368
19,9,0,17.8,33.279676111784255
17,0,0,42.0,61.38832393696275
10,39,0,31.35,39.77340423210624
16,35,0,31.2,29.819809734999634
8,37,0,37.95,36.891697825134756
19,10,0,36.75,51.95025454575195
6,29,0,26.25,37.25004415398301
0,47,0,28.2,37.22845544387844
15,18,0,33.35,44.01707204686549
7,19,0,17.9,27.307026279156183
2,27,0,59.05,70.11980349448554
1,14,0,18.1,26.147154418990343
7,9,0,25.0,28.11629982393618
2,38,0,34.85,46.0986071258923
5,7,0,18.6,19.93251773253682
9,18,0,20.2,21.025298045324753
9,8,0,28.8,34.076693686911284
5,9,0,22.8,26.85947838189283
0,46,0,21.95,19.063536425664353
6,35,0,41.15,48.77690890273043
8,37,0,18.6,41.52031842490209
8,32,0,31.25,51.848844071772206
2,27,0,20.95,20.01440270878633
11,11,0,34.25,51.20431211282277
16,25,0,25.5,32.547131816393346
7,21,0,28.65,42.457749896995125
17,16,0,26.8,32.63127334322092
10,47,0,26.1,22.4942097812795
14,28,0,14.45,14.841176716008386
4,41,0,28.75,28.159087530073055
3,8,0,35.3,60.213742092998224
19,5,0,17.9,19.968132506307988
4,24,0,30.25,30.702091476846192
6,24,0,21.8,30.648430886253767
0,39,0,32.9,26.793361314443466
17,3,0,47.15,56.744371387922925
17,8,0,30.6,35.90543134401813
4,29,0,20.25,21.66946675563762
1,17,0,16.45,13.597503640858417
12,26,0,15.9,14.863944365654197
3,12,0,44.5,52.83190822141284
19,20,0,18.25,16.742240936593504
14,37,0,14.95,19.462446971161235
5,3,0,33.85,42.39696488640369
10,25,0,37.8,60.09431184221575
18,28,0,26.25,30.891789064069233
3,2,0,32.1,34.60894317034863
19,1,0,24.55,24.15841359378593
9,20,0,42.6,48.99452171309296
11,10,0,31.15,33.11268639056638
5,0,0,36.95,61.1722976517966
2,46,0,37.35,26.095522906994482
11,9,0,28.2,34.74811619278617
19,17,0,36.8,58.29742253036759
11,20,0,32.6,37.62753750841753
18,24,0,34.25,44.08827866666461
6,25,0,41.6,43.97654877437819
0,31,0,32.6,45.27506575309823
16,43,0,26.7,43.718116201530535
0,40,0,39.15,36.93418755741509
1,14,0,45.7,54.82709664313614
17,17,0,16.2,21.24196442496736
1,17,0,35.6,34.88688488303456
13,14,0,16.05,25.85480714744511
14,43,0,23.95,23.336158976778368
17,8,0,28.65,36.298869055892666
1,12,0,17.5,34.890052872898956
14,38,0,13.2,29.448617159920754
3,0,0,33.55,36.25127946925315
3,16,0,34.15,33.4715511567974
1,18,0,22.85,21.166694294774068
12,30,0,26.9,25.804732328127642
2,31,0,27.15,35.12874816113465
9,9,0,38.45,33.713147521248644
0,34,0,44.45,38.51243818218787
6,29,0,46.95,38.98916853637552
12,29,0,38.75,34.00754560233268
15,21,0,26.8,26.090127190991335
2,47,0,24.75,21.133348552764456
17,15,0,31.0,41.2616809617528
17,12,0,26.85,31.94777811234749
10,43,0,22.25,28.585743594353204
10,28,0,23.8,34.88416923416545
1,13,0,23.35,21.27829385720773
9,7,0,16.85,16.655250476082692
16,34,0,25.55,26.541873570484412
3,4,0,15.95,19.18188564354676
4,26,0,25.05,38.994567772825405
14,29,0,25.8,33.55215892339944
13,18,0,19.35,21.42864536328097
12,35,0,38.35,34.12712303016165
4,31,0,21.95,21.142312277067816
10,40,0,47.75,51.52503224034334
1,22,0,25.45,37.79651195268518
12,33,0,17.55,28.85257445413804
10,41,0,13.3,16.26782423261199
10,38,0,35.3,34.470582423736026
15,6,0,40.9,52.66268028439915
11,8,0,17.0,22.541190366923722
12,46,0,30.95,45.3425268025736
15,20,0,41.65,43.60501540443545
12,29,0,17.25,21.855686963158558
18,41,0,31.8,21.279097725232617
13,2,0,24.45,28.407699104662672
16,32,0,33.05,36.41207867843046
19,20,0,30.5,33.80828300875394
19,1,0,21.35,20.37096747308467
8,31,0,33.4,42.81096760607522
15,3,0,14.7,20.706215695318463
12,25,0,15.95,15.530869091484936
15,22,0,40.4,48.98377819560052
13,0,0,48.1,49.12808179699907
1,11,0,41.65,47.44334571498493
3,4,0,22.7,35.01743926433769
13,7,0,30.15,37.73630807814168
15,5,0,29.35,36.256796096151334
17,16,0,19.75,23.89863462296759
14,40,0,29.65,33.78924618713381
0,35,0,44.3,68.9821487205586
0,28,0,30.85,43.01196284021948
13,9,0,29.3,40.59050965046153
10,29,0,18.35,15.66180402326494
8,31,0,27.6,27.77996248718622
7,12,0,36.1,47.16700452423785
10,35,0,22.45,29.983284817061865
1,18,0,61.15,97.51344036916953
7,4,0,24.75,27.187216423203484
3,13,0,28.05,28.715436890102744
19,3,0,46.3,43.356660387995746
4,35,0,11.8,12.618282475502715
10,46,0,41.65,31.07253822234269
11,14,0,32.4,27.309917227032535
11,1,0,29.55,30.462185358934857
4,29,0,25.6,31.68662344370504
6,26,0,39.95,47.931392855336796
16,43,0,28.15,28.349835235759958
2,46,0,25.05,18.779818394951757
14,24,0,23.05,21.585753098794246
6,29,0,24.75,24.023836846809157
2,39,0,20.35,35.49095511164558
8,35,0,23.2,21.571423592092238
17,20,0,33.8,36.44982131210263
1,15,0,33.3,28.362503044466447
11,12,0,21.3,17.438915948925384
16,26,0,22.75,31.076941866751845
4,31,0,25.5,25.274284830321317
1,6,0,43.85,45.38870135315965
10,32,0,30.8,30.819679290656925
8,37,0,35.0,34.4979023008341
15,22,0,25.6,32.83675732436057
17,11,0,15.55,17.312833694294987
5,13,0,36.55,28.251641778096626
15,14,0,22.85,33.41017021333789
14,46,0,36.6,48.788911596148985
15,7,0,45.05,44.98242346797949
18,32,0,13.95,13.024167818652408
19,15,0,13.25,13.57193311290078
1,18,0,58.85,63.404528312466105
12,46,0,21.35,19.260745462974004
7,0,0,44.5,44.456365360346666
14,24,0,33.5,43.75349610091325
12,38,0,18.8,24.500483346467398
7,14,0,25.8,33.51763086716256
17,5,0,25.0,23.330576278216622
13,10,0,27.25,26.98708268003319
19,9,0,33.0,49.33878585325833
13,15,0,27.25,21.496327715755495
19,3,0,19.35,20.90901341778859
5,12,0,22.0,33.90388892458395
1,1,0,37.25,35.80337384866639
1,20,0,37.7,25.937373969256267
8,28,0,37.15,29.88799266031691
14,42,0,34.65,28.264307043187504
15,21,0,24.0,29.134894976010433
4,27,0,24.5,32.08295169515554
18,33,0,21.8,36.78758371773653
0,24,0,29.8,25.74490240804964
17,17,0,23.8,28.43570772258377
9,17,0,37.35,33.1508116912614
4,37,0,34.65,28.423998385352583
0,32,0,25.1,32.54454437261417
17,3,0,19.3,22.223979462686128
13,16,0,33.1,35.22992149325702
3,23,0,23.8,26.782948228107255
4,45,0,28.25,31.9685289324558
1,0,0,39.05,41.18057155606525
8,31,0,38.15,52.20836291146024
8,46,0,34.7,50.00536813288412
6,44,0,22.5,26.75719283521821
6,45,0,36.1,47.156960752029185
11,11,0,27.25,23.463016811457493
13,19,0,34.55,65.20855207070538
2,30,0,26.1,31.21554943158601
6,36,0,36.65,37.401484631383006
4,24,0,38.55,49.469262120399996
7,22,0,29.6,27.870754337986998
15,20,0,36.0,43.371103647232076
5,6,0,37.15,38.73292493066087
11,16,0,39.7,48.801531468635396
6,42,0,25.25,27.70497770209686
19,8,0,17.75,21.535466463243225
4,31,0,39.85,39.457205332253054
7,1,0,27.3,31.080709874708294
13,20,0,21.45,20.788344406370957
8,46,0,16.05,20.443696750884005
0,46,0,44.8,56.484371382943756
13,0,0,38.55,39.14006562133111
7,2,0,31.4,20.71460201988214
2,31,0,31.7,42.2774046905486
11,22,0,35.65,37.11330446647203
5,4,0,22.15,20.48433290924657
2,47,0,25.15,29.066665660711394
9,5,0,26.5,30.196723419324123
18,37,0,36.45,45.191376680908824
8,30,0,38.1,54.82402469912736
10,31,0,25.0,22.99656724955179
12,37,0,25.25,25.733195845464913
1,12,0,23.55,25.1531624045043
7,7,0,19.6,26.48415613750586
8,25,0,25.95,31.179404470866576
5,14,0,31.0,37.73871389323952
13,16,0,18.6,20.866492908866825
16,33,0,30.9,32.81831965934816
11,18,0,25.75,36.109300449432254
12,42,0,25.6,23.84467280238149
19,6,0,24.1,26.393579761593134
14,33,0,27.25,37.63939006161665
2,27,0,27.5,27.711863315573936
17,7,0,41.6,50.40196320320114
15,11,0,17.65,29.95307733948656
2,42,0,19.2,17.727765911431884
16,24,0,28.35,31.63321871570754
19,10,0,26.05,19.484069065993918
10,31,0,25.0,35.01277962176246
3,23,0,18.4,19.07712876995024
1,5,0,44.4,49.82854814788723
5,11,0,28.45,39.508127078655065
10,35,0,31.9,39.34315964086153
5,3,0,25.2,33.56627380038042
16,40,0,24.9,24.806408340121347
0,28,0,32.85,36.78998004319855
16,42,0,26.05,32.7196625256049
6,47,0,22.6,25.87500317823525
12,33,0,32.0,31.3217597139584
5,1,0,36.4,60.426031337147194
17,3,0,34.1,46.18600836206841
2,44,0,19.15,21.372079671236584
7,2,0,29.2,32.02236060860237
10,27,0,24.2,24.95385214435049
11,2,0,16.2,15.38488663728483
18,24,0,25.55,33.764626460246824
17,21,0,25.2,28.598122868100056
12,36,0,23.6,27.383052768954897
5,6,0,30.8,48.227094372136364
14,28,0,37.3,45.039281101115094
7,14,0,31.1,43.22754969497553
2,30,0,17.6,22.584111788227535
18,43,0,37.4,37.59115237448974
8,47,0,53.65,81.04402637163528
10,30,0,32.7,50.77307616402511
1,5,0,42.95,59.55402235741401
15,7,0,31.9,35.102706448363776
11,22,0,38.85,46.35137538412425
7,17,0,23.0,22.395958281985187
2,26,0,17.3,22.898172760931686
7,9,0,43.0,44.2956573848712
15,4,0,41.5,45.873395569247236
15,4,0,21.1,34.8816042605479
6,25,0,26.55,44.114056716652115
19,7,0,25.8,20.31748015872047
4,40,0,22.25,29.372158317197705
3,11,0,32.9,35.81369923132179
3,20,0,27.45,35.41405459923919
15,10,0,22.5,31.89868830829057
4,36,0,33.05,36.96011363618894
11,19,0,29.85,31.12162050983038
1,1,0,36.3,36.9268123953884
17,13,0,29.5,23.3429804618456
2,38,0,26.35,34.201069543140555
10,34,0,45.0,33.87748825586566
11,5,0,23.35,34.580607586516344
7,7,0,26.1,20.66499710290708
4,41,0,20.05,22.22013074953241
19,8,0,38.0,41.36741662099214
12,36,0,22.8,28.739483202327108
1,13,0,29.7,28.46068386943275
14,39,0,25.6,34.820441667140535
1,19,0,36.55,46.46841032244095
7,11,0,24.75,33.52120303079201
8,45,0,17.3,20.741770720735946
4,35,0,29.15,41.0279429811337
10,35,0,14.65,15.38377477460553
16,36,0,24.85,29.070286874184237
6,44,0,25.6,21.68530911882391
10,25,0,11.55,16.385086286973863
19,20,0,23.7,27.218608185925806
19,8,0,47.85,39.59435765225567
3,0,0,30.9,32.257026978221106
19,17,0,25.15,33.24118403110024
16,29,0,34.25,53.616449753881746
7,15,0,23.3,34.403335211636254
13,10,0,50.4,47.48007892513282
15,0,0,51.75,55.03288490577822
5,11,0,15.65,17.986178904340616
6,47,0,35.65,51.77001265719679
10,39,0,24.85,33.80948948072669
18,47,0,29.25,35.722431401895896
7,11,0,19.0,15.542810150304902
16,27,0,27.8,43.140651240722875
3,11,0,48.45,56.72321997392713
5,0,0,28.9,34.56329053535816
2,34,0,27.85,29.175106548310378
15,22,0,21.35,21.497307052891898
3,22,0,23.05,39.508127078655065
2,35,0,19.0,23.090212098134614
19,7,0,27.1,34.34178059939295
11,12,0,39.6,58.31529545677126
3,14,0,36.6,61.63850471221616
6,40,0,18.9,23.160538126645278
11,9,0,23.4,24.077506427981152
11,3,0,35.85,45.349258683664225
3,4,0,32.9,29.996315563222453
3,6,0,32.5,27.870943178949123
11,2,0,20.9,22.71076721223704
2,36,0,44.15,39.98062030534294
12,41,0,19.7,33.242490248095685
18,35,0,36.95,48.772808429546714
9,21,0,32.0,51.3706858862236
1,21,0,32.7,36.28701377105938
16,26,0,25.75,37.75805943943066
12,29,0,45.35,65.53687190389368
17,13,0,22.45,23.57848037601459
1,19,0,29.05,30.914951245737324
13,18,0,24.7,26.98947163149676
7,20,0,35.2,39.37485171233564
0,25,0,30.55,31.786251579475117
3,5,0,39.6,50.27545178943277
11,3,0,34.55,41.00125158551806
9,18,0,23.2,30.048382038936722
18,35,0,27.35,29.43194648140368
7,8,0,38.0,47.138094997570704
14,31,0,20.4,26.05944621134734
8,27,0,27.8,36.9474733841664
6,31,0,22.2,19.40320103813584
4,45,0,24.95,34.72519940452769
13,21,0,30.85,40.57387673964876
16,28,0,26.1,38.176735820323046
19,20,0,21.25,31.73554374580819
6,30,0,21.35,30.887359022234662
3,5,0,43.0,39.949968710876355
3,16,0,29.15,28.63798544811272
2,40,0,29.05,34.915650238524094
2,46,0,33.7,46.21813269133322
16,34,0,20.35,17.35473543748977
4,33,0,22.1,17.362694430725227
2,34,0,24.05,33.0414014612927
18,27,0,29.25,31.019306382010747
17,14,0,18.5,17.614288458371995
6,46,0,37.4,40.10696225161701
12,37,0,25.45,31.8143876753568
16,47,0,34.05,37.02982439516615
11,4,0,28.5,22.32416674934658
6,27,0,33.45,37.697514925773916
16,40,0,14.2,18.311917316039676
16,24,0,31.3,26.066917933010718
4,36,0,29.55,35.04204241824533
6,37,0,33.9,33.34177086194623
19,18,0,24.2,27.833338585985427
14,38,0,19.75,23.41136700970616
9,6,0,33.6,41.235396138958606
2,35,0,61.2,55.947908102561186
12,32,0,21.85,26.997611980165562
11,7,0,29.05,24.403353954129468
13,14,0,21.25,17.591490167572204
18,28,0,22.35,28.039962084214924
5,6,0,31.7,36.300065245700395
10,29,0,24.25,36.44299802792242
8,29,0,14.65,20.840938962582882
16,30,0,33.85,44.21987526464827
3,2,0,35.5,43.693309134899536
19,17,0,29.65,33.83594320588063
11,3,0,15.85,21.196511629585604
14,28,0,19.95,23.780741876790266
18,35,0,42.75,44.09305351663743
0,24,0,42.65,51.76696264078694
8,30,0,27.0,27.366902791895406
14,43,0,26.35,27.3404943550578
0,28,0,35.0,34.88175514657
7,14,0,25.6,28.72995868976824
1,8,0,34.95,46.48426445696718
2,29,0,20.4,20.85387758970297
14,31,0,25.1,28.08239755846318
13,10,0,20.15,22.007833533587654
19,23,0,28.1,31.510900369638172
11,4,0,22.9,32.0228536813123
2,26,0,41.7,58.89785984852796
18,30,0,25.45,57.35345169257585
13,8,0,37.45,43.31217769683377
9,23,0,25.95,32.90572658528092
7,23,0,27.0,24.58497615682348
7,1,0,44.2,65.2506099991652
9,23,0,21.85,24.064113924002445
8,26,0,26.75,29.330915968972867
19,10,0,35.95,36.32379965054085
5,21,0,20.85,17.49368307042348
17,19,0,27.65,26.27841820121399
2,29,0,40.9,42.40642950258716
5,1,0,28.6,32.44006619501326
16,32,0,17.1,17.935263706188607
9,13,0,27.4,20.08770244387556
19,23,0,16.0,18.379049858037018
12,35,0,23.2,21.007767986853665
15,20,0,24.05,30.80921769108788
4,31,0,31.4,38.02547622456901
0,28,0,23.4,21.26375715674567
9,0,0,15.0,14.857215153091884
5,10,0,39.45,53.11603484725434
7,16,0,34.7,38.769358492174426
5,15,0,35.35,32.153046839337506
11,0,0,18.05,29.21152440210433
3,23,0,29.9,35.782824459729135
10,38,0,23.05,21.719443144940797
4,42,0,26.55,34.465047130160876
6,45,0,38.05,65.94613032819406
16,32,0,18.0,13.046475628145306
7,17,0,36.75,61.07017102869194
14,43,0,26.65,35.29167935333975
11,20,0,33.4,30.901200794246105
4,41,0,26.95,27.601439703106255
13,22,0,22.9,25.158236069034395
18,24,0,16.55,27.618595947391373
1,11,0,36.35,40.708559813695985
17,4,0,25.8,29.179300521900252
10,36,0,35.85,37.98237125714757
13,23,0,28.75,38.609891015263514
10,41,0,16.3,19.117641343176093
12,26,0,32.9,50.633772794138316
14,30,0,23.75,39.24400725286802
15,1,0,34.5,57.95869672720212
5,12,0,28.7,24.087778075853716
9,13,0,27.5,32.71487670609102
2,45,0,27.75,35.92664309687903
5,17,0,21.5,17.86057109949175
10,40,0,38.3,41.84822199580917
5,23,0,23.6,35.218715120470286
4,34,0,28.95,34.628061331511866
14,35,0,29.05,31.545247369119604
16,37,0,35.1,42.222343797916686
7,0,0,24.0,21.834304250542612
9,14,0,31.8,36.49455619101221
5,2,0,37.75,39.30029462859962
16,34,0,17.55,16.50988539601271
17,10,0,29.3,29.836572400856955
2,45,0,16.6,23.470922660311324
2,34,0,33.55,39.2152964247908
12,28,0,18.4,17.963120113458196
9,16,0,20.6,24.23655351562572
15,22,0,40.95,59.19946212415678
1,4,0,32.8,30.708476457092253
4,45,0,30.15,38.63632732900067
18,38,0,24.75,28.21510420436469
4,40,0,24.0,25.09560666101161
18,36,0,16.1,26.369639639874528
12,30,0,30.15,33.62216530802262
14,26,0,40.45,38.39884181367426
10,44,0,34.35,33.944653094179806
17,1,0,23.45,26.434576639417983
2,35,0,30.45,34.35491997248415
11,22,0,31.7,50.922128371610086
17,1,0,23.2,24.767550927521448
3,8,0,35.1,41.00051347560367
17,4,0,35.7,41.2209706466579
17,1,0,22.8,19.02519105651352
3,2,0,33.35,42.236520739882515
13,22,0,41.25,42.49442687917409
11,22,0,24.45,21.16221807099177
10,38,0,29.05,38.10439261872711
19,1,0,21.5,28.17333565812297
11,15,0,37.0,44.54329650079678
8,42,0,30.15,51.21397321660934
7,4,0,42.45,41.937892676018706
6,34,0,47.35,58.07733048091547
16,39,0,41.15,38.913230059765155
13,14,0,28.6,37.59115237448974
18,32,0,20.6,18.428810396538864
5,18,0,34.5,42.61887400029043
15,4,0,31.7,30.010699846274125
8,34,0,18.7,19.73001987354616
15,19,0,25.65,26.772481944595352
7,12,0,21.1,23.016927409374627
15,12,0,31.25,43.189758776333704
10,27,0,30.4,36.09840352206874
10,39,0,28.9,37.211910939771336
3,6,0,28.8,38.44558697555204
18,35,0,28.0,35.56461872793181
13,5,0,29.2,51.25026315721911
11,10,0,34.6,36.76726232597919
9,12,0,22.95,28.025317501370644
7,11,0,25.05,35.720368654902
18,25,0,24.55,33.27789688445818
15,9,0,27.4,31.651723159211546
4,40,0,35.2,41.37708493713322
15,11,0,36.2,34.05351825088207
6,32,0,39.55,61.7511772740961
4,37,0,30.9,33.15815371661602
19,7,0,23.55,24.149697611706078
3,13,0,22.8,25.836734354505083
14,46,0,16.35,15.745592532849512
14,26,0,18.45,21.00244346686707
2,26,0,71.25,104.03130854648873
8,41,0,24.8,30.70162004983142
15,19,0,20.9,21.120954922590627
7,1,0,32.5,32.3411095731277
0,33,0,43.2,45.73562471882343
12,27,0,32.15,39.54514408941547
10,24,0,32.25,39.11908270370034
14,41,0,29.1,38.96813813198783
9,17,0,29.1,43.600941563952006
8,33,0,29.9,32.46682517343057
5,11,0,18.55,20.306791708039068
1,13,0,29.6,24.69263687396455
3,15,0,30.25,32.23413522469946
10,45,0,41.05,47.34139726219371
0,27,0,16.0,25.233645041992315
0,36,0,38.95,45.527868850905634
12,24,0,16.75,18.177125590610913
8,43,0,35.25,42.730335581965285
16,31,0,21.5,24.603166248954302
1,17,0,32.05,35.74982517439771
2,34,0,32.65,58.53678555539154
15,14,0,26.7,23.700099933167056
11,5,0,33.4,40.171212525756225
17,6,0,25.8,34.60240332389463
10,45,0,27.55,27.70041800938637
17,20,0,28.1,27.50865892386384
4,46,0,44.0,52.39827237007363
2,38,0,28.75,35.21045747770787
7,10,0,37.6,52.783968858177495
10,47,0,25.45,31.568596987979582
18,26,0,16.7,23.20639657735046
19,22,0,15.35,21.18906122954657
7,5,0,19.45,27.5250603517671
7,22,0,24.3,33.51056392746684
16,37,0,32.0,36.409946587798174
7,3,0,34.1,44.26582381357809
4,29,0,22.15,29.023175857271468
7,16,0,21.2,30.306504426052104
11,0,0,27.6,20.640787418680464
2,33,0,19.5,16.608494972849222
3,9,0,28.55,39.34526655139091
15,23,0,35.35,39.79721624752957
19,14,0,26.2,26.7219602180442
13,23,0,24.25,27.777073090476687
13,0,0,42.6,35.63026507723012
10,30,0,19.5,22.408879818876315
14,27,0,29.05,33.25258201292519
7,8,0,18.9,16.347863211409233
15,6,0,27.05,39.33991544688958
3,2,0,38.6,50.39674174931717
7,12,0,28.65,30.14050430898594
18,26,0,25.05,21.419310028692877
1,13,0,41.45,49.89723650189774
15,16,0,29.45,24.35369851950515
12,46,0,46.6,46.8439739426198
15,17,0,31.5,52.9970207702878
16,29,0,18.35,21.757696762779204
16,30,0,25.4,29.44110981889815
9,22,0,30.85,27.665815882078242
7,11,0,22.9,27.072806321201043
19,1,0,27.2,19.003046847115968
3,0,0,56.25,75.17619654063239
17,8,0,34.2,50.6978666633077
9,0,0,49.9,61.56716486467185
1,14,0,23.85,24.745600353236643
14,39,0,26.7,47.07452098870247
2,29,0,23.55,28.387311843219862
13,15,0,36.55,45.77689028549806
19,18,0,31.55,35.257660608425894
7,21,0,18.3,18.968394766031206
17,17,0,28.75,35.11616062217089
9,13,0,31.4,36.989899047969125
8,33,0,31.05,38.48372861900277
17,18,0,12.0,11.634793554362346
4,26,0,26.2,38.97178466531909
2,28,0,36.25,36.44588634645819
6,46,0,32.8,39.89934704649742
1,20,0,32.4,25.650279571678418
17,14,0,49.1,67.78363410611428
16,28,0,30.55,47.140858353617084
5,16,0,23.75,25.042858000677665
18,37,0,21.7,22.37503307848187
3,10,0,35.5,35.73955497028025
14,24,0,25.05,27.723208973520247
13,18,0,36.2,36.31673530423536
8,42,0,38.5,73.43059737996789
8,38,0,26.1,41.01719793349845
1,14,0,35.05,34.25519553370892
2,34,0,23.55,23.241240568392527
19,5,0,19.75,23.708481715688965
15,5,0,32.65,35.08977208907402
6,37,0,36.9,35.88417038487202
12,37,0,32.4,38.99311680149122
15,6,0,30.05,37.08805311971129
6,30,0,18.25,20.17000117422954
1,15,0,31.65,46.61519404431858
6,40,0,25.55,50.267154704690256
12,30,0,15.7,19.902657849485436
11,13,0,31.55,39.47080866719233
3,9,0,16.0,13.951042217245577
15,14,0,48.8,48.10908656923675
4,33,0,34.0,32.83451329253862
15,20,0,32.35,25.594561511136863
4,45,0,20.15,29.25617343759307
15,14,0,23.45,24.138798208431346
10,46,0,30.0,32.24739891591421
18,45,0,34.2,48.9667986335747
9,16,0,31.3,41.50599195804207
9,5,0,21.3,21.793528735311366
5,11,0,39.9,48.06563495011685
19,16,0,12.5,18.469035252494773
3,9,0,32.35,34.03755665669753
8,45,0,35.75,56.21563277613312
4,24,0,29.9,23.49669629633292
11,1,0,25.7,34.06047253743971
15,2,0,20.4,21.17446326915613
16,45,0,29.85,53.11187299118324
17,9,0,38.25,67.11802252278012
4,47,0,40.1,36.44881053578682
16,45,0,17.3,16.717781268048576
15,8,0,17.5,17.67990235743459
16,34,0,21.1,29.433064114323788
16,45,0,25.3,31.820384065960976
16,26,0,28.4,45.17148611563203
7,8,0,28.75,41.625997696277814
1,21,0,22.7,17.93585060269251
7,9,0,27.95,34.51235476722716
16,24,0,33.35,44.06367999539805
11,15,0,19.3,25.327538580097272
16,35,0,27.9,31.392087504572498
17,17,0,21.95,20.053809193215503
2,46,0,32.85,27.20153826919585
19,4,0,43.55,55.49724981332053
10,41,0,23.75,22.84472759626099
3,19,0,24.3,32.49307618555067
15,12,0,10.4,11.940201884919349
3,12,0,34.85,36.25969924687302
17,6,0,23.1,30.66439732259375
9,18,0,25.15,28.759026043094167
18,42,0,14.0,14.67543597487419
13,22,0,30.9,38.21944944382995
16,39,0,21.0,24.122494415837373
5,12,0,36.95,45.84926676794183
15,20,0,22.2,30.363759561965345
7,10,0,29.85,40.60370089432477
9,15,0,42.95,41.713906554049814
12,25,0,21.25,22.652698224319884
13,7,0,32.4,37.462121220184386
18,43,0,15.95,20.987402236379303
17,18,0,18.4,17.96897911753241
16,47,0,21.65,20.732062633819908
0,37,0,22.15,21.772205845261087
5,13,0,16.9,20.69553727637663
1,9,0,43.1,46.379328426176656
2,41,0,32.7,33.85588652851345
13,10,0,29.8,38.327673113767155
15,12,0,35.5,47.53779659663622
17,22,0,19.55,24.63731658320469
18,37,0,21.15,33.63312120671026
3,7,0,22.45,23.513657845243007
9,11,0,22.8,24.56698683406785
5,3,0,28.5,22.16564435051876
12,34,0,24.2,28.614681546367066
5,13,0,24.85,28.780978733220756
5,22,0,19.75,23.86998776265865
9,14,0,36.95,51.702056357353406
8,31,0,39.2,45.305512619152765
7,21,0,35.5,56.4963901967476
10,24,0,23.25,28.91707745296977
0,25,0,35.8,33.54902147761189
12,31,0,37.0,51.4024369686476
9,20,0,29.1,31.637585908303173
3,4,0,46.25,41.12864925418393
7,4,0,35.9,47.188201023025584
8,34,0,46.3,65.09757857894643
17,13,0,38.35,44.85329888706774
8,39,0,32.4,33.935542615841264
13,12,0,26.55,30.684257921783384
13,22,0,33.0,31.42744358878583
9,19,0,47.95,57.905980965518125
18,29,0,16.3,17.565216824886143
4,32,0,33.0,50.42451367090582
4,29,0,26.55,34.74489739137017
9,9,0,42.9,57.28497552633353
7,5,0,26.4,32.1925130230127
4,24,0,35.5,34.91568792330884
5,22,0,32.3,46.903147689231844
12,34,0,30.7,27.170223639704897
13,4,0,28.8,30.806014450360003
11,21,0,46.55,63.72760700620135
3,4,0,17.2,21.07530358150581
4,41,0,24.3,22.0289283491169
14,38,0,30.5,37.99376680179887
16,41,0,27.55,32.98081579534254
15,15,0,24.5,25.942243542145693
13,12,0,29.6,30.13548354384002
13,0,0,21.95,28.621808027041936
18,27,0,51.65,52.93717726552961
4,35,0,32.95,36.21496492074135
17,5,0,11.2,14.006013745981814
3,12,0,40.7,43.96541703130817
16,33,0,29.55,35.096071155135235
12,37,0,32.0,30.71773017930233
13,16,0,38.3,40.65011167201596
12,39,0,27.55,36.11746187969995
15,23,0,34.15,41.97903612142864
2,43,0,19.55,22.63549843660802
0,26,0,40.8,35.717605860710385
3,3,0,40.05,55.71116773615785
0,31,0,36.3,49.7595269904748
2,29,0,30.35,36.02378600167863
9,16,0,46.05,54.17172985782781
13,23,0,27.55,29.092366515525754
3,6,0,45.2,61.89855877924274
3,17,0,25.7,23.89472524924365
12,32,0,27.15,36.636586545203826
5,19,0,23.5,20.742785683093214
18,47,0,27.2,23.061930352399976
0,24,0,36.6,39.74444681501529
15,19,0,31.25,34.18352173042936
13,5,0,37.55,46.712418049165464
2,42,0,19.9,18.53559875085322
0,29,0,45.95,58.13095470346967
12,40,0,25.4,36.84305261939881
10,45,0,17.4,23.23880602060179
19,22,0,39.4,38.41655344961815
19,10,0,45.75,75.90705882161005
9,17,0,29.15,44.73580339351421
6,25,0,27.15,37.687461268200394
5,8,0,18.4,16.931440700971855
10,40,0,27.9,33.602788104873866
12,24,0,23.85,33.2285150213836
9,19,0,16.45,25.22420516717602
9,7,0,30.55,33.350570104809144
18,39,0,19.25,23.375369403216755
15,22,0,26.25,28.657459761814202
11,12,0,23.3,46.57998214729269
2,46,0,27.45,35.36944116636638
4,35,0,43.5,44.16535913324402
1,20,0,38.0,55.17150294166459
11,12,0,26.4,39.11978904259125
13,22,0,22.1,25.327122969155752
14,40,0,41.15,50.352729503186346
7,11,0,26.25,24.386957256093396
8,45,0,14.8,21.419617176784463
19,12,0,28.65,27.72662600234086
9,9,0,34.2,51.01042205172132
19,4,0,31.0,46.1382362266403
0,47,0,27.6,38.37268765534591
5,0,0,30.5,58.45511098270193
1,23,0,24.65,24.512671266746487
8,25,0,31.7,47.682171444725654
14,35,0,26.2,43.43731115066861
7,8,0,28.5,32.51153641401771
14,45,0,29.7,41.09180991517973
14,44,0,36.5,97.79543633739281
3,10,0,32.0,37.134180594447656
3,22,0,25.0,27.71471203454755
4,47,0,33.5,36.26873381621667
13,14,0,46.45,53.03075076138174
3,1,0,44.8,39.87955550615404
14,28,0,21.35,22.546501654183633
17,15,0,33.3,35.174901339030455
0,35,0,23.2,27.273661865964154
4,40,0,35.75,38.56760980817698
8,31,0,36.7,50.14620728692408
17,3,0,30.0,73.70924386790945
9,12,0,27.0,38.70672456196454
18,27,0,23.2,38.298825047251775
4,45,0,44.15,56.09228767702477
5,14,0,25.35,27.217012868308753
4,27,0,34.7,33.44610747550689
11,16,0,20.85,30.133518668891313
14,30,0,15.35,14.1580365870413
18,31,0,27.0,28.802412179684204
13,22,0,25.0,27.15065182894956
18,34,0,25.1,30.614582008888306
15,12,0,28.0,32.959305051437056
14,41,0,23.95,23.888942608398732
9,5,0,32.2,37.33715519284693
15,1,0,26.9,26.273661015509333
1,19,0,33.25,27.78465119639372
3,6,0,28.9,29.076849174123677
19,0,0,30.15,31.33398188951783
0,24,0,41.45,48.65504247141027
6,29,0,27.9,25.38524229381688
0,31,0,32.05,37.116424226593026
14,41,0,21.2,26.353068332289425
17,3,0,26.15,35.08227172623923
2,29,0,18.65,19.828939510353628
16,40,0,34.35,52.40658355588542
14,42,0,38.85,31.771014595398942
14,37,0,19.0,13.59953559578608
8,39,0,20.05,29.94639948483395
16,24,0,28.25,42.98087089808551
17,23,0,45.1,41.25645085125604
2,25,0,25.65,34.74156467100286
15,17,0,26.0,28.129400240579905
11,5,0,17.85,24.512671266746487
14,36,0,25.85,32.11045902735382
16,37,0,26.85,33.83749866330952
10,38,0,29.0,26.74833984026908
17,16,0,25.85,39.115584456434
1,8,0,36.65,44.61210008152732
3,6,0,31.0,29.81522041543635
14,45,0,18.7,25.04963493798494
16,42,0,12.95,13.457437779122273
11,17,0,40.35,53.189111469805255
6,31,0,27.4,40.553278795340724
8,44,0,35.9,37.41361981108513
5,2,0,41.65,60.05460234784587
9,9,0,37.75,42.74511360193239
1,13,0,29.45,38.57934407780522
7,2,0,36.85,37.741886545322565
16,32,0,26.35,29.410479693290856
8,37,0,16.7,20.54545666257346
7,6,0,31.4,33.40721636507834
11,17,0,23.35,32.95495330551117
3,19,0,16.1,16.603423870109633
16,47,0,19.6,24.55370054648211
13,3,0,57.8,69.19355004927161
10,43,0,32.75,38.88698199167753
19,0,0,29.0,30.61303471949232
5,19,0,52.55,63.33409740998005
1,4,0,19.3,19.862951495315674
16,46,0,26.55,30.079674900258865
2,28,0,31.7,25.16702102689989
4,33,0,43.45,52.29317657007914
4,43,0,21.85,32.561318672378896
16,35,0,22.1,33.83069300906625
19,8,0,24.4,31.038855106395108
4,45,0,24.55,26.69018151818538
17,22,0,22.0,41.703212043400704
14,32,0,27.9,32.397043399863385
15,0,0,23.8,26.23697671928725
11,16,0,36.85,50.95950404616963
12,29,0,30.05,37.810434371591406
13,6,0,33.0,31.846672138793238
3,4,0,26.85,25.551341503560607
9,3,0,33.05,37.439741058483776
4,25,0,26.9,31.127750354069324
4,30,0,35.2,36.0257218051068
17,3,0,14.0,18.12529491593099
7,7,0,41.8,46.39941015959033
4,34,0,41.9,37.57364697987701
8,32,0,41.2,57.21667037167623
13,20,0,34.1,52.064635942158226
1,20,0,39.25,41.86931422514836
3,14,0,26.95,34.54588862734076
11,20,0,37.7,40.79228513231135
3,22,0,26.3,24.231558370287118
9,23,0,27.2,29.953648402683417
2,37,0,27.3,32.81703665379984
17,19,0,34.3,45.13500217184698
9,23,0,27.2,34.81318564476457
11,4,0,39.7,35.84630936005605
18,32,0,17.55,18.986075229798786
9,3,0,11.8,11.82593047412961
4,32,0,26.8,30.358559011638842
2,34,0,26.4,32.01052458505681
18,44,0,33.15,31.45134086339187
7,20,0,27.4,31.241672574674325
15,13,0,35.35,34.49984744436141
7,7,0,27.45,26.09390935186136
8,26,0,38.25,39.85087333124781
10,39,0,22.05,32.40447499960461
3,22,0,28.8,33.20684774021927
18,31,0,23.4,27.217254589109846
1,4,0,22.4,23.36303873530514
0,34,0,51.15,84.54975178151496
12,38,0,41.75,37.06164849913835
2,40,0,29.6,30.60684477969627
11,8,0,36.5,42.93262775926707
0,46,0,37.55,34.03941214162443
1,5,0,26.35,22.23859849805951
0,44,0,22.15,17.74163998827854
0,40,0,35.35,46.44212584100322
19,13,0,38.65,34.522723256612174
15,15,0,26.3,27.26883704311958
4,30,0,29.3,27.64645213747098
4,25,0,39.35,68.01414326601876
8,40,0,20.1,25.42460474256757
16,32,0,44.35,56.54087948229652
7,10,0,35.75,29.707123016117478
7,12,0,21.7,15.848293947697702
2,36,0,20.35,29.663507618124434
11,12,0,27.1,28.772977088343083
0,41,0,37.9,50.13340098912941
11,15,0,21.55,25.31584691972911
0,47,0,48.55,55.404232215313854
17,11,0,15.85,19.156625897831635
4,44,0,33.2,31.81790293794393
2,42,0,22.2,28.10431695627822
9,19,0,21.05,30.826296020050634
8,32,0,50.85,38.38622971299666
10,43,0,37.55,54.66691003369021
15,1,0,32.85,40.53494269081144
18,46,0,21.45,29.814293640184705
8,46,0,45.5,42.35004505061917
13,12,0,26.55,31.208087683196887
15,20,0,31.35,40.41531106426193
15,15,0,29.3,63.652097166426586
0,40,0,47.35,42.13671358303762
16,24,0,38.0,55.646440279585484
18,40,0,40.85,53.86266649642648
13,10,0,24.95,26.360806233178035
17,13,0,32.3,29.811866235126118
3,16,0,35.05,32.57618600660369
10,31,0,34.85,66.36761654840251
9,6,0,52.55,47.525588675442705
18,36,0,27.6,29.535705421351324
15,4,0,28.8,31.991117188172225
7,20,0,29.25,41.64748681366904
4,43,0,25.9,27.883026340315656
0,36,0,23.75,24.45592168091724
17,8,0,29.05,27.742187141038844
14,43,0,17.1,21.84852156867467
10,34,0,32.9,36.755092736997184
18,34,0,18.35,22.452933227672414
13,18,0,28.05,27.444633259288455
1,15,0,17.3,21.26053918215127
8,25,0,29.3,60.408347279598964
9,8,0,38.05,32.48072302799081
13,0,0,36.7,53.51350051007788
10,42,0,41.85,49.752307537069655
14,25,0,31.15,44.60856066060108
4,36,0,37.35,43.32772905730414
7,8,0,49.7,59.62170215970903
10,46,0,28.1,32.789439891847074
19,18,0,53.1,64.36973790450554
15,23,0,37.2,37.5760281926768
6,39,0,34.2,51.94085705472087
19,11,0,39.6,44.996374122928245
0,26,0,27.8,34.757202964202065
12,35,0,25.7,22.85676221487568
16,37,0,33.0,45.66583428617758
15,23,0,35.4,35.32763939556616
19,3,0,19.8,26.816334378018265
1,23,0,43.15,46.58130978249358
12,43,0,24.45,25.144791236273758
14,24,0,25.85,24.798716010904144
3,7,0,27.25,35.002067608101456
6,42,0,28.3,44.734420987117204
19,0,0,46.65,59.98971403060432
0,47,0,20.4,20.694265668995055
6,34,0,59.6,86.24835620096432
5,19,0,16.35,17.020962308128667
2,24,0,29.75,39.501998616992054
15,14,0,55.0,72.57591306965925
7,14,0,23.95,33.88754622975355
0,27,0,25.1,28.421452238906106
3,12,0,23.5,17.30986940873236
8,37,0,21.0,25.085118255546192
18,43,0,20.8,23.45118109470911
13,12,0,30.05,25.25548403187337
11,20,0,28.7,32.76728149911288
7,22,0,29.65,29.546172608131055
3,23,0,32.9,30.185217713659988
0,36,0,30.2,40.8973039904125
19,4,0,26.55,43.07456814702419
16,45,0,36.95,37.38206014992528
16,33,0,20.2,20.679509309051745
10,27,0,16.8,21.15257854133553
4,42,0,19.5,30.581211982454022
10,40,0,43.75,36.81943851597386
15,3,0,49.4,52.42779495850008
12,43,0,34.65,45.3480980858073
0,31,0,47.55,44.72191856349636
16,44,0,22.75,25.021832572039123
10,24,0,32.9,39.31505671127191
0,38,0,37.05,45.131941075729934
5,11,0,17.95,22.45808962208683
1,6,0,32.4,43.515756372049644
11,19,0,33.35,37.55876097950769
17,12,0,35.6,55.572049013680854
12,33,0,34.6,40.490934657941445
13,17,0,25.85,20.11617573784315
19,6,0,24.2,25.57877409514628
2,30,0,19.15,21.047002536928478
6,37,0,26.15,30.325037423502746
8,42,0,22.85,33.339205623094074
10,37,0,23.5,25.22008389317822
18,40,0,25.5,31.419906529392946
7,8,0,27.4,39.57457982620981
9,9,0,32.25,27.86220794515301
16,46,0,34.95,49.68476945492929
10,28,0,17.85,24.059739246957328
16,38,0,29.85,29.462330990069695
10,43,0,31.0,35.71672172143345
0,32,0,31.45,38.053252160623536
12,26,0,33.5,47.54775992288397
9,15,0,16.05,23.15957230765897
9,0,0,38.45,65.99479644558909
0,26,0,22.7,22.235817478729412
14,35,0,26.8,31.512069534002194
8,35,0,10.95,9.361033456217378
1,4,0,37.5,30.278531564199255
15,20,0,19.6,26.88063282463104
4,34,0,40.75,36.870862836605674
14,24,0,43.6,57.763036806011435
13,20,0,22.25,28.83870754093496
2,31,0,44.55,46.18438446510955
4,45,0,22.05,38.38924602706226
14,26,0,17.05,20.80858881378198
12,28,0,36.05,35.498665653203005
6,31,0,25.6,28.476028700054293
6,27,0,24.95,25.063025818082995
9,15,0,19.75,26.623841709423175
8,28,0,30.9,34.12808690491563
1,20,0,37.25,41.323976728185045
5,2,0,39.05,54.043330568603636
2,44,0,32.2,31.735087670805072
18,41,0,16.9,13.603018240933073
19,20,0,25.85,23.57803393437473
6,28,0,14.85,19.13738419126842
17,13,0,30.35,40.00825572698452
11,14,0,22.55,17.337136897119827
1,3,0,22.65,31.664815273672286
7,10,0,29.25,23.836890913478054
15,12,0,41.55,53.60918519099227
15,8,0,15.6,20.69680880563093
9,7,0,47.1,53.326106966574315
14,44,0,26.05,31.55525646427732
15,2,0,23.55,34.8975568440573
7,22,0,25.6,16.699826661564956
15,17,0,40.2,56.61746057626802
12,25,0,27.45,33.14636599911623
13,21,0,27.35,36.84001685810232
5,10,0,49.35,66.90863762978353
2,31,0,32.15,38.43692714592378
5,22,0,38.9,33.13115881176701
16,28,0,27.2,34.50186875182881
0,40,0,30.9,30.50090593995357
8,39,0,47.0,67.58308726457031
16,39,0,28.25,26.465220473988914
1,5,0,43.45,56.1674891917492
17,12,0,49.85,71.67784286580294
4,36,0,35.85,46.6230968286614
10,43,0,17.9,19.79872404182175
6,24,0,30.7,38.3613017725443
13,14,0,22.85,33.277580567418845
9,23,0,39.05,52.46500086523847
17,8,0,42.15,54.91359241188785
17,9,0,26.85,28.12242970711419
0,29,0,52.1,59.41371452521893
9,16,0,31.35,45.908690841025326
10,45,0,25.4,27.88397011678366
1,17,0,20.3,28.687242717571202
17,3,0,37.15,50.10439102513871
1,16,0,28.1,31.12605948313034
7,2,0,49.75,52.68463772895833
15,8,0,42.1,54.38546632482267
1,12,0,38.1,50.46509997799939
3,23,0,21.7,32.3030062149998
13,11,0,28.0,27.79625116715145
17,9,0,25.1,38.39531221386277
1,18,0,31.35,33.41017021333789
6,41,0,24.45,45.44455847224002
13,13,0,20.5,28.19387764820769
8,33,0,30.2,49.14168559540764
10,31,0,15.05,16.18795848771549
16,47,0,25.95,33.09551567651933
19,1,0,32.1,36.59723889498827
4,39,0,21.3,22.8935752881389
19,16,0,18.1,24.483936731962384
19,2,0,28.5,29.909512656819082
11,3,0,21.6,19.258354304724893
3,2,0,23.25,28.230023211579475
15,3,0,37.25,44.14673499282043
3,21,0,33.2,30.771825801500547
18,28,0,24.05,21.379958643059798
5,10,0,33.35,28.986884511520213
19,17,0,31.0,31.36374037844205
15,17,0,24.85,29.6351054272498
16,43,0,30.95,29.14839527947329
3,14,0,51.1,57.476677192167536
14,43,0,27.1,38.603108683109966
4,44,0,25.0,38.194791598634986
12,43,0,18.85,24.149261730025273
15,13,0,25.9,41.31509218318729
3,21,0,16.25,27.767597549737904
10,30,0,17.6,15.762714166498638
12,47,0,24.0,26.11311426931122
8,41,0,29.75,34.46565796481141
19,17,0,34.45,44.03763342749854
6,47,0,30.3,41.13661450133663
9,5,0,29.95,26.116086996332353
3,21,0,33.45,47.41360564226264
2,28,0,34.7,32.016607532571854
13,2,0,30.0,55.206788293507984
11,9,0,15.8,14.196367215075242
11,14,0,29.5,31.76476034853718
5,13,0,39.05,44.68542091225351
3,17,0,36.5,40.058509839063106
9,2,0,62.25,80.38713892945287
2,37,0,24.8,27.318010253503573
18,46,0,38.0,44.52438716738927
10,42,0,27.5,28.764927474818688
17,15,0,23.5,22.40887981887631
15,12,0,24.15,18.87430723719974
13,0,0,45.6,42.400844082958635
4,47,0,36.1,35.67676525341624
10,26,0,31.75,25.37482175203145
14,28,0,22.25,25.345766801121684
7,13,0,24.9,27.50100476633344
9,17,0,21.7,22.515725498789553
16,34,0,28.45,25.442349692878935
8,37,0,22.0,41.40175434879414
10,24,0,17.4,22.082143297958623
2,28,0,35.05,42.2591939545019
1,7,0,22.75,19.46352864637913
1,12,0,27.0,19.60665837493934
0,46,0,31.8,34.292242486265636
15,15,0,24.5,34.05800006490476
9,3,0,24.6,29.32826910032457
3,14,0,22.05,26.753209350025948
11,17,0,31.1,31.61928125951665
4,41,0,20.25,22.585218734011807
11,23,0,30.9,38.82470727174697
8,38,0,51.5,59.89508371003065
1,0,0,47.2,56.183533830511315
15,6,0,22.15,24.89615273596769
9,23,0,36.45,48.286943860306806
10,40,0,24.45,34.90208107202054
10,25,0,32.4,37.219689186744894
5,22,0,50.05,70.68348649548842
3,22,0,28.3,47.258638864956964
5,6,0,29.75,33.54003891658917
7,21,0,30.7,43.715708365469006
7,2,0,25.75,31.42555949340734
8,28,0,28.45,34.12280453704947
10,45,0,22.2,20.904796729836658
4,45,0,18.6,23.1934655044317
3,19,0,32.85,44.989209232530655
17,2,0,10.9,13.622350056162542
8,31,0,45.75,59.344555906919325
7,8,0,28.1,27.090297350274984
14,31,0,21.1,19.059187589688793
1,21,0,28.35,35.95505234975587
9,3,0,22.0,26.80337763476049
8,44,0,21.8,25.982990387437784
18,39,0,29.15,32.34074340843955
18,44,0,23.15,30.406500343806336
15,22,0,29.9,32.131145736120104
4,32,0,24.95,43.867593841851914
14,41,0,22.1,21.432636205955674
17,7,0,20.95,27.27149080131696
2,42,0,36.75,39.405950659366425
14,35,0,26.45,24.592414320380644
14,28,0,50.0,48.59932856369628
6,27,0,24.25,26.12898169103661
5,17,0,18.55,28.361343224073224
19,2,0,20.5,16.693837501494848
0,43,0,48.2,59.63361821198368
14,26,0,27.75,51.95025454575195
5,7,0,33.25,36.96637875008502
5,7,0,31.65,32.57101552963277
13,5,0,28.95,44.22130351098355
19,16,0,24.95,19.731020193967083
17,8,0,38.95,73.02232895707853
11,6,0,35.2,49.153465370152055
0,29,0,36.65,51.39555069827492
13,11,0,46.0,49.44002214273051
15,7,0,27.35,34.0220903469929
17,12,0,42.2,36.99445193112354
3,4,0,41.1,48.53745162785451
5,10,0,48.0,50.598522965752565
9,4,0,29.5,44.354433707056664
9,2,0,52.15,61.0972262269866
13,5,0,23.3,19.743353311937668
5,15,0,40.3,37.83913318246072
3,0,0,39.05,38.08505025113632
4,35,0,21.9,28.955319482191687
8,30,0,24.05,27.29849619918361
18,32,0,40.45,44.838276646539164
14,25,0,18.9,34.92081267517606
7,4,0,28.55,37.515575712664095
2,36,0,20.45,35.556441418057986
19,2,0,39.65,36.36984725667245
17,11,0,26.45,32.72448785333634
7,1,0,26.2,30.45548952332343
15,20,0,41.15,52.32416670194215
10,39,0,33.25,43.1031504526916
5,8,0,29.8,36.39490999692416
18,27,0,34.3,68.46751054332267
11,12,0,24.8,30.181207118965517
7,14,0,29.6,32.401104594556166
11,12,0,41.45,37.21130982574206
10,29,0,18.55,29.665636686240195
16,45,0,29.55,31.246852473068135
3,22,0,24.3,34.57577490854422
8,32,0,24.75,35.053155124903185
11,14,0,33.0,33.19955611624633
3,3,0,32.1,34.60285963236048
11,14,0,17.3,19.64179217892298
4,37,0,20.35,19.86871383541683
3,18,0,26.8,25.421913464775354
12,37,0,14.5,17.370574029238735
11,22,0,27.2,32.75523260729337
14,39,0,26.3,47.03649199236023
4,39,0,20.7,20.527516833957804
0,26,0,21.5,23.127791438918358
11,15,0,31.8,30.807722886862067
10,32,0,29.4,28.974398863025343
18,29,0,25.85,22.861769973381094
11,0,0,30.85,46.3718097214472
13,6,0,28.85,36.937037467047965
12,33,0,29.25,71.74066966658819
15,12,0,29.2,39.97841522885226
6,33,0,30.8,47.29482001234384
10,30,0,22.35,28.390648942361654
4,37,0,22.35,23.18864286444416
11,9,0,55.1,69.6645345094694
10,37,0,25.25,39.819163595857766
12,43,0,22.9,27.09806751703698
4,46,0,26.4,31.53344089592574
2,36,0,32.7,37.17115463423359
0,34,0,35.65,37.07357549522301
8,34,0,28.8,34.40715959766146
17,9,0,25.7,21.196077094842956
14,38,0,31.4,40.202644584392054
11,9,0,36.0,51.62312823164684
0,27,0,39.3,32.762462474124575
2,27,0,24.55,27.808508731946358
10,44,0,32.4,66.89142813466265
8,41,0,31.2,41.87399645301805
8,41,0,29.0,27.03409153759671
11,10,0,36.6,40.24582358195039
2,28,0,37.1,38.187763264662344
3,13,0,25.15,35.51171044806724
1,2,0,26.5,27.128349902289532
19,3,0,37.35,42.985034115314335
4,27,0,27.55,30.783582432335923
14,35,0,28.7,37.04492294214518
11,9,0,37.15,43.82293919855217
7,10,0,14.75,12.895837761810878
18,26,0,18.3,24.430567565632753
7,16,0,22.4,24.532255887858508
12,36,0,39.85,46.28433291821554
15,6,0,27.6,31.575140121370964
18,26,0,29.9,34.890656266926854
6,45,0,16.15,32.67426961290554
1,0,0,46.55,72.67843740173487
13,21,0,23.9,28.200223963276382
5,16,0,22.3,21.815252993213136
17,22,0,22.25,22.58288825870737
4,26,0,14.95,13.172838881977048
6,46,0,47.3,50.77411275754397
8,41,0,38.1,52.659681970774926
16,35,0,18.4,18.593717105234063
0,38,0,43.9,40.856488243349396
3,6,0,56.4,56.931537832733795
18,47,0,27.85,35.762778356686354
17,10,0,29.9,34.92834770904875
12,24,0,25.95,30.451816988395564
9,8,0,50.55,65.76071055449128
12,45,0,26.3,28.986566761718763
16,27,0,26.95,29.663862473422192
17,15,0,20.6,21.53430555623918
3,4,0,36.55,49.236780218813955
6,44,0,27.95,36.61819363735953
11,20,0,19.3,18.75633226406485
4,36,0,21.35,29.49268419545145
5,7,0,25.05,27.673804828469297
11,7,0,20.8,20.265604773657884
12,29,0,29.65,31.939539923522936
0,30,0,30.1,37.39814236872707
7,14,0,29.9,32.05734992494742
0,42,0,22.15,25.70945965572738
11,5,0,29.65,39.04420571608546
4,39,0,34.85,31.852084125813413
3,9,0,33.65,26.592984828808955
7,11,0,35.1,33.36701806779926
1,6,0,53.05,88.00805884152105
19,14,0,29.5,33.63816754505919
7,7,0,38.6,52.65318503886391
5,16,0,18.9,17.42925550241378
13,19,0,21.15,17.85990805657951
13,7,0,18.5,19.484136597431473
14,45,0,25.55,26.222680018800915
8,32,0,18.75,24.087286447855693
1,23,0,40.1,37.41924638471491
13,15,0,25.45,28.019682931449232
18,28,0,34.35,63.78027660813746
5,23,0,28.9,26.417498188252342
15,4,0,32.3,52.25151722803443
15,21,0,26.15,36.81286245465385
19,23,0,17.9,20.608889242010925
17,16,0,19.95,23.44416659573168
3,1,0,33.0,49.63127197538601
3,20,0,33.75,37.78592748351526
11,4,0,37.95,54.38118385889311
19,23,0,23.55,29.119490669345595
2,29,0,24.2,33.05593345894357
11,11,0,32.15,33.97410004230002
0,46,0,27.9,25.040808798103104
6,45,0,38.1,40.43825702943869
0,34,0,26.05,26.33683632041671
11,2,0,24.6,23.22294690942333
18,40,0,24.55,29.29788028976984
5,18,0,36.4,34.24893390580517
0,47,0,27.25,23.892026857686666
18,26,0,22.95,28.489102256273732
17,19,0,35.3,47.95293745461601
14,47,0,37.6,59.555723574869916
12,44,0,26.5,40.16610249294403
13,7,0,22.6,19.99315672397617
6,37,0,30.3,47.47752931096651
16,36,0,22.1,21.31443790386917
9,9,0,27.55,34.79031171854722
19,0,0,27.3,30.544359458611044
18,42,0,36.2,38.871718849515645
1,7,0,24.3,24.523028919128667
17,2,0,45.05,57.01751808366489
0,35,0,33.5,25.603248149199228
8,27,0,16.95,19.87718872423732
12,47,0,44.8,51.5747796382771
6,24,0,26.75,38.48564325618197
8,34,0,29.55,38.874257481485635
19,13,0,28.1,34.2681377252674
1,0,0,37.25,48.310263701902606
15,18,0,24.45,21.254039863666293
11,18,0,25.75,25.829145104747568
13,23,0,27.0,23.48795884120874
5,16,0,30.6,39.291622248863284
4,30,0,29.4,26.638713419224636
8,44,0,34.65,46.945965579701586
16,34,0,15.65,18.672453676894996
5,20,0,32.3,47.13820665146044
14,47,0,25.55,27.528884352334558
19,22,0,38.95,52.66825169722368
15,1,0,41.4,36.42497697141923
15,21,0,15.9,13.8484276135748
9,13,0,30.55,39.08220082150737
0,28,0,26.3,33.3988654077697
13,2,0,33.65,37.81154794364728
10,31,0,34.8,55.6593019605604
8,36,0,22.2,22.92918159073831
0,38,0,45.8,56.250005847952906
19,12,0,27.25,27.055255350952855
18,44,0,35.7,39.98038992990649
14,32,0,17.15,23.42350371562268
6,30,0,26.95,33.089153891617684
12,36,0,22.8,23.820822381844174
0,45,0,29.3,33.24249024809569
13,7,0,25.55,22.091853702213402
6,26,0,29.65,31.09962768435119
5,2,0,26.85,31.65484082045621
10,26,0,11.6,11.513836070251807
17,3,0,29.1,29.01342701868259
15,22,0,23.7,37.316709958211256
7,9,0,32.0,49.19777487480078
5,9,0,31.9,31.11252920744648
11,0,0,45.45,65.58921204620547
7,6,0,30.9,34.195875405329836
18,38,0,30.55,47.885252097290376
11,9,0,37.15,56.9369688432097
18,43,0,31.9,32.28964311712935
9,19,0,17.7,20.034444024440035
3,3,0,14.8,19.991050629298048
4,47,0,15.45,16.080308323831158
17,17,0,17.0,19.52865640674318
0,25,0,41.35,51.76086206879926
3,7,0,29.85,30.86178867142992
15,8,0,17.1,21.961449477616334
12,33,0,25.65,39.339647872557805
16,37,0,39.9,48.16954705161648
13,13,0,31.05,32.65686838371951
9,2,0,29.4,49.464926436500654
12,31,0,27.6,34.31955097240301
4,43,0,18.4,28.68228868501477
7,6,0,39.4,60.34933392559655
6,36,0,31.5,37.612288025674744
9,2,0,35.4,37.635929082390625
14,30,0,24.55,22.439333417250307
12,42,0,26.6,30.470693426549005
19,1,0,27.25,36.39530767904884
7,23,0,13.65,17.511725395168504
8,27,0,17.65,16.521994909497874
9,13,0,26.45,22.670349288048147
19,0,0,32.75,67.92245966037883
5,10,0,41.45,42.469152892051206
16,32,0,26.6,25.25115943143164
12,36,0,25.25,29.55614639078789
6,42,0,35.65,47.814636605167365
13,8,0,24.85,21.781873197684355
16,28,0,42.35,71.79376530620264
13,6,0,23.85,18.51393500781733
9,1,0,42.65,44.417013098941936
12,35,0,29.5,40.88945302178855
12,28,0,36.7,57.731775433783795
10,38,0,12.85,17.045681657179177
3,5,0,38.9,36.992033281718776
16,25,0,29.8,38.01467860542404
8,26,0,39.2,39.99684198059958
16,25,0,29.9,23.94709080232371
5,18,0,40.95,38.22437221955317
0,24,0,24.0,26.15138116509538
0,28,0,36.55,36.71293332987995
8,47,0,31.95,27.13606068451507
19,10,0,30.85,41.479576458275154
18,28,0,19.6,21.455952431361375
7,17,0,31.6,34.55034465514741
8,33,0,20.9,27.71072374598534
5,14,0,34.7,36.81404194340152
17,8,0,20.6,22.873565528793275
13,22,0,24.45,28.845276909747287
5,10,0,35.0,39.43949396493984
13,7,0,17.35,19.255279522086514
10,41,0,26.6,23.800486505421205
8,29,0,37.05,47.06487683590543
15,23,0,28.2,39.191298712046304
10,29,0,22.35,23.943519065984386
6,25,0,26.8,44.46950463076089
14,25,0,37.05,34.953314728739464
13,19,0,23.15,21.677723224788306
12,39,0,29.15,33.77678274542409
10,30,0,41.7,43.528695919141114
10,39,0,40.1,45.590742365897974
7,14,0,28.55,26.47635489301827
7,4,0,40.4,47.265654605253886
13,12,0,30.85,54.54913285045731
6,32,0,25.45,29.83017723186053
13,20,0,24.65,16.014056325615943
7,19,0,18.7,14.041667317403284
11,18,0,31.65,41.38811805083041
16,25,0,41.05,57.30112059159604
16,47,0,35.0,43.91259260706072
8,29,0,35.5,54.19798015269184
12,39,0,38.6,72.80861718809186
18,41,0,29.85,36.80714318544274
17,11,0,43.15,56.12136754157761
15,10,0,28.25,27.061090731508724
2,28,0,35.75,34.659053651246744
0,34,0,13.85,15.138918128626734
7,23,0,18.7,19.780639125430866
17,14,0,25.6,24.860452635926766
10,25,0,24.95,31.918440471070376
17,13,0,30.55,37.749137320223
2,39,0,31.3,25.34831043886876
3,22,0,22.3,24.313955273723597
8,39,0,25.4,20.249496419989264
12,38,0,31.1,38.99649107021648
4,43,0,35.7,38.788359621222234
3,14,0,23.85,26.602878752021123
1,14,0,37.35,58.224859042562876
1,16,0,17.25,21.331654265063708
13,6,0,25.0,38.95611566068184
2,39,0,37.05,45.004648882672456
14,43,0,21.65,31.315499777518948
12,33,0,26.45,22.813834676169172
1,16,0,36.4,38.068359565392356
2,32,0,34.9,53.11942850041335
19,3,0,20.95,24.618082784814906
2,45,0,17.35,18.13770425906966
5,7,0,17.3,15.079089739384834
9,21,0,30.15,31.509856436226094
19,11,0,33.75,55.11698085841938
3,0,0,18.1,20.629309757057595
16,31,0,23.75,37.16092316569
0,45,0,42.65,38.78995393546877
4,34,0,38.9,33.259585084603806
3,3,0,35.55,33.17652150161871
9,16,0,29.2,30.270012953590328
14,43,0,31.95,42.53478452674754
9,1,0,35.45,49.79692972991724
0,24,0,29.2,30.327336982020903
4,30,0,45.3,38.81955557108868
12,27,0,27.65,35.239444108167085
9,8,0,31.75,37.51894258413447
1,18,0,28.35,29.734394403221263
6,26,0,29.55,31.307431436607743
0,35,0,53.3,65.8475911720231
0,42,0,33.9,35.79605976552226
12,27,0,15.7,20.162758792022068
12,30,0,22.6,21.568495543268657
9,18,0,20.05,21.045001906941177
11,6,0,36.9,52.48749224439345
9,21,0,28.7,48.0209384156098
1,4,0,20.35,25.350750014857343
8,35,0,29.65,29.886231647788303
6,35,0,20.4,24.184379473666795
17,13,0,29.4,30.344339626500705
15,1,0,18.95,21.979595801082134
15,17,0,17.4,13.697483441551551
0,34,0,36.05,41.35911405953316
19,18,0,27.95,40.355623100002724
6,36,0,27.0,26.301891066693486
18,42,0,13.6,19.927236056264935
4,33,0,35.1,37.48950730397422
18,29,0,25.95,30.565675623414403
5,0,0,27.2,34.38573755742955
6,32,0,30.3,32.37624210175695
14,44,0,21.6,25.672840451381795
4,36,0,16.65,24.240624883382072
4,31,0,23.5,16.72848185769282
0,27,0,54.05,48.416477186572486
18,46,0,33.65,43.5131861442144
10,25,0,22.3,36.37393514447862
3,15,0,30.4,30.189576451414307
1,5,0,23.75,20.310419933983066
11,12,0,17.6,16.76274063762279
12,25,0,25.15,25.196647646692586
19,19,0,34.15,51.58465194017958
13,13,0,21.9,15.857589914445915
4,47,0,14.5,18.852613946919377
14,29,0,31.15,39.4985342832657
1,22,0,40.3,37.36744995031737
9,23,0,23.2,33.76170362376501
8,24,0,32.35,34.441827385959215
8,41,0,49.7,46.66352119725125
10,27,0,34.8,28.7229964717435
19,23,0,24.8,38.32629988869125
0,25,0,42.1,55.58009867228604
11,8,0,33.75,46.33842897639064
14,26,0,18.7,21.614079232126254
16,31,0,33.55,29.576795670005616
1,18,0,28.75,38.39664870244469
3,9,0,18.5,23.331704203778852
7,4,0,25.25,39.03557756444079
0,24,0,49.65,55.967354206198685
7,9,0,29.5,38.62573453568297
15,8,0,19.15,29.677698520499934
14,39,0,26.65,37.409926912237445
2,27,0,21.6,25.299053445991962
14,27,0,23.25,23.552572772640495
3,22,0,25.05,36.00654180328317
3,7,0,33.6,39.69276747058189
13,21,0,25.3,22.8521564109731
14,41,0,27.05,40.85336422402754
9,3,0,26.7,27.66548295924763
14,47,0,33.6,32.11394188133706
15,4,0,24.55,23.689826819477638
10,28,0,25.5,20.497753407064934
16,37,0,24.0,19.30094080063129
1,17,0,60.8,92.95250626557969
2,42,0,33.45,39.6809313876259
3,7,0,14.85,12.018735374406077
5,3,0,21.5,22.579683462421652
10,26,0,24.3,24.0243297732243
19,6,0,20.45,17.479235801674122
19,2,0,29.9,37.33334899749045
3,6,0,30.1,28.36955373190365
0,24,0,33.85,41.693461559842994
10,45,0,52.6,62.80747525070898
1,10,0,23.8,32.086396527270914
14,26,0,50.85,52.60705876190901
1,0,0,35.95,44.182009913538344
15,6,0,14.8,13.32429518230751
8,24,0,26.1,31.294694354424394
5,22,0,39.15,45.726043483244645
18,35,0,33.45,64.03492057175974
8,47,0,36.2,33.246448168029524
3,20,0,29.55,32.63429742496463
7,16,0,26.55,36.46263408217413
13,9,0,36.75,40.88864853412703
7,4,0,20.95,20.507957377307807
2,32,0,26.9,28.789435196741326
16,30,0,24.8,37.04421256027082
9,1,0,60.6,96.90060018281348
19,18,0,30.5,43.22462748309847
5,20,0,29.95,42.28534024931099
17,13,0,34.6,43.565316963213554
17,23,0,22.15,25.026880285846758
2,29,0,32.9,41.81525785492282
15,4,0,23.2,26.716050763933143
12,33,0,26.4,28.83966566708903
18,29,0,14.15,14.24697567168112
10,37,0,17.85,20.20493686414809
12,30,0,28.8,36.71311252916248
0,30,0,40.05,66.25189173068749
13,10,0,36.4,55.75642516668748
13,23,0,42.1,60.000789468490375
2,39,0,23.45,24.08859743355328
16,42,0,18.85,25.321667443224648
11,5,0,17.05,35.350091193212236
13,12,0,22.0,25.80697580112788
16,29,0,31.05,45.71130805621872
0,40,0,37.05,49.95732389276186
6,46,0,42.95,36.06496331548624
9,17,0,38.3,38.97381036974499
5,3,0,18.8,20.60556899685642
2,33,0,26.7,27.25918483547769
7,13,0,34.65,51.39759875611638
7,18,0,24.9,36.366410181287954
2,31,0,33.8,44.770290901092224
5,13,0,48.05,55.72533676788986
3,2,0,28.2,27.157629537668843
9,13,0,23.9,25.101687928147488
2,35,0,26.7,33.573329013558244
5,12,0,49.7,54.58272331251461
2,37,0,32.3,40.10394389320673
11,16,0,26.6,32.10574632940996
12,38,0,29.2,33.038414642734644
10,34,0,32.6,39.7537154834217
7,7,0,19.9,22.52460642801206
0,32,0,37.05,49.96785809002886
1,22,0,25.95,25.31168858348586
19,10,0,33.05,38.65021958131946
5,19,0,16.55,15.260802903620696
7,2,0,27.1,27.65178208780727
10,42,0,22.0,25.23990157625317
2,40,0,40.4,50.69869717001456
14,26,0,10.35,19.75181537293005
14,27,0,18.4,21.30579362767938
13,21,0,38.4,36.85590718917175
2,44,0,39.8,45.08191375006635
10,42,0,23.35,31.893366741459943
1,21,0,34.5,33.13370044627008
10,35,0,19.6,32.60674776790841
2,38,0,37.0,36.81103953407113
15,10,0,41.45,50.589654652851074
13,20,0,15.8,24.496186599034896
2,26,0,38.0,43.06543369045955
6,46,0,21.85,32.26253326432348
14,25,0,37.8,38.38804638508136
2,38,0,29.8,32.87872452385873
10,41,0,23.15,31.906565897451596
9,2,0,23.9,26.706789990168183
7,9,0,25.3,35.24216971634677
18,24,0,23.2,27.967274108368724
14,34,0,37.75,46.799544532196606
6,47,0,26.15,33.66909405874833
5,15,0,19.35,21.83978744835841
11,20,0,19.35,21.609634790747243
17,2,0,37.5,56.616438007274695
12,44,0,33.1,29.885571241337395
10,27,0,28.15,29.539046415852606
18,28,0,35.55,41.95671328254495
10,26,0,18.6,26.947121709396953
17,20,0,28.95,26.46442497908625
17,9,0,28.45,35.28452023793228
0,27,0,40.2,59.69095849721119
10,30,0,21.1,23.63961884099167
7,2,0,19.05,24.88388825599493
16,39,0,26.45,33.91238711739414
10,35,0,42.6,55.168068567548055
15,15,0,39.25,47.14242139238122
4,25,0,21.6,28.597754788573326
8,37,0,43.55,53.462702198035124
4,46,0,27.25,32.08192637607661
10,31,0,48.85,69.09282467125391
12,27,0,36.85,31.37930092140023
0,30,0,33.55,47.384735494616166
11,3,0,26.3,47.794626432157344
11,9,0,19.35,22.618750954392727
10,25,0,25.7,25.427088746163275
17,19,0,27.8,29.031017894658813
19,12,0,14.6,12.840724688518003
13,7,0,32.2,36.28048627307146
5,0,0,26.6,23.91740172475175
6,37,0,33.2,54.55427041994633
0,43,0,22.7,32.07080981368047
19,18,0,23.65,20.040157053697012
14,34,0,21.5,27.41014026731137
2,27,0,32.95,33.64595072218944
5,0,0,23.3,24.244587024736056
11,1,0,24.45,20.38439805857721
17,13,0,42.9,58.93787987542924
3,15,0,23.95,25.807944513269547
18,32,0,30.05,35.50163080019965
4,27,0,30.3,38.232116562415236
7,9,0,17.95,21.009960044051287
6,26,0,32.0,28.121915035487145
19,22,0,16.85,21.062001204463982
19,19,0,17.85,24.577000373691273
5,0,0,36.35,41.68462420049918
4,27,0,20.35,22.8018351062042
3,22,0,26.2,32.56022759522162
2,44,0,23.3,37.4209341918327
0,45,0,23.9,25.37487360611508
16,47,0,41.1,45.610363549942186
1,18,0,36.0,46.19068030856897
5,14,0,26.25,28.506462794472267
7,17,0,29.35,35.59904640946381
19,22,0,31.55,40.366055307060066
15,16,0,23.15,32.47229588433808
19,21,0,29.95,28.664070669889526
16,35,0,41.0,47.355319825648664
5,7,0,31.5,38.75496572596927
10,30,0,22.5,32.14195487455445
5,6,0,13.15,11.23094878121683
14,36,0,31.55,39.060647850826996
2,41,0,16.3,18.773161133580256
11,16,0,31.0,41.238714564682645
14,35,0,36.2,40.195050755822635
4,33,0,45.55,59.24922828722395
17,16,0,24.0,38.94125129771229
12,25,0,37.9,49.384527728301386
4,27,0,30.35,29.367499042308662
17,8,0,26.6,27.917924821085634
2,36,0,34.85,36.268407304719794
9,2,0,15.05,16.278739767594193
16,33,0,36.05,39.23944712309687
19,21,0,31.75,31.5542556976326
17,15,0,34.8,52.88179469842448
3,19,0,38.3,55.8919069558187
15,18,0,43.75,32.955911537433735
19,10,0,17.1,14.494645109215515
0,24,0,32.9,39.920842729212595
5,11,0,24.2,30.674179095093887
5,0,0,17.6,16.696674739852273
19,2,0,20.1,22.713084566529396
8,24,0,36.45,32.72448785333634
3,19,0,28.7,31.652887121997175
12,27,0,39.25,54.9381230878982
18,46,0,37.9,45.96669274708877
13,10,0,21.0,28.888169131834463
10,24,0,31.7,42.21012599888924
13,13,0,32.7,46.1759791735008
14,43,0,38.3,37.53608789867215
14,29,0,42.35,52.051871901220345
1,20,0,34.1,39.56726451313802
17,16,0,31.9,42.36172552521537
17,20,0,18.3,14.966981202493358
11,12,0,31.9,37.59045231522438
8,36,0,27.05,35.76307269266796
10,41,0,43.65,48.10763699083655
8,34,0,26.85,38.35056439576456
19,22,0,30.7,53.07502138234936
12,47,0,29.15,38.690778175031234
16,38,0,30.65,34.42807147173884
13,12,0,37.45,37.97294743422092
14,29,0,26.45,30.39472772841057
9,5,0,18.15,23.77587233443093
13,2,0,20.85,24.473992640954066
15,6,0,21.15,25.18411153255581
17,21,0,30.5,33.265281411231456
1,15,0,25.45,23.241240568392527
3,11,0,30.2,38.43189464905145
19,12,0,42.55,34.41002760824234
6,37,0,31.65,40.26004287915723
9,17,0,21.65,29.146228428030742
13,5,0,35.0,43.8670239413809
5,2,0,32.75,40.996630156764425
1,0,0,24.95,34.99695475473921
11,11,0,24.45,25.576459159897304
10,42,0,53.25,107.93608001229732
7,18,0,50.15,59.833343107070505
1,4,0,29.8,37.46380709571924
16,31,0,27.25,24.924887161229034
13,20,0,29.0,35.805027579936315
15,11,0,26.5,37.69056841397355
6,29,0,30.7,37.168322675718315
13,15,0,27.25,29.203235220920664
19,11,0,25.35,25.3735772222332
12,42,0,35.65,37.21951242645661
1,21,0,26.6,29.76115447675835
1,23,0,20.0,17.92381538330321
8,26,0,27.8,31.159352739713558
0,43,0,28.9,37.61144842506839
9,7,0,35.3,37.72769469989415
8,25,0,26.25,28.480602817393194
19,3,0,23.75,35.16558574874918
18,35,0,38.8,39.132164721485495
14,33,0,22.1,29.42769908919504
0,43,0,40.3,59.32967660720721
16,38,0,16.55,21.182105158538146
6,34,0,22.5,24.14321305961792
18,47,0,23.3,22.613689379851778
10,27,0,23.4,36.479843028286474
16,34,0,44.85,55.80537136946775
15,10,0,23.1,25.735292171605412
1,3,0,31.35,42.27388767250262
15,22,0,12.85,14.287554392768406
18,31,0,31.0,33.74361538050373
10,24,0,21.8,30.067643038567837
16,32,0,21.3,26.4954812433326
4,42,0,27.4,25.689235919062735
9,4,0,19.75,28.213238773761216
12,28,0,24.75,23.570443132739022
6,47,0,35.05,46.995492505020884
2,47,0,25.85,26.591005602409407
2,30,0,24.2,25.382546842476746
2,24,0,32.3,30.64928950837884
6,38,0,28.9,46.77932516783344
2,27,0,33.45,41.88138011097533
5,18,0,36.35,26.937109992292086
9,11,0,29.55,34.79636248381809
16,38,0,22.15,28.375814386643835
18,43,0,19.55,13.956605679937482
10,34,0,21.5,37.76589940534631
7,0,0,38.6,35.137923732208854
11,6,0,18.6,18.855126344675714
11,17,0,31.65,46.369539684218516
2,47,0,25.85,30.55327530034951
5,5,0,20.2,22.02773371528671
7,0,0,25.15,48.246379738740366
13,9,0,26.55,44.67246296510212
19,7,0,29.0,37.96397184034801
5,16,0,31.15,42.84030935069398
10,26,0,15.0,9.738691147333808
10,29,0,18.9,18.973388566205312
7,17,0,20.35,27.03852028028472
17,17,0,20.45,19.212043919868268
5,15,0,26.45,29.23313728954649
3,0,0,35.05,23.261612832711048
19,2,0,25.75,20.99091282085254
3,8,0,38.8,38.21490478031341
8,36,0,21.45,18.636339712903304
3,22,0,29.95,25.40922957054033
15,18,0,24.5,24.667259357507195
19,9,0,25.0,23.626479346610015
3,11,0,31.05,37.550632484686595
7,3,0,34.65,52.273848750191476
2,39,0,38.35,38.18414523553488
0,25,0,52.45,52.43188563821587
19,1,0,28.55,37.68075733957866
7,0,0,30.45,33.02865581980529
6,35,0,22.7,16.808832264772683
18,39,0,40.4,48.061802318527995
13,5,0,39.0,38.58824473306537
17,8,0,28.35,39.79192591997845
11,14,0,37.3,37.81687175684531
15,13,0,36.75,47.42736829255757
19,10,0,44.2,51.51555718012712
2,25,0,21.45,16.301356094703156
18,39,0,32.9,22.76631861232498
17,2,0,24.8,26.04166701754386
7,21,0,31.6,28.797660723709743
15,10,0,37.9,43.6323154023302
17,0,0,32.8,44.3189397555112
17,19,0,32.4,39.34516622487644
13,3,0,29.0,23.532731963888313
11,9,0,39.5,46.58947249506503
5,7,0,33.55,47.98516766449268
4,34,0,22.65,22.539497495916386
15,3,0,31.25,39.74110294339973
13,17,0,25.55,44.66303664223093
10,37,0,29.35,32.16450315422103
18,35,0,38.4,38.87144805231998
10,40,0,35.45,44.84883968457413
18,33,0,44.05,58.55045058031488
11,15,0,40.6,40.69967024307122
12,44,0,27.25,35.95007503103216
13,21,0,27.65,26.262390559405226
14,45,0,21.1,34.421382583321204
13,5,0,27.25,35.454752483753296
6,28,0,26.35,28.126172490180185
14,24,0,37.6,67.18662147528448
12,31,0,36.1,35.70183542384871
4,31,0,30.5,30.725439485529698
5,22,0,25.15,26.598921624361903
4,29,0,40.5,51.71734922176808
11,11,0,28.5,32.36876337003413
4,44,0,23.7,25.33792663806156
16,38,0,28.2,39.09717986868375
10,42,0,18.9,23.744029720509133
13,16,0,31.15,36.4536836634047
0,26,0,30.8,46.301756247241286
19,13,0,46.4,41.27621973714979
16,38,0,25.55,35.87767961751209
8,29,0,20.7,26.036613895779436
1,13,0,31.3,29.574348771581732
10,47,0,16.0,21.579717572904325
18,34,0,30.2,43.65848322943363
0,33,0,18.25,20.915557040533002
6,32,0,40.7,51.86023727796003
19,23,0,23.6,33.485896481323216
8,42,0,48.8,58.21882495333763
7,19,0,43.25,56.36056385359125
0,29,0,27.15,28.3089626871253
1,3,0,32.8,42.80014756492024
15,12,0,26.7,23.312747811579737
15,13,0,26.8,22.13737016663761
15,2,0,49.65,68.93572521215916
6,26,0,16.4,15.06267607453323
15,7,0,29.35,31.41952962896267
15,2,0,38.65,37.69723569371325
0,31,0,23.3,20.93373002194255
12,43,0,22.45,24.850023827162147
2,38,0,27.45,25.572343202024044
15,5,0,20.2,22.18249665602898
10,26,0,38.35,50.16108262912908
4,26,0,38.7,44.052719612563735
10,24,0,17.25,17.838087577457753
6,30,0,41.55,75.70613199109192
14,30,0,27.9,32.52351376109938
11,16,0,45.4,81.98934462220654
17,11,0,16.9,18.278258583412843
14,27,0,25.8,32.607070592611954
8,45,0,22.95,26.524020890704453
10,35,0,18.05,31.04745942653127
19,2,0,30.6,27.029029228824175
9,18,0,18.1,18.744543065565566
19,21,0,20.75,15.39608631062487
3,19,0,35.4,57.54211272487399
4,45,0,37.0,46.01601551862706
12,28,0,22.15,25.66028059082753
15,3,0,15.55,17.352309113744703
10,41,0,21.6,22.45791385540612
14,32,0,22.35,36.04861483578734
15,9,0,41.65,45.76401137184223
3,8,0,49.45,54.73618547176995
8,40,0,28.7,43.26187089902852
17,4,0,23.2,29.07630614344553
8,33,0,35.55,40.791478728309244
4,32,0,26.95,29.78073379322877
7,14,0,31.35,66.7298363000508
14,47,0,33.65,35.89791813344876
4,43,0,34.7,36.53131317247251
0,42,0,24.6,30.714988626333387
10,47,0,30.2,35.95552808679077
10,27,0,33.7,42.623319537795886
9,10,0,29.75,26.365597600701285
2,43,0,18.85,21.213885720641116
6,36,0,26.6,34.05784552941162
17,21,0,20.6,19.99842099029979
9,21,0,26.65,41.05359141927844
11,5,0,24.7,33.760924157967004
0,45,0,29.5,38.17204819181038
6,46,0,19.8,20.58001074113576
17,0,0,28.3,33.256736555407684
5,9,0,17.65,21.58526544220678
19,12,0,29.55,35.69826031438625
8,47,0,31.85,38.69621904554827
11,9,0,20.15,31.340699955237287
3,14,0,29.65,28.77914998196108
14,28,0,14.6,16.828547174370104
14,31,0,22.85,38.09030129352587
16,26,0,50.05,63.28421687327068
4,38,0,26.15,29.946047977549295
15,5,0,29.0,38.23335551170222
18,31,0,22.65,29.83335293540471
19,21,0,15.0,16.93019725069287
4,41,0,34.85,37.233650597841
11,10,0,35.2,34.35970712454066
1,17,0,33.3,24.649330085911274
6,30,0,21.65,21.957554748339255
6,38,0,29.9,33.15180395186901
18,43,0,26.7,26.489521264871986
0,30,0,15.55,17.77779513888041
13,17,0,16.5,18.779888458835845
16,42,0,16.2,19.405913368976236
1,13,0,32.25,32.81025994860048
7,18,0,24.7,43.74098403340426
7,13,0,43.0,38.78415303079068
16,31,0,47.6,52.38360530989785
2,46,0,19.25,18.27242673941719
18,42,0,29.05,31.44498119104642
2,28,0,26.85,38.06956928129287
16,33,0,19.05,26.13623216110056
18,38,0,25.4,28.53142312018729
14,38,0,21.25,33.57454392839909
10,25,0,31.0,59.470470337010646
11,17,0,30.1,43.15931319876944
18,33,0,14.35,24.870771261822476
15,11,0,34.65,33.411745492298145
17,12,0,20.2,25.170157768779738
19,14,0,18.0,21.450064409178232
16,35,0,28.35,41.168811649494806
2,42,0,40.65,27.811915280666078
17,17,0,32.1,44.86576469988295
9,4,0,44.95,63.45365071825012
14,45,0,31.55,48.21713497568223
8,38,0,23.75,28.772931358263943
8,25,0,10.5,9.310435571245621
1,22,0,30.25,30.896899861517362
2,42,0,31.8,35.63646860642679
3,7,0,39.95,48.604174609530034
5,15,0,29.75,26.403498572009454
18,39,0,31.05,34.036319610551004
10,47,0,37.65,41.47450072666717
16,32,0,29.2,50.465830023888444
1,4,0,49.95,74.28924622893382
13,20,0,37.6,32.1434285663493
14,43,0,47.7,51.5099377228368
19,11,0,23.8,30.83504499753486
18,24,0,19.35,24.988997578934615
18,46,0,21.45,19.5164572928377
2,44,0,32.55,40.116245560804124
18,38,0,12.9,13.178531185626351
3,2,0,37.4,39.8370364570987
4,35,0,35.9,29.91373562341167
5,8,0,23.9,22.31331912841108
16,41,0,27.7,38.04720060246496
19,20,0,22.4,31.0218937967501
7,8,0,24.15,25.9944832203823
14,30,0,15.6,25.813908939500852
16,24,0,24.6,32.80147621838479
5,21,0,29.3,39.6817603599331
3,23,0,32.7,37.797382254107994
11,17,0,44.05,54.26298049896982
18,31,0,45.1,71.03068276974987
1,12,0,28.75,29.25005623026534
11,7,0,28.65,40.34753628427052
3,19,0,32.7,44.50913566780124
5,23,0,31.15,50.953306798324796
14,34,0,30.15,38.0405254820089
6,31,0,42.75,43.91124421399436
0,25,0,41.1,51.43304282984668
11,5,0,20.3,30.150674252738312
12,29,0,12.25,16.757951765308942
15,10,0,32.95,27.444633259288455
1,16,0,41.25,58.172949944653475
6,24,0,23.7,24.30096381021261
15,1,0,25.9,22.294441129195363
9,2,0,14.3,12.786094420358227
5,1,0,32.65,37.68187474384106
11,19,0,22.5,38.987852359150885
2,26,0,30.8,38.33179249382259
2,43,0,43.1,54.84706008529536
11,21,0,32.85,41.22630100720706
2,24,0,33.35,47.22095319932277
12,25,0,18.2,21.60068225043391
5,0,0,28.45,44.618234412684494
10,39,0,34.0,56.795107276299035
2,35,0,35.35,23.32668451637128
16,33,0,21.25,39.53662525863968
0,44,0,35.5,36.32238689119541
6,41,0,37.6,47.05025308953687
17,7,0,34.4,49.437254224553755
12,34,0,35.7,59.34918968098448
12,38,0,31.2,29.209947836851384
1,9,0,40.6,52.638189058595295
13,17,0,21.3,18.393648789445603
14,40,0,28.9,28.82597512843691
1,8,0,40.55,42.19937016242379
8,42,0,37.5,50.75171762714306
12,30,0,33.45,46.392461955750846
12,40,0,25.95,25.098699903423388
7,6,0,21.0,23.494680248941464
2,39,0,28.65,31.03185968951061
7,17,0,31.7,52.93998588272534
9,9,0,39.1,68.36427198625411
9,21,0,43.65,41.60626850544721
9,12,0,22.7,22.80373930555665
8,35,0,25.25,30.339959754336142
1,16,0,37.8,43.018478281829196
10,32,0,27.4,35.61992346101296
19,12,0,34.5,47.88747776105764
3,17,0,36.25,32.18020803962715
11,21,0,28.0,31.752331037512658
18,25,0,24.65,20.448330262549945
10,31,0,52.2,59.916257349210674
15,9,0,32.85,22.843345224652005
8,42,0,32.0,35.21363372331802
11,6,0,23.5,24.54533935822698
13,8,0,28.05,34.10891996315087
17,14,0,20.05,30.687688256470473
2,34,0,28.3,40.800025799785445
1,9,0,32.75,37.57501269390828
8,27,0,34.25,57.27576414064448
19,4,0,29.05,35.70268307770956
19,6,0,15.7,13.868176368559556
19,5,0,22.7,23.717859138321554
5,12,0,28.55,36.99142859465803
9,0,0,40.75,46.24861306597546
4,30,0,45.25,49.96827941172701
4,42,0,24.4,25.811869974470028
10,33,0,31.35,28.083100368652133
19,11,0,28.8,38.87171884951564
16,38,0,40.85,41.1688116494948
15,2,0,26.35,40.22342208478197
15,15,0,30.2,24.73778273687523
0,43,0,21.9,28.36769845774369
14,37,0,33.25,37.66874315034039
13,7,0,40.7,31.43096026464821
11,21,0,28.75,30.99044844362279
0,29,0,55.4,69.28005712894205
13,4,0,30.0,30.76224617081276
13,19,0,35.9,39.636373513014
17,23,0,29.55,36.30930720178622
8,46,0,17.2,18.245691632763464
18,47,0,30.15,51.84721989197025
3,23,0,23.5,21.590690001406674
10,41,0,23.3,25.315067283713613
18,34,0,44.05,36.891697825134756
9,3,0,22.0,27.480136366780318
5,6,0,36.75,53.73313688963265
12,43,0,30.7,42.043961954626795
7,18,0,26.65,43.71712298522472
12,40,0,25.1,27.826341174468027
13,20,0,25.25,30.910524523465945
14,46,0,35.55,30.179245220933925
5,2,0,22.85,35.725967262512356
11,6,0,30.45,34.69335595425183
4,29,0,30.5,33.559844425961465
11,13,0,31.9,41.44482698975261
2,24,0,20.4,30.34780838354247
15,16,0,43.05,48.56625967631611
9,9,0,37.85,32.9054066905985
0,42,0,22.75,22.14990792424726
12,38,0,23.55,35.01649987017399
15,16,0,33.55,34.675146567443434
11,4,0,46.05,84.13490107528128
9,15,0,22.25,26.820799077542315
4,42,0,22.05,26.07978648604882
11,2,0,34.2,53.885453559037224
7,18,0,36.4,76.46905118722007
1,1,0,34.8,41.050161869031456
14,29,0,26.5,40.024334703041006
14,34,0,20.85,18.649890644522063
5,17,0,26.05,27.38511889406554
12,34,0,28.05,34.69487297175644
3,15,0,16.1,15.127180138656655
19,14,0,29.4,41.68604461674763
14,38,0,28.7,38.11768480294733
0,28,0,28.3,60.80001731301692
19,22,0,25.55,18.65327683926085
7,17,0,36.4,39.34249075678062
19,14,0,26.45,29.902429051130525
18,25,0,40.85,37.10763150336429
16,46,0,23.1,23.05120158987037
12,33,0,31.35,48.05728489603785
14,35,0,27.1,28.08801954758048
12,35,0,17.15,16.112352240962277
5,6,0,25.15,20.91907968187994
9,11,0,28.65,37.00252480717043
14,31,0,26.1,43.14833655389766
11,1,0,34.6,45.17498143185475
15,3,0,36.2,55.66213869598011
6,38,0,29.85,36.235015051597166
7,0,0,24.5,29.710001860086038
9,18,0,39.75,35.85478753909558
18,41,0,37.15,36.804283217553554
12,46,0,31.0,34.06649843746014
0,33,0,21.5,22.502631425071858
2,46,0,30.0,29.43681905011942
1,14,0,28.7,25.803100588882725
6,43,0,20.45,23.02281477143922
19,1,0,34.7,46.717628815097875
7,13,0,32.65,59.65274511705224
12,45,0,20.6,23.347264011915943
1,5,0,40.25,55.615101129856896
5,20,0,43.05,49.69853857853473
19,0,0,26.1,32.75089392110662
9,21,0,28.0,30.298514815086232
0,33,0,28.25,40.538318454986445
3,3,0,34.5,33.18925000341939
16,44,0,37.5,43.30977767323751
15,7,0,28.2,36.566593900357795
1,23,0,45.55,41.4849053080883
14,32,0,31.45,49.96785809002886
15,6,0,35.75,36.88085368346363
3,15,0,30.0,30.40429332564036
4,40,0,32.75,30.855989779346856
5,3,0,20.0,33.13449466707023
10,40,0,21.8,28.803508558214883
10,33,0,11.85,15.256663772715326
17,10,0,25.75,27.37243138634199
5,9,0,43.85,48.75748255666158
2,25,0,22.2,28.029307969751194
6,32,0,44.7,60.892571494049214
13,11,0,24.7,32.457421501504335
2,32,0,21.05,26.16038588158983
10,42,0,21.35,21.64127391911357
0,32,0,40.5,41.484937025383076
17,4,0,26.5,34.18448401495071
17,13,0,46.75,65.762631366229
3,8,0,31.0,38.713522729212634
10,46,0,36.75,35.00507482005852
13,22,0,25.45,20.901964148451643
5,22,0,56.25,64.24613443214841
1,17,0,32.45,31.982684459925466
10,34,0,17.55,18.613732904272023
13,7,0,38.2,46.18110800795175
12,34,0,18.65,17.31526554958461
16,47,0,24.1,30.13461028190186
14,41,0,24.35,24.29484459065772
12,33,0,36.2,35.9599192083865
3,19,0,47.95,74.28924622893382
1,11,0,24.1,32.96074219910391
17,2,0,26.65,33.23009891174281
17,18,0,26.85,28.4462096263327
15,3,0,47.95,68.83120085053228
7,21,0,27.35,35.49392090277759
6,32,0,28.9,46.290728866019904
8,27,0,24.05,22.089471176153253
12,39,0,33.3,25.44777934681552
5,11,0,37.75,55.51280079973968
6,40,0,24.1,36.100590460253514
11,22,0,41.5,45.2426207998841
16,25,0,31.35,37.04659228593097
10,37,0,28.1,43.29324731592555
1,2,0,36.05,28.520491248445065
15,9,0,40.4,61.529111637885435
2,33,0,40.45,65.28034684505381
17,7,0,35.85,66.58218111556022
1,9,0,26.3,28.43293124085817
7,17,0,30.05,30.254142822012604
16,43,0,22.4,27.402266521700643
3,22,0,28.75,26.09673300787304
5,8,0,21.5,17.82517439200142
9,19,0,32.7,40.745810246350224
6,34,0,22.1,21.63549714802286
19,17,0,40.6,50.59165731100024
2,24,0,27.55,34.36870516526397
6,37,0,27.9,37.954127436600146
16,45,0,16.8,21.274150363391964
16,28,0,34.45,44.90747798471173
18,39,0,26.5,24.613860023636235
4,42,0,31.45,46.90693473587662
0,39,0,33.0,35.15379742907174
0,33,0,36.1,39.09354503185781
6,26,0,40.55,47.88305380930986
12,47,0,18.25,16.786194202065985
12,43,0,19.2,21.214692029222032
7,12,0,36.8,36.50897510418355
8,38,0,33.9,52.98549950594725
4,38,0,29.9,39.636373513014
6,39,0,36.3,52.71282676221375
3,7,0,30.0,37.34053815190247
10,29,0,19.05,16.640075278169803
5,1,0,22.5,27.28504506520974
12,27,0,23.6,29.45004691266034
19,10,0,25.75,45.29072752782847
14,38,0,19.9,19.82794412996599
13,0,0,35.0,48.81112901572215
9,1,0,35.7,50.518469785551545
8,27,0,42.2,52.86288121665632
8,44,0,21.05,20.26528013493444
0,35,0,43.75,53.326082292172735
11,16,0,18.95,29.195304236703617
14,44,0,29.35,30.340653637617873
2,35,0,36.9,57.58919854863136
10,34,0,20.5,20.423155073540787
19,8,0,21.9,23.84136167075592
3,20,0,18.85,16.906165178792957
3,6,0,31.1,34.14812933151837
10,40,0,27.45,30.81605015845511
11,7,0,27.4,37.702994436432824
18,31,0,27.9,45.26169520280453
6,42,0,36.7,39.67114820622161
12,41,0,25.3,31.72098757339656
2,36,0,39.2,39.91385460555876
11,1,0,18.5,19.1049731745428
18,40,0,22.45,24.42275685977279
9,9,0,26.6,24.465657993453426
10,36,0,29.4,33.772302572561316
11,13,0,29.6,40.496133668601786
4,35,0,41.8,78.21939455282511
1,23,0,18.15,20.643018445138196
10,24,0,20.6,16.971803241351754
0,39,0,24.4,30.193062988567075
16,41,0,22.6,42.02179885425383
11,4,0,50.65,76.3463541334731
17,0,0,33.6,41.82469680891775
17,7,0,30.0,42.87435744493192
14,31,0,33.8,41.23054565169908
13,19,0,29.5,29.119535855178952
1,10,0,34.4,30.87564190681539
13,4,0,27.15,28.97053857392295
11,7,0,26.4,46.9270430393931
15,20,0,28.35,27.86862978899015
16,28,0,29.15,35.51912012897901
8,29,0,12.9,13.118488359643624
18,46,0,24.95,26.56962056262952
18,35,0,36.5,42.85778195012209
3,5,0,27.3,22.73207796091358
14,47,0,33.95,39.41075861661181
9,9,0,15.7,20.39375549421672
6,30,0,19.6,27.461743725063283
6,42,0,22.35,37.72096303955639
7,3,0,27.0,30.530399000961232
2,39,0,27.9,39.40464840332259
14,24,0,17.75,22.763948875822326
18,37,0,26.5,31.89703830501476
17,21,0,36.85,89.80345497983801
16,39,0,33.95,47.54551835651257
15,7,0,23.6,26.162246805172085
0,46,0,20.4,19.027404060017172
13,2,0,53.7,44.0204497932495
10,33,0,23.2,31.613787798164406
10,44,0,31.7,29.219856262480146
18,30,0,21.15,33.57987335796314
14,39,0,16.15,19.33166205722459
7,23,0,23.15,27.43657758310399
14,29,0,30.0,37.57098544579875
4,25,0,21.0,21.235521383310854
19,20,0,42.3,52.213226797733725
4,46,0,18.25,17.204268136287087
3,19,0,17.2,15.4803780723585
2,47,0,27.8,39.90462313277023
4,46,0,28.6,29.745234027797142
19,8,0,28.35,37.055115422129894
0,31,0,32.15,35.77454990705867
1,9,0,31.55,27.36012272979552
15,15,0,32.95,34.868889768448476
14,41,0,39.5,54.78234444743941
17,19,0,26.0,33.27240044810334
4,38,0,26.45,28.86898718439273
7,9,0,24.35,32.58878560745124
3,19,0,34.9,32.97351409205497
10,33,0,29.1,42.22732963876656
4,45,0,37.6,62.52022830547262
6,36,0,25.65,22.23149733338289
17,4,0,37.1,39.46070663864312
0,38,0,21.65,19.9031206228148
10,38,0,29.15,30.580824745341044
1,13,0,49.8,62.58182012794383
18,32,0,37.4,36.888737405452375
9,7,0,20.25,31.474091266510488
6,45,0,18.55,18.239560821120897
2,31,0,44.85,51.620349924383405
14,29,0,33.1,34.42444052215167
12,30,0,27.1,36.40401944262401
7,22,0,29.75,31.78029015136997
17,20,0,19.1,20.80966374699884
18,36,0,41.45,51.47045652349357
16,31,0,27.55,41.92785156482628
16,27,0,39.25,46.80629174981095
18,37,0,36.55,44.63828307394308
19,14,0,14.75,23.307724041613326
19,4,0,38.0,43.46686578363607
14,26,0,18.55,24.467970470543086
12,44,0,35.4,33.79567085324764
4,45,0,34.5,29.514492425889603
18,36,0,23.2,16.760228612936483
9,2,0,35.2,29.13236579548776
11,5,0,19.85,22.330708146312546
14,26,0,35.5,51.986334236685906
5,21,0,22.7,22.452523009089294
5,16,0,34.7,25.874392949909293
15,17,0,23.65,32.473916658726196
4,28,0,24.95,25.046220431329292
8,36,0,39.1,49.47716113202343
12,25,0,22.35,27.503636123247414
12,29,0,31.4,34.41908895090813
6,45,0,57.35,67.74586800373103
12,41,0,30.65,30.584266681106683
3,0,0,29.5,38.065732621348566
18,46,0,36.25,49.513289018946054
0,43,0,38.25,42.17616563141345
14,38,0,24.2,24.384205414247365
1,18,0,36.95,62.41666022532934
12,33,0,50.05,64.53026625667907
8,44,0,36.45,43.28665164373788
12,38,0,22.95,36.44097606873484
14,34,0,19.85,25.93772907317995
14,39,0,32.8,29.000181487635377
19,23,0,20.55,26.25878299180155
16,39,0,38.45,63.66563561211603
14,45,0,35.65,45.6661512328448
2,32,0,25.7,31.35551659680688
17,14,0,27.7,20.629820010950425
15,8,0,30.2,38.881195563164624
14,43,0,41.7,38.131489956672155
1,23,0,27.85,42.61859613879961
10,31,0,23.5,37.204272533364254
1,16,0,29.25,36.03634860876767
12,27,0,24.5,34.14443007670736
0,47,0,32.95,33.10823557905034
5,17,0,31.35,27.122092373871933
4,39,0,29.7,30.042250949375667
11,14,0,32.25,38.510251540131634
8,47,0,26.6,28.392734430150483
6,32,0,23.95,21.692771049118498
19,14,0,44.35,55.39644202901197
7,17,0,44.2,54.580312625669244
11,19,0,34.45,54.10951370770403
10,43,0,25.7,23.597725135676686
15,8,0,20.4,22.392197889349532
7,10,0,32.6,36.65830845725657
14,25,0,37.65,34.699120267932166
13,16,0,39.4,46.0336261535207
7,1,0,28.95,24.377459390096202
1,17,0,23.95,24.461516499875557
19,1,0,37.75,45.46702101523697
7,11,0,31.55,33.50958229019213
14,40,0,24.8,31.07478246525883
12,31,0,44.75,56.2530700916567
18,24,0,30.25,36.587134638457705
12,41,0,28.8,28.849153960047534
18,36,0,26.4,26.46029796546238
4,25,0,33.25,34.59977943343144
7,23,0,45.5,69.25581868011258
16,37,0,25.05,45.96849607697589
0,44,0,41.0,45.439375459014215
4,37,0,27.85,30.779820799040607
9,1,0,20.85,26.739041040947477
7,11,0,30.95,38.32063481509119
16,24,0,25.7,34.580341236025994
12,24,0,27.45,26.023218377764923
4,38,0,48.15,47.72098181369656
17,7,0,39.95,47.35140191333193
13,12,0,47.0,71.31988723904065
10,28,0,25.5,28.99092416965224
2,26,0,26.8,38.962329985445386
1,13,0,31.9,36.84948046480867
17,1,0,47.2,54.03760873590482
16,43,0,35.85,35.155706282345214
16,47,0,27.3,31.87492002053949
15,14,0,47.95,72.59293499044047
9,13,0,39.75,62.72485866653541
1,20,0,23.65,24.318662965324652
6,36,0,40.4,36.91013268381519
18,37,0,42.0,44.37993856877701
7,0,0,30.8,28.561291434755756
0,31,0,18.55,20.032802048009582
1,23,0,32.1,31.59430328397827
4,24,0,19.7,24.59803158577403
8,25,0,24.0,24.087559575760046
1,9,0,35.05,41.48236784593261
6,37,0,17.8,20.26040992986854
7,9,0,42.25,43.901654446705024
1,10,0,32.35,38.59680243096229
13,22,0,28.35,36.60065429383527
16,37,0,17.45,22.32882253477495
10,47,0,30.4,31.43648567475295
16,33,0,40.2,39.80822448743608
3,13,0,29.2,37.20865773615484
15,6,0,32.15,41.1099616561293
1,22,0,27.55,36.32379965054085
16,31,0,16.95,18.285671698728603
8,28,0,22.8,25.98501592517463
8,36,0,52.6,64.90916730324
5,18,0,23.9,36.56702569831259
19,16,0,42.2,60.76494834498274
8,35,0,27.95,24.43568357093673
9,18,0,30.75,28.373217541974515
5,16,0,37.25,39.947169058513694
19,13,0,29.4,51.20382387036508
7,3,0,20.75,18.75850684216013
8,30,0,28.95,38.20784570849567
2,24,0,26.0,44.301597927697465
18,45,0,23.8,29.00925442174037
15,20,0,30.2,58.56674105577957
18,33,0,28.05,33.61934749985177
6,46,0,36.8,33.39965332312992
10,28,0,32.6,51.958890632782705
15,18,0,22.95,28.847101468915294
11,10,0,30.9,23.420413947530566
14,46,0,28.15,18.7231210848484
7,6,0,27.3,36.00160815121575
1,23,0,27.65,25.12343213227968
12,25,0,24.0,22.522503366516275
15,4,0,47.3,48.57777269492705
15,16,0,21.75,25.97746999552538
6,39,0,40.3,62.244086592940484
4,32,0,24.8,40.088848692294526
11,4,0,28.05,40.3269206153382
7,22,0,39.6,43.418889898291965
7,14,0,47.45,83.49880238662108
2,39,0,19.45,31.583598341710946
9,21,0,19.0,19.04288788360023
5,5,0,34.7,78.440792287794
10,42,0,38.4,52.72510637357939
12,24,0,25.25,26.59615128468581
4,30,0,21.85,28.846736566313975
13,4,0,30.05,32.743782053359304
2,42,0,26.2,26.011333562203426
15,11,0,29.8,41.876510184865666
4,29,0,35.65,38.27775910506339
8,27,0,22.2,21.04781523854173
4,40,0,15.9,13.71476346285656
2,31,0,29.8,33.7429914750339
13,4,0,18.1,20.284554663456056
15,0,0,29.8,34.67230048688191
18,24,0,24.25,41.303593573746866
17,6,0,31.1,46.828803551930115
6,43,0,31.0,40.6279654788099
13,3,0,24.9,27.937712674334744
7,4,0,33.45,30.53811251190017
19,5,0,14.1,15.667263893058571
0,44,0,46.5,52.57025374627147
4,47,0,20.9,22.613223890830827
13,11,0,14.9,21.04856539679505
1,2,0,39.25,41.97978836986851
5,3,0,34.45,41.31837236311278
5,14,0,32.25,49.031541942541004
4,47,0,35.45,62.37364068764608
2,24,0,28.15,35.5294910861682
1,17,0,42.05,53.73568352789909
2,34,0,24.2,26.49448800669381
1,17,0,32.7,42.3706700939521
3,22,0,44.9,58.28956754180397
16,30,0,24.25,37.34177144615453
15,11,0,29.3,31.927714408776914
6,30,0,25.45,28.85622253427098
2,38,0,31.35,30.941838478362147
3,10,0,45.85,54.43129421090118
5,13,0,35.7,46.51892653873034
11,12,0,29.05,35.272585149913446
18,45,0,38.85,52.843637270725424
0,43,0,46.4,41.91394693140246
18,40,0,25.45,28.687930709987654
6,46,0,40.7,45.875231248520834
1,11,0,27.15,35.33639096336508
15,22,0,35.35,35.14971737552021
5,21,0,37.3,54.93546453028221
14,39,0,21.5,26.719793569955826
5,22,0,13.5,11.555358747761735
6,30,0,11.4,12.99149519371889
8,24,0,26.15,39.24722584899607
0,40,0,38.85,34.50899958897069
8,36,0,23.0,22.304118099815703
2,45,0,48.85,64.95040618162363
3,12,0,18.9,24.27235811413989
15,23,0,24.3,21.322338175330536
5,10,0,25.1,32.867997553211154
0,29,0,20.95,26.446520017813906
5,9,0,45.75,51.555667410142824
2,24,0,21.15,23.175020581379606
16,41,0,16.25,15.275970121661496
1,16,0,33.2,32.44201304676262
2,34,0,40.6,47.83458339340955
6,33,0,25.25,28.633574330623976
16,45,0,34.45,36.9629615468754
14,40,0,37.0,49.08424551620139
7,18,0,23.5,23.052571497157945
19,9,0,38.7,62.79213829436729
14,42,0,34.45,39.953229235141805
3,4,0,41.0,38.14239249526907
16,46,0,17.5,21.39970486761564
2,32,0,32.8,32.67479311737349
7,9,0,22.25,25.220866465352813
10,40,0,30.8,30.564168908259745
7,21,0,29.15,40.07266426197079
8,46,0,27.25,35.52000918681721
4,34,0,25.45,27.987732274958198
14,38,0,24.35,23.930326498311494
12,36,0,38.4,53.32660045220841
19,9,0,33.2,47.553404881138356
18,25,0,28.0,34.254465709636044
16,25,0,33.6,30.273142517663025
8,46,0,29.7,31.273159839002346
1,19,0,29.45,41.303083866003334
16,42,0,48.35,71.02873769783163
14,32,0,45.2,51.68080168842096
9,19,0,25.1,27.154334731987856
2,33,0,33.35,40.31752263692484
3,15,0,18.45,20.737646925338467
6,29,0,21.9,28.569214199904064
3,4,0,43.6,49.67515528542995
13,6,0,15.45,27.298496199183614
12,40,0,32.0,28.893634338088344
16,28,0,26.5,30.438030228819446
14,32,0,18.4,19.143227468082202
7,10,0,27.0,36.381024550834475
4,42,0,18.5,21.097517938323804
3,3,0,28.9,37.83746402985441
12,28,0,41.2,56.61467170823813
9,7,0,25.9,26.9578618549297
11,12,0,48.1,57.11751505725533
17,6,0,37.0,40.26621935385332
19,17,0,21.25,20.511550019696863
8,30,0,37.15,35.765721607500986
7,2,0,25.3,30.659591098313584
17,22,0,21.85,19.164866429567358
4,38,0,32.75,32.21453578416852
10,24,0,28.75,31.340028213469314
15,10,0,22.05,25.994888161450433
6,29,0,58.25,55.807823447028795
17,16,0,28.9,35.32242466494233
2,37,0,34.0,38.477607979050276
0,45,0,44.85,40.284873744764035
12,36,0,20.95,23.453144778472673
5,8,0,28.15,27.794878361991348
3,10,0,26.55,26.073731487537618
7,5,0,17.2,21.31616633844888
18,40,0,34.05,40.39994137567398
2,31,0,21.8,24.504779340494284
0,28,0,21.0,23.001144136302162
6,25,0,46.0,51.05208898246657
16,31,0,33.95,68.15807864230422
5,3,0,23.25,22.821677137502867
16,24,0,26.65,42.01663204519196
11,2,0,22.1,23.44063049268805
18,43,0,15.0,15.012275678678153
6,27,0,27.2,37.69629327023798
19,10,0,28.1,33.051634245764454
13,13,0,29.4,37.55473198861686
18,40,0,33.25,41.574125303328294
1,17,0,43.95,48.11988865542527
15,10,0,27.8,28.192197502145874
8,30,0,30.25,26.775627173351435
9,16,0,26.5,28.80698014827583
5,8,0,26.25,28.609668958146596
9,21,0,31.15,27.821375727458573
11,7,0,27.45,24.875426470821825
14,46,0,26.7,35.22573819778582
16,28,0,40.85,49.84003358113256
1,20,0,26.8,40.09541252142392
16,45,0,36.85,35.91697297056673
1,11,0,38.75,63.305337764470416
19,15,0,33.0,44.03228480630046
6,44,0,20.3,25.794940344347008
18,29,0,26.4,30.94035008137262
12,45,0,32.75,41.63611160367505
6,43,0,35.15,28.768175033130657
11,20,0,24.5,24.741824806122164
16,47,0,19.95,24.803384743555508
10,32,0,29.75,33.0595555101141
6,32,0,45.3,47.07675703180476
14,42,0,20.05,26.388743613019624
1,10,0,26.65,23.65603294588596
7,1,0,55.8,80.64255112923685
7,9,0,18.6,21.06481226570685
1,7,0,36.75,40.76618180486576
19,23,0,40.65,55.12022744586792
1,7,0,23.8,25.45501708380574
10,46,0,17.4,11.953418361553142
6,35,0,39.85,50.254379227873734
9,16,0,26.25,39.022092258239134
14,38,0,26.35,29.270561823676776
16,26,0,23.25,28.517538463198402
6,28,0,32.0,40.83728946105894
1,4,0,26.15,37.81433173031789
14,38,0,33.9,51.23927358867157
10,30,0,39.4,55.49623031294439
12,42,0,33.85,42.61365607655046
13,21,0,23.7,22.356207191739838
9,20,0,30.2,41.13085664584501
13,8,0,34.95,41.285240130482215
2,45,0,19.8,19.80590023731631
15,15,0,26.25,25.337459266968008
8,43,0,35.4,54.40433419266675
9,10,0,14.5,18.323123153689252
4,46,0,29.5,39.06741811144853
6,43,0,26.5,29.03627495320112
9,8,0,29.95,27.23866253768906
0,33,0,23.5,28.272173412627552
10,28,0,19.0,26.076809620810593
12,42,0,40.8,48.585897889039884
15,10,0,44.5,76.21127144154494
0,25,0,47.85,51.922285044193956
4,30,0,21.8,23.10980653088071
15,9,0,22.05,22.357090009306006
0,36,0,26.05,26.306843216167156
2,35,0,32.9,27.512485204089856
14,41,0,34.25,60.31921662900508
9,17,0,25.45,30.921760350243563
16,24,0,20.9,29.689445227129738
19,14,0,35.0,54.62214704099813
16,46,0,31.95,45.69288208992962
12,47,0,47.95,55.25869781500942
1,19,0,29.35,30.449742890626567
16,44,0,23.4,19.529734414881055
17,9,0,19.2,27.054720378093766
12,32,0,19.35,23.272470748436707
6,32,0,42.55,43.96826008311953
18,39,0,28.3,28.157638956044366
7,23,0,27.4,44.91793686971363
16,35,0,17.6,26.65648928596246
6,27,0,30.25,34.410639419562635
0,47,0,16.95,14.244019982545584
12,35,0,27.3,35.37781047046595
11,3,0,23.65,25.505984849793485
18,25,0,21.0,21.720715312443343
14,35,0,29.05,42.14320823098308
4,30,0,42.7,66.6681491063248
18,31,0,39.4,37.01834538086275
3,10,0,17.35,20.267357732908454
9,3,0,36.45,65.74630267771316
14,28,0,33.55,71.94257578462364
19,3,0,38.5,48.19423420416924
1,13,0,32.35,38.36016985857788
12,47,0,39.65,38.02945534298658
9,15,0,23.6,23.12756386925168
6,47,0,25.95,24.611668178453808
13,18,0,29.3,26.449753754698936
8,26,0,24.6,33.363074451286785
13,7,0,40.75,61.55175400467993
9,10,0,35.75,38.15049837571967
16,46,0,27.25,22.341547324259018
19,2,0,21.75,33.58708241665474
6,33,0,35.8,53.36922038226272
6,30,0,38.6,43.636537080995005
6,33,0,32.25,27.99412532356707
0,41,0,29.6,31.371123161612378
19,20,0,38.85,35.69206752501915
19,4,0,45.55,33.26524185677106
9,0,0,33.55,49.619048761539155
10,42,0,29.0,45.529631762414375
2,36,0,30.2,26.196825842275747
19,0,0,18.25,22.097570716686196
6,35,0,25.0,24.67685896586218
1,5,0,30.55,41.57994835570575
4,27,0,52.15,48.928815102845284
5,21,0,30.35,38.07924562499133
11,2,0,24.5,29.68341730929737
3,7,0,13.65,19.929546961867025
8,47,0,16.85,15.557279561942089
1,7,0,33.95,33.41836085305896
13,14,0,33.7,51.67927407018265
19,23,0,20.95,29.460901833482716
4,37,0,42.6,47.52550561762101
5,18,0,28.45,32.58264794899919
19,4,0,21.25,28.991604955482142
17,14,0,37.95,49.492662933110864
15,9,0,24.75,37.80959917102645
4,44,0,36.2,41.01552979312258
4,41,0,18.8,22.034900546752258
10,38,0,19.75,20.80454150824817
13,17,0,34.85,42.91886470269712
10,41,0,25.9,33.29438074921479
16,33,0,15.9,16.90499770388689
4,33,0,27.7,28.381053724735377
8,36,0,35.4,37.49722796771994
13,17,0,14.85,16.16453232429438
10,32,0,32.3,50.32431660842761
9,18,0,44.55,44.75721053346424
11,17,0,25.5,30.294171751432042
17,12,0,28.95,39.1185445321754
15,10,0,27.85,47.02885452458668
15,11,0,24.15,22.394254432308017
17,5,0,39.5,39.343962286748045
18,45,0,25.9,38.01370943834814
15,4,0,25.35,26.09753971061963
3,2,0,31.45,27.300424133971557
17,10,0,29.25,30.155517955390764
19,21,0,60.4,78.05220924753542
9,22,0,38.0,56.64850070018577
5,1,0,26.3,30.425231911065286
0,35,0,27.4,25.286568100788003
16,26,0,24.85,31.332302148018698
8,47,0,28.25,32.31404289811246
10,25,0,37.45,36.022617164337476
2,25,0,49.6,60.88418686757931
9,12,0,39.65,60.03093500766698
15,17,0,29.7,25.373214222876854
15,10,0,34.45,43.99578329077028
12,41,0,25.45,31.01353694250642
19,4,0,23.05,38.93243134619666
10,47,0,33.2,32.61029866387869
9,20,0,36.5,45.292615873137414
10,28,0,22.05,19.747018429173185
3,17,0,33.95,31.63188764189507
9,13,0,28.7,30.499525449284924
4,32,0,32.35,35.870050547996016
4,43,0,26.4,33.59417242696464
9,14,0,13.8,14.641685263944893
3,6,0,20.55,18.491747803874713
4,44,0,24.4,43.59671643840309
8,24,0,44.2,49.89209408946049
3,3,0,39.15,48.97504735227822
3,0,0,44.2,56.322941011727416
2,36,0,30.5,33.2082741750337
10,44,0,41.1,43.62749012648839
15,13,0,35.05,48.46971382105259
7,12,0,33.95,34.85681236747062
5,9,0,29.95,43.30123980235499
15,22,0,18.5,15.571566530395275
2,42,0,25.1,18.524237323599927
12,43,0,31.0,50.98193694571482
18,44,0,26.5,55.136672293301736
12,45,0,30.35,33.01399224890147
14,25,0,31.0,44.933869537120295
8,45,0,28.65,30.243355077037826
6,36,0,34.7,33.995510539512495
12,34,0,21.65,21.29807255919751
8,39,0,27.45,20.392142449586075
4,40,0,42.95,60.46614972989346
1,7,0,32.5,43.91798576533549
15,6,0,30.3,38.05688263362454
10,33,0,28.0,35.72556212956885
17,4,0,33.3,45.79140346810684
5,5,0,21.7,27.077082949472818
6,31,0,51.55,80.80221140798719
17,23,0,24.05,34.282840575056454
8,34,0,31.2,45.38675902437672
11,19,0,33.85,51.14918839712132
10,39,0,25.6,23.871145321231833
17,16,0,32.85,36.649513531631804
14,32,0,29.95,37.97294743422092
10,34,0,28.2,29.6214715864585
17,2,0,20.15,30.824247120186342
10,28,0,25.25,25.486580576328482
14,26,0,27.25,24.19629158188894
15,5,0,15.25,22.430888008326935
17,5,0,23.4,23.059191568428275
13,19,0,31.15,35.10926553369907
11,19,0,25.6,31.401307381431717
8,47,0,20.95,20.51565512634578
8,30,0,29.3,60.11401447950474
0,39,0,38.7,51.85313267702398
8,44,0,25.5,28.415155333581744
13,11,0,25.25,30.495685631007927
5,19,0,24.65,26.571205229880356
7,12,0,19.3,17.616081170041017
15,18,0,20.9,24.905928273362846
11,14,0,27.4,37.27903319279449
8,44,0,44.35,42.26890732341906
19,13,0,49.9,74.0034849819499
2,33,0,39.7,44.32784559096959
6,25,0,29.2,37.217143757597576
19,11,0,27.9,31.5259291778421
3,14,0,19.6,23.544806109561446
4,28,0,37.4,54.12305666864996
6,33,0,23.1,20.736187539762717
4,38,0,29.1,29.901416970473242
5,14,0,35.5,51.76922475350531
5,20,0,20.1,20.87784017867547
6,37,0,26.85,23.82010429072578
8,28,0,25.65,31.297006751108764
18,39,0,28.15,36.437798477607515
8,34,0,29.7,37.44483661966873
0,29,0,26.2,41.15004636436603
19,12,0,33.25,41.71062593380102
2,46,0,28.55,27.836883900019373
15,5,0,18.9,16.479333149512804
9,1,0,16.75,20.958291915134687
8,46,0,31.15,37.69863183333399
3,11,0,34.9,38.649436572457574
12,24,0,24.5,30.687731133227544
15,23,0,36.55,40.46242571493758
0,41,0,29.65,45.52763764433297
16,24,0,48.15,53.361009814480205
7,16,0,26.6,26.591253013765737
16,38,0,26.25,28.19644434470791
6,28,0,22.7,26.344079530622995
17,6,0,24.85,30.819124274590145
7,5,0,38.65,46.975105389086565
18,34,0,35.65,39.567763327446784
18,37,0,22.65,32.26579580526984
18,41,0,31.8,37.36815418733472
4,31,0,44.1,44.80119829224497
7,14,0,32.65,57.22189036410895
4,24,0,29.8,58.21249639761299
8,42,0,22.3,44.5067706262648
19,18,0,32.55,45.65024355731418
16,30,0,19.5,25.14484356472986
4,36,0,13.75,13.85593165778697
13,14,0,27.5,36.00365478524002
9,16,0,18.75,22.03794574436508
3,8,0,24.4,26.170292518929088
3,6,0,48.8,97.00548004053553
13,3,0,35.05,34.135141639325916
5,4,0,22.2,27.574969580552956
11,19,0,21.5,26.220723021867148
5,18,0,32.75,24.150569351466643
2,24,0,16.05,16.31749142226799
5,12,0,24.75,23.30772404161333
7,5,0,29.9,34.19741449137255
5,8,0,19.1,20.29233715884942
5,21,0,43.4,50.195827044004155
8,25,0,20.2,31.51540976461482
6,30,0,19.2,31.710200915561277
13,14,0,21.35,24.35758824808314
1,2,0,26.4,35.062950907129725
10,36,0,22.25,20.92562015681658
7,5,0,36.0,38.573238609716256
12,31,0,23.4,34.440490246526
17,23,0,20.8,29.72788873130839
11,15,0,36.15,39.91342604872912
9,10,0,20.1,17.609507001676832
9,14,0,46.25,70.36736309876679
2,37,0,32.1,33.40327749440796
14,43,0,25.85,31.704681706417794
8,35,0,27.3,30.60976796280629
13,8,0,26.05,32.60364041669354
15,23,0,27.15,35.29466188950868
8,34,0,19.0,16.205911851770896
18,46,0,41.1,49.97041229831066
5,1,0,30.2,35.293655311729296
11,11,0,22.05,29.31224820338491
7,0,0,28.85,62.57481837558014
0,45,0,27.2,30.134086312591872
13,3,0,24.1,24.87420985256564
17,3,0,30.15,31.233037501641547
16,32,0,32.6,35.95230759009262
17,1,0,14.5,21.775166927875482
13,13,0,18.9,22.60624040532078
18,33,0,20.6,22.537454206393036
8,24,0,28.35,28.735225036438063
1,23,0,30.45,42.364924667763354
5,2,0,26.45,28.99450946209245
19,13,0,42.55,64.07846752224964
15,12,0,27.85,29.514091192977098
13,9,0,24.4,45.04664249419705
15,19,0,38.05,39.4067520263109
13,21,0,33.95,54.2464890932802
1,18,0,45.35,46.13398678677255
17,1,0,28.35,25.49979360081588
18,43,0,21.4,27.7040753224807
18,43,0,27.8,24.87357507159164
16,33,0,31.5,39.64248120122495
0,28,0,30.3,28.444035541651555
6,29,0,41.1,68.33270003985531
17,7,0,27.65,35.56650553244546
9,23,0,35.25,38.00398178584643
2,32,0,25.2,29.63035427963766
16,30,0,42.9,57.60473299267947
10,44,0,34.8,46.495727024953034
5,23,0,33.35,30.03379675246573
9,5,0,25.75,31.388692231439013
9,5,0,27.85,35.570944677688246
15,4,0,30.4,41.562128510409444
17,15,0,21.15,25.450209388033272
10,30,0,32.95,36.75305214679814
13,6,0,28.7,44.52568744113069
10,38,0,40.75,44.42601774446567
10,37,0,40.35,59.32805762076349
19,18,0,22.75,29.232057024690153
0,28,0,20.05,20.072172410159244
18,37,0,13.85,18.419883421540916
3,3,0,28.7,30.033490078840146
11,0,0,33.95,38.29178144609871
14,31,0,23.85,25.81365407767961
3,9,0,37.4,36.34541888167215
15,2,0,22.1,27.487604862057943
11,18,0,34.55,61.29520887947888
13,13,0,30.15,31.18919347263863
3,15,0,31.35,33.70034358719116
3,7,0,36.2,59.584173101676306
11,9,0,36.4,32.41572068253953
0,43,0,27.4,25.903464511223405
3,12,0,38.9,43.6672827062478
0,43,0,28.6,25.94812639012487
11,16,0,25.35,24.604824088398857
17,1,0,33.4,33.63175191455398
4,26,0,35.3,38.444902475045886
3,10,0,38.9,33.691948124456275
5,19,0,43.95,52.73815656519231
1,22,0,38.65,46.83484420363697
14,40,0,18.75,24.907988572681695
15,16,0,31.6,29.295949064315145
10,36,0,35.85,39.945060955477864
1,19,0,24.2,24.635447289584466
4,27,0,23.1,30.249662895033357
19,5,0,19.65,33.47626810616424
16,40,0,30.45,30.55706482184301
8,43,0,32.15,37.260498343984956
13,5,0,28.45,29.166446114454335
6,29,0,34.55,53.88044758146454
3,23,0,34.5,35.66289535726394
3,17,0,29.4,31.463261784266155
16,46,0,34.5,35.779294217980905
14,44,0,29.5,29.82845691793766
14,34,0,16.55,15.36391877093862
11,20,0,45.5,60.470523484804694
17,20,0,18.25,25.451450170657736
17,10,0,25.5,30.716873470284593
3,18,0,21.8,23.266420347562573
3,20,0,32.25,33.45991317193881
3,3,0,16.65,14.113356868770207
14,29,0,31.55,22.64479724142531
19,14,0,35.6,53.74932068114173
7,18,0,26.9,23.96686308876882
1,22,0,25.1,33.31650452379736
8,35,0,16.15,26.113668532217496
9,16,0,32.5,31.695093427349622
14,31,0,29.35,35.23944410816708
8,39,0,22.55,26.524020890704453
14,39,0,29.9,31.851464479261928
18,32,0,26.65,22.13897492040487
1,5,0,30.5,27.01559004099592
17,21,0,30.7,35.973820890665536
1,2,0,43.45,50.59797686822956
6,26,0,29.75,38.52118350917282
8,36,0,27.1,30.86114914120648
2,25,0,32.85,31.964248120278643
18,42,0,26.35,35.54874340809724
17,8,0,32.35,42.99605245037955
3,16,0,27.25,32.885567142985224
11,4,0,16.65,18.996606345123304
11,8,0,34.3,60.77577425950331
9,11,0,24.3,33.27730378754296
2,28,0,25.8,30.833338074916657
14,44,0,30.3,39.62867117312121
10,37,0,36.9,43.07264365672192
0,38,0,33.3,34.97683443893145
6,43,0,26.5,29.7878463382918
11,10,0,30.95,47.55880017078028
17,10,0,39.6,39.95444774661317
0,33,0,26.4,25.75471341634177
14,29,0,27.45,29.12491246880906
3,13,0,25.3,40.90824135215686
8,41,0,28.7,23.62447437454819
5,20,0,41.2,45.144912868392346
13,19,0,19.95,27.054477205115337
3,8,0,31.5,39.23545657478168
18,45,0,16.75,18.133641315754016
4,47,0,26.1,23.420413947530566
1,6,0,36.45,57.085784939030695
0,34,0,20.35,32.562935015782976
19,17,0,36.65,38.65267063694851
17,9,0,46.0,71.8016273089303
13,20,0,33.65,49.298526720806834
11,21,0,40.35,39.2941337526153
18,34,0,22.25,33.88040110369664
15,10,0,28.8,32.27937258895907
1,6,0,51.9,61.789881644847085
6,36,0,44.1,49.145219824301805
4,35,0,33.15,32.295143842216795
10,40,0,20.05,24.847905767944138
2,39,0,47.45,60.840148620878026
13,11,0,41.15,41.26713360277733
2,36,0,29.4,41.30808510130725
13,2,0,38.65,37.124647792056024
17,23,0,19.2,26.162649149623892
7,7,0,31.2,38.0077554412808
11,15,0,32.25,39.090818682436904
18,36,0,18.7,22.55076145289252
14,47,0,21.5,27.064251037309834
16,24,0,23.65,18.860359431748297
0,35,0,25.0,22.247412623068165
6,38,0,31.4,33.09380606699689
16,40,0,33.7,33.45554788387909
18,25,0,17.1,26.754045439305457
0,43,0,38.25,48.137822966976806
9,11,0,18.45,22.15133357040538
4,28,0,19.6,24.344890310094364
5,19,0,13.3,15.704843369583724
14,44,0,28.5,35.953917874500355
8,41,0,14.4,14.848001814881924
7,6,0,42.0,39.981574703724135
19,22,0,31.8,40.750330964106425
10,39,0,34.0,50.69412921475331
0,31,0,32.45,48.609588614420076
3,7,0,43.0,74.08743056970631
10,37,0,24.05,26.761077391575526
12,40,0,34.0,33.94887797541288
6,41,0,17.8,22.649735678717967
12,38,0,24.3,27.01091397350727
12,36,0,37.05,42.85529507294838
14,28,0,19.3,17.651897169545556
15,18,0,28.8,35.08125905440261
18,42,0,38.2,66.5792760549407
8,38,0,22.85,35.736278191039546
9,6,0,27.1,28.46771024012626
0,24,0,19.1,20.175284515048553
8,47,0,20.8,22.66599586210702
4,42,0,33.8,39.521613007781475
11,16,0,29.1,42.36048307462734
16,38,0,33.3,38.74627316543523
7,3,0,27.95,32.19263564037099
12,46,0,45.1,41.41179592948443
3,1,0,25.25,27.212371412553093
19,7,0,26.05,26.81020033691026
4,33,0,28.95,43.25502708843277
19,8,0,34.5,48.53159578536115
15,12,0,21.75,36.54827377304534
10,42,0,22.0,22.524840089390903
13,8,0,30.6,33.968096486959176
0,37,0,39.05,39.78822227216174
11,1,0,36.7,44.552866290922765
1,1,0,26.4,28.86702726568662
14,37,0,21.35,28.184122069741775
16,42,0,26.4,38.57241992599594
3,5,0,24.1,33.06437102953794
12,27,0,32.6,33.82213538653737
16,42,0,15.15,15.842232033065091
5,17,0,18.3,15.560070355679123
0,32,0,26.55,24.73538909506399
15,5,0,29.2,35.12923508838097
1,7,0,25.25,30.143298111730104
12,37,0,18.85,19.06850530945837
11,2,0,22.8,30.988283014883645
8,36,0,26.05,44.29146882331084
5,1,0,23.65,31.18581830188034
13,22,0,33.85,48.434736338815
5,2,0,25.55,24.401197123350965
8,41,0,38.75,40.67958882988397
7,18,0,29.5,35.39327917170597
4,47,0,28.15,38.29562981800789
6,30,0,19.3,19.442492800970495
5,12,0,28.6,31.067668081141846
9,5,0,19.35,18.522461471072585
9,18,0,29.5,26.587492112685343
14,28,0,25.9,42.07749742408268
11,10,0,22.85,25.854400012377006
11,7,0,27.0,25.37508102138997
7,14,0,19.6,18.816006623700943
5,2,0,29.25,40.86160854190127
7,2,0,20.05,15.387879714413652
0,37,0,39.95,46.866523795045644
2,47,0,38.15,42.58894717004203
4,36,0,27.65,35.95358850401153
14,24,0,24.05,28.27584984064186
0,33,0,26.55,35.040540430823995
7,13,0,26.15,25.050002626326155
12,42,0,36.2,45.11575754597686
8,26,0,28.4,36.35700178710242
6,36,0,31.05,38.65838916240017
8,38,0,31.6,43.40555385274052
8,42,0,40.6,57.35613581640132
6,34,0,46.0,46.874973684203134
4,34,0,31.0,29.756909856544688
0,35,0,50.5,62.9197483850826
5,5,0,30.5,45.67447749823573
5,21,0,37.1,37.756700346463425
15,16,0,29.7,53.144391197843944
7,21,0,31.65,33.36760957007638
3,3,0,22.95,29.927060453182186
10,29,0,10.4,10.251572408274999
10,45,0,29.5,34.15675936804187
17,22,0,21.35,18.846401303836846
10,24,0,27.05,34.5869993829443
10,33,0,31.65,32.16941175451579
8,33,0,30.35,43.53011661633332
5,9,0,36.9,48.90258845802272
16,41,0,18.5,33.05099727773175
17,11,0,19.2,19.677933139219142
5,23,0,25.65,31.21786769076156
19,7,0,23.1,25.597902874629153
18,37,0,45.95,50.62397497337861
0,27,0,41.15,33.535958705780125
1,1,0,24.45,26.943361647019948
18,37,0,32.85,67.0061073414404
6,44,0,38.6,39.57856942708689
14,47,0,22.7,29.991402276757846
19,7,0,26.25,29.91896951504355
17,3,0,47.25,45.754349807595226
7,22,0,40.85,52.77885840691177
3,11,0,44.65,50.55718492329672
1,7,0,32.4,55.440247588115795
12,47,0,37.55,49.43307543910677
8,45,0,34.1,36.05536678060855
18,38,0,22.1,31.996545866209072
7,21,0,19.85,36.7728088903229
12,32,0,56.6,83.59262118027807
17,7,0,16.55,17.742233289675323
8,44,0,46.55,56.982430348494724
17,22,0,20.0,24.398015449924138
7,13,0,21.0,20.370256955204386
14,37,0,34.65,35.23048171832544
15,0,0,25.85,21.37454216191727
17,3,0,34.45,37.553435612681156
17,20,0,33.7,29.1007324921375
11,20,0,33.8,34.578058147662915
9,20,0,40.5,41.76689699044599
3,1,0,20.1,15.542471523301291
1,19,0,38.65,46.565488688964756
2,44,0,18.7,24.785607028868057
4,33,0,15.15,15.404288534793093
13,13,0,30.75,32.35148251707535
0,32,0,20.1,22.135705854664103
12,47,0,37.3,49.8049881247377
6,43,0,34.3,44.64255699147219
17,23,0,21.95,18.76860480472082
16,31,0,20.05,34.882471846262035
7,11,0,20.05,17.58131484215408
2,29,0,22.95,35.187430471091446
18,26,0,34.65,51.91011969082511
16,37,0,22.4,28.357492280190304
9,11,0,17.7,21.88510668781037
2,33,0,49.0,48.90269608324807
6,34,0,24.1,24.924939951360912
6,26,0,28.35,32.728990850700896
0,47,0,42.75,63.315313687672905
5,5,0,30.05,42.28160605424439
19,14,0,41.65,45.25399080976755
14,47,0,29.55,46.64589449977576
8,38,0,29.55,43.20632872745916
19,6,0,19.3,27.669287552884526
17,2,0,35.65,43.06699187862654
7,16,0,20.8,26.23095800566073
10,40,0,20.4,19.79207709639071
3,11,0,19.2,30.725610781475716
1,21,0,49.5,36.32963122938572
7,5,0,29.55,27.340879360593476
11,21,0,25.35,24.085975390801924
10,34,0,20.25,21.061001625603758
7,10,0,19.25,18.705121730354186
3,3,0,28.2,40.282685323127424
16,38,0,26.1,18.903912154282832
13,14,0,21.85,23.36050423031868
7,1,0,35.25,40.95552787058048
0,34,0,29.5,25.64843280325638
17,6,0,32.1,25.135213294667327
18,33,0,31.7,26.803573995782138
5,15,0,19.25,20.57815653346503
11,5,0,29.6,36.83162256882842
1,12,0,34.8,39.08775551984211
11,1,0,33.5,50.67803427417777
8,25,0,51.35,84.56655740645321
0,42,0,44.65,46.41832102000017
7,6,0,34.0,52.63778910730639
1,3,0,27.75,35.73127039737779
10,31,0,32.2,31.735087670805076
11,7,0,31.2,34.46523801715211
9,5,0,28.2,28.739483202327108
3,20,0,44.0,43.784159596581816
5,0,0,17.8,22.71934024245932
15,4,0,29.15,26.62067854724574
10,45,0,25.1,21.836473592303506
1,20,0,45.25,50.10712209068214
19,5,0,27.95,27.93314386738073
6,38,0,34.55,42.27164658802822
19,17,0,24.1,33.63722874873519
15,8,0,21.15,21.37946629238832
15,21,0,24.7,39.980389929906494
6,30,0,19.55,29.78250104375139
9,7,0,21.95,21.8161577011651
13,4,0,42.75,38.142220011011695
14,30,0,23.05,23.85145918519783
0,26,0,28.65,32.05632378699782
1,14,0,29.2,43.230836947228944
4,32,0,30.0,53.5183195393483
9,1,0,22.8,28.192197502145874
0,47,0,33.5,39.416133485507785
6,39,0,19.6,27.153365595408147
19,4,0,34.3,38.85343580282457
19,6,0,41.45,60.90672333468959
6,28,0,51.35,59.884340277958444
7,3,0,40.5,44.083055582317385
17,20,0,39.7,44.075413841087844
17,18,0,27.55,52.91947706309633
19,23,0,28.65,52.40457493086086
3,5,0,39.45,70.02741944184584
8,36,0,25.75,29.474118887772136
7,19,0,29.15,38.70165915116084
3,12,0,65.15,72.42148198312141
14,25,0,18.7,19.186343827672957
6,27,0,23.3,34.37884906680116
8,38,0,26.35,33.93845048101978
4,24,0,20.2,23.202994362116733
6,43,0,24.8,26.528237190229067
0,32,0,40.65,38.69485889964141
12,30,0,55.95,54.2697696211882
7,22,0,44.6,48.53365625495038
14,32,0,44.3,52.45860523458372
15,9,0,35.95,46.92712715645285
19,18,0,28.35,28.51827668817241
8,25,0,18.6,24.79261350101127
1,22,0,31.45,37.28196262057706
17,9,0,33.95,34.40543867655688
10,27,0,26.65,40.5816590670167
14,27,0,14.95,26.7748409008001
13,17,0,23.95,22.17270726294877
8,31,0,39.2,55.2378588708105
2,45,0,28.35,30.54638405683017
15,14,0,44.35,67.40472808654488
2,46,0,26.35,26.452091748947506
4,31,0,24.7,27.836174873336088
9,5,0,30.3,34.31448980425494
4,25,0,17.65,19.326216173347213
0,40,0,37.95,38.651581298080224
17,9,0,27.45,28.94182004243032
0,32,0,20.1,30.2026488904533
5,23,0,40.75,41.87434210009501
18,33,0,22.05,28.424368714926725
7,23,0,34.3,47.82765110818547
17,5,0,28.15,22.64898045805757
1,20,0,20.75,21.160725785980823
2,26,0,29.65,32.31795166776509
8,34,0,53.9,66.82333346022811
2,35,0,28.0,32.40207920554027
2,31,0,29.25,32.2439304774027
7,14,0,49.3,67.10172952512593
17,18,0,15.95,22.025045552255897
0,45,0,32.6,35.54004413112209
16,36,0,22.05,17.983837773196008
7,19,0,31.1,55.77860370768479
2,25,0,38.15,43.26573337192526
12,25,0,30.6,26.947121709396953
10,29,0,16.3,15.040646682625681
12,32,0,24.3,29.39047464740915
13,15,0,29.85,57.12523177426205
16,42,0,44.45,64.83945760999157
1,14,0,38.05,50.87081160827111
1,14,0,33.1,28.891630549165512
10,29,0,45.5,60.815943200516266
13,7,0,28.65,46.70205112141616
18,44,0,39.7,49.49651768718577
6,43,0,38.15,45.97971520710319
5,12,0,18.7,12.933432808443639
3,8,0,25.75,25.886137318324607
11,22,0,27.85,36.14775963065747
11,16,0,15.1,15.447363937953263
15,7,0,30.05,34.574823514410475
3,13,0,29.55,35.682038825392844
14,45,0,28.55,22.539964507514203
11,2,0,33.4,57.0691178355362
4,28,0,41.25,47.85600660754147
13,11,0,27.35,36.26695610694614
18,31,0,33.65,44.66987092460703
11,1,0,23.9,23.32358192225651
12,42,0,33.35,48.82005088507234
18,33,0,19.85,26.911697710925086
6,41,0,33.15,43.89853732127493
8,30,0,24.1,29.442003650352472
9,14,0,23.9,35.99692969363389
18,26,0,42.55,41.70381151329986
8,29,0,41.85,36.35971599680643
4,34,0,27.85,25.165295652210368
7,16,0,13.25,15.966659341462627
6,29,0,28.8,21.249396276253663
8,41,0,28.75,31.572598045907164
5,6,0,22.9,21.435091739825534
10,42,0,37.35,45.92588422779971
15,3,0,38.6,44.478735309548114
7,4,0,16.95,17.150955167508737
16,25,0,25.65,35.05225422588096
4,35,0,35.9,51.181719598433105
19,18,0,25.3,37.337860001259905
19,15,0,28.15,28.02869769962283
11,1,0,47.55,53.92438663243385
2,28,0,14.3,22.15519423473754
1,19,0,31.5,46.69892368871269
15,1,0,26.5,28.774074588439024
16,29,0,20.6,44.887461618210445
8,27,0,16.35,30.858377690413516
16,41,0,30.6,36.64825694138952
9,14,0,37.9,37.15954223274781
8,27,0,29.7,47.229673990650824
18,42,0,23.85,28.96327075161883
14,24,0,38.6,65.79745635780988
11,13,0,30.3,30.100008742785935
5,4,0,25.5,31.31587792999449
4,33,0,38.05,56.679593468809145
6,39,0,23.65,20.489470980301846
7,7,0,32.85,42.32117175773101
10,35,0,26.2,41.40124584954825
19,21,0,38.4,45.924881457028334
19,7,0,47.7,63.58674141840047
4,31,0,32.55,48.397993651324896
17,18,0,20.9,23.069460331789298
13,0,0,22.4,26.314694714070633
1,9,0,31.3,27.731987990310703
1,15,0,42.8,35.63351467959696
19,17,0,34.2,36.48013157871007
2,41,0,17.8,16.256496677037347
15,6,0,33.75,45.77275102986607
14,43,0,25.05,29.3624805348236
13,21,0,34.95,34.43907664267438
6,44,0,36.45,49.468198184075256
19,16,0,19.65,19.38060614988195
0,36,0,45.55,50.37174960128679
6,33,0,25.3,25.093719071554645
19,16,0,28.6,33.88898283948246
0,47,0,21.8,33.58508440866037
10,41,0,31.5,44.48358656498159
10,36,0,43.15,62.117270248763305
19,10,0,25.3,21.981092353489434
17,7,0,27.7,28.83729310604951
2,43,0,23.9,28.969857293037315
16,27,0,39.55,80.43269497569152
12,40,0,22.5,27.816125576817186
12,25,0,39.7,58.257233569385136
14,42,0,35.75,56.196904765860175
5,5,0,20.4,19.892870979058646
12,25,0,26.65,29.117321666881235
1,14,0,33.2,40.25523829921164
18,33,0,13.8,13.35585816667806
1,22,0,32.45,32.91692094061239
4,27,0,21.65,24.260157937612338
1,4,0,31.5,33.80516933376034
8,42,0,23.7,31.519584555103446
10,33,0,24.0,33.624865485937164
0,36,0,48.2,77.0130542591046
12,34,0,27.2,35.61430818320666
18,46,0,41.15,53.90662004068263
13,14,0,28.9,39.260131109521815
19,23,0,37.85,42.43170984063687
4,45,0,25.7,25.594201645973193
0,25,0,25.1,24.36541984474157
17,22,0,34.0,33.20431170479933
17,9,0,30.9,38.60447206163937
7,12,0,35.85,43.32651430827621
15,14,0,17.75,30.50258832848193
7,5,0,20.9,22.91379726852706
3,1,0,24.45,23.919767205344932
2,45,0,38.6,38.45900072599528
3,20,0,24.25,30.900306590201026
15,7,0,48.85,82.64589969769888
4,34,0,16.65,27.10850517146932
5,21,0,39.4,38.47678726056448
4,25,0,22.0,20.370256955204383
15,16,0,32.3,32.13638698455463
16,44,0,38.2,32.899528072123175
2,32,0,29.0,33.79504790879715
2,45,0,29.85,24.325154838042383
6,42,0,20.6,27.812151831055505
16,37,0,37.85,36.53732770454722
12,26,0,29.05,54.572477157976756
0,39,0,27.25,29.01882329218671
13,0,0,42.5,75.7978613779682
9,21,0,24.8,32.10935262997044
14,42,0,22.0,25.179356624028344
0,26,0,30.65,44.33636383257807
8,39,0,19.6,21.974626516196256
9,8,0,34.15,37.20819802140383
9,20,0,36.85,33.17461775451068
15,21,0,23.25,54.39415119487137
13,9,0,25.25,41.02358115189745
13,1,0,39.15,43.91891452018798
12,26,0,19.25,20.74627423748279
6,34,0,26.85,33.68003469181861
10,40,0,21.0,29.25927653168982
0,27,0,30.6,51.18429035306994
15,17,0,31.6,29.73107536072759
4,31,0,31.55,35.8630068895219
19,15,0,19.75,18.332814984697738
9,12,0,18.9,21.274892541011315
9,20,0,25.75,30.647185841443907
2,42,0,26.4,27.582221581453894
19,12,0,22.5,25.000000000000004
8,36,0,27.5,32.78237652346632
16,29,0,23.3,27.50138752480452
16,37,0,24.95,32.748603827210395
12,26,0,37.95,35.37241714580504
12,36,0,38.3,39.23491999951601
5,13,0,27.4,26.08367103643278
7,20,0,24.45,25.709869086034892
0,29,0,34.25,43.66002025218326
5,2,0,30.85,42.174168946356126
10,41,0,28.0,28.721897019888026
4,45,0,37.05,44.10928414028526
19,21,0,16.65,20.399367895263712
2,35,0,19.9,21.586789332464672
12,37,0,29.55,34.2705566431533
3,2,0,29.7,29.86478299197727
7,7,0,30.45,43.468651741347195
11,2,0,29.15,29.023175857271465
0,31,0,21.1,22.161844878553154
6,42,0,20.8,23.171216264104363
17,10,0,30.35,30.163196466101397
7,12,0,39.15,46.77749683903913
5,0,0,43.9,46.6982474595083
3,0,0,22.5,22.6518269275989
17,2,0,27.7,27.699705489599094
16,46,0,37.15,39.91342604872912
1,6,0,32.55,48.83751254495817
6,34,0,20.6,32.10574632940996
3,17,0,30.1,38.253861174224525
0,33,0,44.35,42.78867902414819
12,28,0,19.2,23.132569884768184
10,28,0,19.3,16.964669168598604
6,27,0,37.0,59.90694538418027
19,6,0,27.45,28.212492566983606
5,3,0,17.7,15.815049461626232
1,13,0,31.6,40.42589060959508
5,16,0,27.35,22.462307609813706
14,41,0,25.3,25.61886640328712
8,43,0,32.65,41.49606829821985
0,25,0,30.05,33.388423773895994
10,24,0,33.35,53.799114647381565
9,22,0,30.7,32.25735330285582
13,7,0,43.75,47.131255692564515
15,5,0,29.25,25.898333618411172
3,18,0,37.9,41.377466534843634
14,35,0,30.3,30.811993563682652
1,11,0,27.2,40.5314692553823
9,11,0,40.85,30.790078716502514
16,34,0,21.55,21.246609636660423
2,38,0,30.85,33.1142758211303
4,29,0,24.4,25.075465047899332
9,11,0,45.4,46.42526535366162
6,28,0,30.75,32.79100486413919
7,17,0,25.95,32.26612204122069
3,14,0,28.0,31.44418614156301
14,26,0,19.5,28.135948161513387
11,20,0,22.0,20.253654640972563
3,15,0,43.55,40.53000837586107
17,8,0,25.75,21.430118991736837
2,33,0,20.55,28.80876145970363
15,12,0,24.9,28.323135419652957
17,0,0,31.45,37.44536370711192
17,15,0,24.2,41.36945224374343
6,40,0,49.35,62.848418311127986
18,32,0,31.6,50.2890591847194
6,40,0,15.55,19.285868838144296
9,23,0,24.85,24.720064299013636
19,3,0,27.5,25.369895130791697
18,24,0,32.0,44.2671316821908
18,29,0,19.3,18.25578495191391
16,38,0,33.95,43.001193373893095
1,5,0,59.75,93.72011804471754
7,6,0,34.75,39.55658837931459
13,20,0,35.0,54.92482901298158
1,4,0,37.95,46.5035086395583
16,44,0,12.8,10.699729460426362
16,24,0,19.7,23.19051530259731
12,46,0,28.5,36.47710168541932
4,33,0,33.55,21.96282744715908
4,34,0,31.9,35.42954461433208
8,35,0,25.95,36.294808966224586
11,12,0,32.9,37.90694978635531
13,20,0,47.2,60.90769547783804
15,15,0,32.0,32.330529811537836
5,5,0,22.35,24.236282066790952
8,31,0,32.1,44.60457847634737
18,42,0,24.9,30.411043700395563
1,20,0,18.65,20.701576344759225
12,40,0,22.25,19.79068095421628
10,26,0,31.7,35.98406079890022
11,17,0,30.5,30.586374675490287
2,46,0,33.9,28.723546181889834
15,4,0,21.35,29.753858661746005
18,31,0,36.25,86.555047893173
0,47,0,33.65,27.675326271076305
19,19,0,34.4,48.74574205426615
12,34,0,40.6,37.69322150424956
18,46,0,47.95,48.4349536682147
5,7,0,28.9,36.51373209600666
7,18,0,31.8,27.130483922973745
4,27,0,38.1,37.51055991668424
15,4,0,33.6,38.94584634294678
17,19,0,30.4,35.65979602621949
10,43,0,31.1,47.168120366910614
16,47,0,19.45,25.34701269640229
4,28,0,19.55,15.329623883874406
16,25,0,20.75,22.51286182093296
11,9,0,28.05,21.201973592345745
2,47,0,24.9,47.47398179390918
18,25,0,19.6,25.754713416341772
10,46,0,18.05,18.32879529161983
2,41,0,27.05,30.088422323125165
13,4,0,19.85,16.422946078421404
9,11,0,26.55,37.12067802239212
15,22,0,25.5,36.448232936735444
16,27,0,29.2,31.98782663188574
16,43,0,29.4,32.953555834010736
11,21,0,33.55,30.848483712630365
10,34,0,36.25,43.56105817669819
2,35,0,18.05,21.23669862339843
3,16,0,29.05,38.09195936705084
3,11,0,43.0,49.47939496715567
12,29,0,29.5,40.17265369953991
10,33,0,56.95,58.13819742647685
13,9,0,16.3,16.824480910112406
5,11,0,40.65,40.119918927346326
5,2,0,42.4,54.18040041817414
14,26,0,29.05,47.918214315204764
9,11,0,27.05,22.64014831641952
9,12,0,20.6,25.483534415692603
4,26,0,33.3,38.9359798427597
1,3,0,33.35,45.465168854270935
18,34,0,25.15,34.77185038141296
1,17,0,31.8,45.123922935097646
0,29,0,37.2,27.329567562584934
10,37,0,29.8,45.629630262525
12,42,0,16.45,20.048559470498258
9,22,0,27.45,27.515498025275633
4,44,0,34.85,44.075622812568284
8,38,0,32.1,39.38460826796494
8,41,0,27.25,38.08836678318626
5,8,0,9.05,10.689271552158711
19,8,0,23.9,29.959446274132496
0,25,0,35.4,52.366522049673556
12,37,0,32.15,35.24243106495948
9,16,0,29.9,39.1540815913636
6,43,0,28.95,26.759110598074813
19,6,0,35.3,40.76259895644794
14,31,0,24.45,20.69191298932737
3,12,0,29.4,30.28530997034701
13,23,0,35.75,41.364712904651114
8,29,0,13.8,14.741991581515492
0,47,0,38.65,31.674786585913377
16,26,0,38.9,41.588080276115555
15,7,0,35.4,43.55565103223811
6,27,0,21.75,27.824402391085645
3,12,0,23.45,31.46171441107764
2,38,0,21.9,22.08333498841437
14,38,0,31.4,40.8236257705343
7,4,0,30.9,54.45799926742192
4,35,0,29.7,36.32470523660606
6,45,0,26.4,22.45791385540612
17,4,0,35.75,26.779558189822797
3,18,0,38.6,48.03551317843694
0,28,0,30.0,24.52925213956422
4,41,0,38.5,47.352541197856915
10,47,0,27.85,38.098590939547194
12,47,0,27.6,27.294495300045583
12,40,0,22.2,33.02566784854025
7,7,0,30.1,31.582640134965555
15,20,0,15.95,23.089015387819103
15,11,0,25.65,25.127621622848682
16,28,0,33.2,36.731744481192
0,38,0,31.25,25.422482797298684
14,44,0,45.75,40.84872606401124
18,30,0,33.4,42.939860024776145
1,6,0,25.05,32.72127104724644
11,13,0,23.4,25.267828515619158
13,11,0,28.7,23.360109949272612
4,28,0,23.35,19.442966526958305
17,2,0,14.45,20.65881995916667
0,30,0,29.0,22.32770287757954
16,41,0,30.4,32.8255356311772
3,14,0,20.65,19.28259373249957
11,20,0,18.45,36.102886602772244
9,23,0,23.4,29.77706641377767
3,10,0,26.1,31.234090687142338
18,43,0,40.9,47.456240230786364
0,35,0,35.5,41.15631306693006
11,18,0,50.55,73.36819546140656
1,22,0,23.2,26.31709470447318
10,27,0,46.45,63.27839491609988
0,30,0,36.35,50.22714196003675
17,21,0,15.9,14.141763457370176
9,10,0,13.5,18.715318802914815
18,33,0,26.1,21.324312785866596
17,16,0,30.25,30.753476482984386
14,30,0,24.4,36.341074340345614
15,13,0,30.05,33.484442577663465
16,27,0,23.5,24.197651038674675
13,4,0,53.85,75.01598075357713
10,26,0,37.65,44.84860497742436
8,40,0,19.45,33.380541132758616
13,4,0,40.05,46.720304387977436
16,39,0,22.15,24.430944571006236
8,32,0,21.3,20.432430362693413
2,29,0,34.6,35.67307697764004
18,39,0,14.9,17.976300187220193
17,7,0,33.3,56.72101624804096
11,0,0,23.4,30.408447579752018
3,23,0,26.9,30.98029934278268
6,29,0,19.55,15.360492727842594
5,15,0,29.8,29.359119447572706
5,6,0,42.3,41.748747223561594
12,26,0,23.6,30.154688908325596
15,11,0,33.65,31.51653701254562
6,45,0,20.95,22.84841351166422
9,23,0,30.15,28.50904750204195
0,29,0,25.35,22.66291893681928
18,29,0,34.85,52.66605318319132
0,26,0,26.4,28.305476501906835
9,1,0,27.55,39.62651292147455
4,47,0,30.0,30.811822747975036
6,24,0,53.1,81.8129445426385
3,20,0,15.9,22.957397615216713
11,17,0,23.95,21.996351372084654
11,10,0,25.15,27.534237060908655
4,47,0,28.3,36.928237662283664
6,43,0,20.5,19.394790401982746
12,29,0,30.85,38.134491915904825
14,26,0,25.3,24.400388262657238
18,27,0,28.75,24.38048183971847
12,47,0,23.15,29.01229322019783
15,9,0,30.4,37.78247992752308
13,8,0,23.5,33.49705407314123
6,28,0,38.55,39.262242475570936
16,47,0,31.05,36.90453545083728
17,20,0,36.7,49.163636540584925
8,44,0,31.3,27.83995614031633
3,8,0,28.9,37.730205685268025
11,13,0,15.3,18.145899928372973
5,18,0,44.85,55.170811314069255
6,32,0,38.35,38.562696728151266
1,15,0,27.9,31.887796708888
9,16,0,29.95,27.064202420015615
19,16,0,33.0,40.166757661686255
13,23,0,31.45,30.79554820868893
12,35,0,40.15,58.09454635152489
2,25,0,42.8,31.216729657770298
18,46,0,23.5,33.6866364258026
15,19,0,30.6,33.72395681348638
1,7,0,44.1,42.19615846820281
2,28,0,22.6,31.104915840967713
0,45,0,39.15,32.021826437932184
6,45,0,24.2,30.481400713774367
19,0,0,34.9,51.969525483184555
13,6,0,12.65,13.043550533743325
15,21,0,38.7,54.2102146133093
17,4,0,33.35,38.102735086245865
9,6,0,24.25,19.566015112138217
7,22,0,17.4,17.90736396599249
5,8,0,34.9,42.5588137943123
5,4,0,21.85,28.60120534817407
14,37,0,28.45,31.138865544017833
6,33,0,33.6,29.633551397378152
15,5,0,34.15,65.92681348921776
11,1,0,21.5,29.729482088713855
1,18,0,48.15,67.71633947267784
5,6,0,30.4,28.94532050172132
0,27,0,36.6,53.456721304542974
5,10,0,37.05,34.432963093065645
7,15,0,27.8,34.57653600500292
17,20,0,28.95,31.07626442361301
2,26,0,37.35,40.17104875273655
3,19,0,30.8,51.73067907822917
6,28,0,21.05,36.79741838770758
13,21,0,35.3,22.20265512808867
8,43,0,19.35,21.92157072743408
5,22,0,24.55,24.955697588031136
2,36,0,43.85,55.35272065771046
12,39,0,22.5,42.12949960350948
3,19,0,24.1,23.465315949962807
8,40,0,31.05,38.707370439178504
9,19,0,30.5,36.93308315831413
13,23,0,32.0,37.53314324840464
7,10,0,12.0,14.392980745378702
3,6,0,19.15,23.925927359247755
8,38,0,47.1,39.66026780173405
3,12,0,40.0,41.47922752160982
8,38,0,38.8,50.8802515717051
6,44,0,51.25,56.718951627160834
6,43,0,28.6,34.1304000932646
4,44,0,25.45,34.350323678854984
3,23,0,24.7,20.97140910859354
11,0,0,36.25,31.452344904633105
11,11,0,22.1,24.812772602241093
12,45,0,33.15,37.28873824628557
5,14,0,32.35,44.254378314467374
0,43,0,51.9,51.627104264493106
17,12,0,30.3,30.449440406231304
17,0,0,38.3,48.36059727113647
17,21,0,48.65,91.76874539612572
5,12,0,36.95,63.18766951666574
16,41,0,38.1,57.06957895503753
4,24,0,41.75,51.89146060972389
17,15,0,24.75,36.64750296656254
17,15,0,36.05,41.85875372198621
15,3,0,21.0,22.247412623068165
8,35,0,30.7,51.008874356898865
17,14,0,14.65,18.871518500807394
1,17,0,14.95,18.72930436789533
11,3,0,46.15,53.049405969192634
15,7,0,15.4,15.174077618720267
7,9,0,17.35,21.114412638115972
4,35,0,21.65,26.000556674202596
9,15,0,25.3,35.1614322203956
13,16,0,23.5,24.888170937848745
14,36,0,29.6,32.669638246511006
8,38,0,33.55,37.05966029327079
5,10,0,38.9,44.517175869190325
19,9,0,25.95,35.75718551269764
13,6,0,34.75,42.30077142509218
13,5,0,22.2,23.282249846068073
18,31,0,36.3,31.669510490957105
3,3,0,19.85,25.221701182242164
18,26,0,44.4,53.96724152571388
1,14,0,35.55,62.138618384518665
2,37,0,21.3,26.53716361315917
2,35,0,47.8,63.99226926993439
14,27,0,31.5,46.66510022433648
18,38,0,24.5,33.79582658756613
11,22,0,19.3,21.05656542193957
12,26,0,24.15,41.637881284891726
8,29,0,24.7,26.391984429088755
0,37,0,40.0,41.92474460895756
19,6,0,26.05,28.28329430674767
7,8,0,23.85,29.052176293152655
7,17,0,26.95,26.575562577597292
8,39,0,35.3,48.72273866643679
17,4,0,27.95,27.41201234956368
1,15,0,29.85,39.90023743498804
14,44,0,37.4,47.143007518557155
4,27,0,21.9,32.73964279778134
5,23,0,33.4,42.543352501951034
0,29,0,26.8,26.851639173722514
13,11,0,26.6,27.300279543585166
3,16,0,34.3,40.46844124552001
0,39,0,30.35,32.32609341985935
12,40,0,28.3,26.34807493217634
18,42,0,25.0,45.69118307207984
6,44,0,26.65,38.346447032287095
19,18,0,22.5,17.034021684172004
1,6,0,31.9,48.86921321241012
18,31,0,27.25,32.51376226833962
16,40,0,32.7,40.005394373101346
18,44,0,17.65,22.134219756081905
4,26,0,34.8,46.088701663776895
0,37,0,20.9,24.884787151570084
7,23,0,24.25,28.280316755465694
17,3,0,25.2,30.771825801500547
15,0,0,20.2,26.281071835868968
5,3,0,22.7,19.303940148662857
10,30,0,22.45,23.17320367193653
19,0,0,21.7,39.53958709152665
5,14,0,35.1,73.62200757925582
3,16,0,62.35,72.69060244770658
17,4,0,26.75,28.423257711729107
10,40,0,36.7,41.56301493547257
3,6,0,25.4,29.647756638305882
13,13,0,41.8,41.176896946045645
5,19,0,34.95,39.08758720724791
12,35,0,35.75,40.019567582292595
13,22,0,26.7,36.904000638926604
11,4,0,19.75,21.15823841040598
15,16,0,35.1,41.613383474677065
1,7,0,22.45,27.2849968413335
11,18,0,21.0,29.43503104519475
8,35,0,27.65,31.54658209862462
8,33,0,31.95,36.223683732578806
14,34,0,19.4,22.453226236357498
2,35,0,37.7,49.53372057179039
17,19,0,20.95,31.526889108221653
9,16,0,29.9,43.91127417873455
12,44,0,17.7,24.520882614835177
9,22,0,21.0,16.121251094195674
5,7,0,21.5,26.92386927694653
12,47,0,21.75,32.80223837035002
16,46,0,22.9,21.282312893697977
1,18,0,22.55,23.829382570352312
4,33,0,32.05,44.70661672445554
3,19,0,41.35,46.02319209405532
5,5,0,40.5,42.903195807845314
17,13,0,30.1,24.787305749431287
0,31,0,23.35,18.927215159241218
7,6,0,50.6,59.573395687036424
1,13,0,24.9,23.927302177088084
8,47,0,23.1,29.18525222382738
7,20,0,25.9,34.13733871784446
19,21,0,30.95,49.580848382372295
14,33,0,31.4,31.245041711909224
17,12,0,29.1,32.48303200781991
6,37,0,36.1,39.64035689467039
19,15,0,30.6,33.941745760393026
1,0,0,34.95,32.21061446496367
1,15,0,34.35,53.87243704979579
7,15,0,20.05,26.47237885240507
7,1,0,30.65,48.24310695240359
17,17,0,20.85,20.37613413052788
3,18,0,35.95,54.46048784983572
15,18,0,32.0,49.25871549920459
18,47,0,23.75,31.627561265120445
3,8,0,42.3,45.49852513514789
17,15,0,55.95,74.37209083209133
3,9,0,41.0,46.404400880225054
19,6,0,31.45,35.36200012204597
11,14,0,26.8,36.973105445929065
6,27,0,29.75,30.34863215507761
11,10,0,38.85,31.46137983389526
7,2,0,18.05,15.889337702735723
5,16,0,47.2,59.215574053844286
10,44,0,29.85,32.87019926924691
18,31,0,24.0,32.2049358753723
1,0,0,41.65,75.79214998929639
16,36,0,31.2,37.3991274877116
1,1,0,48.75,58.00533097097742
4,27,0,28.75,39.52064750162082
17,1,0,21.6,30.079543669550926
4,24,0,24.65,32.83976248391574
2,41,0,27.25,37.53437021409073
0,40,0,13.55,11.673068419048587
7,20,0,39.35,33.84371977813687
2,33,0,43.4,63.63001608807294
15,17,0,35.05,50.178077620453045
18,26,0,34.35,45.00558444880976
18,33,0,19.5,22.144263840837688
15,4,0,19.45,22.586616903775003
18,31,0,29.55,42.56076151871147
7,0,0,51.1,69.16486786923272
11,6,0,29.65,39.790603228188914
3,11,0,31.55,43.856794468504326
0,26,0,42.15,60.83132416773451
18,24,0,29.95,50.81594755896803
15,0,0,22.8,31.44184272087453
12,45,0,42.5,52.80400702498568
7,16,0,19.1,23.187791706208813
9,22,0,38.1,41.56276167309792
7,8,0,43.9,60.67679691785425
5,12,0,30.6,32.88320640019606
15,14,0,49.05,61.68380748027118
11,13,0,43.0,49.41127082165087
4,40,0,18.15,17.07653052399234
5,17,0,31.45,45.517463392463014
15,7,0,30.7,44.19347415506883
16,27,0,27.75,34.67878920972633
0,33,0,16.35,17.69708569525681
13,20,0,32.45,37.491718383776714
12,46,0,28.4,28.947138755069787
15,0,0,29.05,35.76454433624099
0,42,0,23.9,23.65074829126643
13,5,0,26.6,42.542115355813806
14,29,0,27.1,28.635458328516595
3,0,0,25.05,30.140853548490938
9,9,0,29.85,24.756232601742514
1,2,0,19.05,37.93828090326098
4,34,0,25.3,36.942487306907914
8,42,0,28.2,38.537200073094105
3,13,0,27.2,29.7190351901198
1,4,0,28.35,38.65811687084616
16,44,0,30.7,40.806475234362395
4,32,0,29.15,26.11165297434522
2,41,0,29.45,28.64386588139909
17,10,0,38.65,48.443428754307675
13,11,0,29.95,45.297234724475295
7,2,0,30.85,35.783376028541525
17,13,0,22.0,28.63380409310131
0,39,0,26.45,26.93750076321894
10,42,0,28.9,34.73796648897966
13,2,0,15.75,34.953917030705924
8,29,0,19.75,22.325050833913952
13,21,0,27.8,25.20150371453426
12,39,0,26.05,26.727622218852247
16,44,0,25.95,28.619969105136146
18,39,0,38.05,45.410959725135676
18,32,0,13.25,17.993785476921573
1,16,0,24.55,25.972607027202216
9,8,0,44.3,54.5701865780015
14,45,0,30.95,41.625491936400806
2,33,0,27.0,36.30426972134269
14,30,0,31.05,24.286610996271392
6,43,0,17.95,22.08708839309089
8,36,0,28.15,36.280014797188414
19,3,0,16.95,21.089970177913084
14,24,0,26.15,31.328942394835924
5,9,0,42.25,62.207526198921244
9,23,0,26.4,33.87966320593179
19,4,0,28.15,37.99899583160753
5,6,0,43.35,57.70640300147308
0,37,0,35.1,55.88041743429964
19,4,0,25.4,32.59544688901713
14,30,0,21.3,27.92866853818473
1,17,0,22.3,25.369065289919735
6,45,0,16.65,17.607638892492687
14,44,0,28.6,27.874530914155493
16,40,0,31.7,50.44861898897469
8,33,0,30.8,46.581676994060096
4,46,0,25.45,32.80480548879836
12,42,0,45.15,56.57903182368237
1,4,0,30.55,24.45506082593131
6,25,0,18.0,21.89688754619081
7,16,0,41.4,63.324062109953616
12,28,0,31.0,33.04860853826965
9,17,0,30.0,39.27366869330619
2,26,0,30.9,37.41361981108512
3,10,0,45.2,47.148812565278774
13,2,0,25.7,28.258394188369287
9,0,0,17.8,19.88810805746145
11,21,0,37.15,26.402302531168914
3,20,0,34.75,35.05465657182254
0,39,0,19.95,20.127161538054672
16,34,0,45.0,47.68978705628369
8,46,0,25.9,29.33096082909482
13,20,0,23.3,26.07902968811693
0,33,0,46.45,75.79437210047499
18,42,0,21.35,18.30235820296045
13,12,0,43.9,92.35509275559598
6,41,0,35.7,45.25960206351099
12,45,0,26.45,39.6331533202351
17,9,0,17.75,22.94816814154523
14,25,0,20.35,23.46167086973986
7,13,0,31.9,38.66713550834937
15,23,0,23.8,40.088848692294526
5,19,0,28.25,33.289598501950316
17,22,0,20.2,20.48259851935938
8,29,0,19.6,16.36556075872038
7,20,0,38.15,40.48037211187404
9,6,0,31.35,30.456656000566475
0,36,0,37.95,31.71663186471895
12,34,0,41.4,43.27439987117702
9,11,0,27.25,34.240442385238566
1,22,0,21.15,25.96409464099058
10,38,0,37.35,56.44491958864341
9,12,0,22.25,22.34390297150433
8,47,0,22.95,21.78477256685214
1,4,0,43.95,43.03300446964179
2,28,0,32.8,31.545455924327424
17,21,0,21.7,23.771057147185036
14,27,0,21.8,22.56126162952306
1,23,0,32.75,41.748463570846724
0,34,0,22.7,27.43816013472746
8,29,0,32.55,31.05084963665076
14,45,0,19.3,34.1006250907362
14,41,0,18.85,18.854777420562336
0,40,0,35.3,39.55023454584788
9,10,0,20.55,27.417771800901612
9,0,0,24.5,34.88552708502482
13,19,0,33.95,45.34136603240148
7,6,0,18.45,15.7529445868985
13,11,0,40.55,37.425680741268664
6,26,0,33.75,39.80858807104977
10,44,0,24.6,30.942051100658947
17,9,0,25.3,22.824502069855587
13,6,0,24.4,42.402085350903
11,15,0,40.2,41.501553553673396
7,2,0,43.1,53.20358120118963
16,43,0,37.95,37.62204700774044
0,33,0,32.35,35.54282072744309
17,16,0,33.05,43.33404520332957
16,44,0,31.25,33.79329581596419
11,12,0,31.05,36.80456922434324
8,38,0,29.75,30.235696923025483
18,31,0,31.7,32.640143188540414
12,26,0,22.1,30.961606105491022
10,29,0,28.75,29.271640667520177
5,4,0,40.4,41.0973171105391
11,13,0,34.8,41.758201211511164
12,29,0,19.35,20.686316351891325
7,16,0,38.25,42.46840931178945
16,28,0,26.6,24.32109762066022
17,17,0,32.95,25.842590305234705
3,14,0,29.75,31.234048560404144
0,39,0,38.4,36.94433935701539
10,27,0,27.4,32.846372867126675
19,16,0,21.15,31.50818607082427
3,22,0,27.8,29.305289624912426
0,31,0,26.15,32.900607897119464
2,24,0,34.15,32.348879424177895
1,8,0,33.1,34.938894026420954
13,4,0,26.35,46.386562255622444
10,31,0,19.8,26.859478381892835
8,40,0,28.25,31.51586901863885
4,34,0,46.6,108.54172130180125
6,32,0,17.65,20.625163476226135
4,34,0,50.3,51.04703713243306
5,23,0,23.15,27.3404943550578
4,25,0,22.05,24.444297580632714
2,31,0,39.55,62.17248926215381
13,23,0,40.85,50.4404547331228
16,43,0,23.0,30.20979276571371
9,0,0,27.35,29.933742622138332
11,6,0,16.45,18.21357215173113
12,39,0,26.2,35.816197453107726
8,36,0,18.5,22.40653100278906
19,20,0,42.65,61.35339822441957
3,0,0,40.05,36.51167801647779
2,35,0,28.5,32.64562516027627
4,39,0,33.3,39.782434632173505
16,37,0,20.75,15.13405014145951
11,1,0,25.75,33.226297448034494
19,18,0,19.7,18.46789532932047
12,45,0,21.5,32.14850409878309
8,44,0,41.5,45.498987842993195
13,4,0,23.65,28.36839419977247
13,19,0,22.3,22.23581747872941
9,5,0,26.05,39.09028012178987
3,17,0,26.15,27.300038557906063
10,41,0,23.5,30.536432080557912
9,4,0,41.95,36.90453545083727
13,7,0,16.05,14.95070848523662
6,37,0,45.7,40.405966208756325
7,1,0,27.25,24.233241632105265
1,18,0,29.6,32.058170811658506
12,41,0,28.4,32.39135687185704
5,16,0,31.2,66.18602173936888
9,7,0,20.45,24.921930735377373
11,1,0,27.25,27.099961157478475
2,37,0,27.95,28.748409566993075
14,34,0,28.9,34.33411683657188
8,25,0,23.4,30.792001695587324
16,31,0,18.2,19.497908119914598
6,46,0,18.45,26.595359706060318
12,47,0,31.1,41.24624384812449
9,15,0,35.9,80.36227184968146
15,16,0,31.2,31.90710199774866
1,0,0,63.35,56.42626767925136
14,33,0,47.75,49.40261552845792
9,0,0,26.15,30.54121460377246
14,26,0,25.35,31.146977550419173
6,24,0,31.85,30.307676637411433
9,3,0,28.95,35.79690518819513
1,8,0,34.25,37.358681087955695
16,43,0,15.2,17.185060831707105
19,2,0,22.9,28.341711867474544
10,41,0,24.45,24.938819876692346
8,34,0,24.7,20.044949488586894
15,23,0,22.95,25.807944513269554
4,40,0,27.55,39.68358403805361
9,14,0,30.3,38.288516898879614
2,41,0,31.75,45.04369223905069
13,12,0,44.1,41.244967795126875
1,11,0,35.6,59.18961502084457
19,20,0,34.0,46.92547282660026
5,0,0,20.4,32.03846372557112
10,28,0,37.85,39.25661191375752
12,32,0,33.25,61.134773462537595
8,36,0,31.65,36.301768841926034
10,24,0,29.7,32.16748930863353
8,35,0,31.15,35.24541776861513
13,23,0,24.55,29.95167159907686
11,9,0,40.5,56.89001392345168
16,44,0,18.15,27.576257904218984
13,7,0,37.45,39.47614202874547
0,27,0,31.75,32.62203807889772
10,31,0,29.5,34.429944127627905
6,44,0,24.8,30.567612719485
3,15,0,34.85,39.62226248222741
2,34,0,30.4,26.224536521919195
1,3,0,28.55,23.676492894630186
8,25,0,19.85,28.191590758126512
3,17,0,19.25,34.09873434910051
4,32,0,29.55,34.28130532428487
16,42,0,28.95,34.72974608542214
8,37,0,33.7,49.03500360912976
2,26,0,34.5,36.84748081084056
17,9,0,20.85,16.184056481936977
16,37,0,31.55,31.41818950192623
1,21,0,38.55,37.673772812060335
6,41,0,26.0,30.83231387598681
4,41,0,30.15,34.67028911573166
4,46,0,30.2,33.38704444604382
8,33,0,31.15,25.958012656068867
8,44,0,25.9,24.4989795705862
18,47,0,22.6,21.27612944617809
7,6,0,30.4,47.00548680179458
5,5,0,32.55,51.761065432782985
14,44,0,23.55,26.837669912192258
4,41,0,19.85,39.735010414388704
17,1,0,23.6,30.280095946451624
11,13,0,38.4,36.08236192525737
10,42,0,22.55,44.90396184607417
12,37,0,43.4,49.49364658854285
10,36,0,27.0,39.16093649759185
14,30,0,27.55,22.73757613337562
8,32,0,31.25,29.68053588677799
10,44,0,29.3,47.43094703716241
1,13,0,36.85,38.58316376757859
1,14,0,33.0,40.715960920555595
18,40,0,14.1,16.466553021839534
15,0,0,17.7,20.31100298127257
2,31,0,24.6,28.270125574535395
2,41,0,28.45,26.152337120076005
18,36,0,23.25,22.030779903532576
1,23,0,33.2,37.256719634110794
19,9,0,32.5,27.9877792879979
4,31,0,32.2,46.786862753510086
11,13,0,24.0,27.655778876451084
0,26,0,20.55,18.259748657980797
2,32,0,42.35,64.54641332935712
14,30,0,39.95,46.633481308469435
3,13,0,38.6,46.25376229363175
16,33,0,27.85,31.746156004351636
11,0,0,34.6,33.31097495768593
5,17,0,12.9,19.053663827809018
8,45,0,24.1,31.387057339308708
15,9,0,24.7,35.48921259377722
14,43,0,29.6,33.731759203269675
12,43,0,26.9,37.16520727211066
16,29,0,26.9,41.236034318491264
0,37,0,47.9,76.23916661608908
5,17,0,34.75,45.38475862874533
3,5,0,16.55,15.422045055186764
12,34,0,22.8,23.672324502853982
12,38,0,35.6,31.22819239085093
5,5,0,29.4,39.5652691930156
13,4,0,35.95,56.185290264492394
17,5,0,23.7,27.514780716820855
2,35,0,27.9,31.2020579618177
10,44,0,23.4,33.627056775287684
16,29,0,27.7,33.07264730861441
19,9,0,27.95,42.0168825718024
15,22,0,26.3,35.12399090140677
7,7,0,37.95,46.48992533759048
2,44,0,18.25,24.25929013583738
18,28,0,23.3,23.353349810432356
1,16,0,32.75,29.922487583051897
8,24,0,48.2,51.412265585476575
5,23,0,46.4,62.07075758655134
5,6,0,28.2,28.33558298602474
10,41,0,25.6,37.9326272557849
16,25,0,38.95,47.119640558007106
4,46,0,26.15,38.62679053931897
16,35,0,37.5,41.01411823673456
0,46,0,23.4,21.945866413326655
15,17,0,15.0,18.55007447849994
9,14,0,26.25,23.035156197704232
12,45,0,11.65,11.766477807738388
6,40,0,25.15,24.046610440646525
10,44,0,35.3,43.978583304532265
5,10,0,20.0,22.285232306336148
11,22,0,26.45,34.85077209746541
16,30,0,30.5,31.934966811680855
0,31,0,34.75,56.59633147865774
19,3,0,37.15,43.50713795035913
15,18,0,29.85,27.48066305796247
1,14,0,30.25,28.362085514588696
8,40,0,39.15,53.50186912622773
18,47,0,37.15,49.0040546120528
13,16,0,21.4,18.053721004415216
12,24,0,39.8,66.6187898261049
14,47,0,36.55,40.41036214167169
2,33,0,34.6,42.35737678871359
10,47,0,35.3,56.616995774469665
4,45,0,20.05,27.980209171183084
4,38,0,27.05,43.48802012896014
0,44,0,33.45,48.99137947800505
15,16,0,27.15,31.521546515627083
11,2,0,28.35,30.565331237927236
6,45,0,29.6,39.174911412925056
16,29,0,30.75,26.848257808811745
13,13,0,30.8,39.23693211892672
14,37,0,28.6,49.745034134601134
11,13,0,17.05,13.820179753572404
4,47,0,28.0,28.539907424332576
4,41,0,27.25,27.596481469087397
1,10,0,21.1,27.95089679382304
10,29,0,25.2,26.877108240441732
3,14,0,23.75,26.269604208346152
6,27,0,51.15,79.52971970143912
2,39,0,30.0,24.33105012119288
17,12,0,34.45,34.201377319141926
15,21,0,42.8,55.83867740855653
2,45,0,18.35,17.22689146287525
0,30,0,28.15,29.396159792161896
3,0,0,24.95,38.73183784895696
2,30,0,41.45,38.25740382420664
0,37,0,34.9,38.29923731547886
19,15,0,33.75,35.78720000517679
14,36,0,27.45,34.9096201489986
4,36,0,20.6,20.14264917505822
13,3,0,22.1,26.72845910851932
16,27,0,26.15,28.120558128772696
1,11,0,33.0,31.435815979799052
1,9,0,35.05,26.266799135831246
16,45,0,25.85,41.329580333295375
8,39,0,26.1,33.706004462737866
14,34,0,29.45,42.822122910083706
13,3,0,36.5,27.515545845174408
1,14,0,41.75,48.191367429622105
12,45,0,32.35,39.573083622184676
2,39,0,38.3,38.65515557634684
17,8,0,34.7,32.08885689522307
0,38,0,33.6,26.958838019625787
0,45,0,21.6,26.751094419323838
7,13,0,37.95,39.695518771346414
16,37,0,29.75,32.02609955382608
2,33,0,41.6,75.1548576712041
11,4,0,25.4,56.712014878497726
18,42,0,34.35,28.98325287762609
15,8,0,36.95,46.84405820884527
6,38,0,22.45,27.757360332560065
4,27,0,43.5,56.75107232930772
15,8,0,26.65,23.82231373269497
15,22,0,26.55,30.463913077607085
10,47,0,25.2,19.5814090133312
5,16,0,19.65,31.47810433669059
6,44,0,22.0,26.534981875966952
16,27,0,44.1,39.82316173442681
10,26,0,15.1,22.145214524040842
17,10,0,31.5,31.64690057161165
9,22,0,32.1,27.152396424237537
0,40,0,26.15,19.96912089886994
7,4,0,28.75,34.04312280808439
18,32,0,36.1,38.20705363369991
16,31,0,30.4,43.853104073054
19,6,0,34.5,42.649736224272246
4,43,0,45.05,57.82503100324561
15,19,0,24.6,25.014522097962885
7,8,0,37.0,48.38224989872999
14,26,0,28.15,33.52340109613927
15,19,0,24.3,20.609400001481184
11,21,0,28.4,27.90849710260866
4,44,0,48.6,73.74308174509089
15,6,0,39.25,57.75709115725417
8,40,0,22.6,32.59706154015468
2,37,0,27.5,33.50490930249507
5,15,0,23.7,20.209690223933872
18,36,0,15.65,21.01196401050952
16,24,0,17.1,14.990874417107019
7,22,0,27.0,34.89834862629041
2,38,0,30.65,30.281616796159906
13,18,0,33.1,36.89230414684285
16,44,0,11.15,14.84755872189095
14,31,0,28.75,33.57454392839909
15,14,0,26.7,21.747595148357032
5,10,0,40.4,41.980446576195945
16,30,0,22.25,28.860599621738903
0,41,0,29.35,34.49679618991336
7,15,0,19.3,18.436519822295494
0,42,0,44.2,60.27882581889982
18,44,0,28.75,41.40668011196668
16,34,0,23.65,22.64665654421374
11,11,0,27.05,31.543578877816834
3,17,0,21.55,15.381037539433864
6,38,0,12.0,14.157014255540572
12,34,0,27.8,35.38301703835955
18,33,0,23.75,34.96144492979298
10,36,0,16.65,17.895236061147966
11,15,0,31.2,42.8750939848594
8,24,0,19.25,24.041356910650094
11,10,0,35.6,37.27479746847445
1,5,0,41.8,41.37072445709965
6,31,0,26.85,27.8610745249391
17,16,0,46.25,54.02521341198503
18,40,0,22.55,21.556474177085835
4,26,0,42.65,47.041163385184035
9,13,0,14.4,14.288014852352745
0,42,0,34.2,34.48966282968367
16,47,0,19.5,18.670269075951236
18,26,0,26.8,26.904509502664183
0,33,0,54.0,58.53923560538827
18,27,0,27.1,42.45728503604039
7,4,0,35.25,36.55259368722223
2,38,0,23.6,26.115935848886558
14,36,0,30.1,47.894511277664336
5,10,0,30.85,47.619406702906765
19,3,0,28.75,34.737928611397166
9,5,0,30.65,44.17343212003295
13,7,0,35.9,38.82877392103086
9,15,0,21.0,22.271057451320086
2,43,0,34.85,40.1972439484678
16,44,0,24.85,28.213984960803057
13,10,0,28.75,32.93993736612458
5,8,0,23.6,27.377286013658917
18,46,0,24.6,38.257300644864884
16,47,0,26.2,36.18752329332948
1,21,0,25.15,27.247935701627014
16,24,0,26.1,34.001393160311906
17,16,0,19.0,19.20252176421793
11,11,0,37.85,46.20580391887446
12,29,0,20.8,34.39492006555313
8,24,0,25.6,21.68288192148481
12,33,0,23.85,32.656546051289624
17,18,0,19.3,24.785607028868057
3,18,0,26.45,24.495918027295897
2,45,0,29.5,51.730577336609606
7,11,0,28.85,37.83937659439742
6,37,0,39.85,42.27388767250262
7,12,0,29.3,28.59536215616276
6,38,0,15.45,12.596887669077962
16,46,0,32.4,50.11712597295932
19,17,0,30.1,25.694357357209775
4,33,0,25.3,22.914256651585642
10,28,0,44.6,35.942058635356
11,19,0,17.45,17.0370339647425
14,28,0,27.5,42.78280520317283
1,4,0,49.35,60.64849110805816
4,33,0,21.95,29.821354058706603
4,26,0,20.05,20.94221372705077
19,15,0,18.25,18.361501486591592
6,37,0,21.55,20.129776321083206
19,2,0,33.4,33.97584281128052
7,18,0,35.25,44.26817200463081
10,25,0,20.05,17.117165899209265
18,26,0,37.25,39.93003749981763
2,34,0,41.85,43.162209347871354
0,26,0,20.4,18.291211579680326
7,10,0,27.35,35.72007396703605
13,16,0,20.7,29.840100183266284
3,9,0,31.25,34.14809079967953
3,13,0,26.6,32.910404689734605
17,22,0,28.45,35.20088964186768
12,39,0,25.9,25.98967406287999
12,30,0,28.4,31.47998528722989
5,9,0,30.95,49.15975568437426
9,12,0,33.9,30.087416498911097
12,24,0,30.65,33.78924618713381
5,7,0,34.15,39.38911818737438
10,29,0,22.45,26.917955267617817
7,16,0,41.6,47.708986243904334
17,14,0,41.45,45.54405039426983
2,37,0,18.3,20.563380840196178
18,32,0,31.2,36.212239861536794
19,14,0,32.45,39.53076749757546
15,8,0,34.5,44.746655270475095
18,34,0,28.4,29.367723062824208
8,45,0,30.1,37.15529288639351
9,7,0,33.7,49.096146273891684
8,31,0,25.05,24.726876492040628
10,30,0,27.3,25.169112231588855
13,8,0,15.15,18.06792738528689
17,11,0,21.35,23.738210370180553
9,3,0,36.1,39.022125977315405
10,31,0,32.15,44.72403686703841
7,8,0,30.55,34.7993874719233
8,29,0,18.25,14.685743176005053
19,5,0,18.15,28.459158178177482
0,44,0,34.9,40.96840888191521
12,36,0,26.1,42.22359031332329
10,42,0,22.9,33.11209033443509
14,39,0,32.25,39.030184001076584
9,17,0,24.25,30.26005704937747
10,37,0,36.35,46.540616104306366
16,42,0,30.75,38.83009549034709
17,4,0,26.1,28.94804783891671
5,8,0,24.95,19.640117375573798
8,43,0,23.35,28.63430956406189
4,43,0,45.2,45.93656953944898
10,34,0,39.5,47.57874359527859
7,19,0,40.75,56.173485972616916
2,26,0,27.75,24.157106396952514
4,26,0,19.1,25.312572287096263
2,25,0,32.35,35.784846837144556
6,34,0,29.8,37.02858071103569
13,5,0,23.6,34.374715309825895
12,41,0,21.3,29.725232945835938
7,6,0,44.45,46.86427772105092
11,14,0,27.25,35.00808177369454
6,35,0,24.4,33.29991307085224
18,38,0,28.5,29.426983678607844
4,40,0,41.15,32.00867481102419
0,33,0,20.15,30.281616796159906
16,47,0,21.15,27.65249584243327
13,11,0,24.9,21.930272276131532
3,1,0,28.85,34.85500039637898
3,18,0,42.35,54.33063979977257
11,19,0,34.05,71.37040150178726
19,3,0,14.2,12.181089744699404
0,27,0,18.7,32.56426843869471
3,7,0,42.8,61.83305196890636
7,12,0,37.7,57.78280567417048
19,12,0,43.5,54.23875095596467
14,40,0,20.35,25.88491737225408
19,21,0,19.1,25.65335722360926
14,40,0,27.25,30.910524523465945
18,33,0,35.6,36.19450379910129
10,41,0,35.7,40.22842671282925
10,44,0,13.4,13.910995272577884
1,10,0,25.85,27.694337251313193
9,1,0,37.1,32.152432992985474
6,24,0,36.7,38.62927714352909
18,43,0,18.8,36.806177971124704
9,10,0,31.8,31.179615473136153
3,21,0,29.85,30.487745596861494
0,30,0,26.45,48.064074558425595
18,38,0,25.1,38.774516862170394
19,0,0,30.05,36.33104370702974
3,0,0,16.8,17.41626583942361
2,45,0,40.4,53.81390937392732
19,19,0,31.65,33.38810850398214
1,9,0,30.85,36.848587775552964
2,43,0,22.35,25.236304258579125
2,34,0,35.2,39.07967569762547
16,47,0,44.7,52.59587736495583
3,15,0,38.2,47.02250301157611
1,7,0,27.55,27.938795890114406
19,15,0,25.1,32.001480228922304
16,30,0,16.25,14.77150528622769
11,4,0,33.2,38.11699441401295
7,18,0,26.6,33.641140227249636
19,13,0,28.7,28.813556750800117
16,26,0,38.6,46.676264677141056
6,35,0,18.8,27.6968552271496
7,19,0,21.5,21.483163542399286
19,19,0,15.9,18.86210347146948
1,23,0,34.8,56.614671708238134
18,29,0,31.2,27.786024506840427
12,34,0,13.25,9.84551728078905
3,8,0,37.75,36.05679000220566
15,7,0,27.6,50.5864554370457
14,39,0,37.0,37.5569742629711
0,37,0,39.8,55.20259337920161
1,2,0,41.55,47.935784896924446
10,33,0,36.15,39.91342604872912
11,5,0,31.25,36.67047428395938
13,1,0,24.5,24.243284474370693
3,21,0,39.95,40.368662937585896
15,4,0,50.05,48.45776783094631
0,27,0,21.6,26.025089109509203
4,39,0,13.8,11.896925741773089
9,3,0,38.15,54.71675871440602
15,0,0,30.35,34.830831774525045
6,41,0,34.05,53.30396943844555
7,22,0,22.05,32.29546978170549
12,33,0,20.7,16.87445905565724
9,9,0,32.75,40.04323321506131
5,3,0,21.05,20.62822542562802
9,12,0,28.45,40.4728303927462
17,9,0,21.2,25.249491917764665
15,23,0,16.5,23.705429091688103
5,0,0,18.6,17.527121840165314
4,45,0,31.95,46.392461955750846
12,28,0,38.95,40.42078022112155
5,17,0,16.95,17.403795714244577
18,40,0,45.6,43.85670446255383
13,17,0,27.5,26.35885949134011
15,13,0,23.1,36.444478319767455
10,44,0,22.85,29.29931739819206
6,31,0,23.25,31.06847276581197
2,43,0,21.6,32.50004048580474
13,3,0,15.6,18.910871281661745
2,29,0,24.85,33.79859075230956
15,23,0,35.95,55.680928417849536
5,1,0,31.95,34.558074690523334
11,21,0,26.5,28.719148206104762
8,41,0,31.8,49.40445324057336
12,43,0,28.2,33.394925552119126
10,41,0,39.5,49.24001368164332
15,21,0,32.8,41.6623015257325
18,42,0,32.2,36.89472933403332
6,42,0,27.0,33.897678852377894
5,19,0,22.45,24.603112768402635
3,1,0,42.8,41.466029216062736
10,25,0,30.55,41.79457909951078
16,30,0,20.25,19.841145446560763
5,9,0,32.15,45.1771658671665
18,45,0,24.15,22.852559455873
10,29,0,36.45,37.14477366368404
14,28,0,17.35,23.50649406351136
0,28,0,28.75,32.86635617802881
1,14,0,35.45,49.41603724341021
12,35,0,32.3,55.4371146815067
3,3,0,36.55,63.01752053783806
6,42,0,23.1,26.094766565448772
1,15,0,29.85,40.9020331498261
0,32,0,35.15,32.60170321672748
6,29,0,14.05,15.886024973972699
10,39,0,17.6,29.674373136641517
13,3,0,19.45,16.15867047683526
16,45,0,22.05,20.957287389756384
12,42,0,29.55,26.972646963368767
1,12,0,29.55,28.502031321884484
6,25,0,21.15,22.48572646673534
8,27,0,25.2,34.195413666008974
16,40,0,41.55,56.059625212334126
11,11,0,20.8,27.165380445280753
17,17,0,38.65,39.86328610322246
9,8,0,32.25,24.657389198884438
13,1,0,29.0,33.047015949369694
5,12,0,29.25,31.502506165967848
1,22,0,31.1,30.49055073642532
5,19,0,31.15,45.33765136813934
8,32,0,23.35,24.08597539080192
0,38,0,26.9,38.61401436348153
14,38,0,30.5,40.956331044559874
13,20,0,34.7,33.191787189636315
2,44,0,35.85,31.399421717772547
5,1,0,42.8,44.811417717973804
17,12,0,26.3,21.72095762161512
15,10,0,39.7,38.39284472809731
15,11,0,20.3,18.567373762087428
2,42,0,27.95,36.41641474881752
13,18,0,29.6,30.23138835887732
18,30,0,15.4,13.933677490922943
16,41,0,43.55,49.97312435594493
0,27,0,30.3,43.868343699612915
12,25,0,23.0,33.411312297988
2,41,0,13.5,20.032867729650793
12,38,0,34.15,30.556720339308946
11,23,0,27.9,35.01864165209574
0,44,0,31.6,29.951539807530853
18,25,0,24.65,21.273346308418308
10,37,0,20.85,29.374666851414315
4,41,0,19.7,17.12830836271992
9,0,0,17.45,27.172887028685125
14,47,0,28.8,37.42163742233123
13,12,0,19.6,21.68530911882391
8,28,0,22.55,34.917157598190066
0,41,0,31.4,32.30186567856089
4,36,0,33.9,54.3254326405133
2,34,0,32.4,28.938046345871197
19,21,0,18.15,16.983815825661793
15,13,0,18.7,18.026588549607553
7,2,0,22.95,30.727109580269584
19,7,0,26.55,41.814722917072864
3,2,0,38.05,47.74876686200499
6,36,0,28.65,34.415839376659115
14,32,0,17.65,20.40194779142939
17,0,0,26.7,44.79438404649921
12,27,0,34.4,35.920086742363914
6,44,0,14.7,18.731060610092193
4,46,0,37.95,52.57022871710205
0,40,0,30.75,38.64940252823417
10,34,0,12.45,11.896372733338778
19,5,0,19.1,27.98100859699777
18,45,0,35.15,34.32855953866984
7,8,0,26.45,31.137175276677333
10,36,0,28.55,58.616034271214644
6,26,0,36.95,42.57188966294172
8,33,0,34.9,55.51092827448246
14,24,0,35.65,46.0483441613268
10,35,0,25.45,22.802296744891844
16,34,0,26.4,26.06954262413476
1,3,0,31.75,33.283273814176894
1,5,0,41.8,38.03682426281143
12,44,0,33.95,29.464474594974448
10,41,0,25.35,25.456412696380085
2,46,0,20.45,22.958715808575782
7,14,0,22.85,21.626676996125337
11,0,0,12.05,12.167579874403948
17,17,0,31.4,25.78534875712011
1,5,0,39.05,36.45108474308232
9,17,0,58.45,69.59240354793724
16,39,0,23.15,24.53198771099952
4,36,0,40.4,47.34798389527656
2,43,0,27.7,46.34890562496141
4,39,0,38.25,31.110795215605926
11,13,0,28.7,31.657875049212937
11,13,0,17.1,21.05856495335655
12,44,0,22.55,17.682804612033927
14,29,0,19.4,24.316769175980077
10,27,0,21.8,29.48434017897422
16,33,0,30.7,34.60316383466144
10,37,0,24.35,26.80391762410861
6,45,0,30.4,53.87255917049929
19,6,0,19.7,22.438453835465484
15,18,0,31.75,49.22010179847896
7,12,0,41.1,51.17246381240187
19,5,0,39.25,48.29173951374249
0,33,0,21.0,22.787346442592582
9,22,0,23.65,30.899284611034027
19,10,0,16.75,15.029357236667455
9,18,0,35.1,47.361876740908954
12,41,0,29.4,29.775298840693964
1,1,0,19.0,16.052545297438527
15,22,0,30.55,27.40817204296635
0,26,0,37.1,36.07579739790566
9,13,0,24.65,27.191862172735664
13,13,0,33.15,46.47611157754509
13,15,0,23.45,46.64927934232098
6,34,0,31.95,26.682292570956214
6,29,0,27.85,28.068103267813296
11,3,0,30.65,41.20970120838309
2,29,0,39.6,32.36372238040287
13,22,0,28.35,31.51987676972972
1,20,0,23.75,24.706434278075054
19,9,0,30.7,52.168855399406745
13,8,0,26.05,32.10095096148366
2,25,0,31.05,36.85315811647483
10,36,0,29.15,24.828411145298844
14,36,0,19.3,20.063320814492876
16,44,0,28.3,30.317790504135214
2,36,0,31.7,33.38940897319009
7,13,0,13.2,12.955795289326987
5,13,0,33.85,56.0444137786227
18,27,0,30.5,33.91552974515859
4,28,0,19.65,22.349555511887647
4,24,0,19.65,23.457183839587618
7,3,0,25.65,28.590162091549125
14,30,0,31.65,47.06912609746379
17,1,0,18.1,21.577034575043708
16,31,0,26.9,34.2097246869643
11,18,0,26.5,25.74265352535196
19,0,0,21.1,21.17073451725282
1,2,0,47.25,52.74154958504328
8,24,0,25.7,33.95523368697147
9,4,0,33.95,30.894514927921737
4,47,0,33.1,38.24835737787001
2,41,0,51.6,70.61340263419508
16,38,0,21.6,26.68608941791683
12,35,0,43.7,51.41175372473333
2,24,0,35.65,33.12381080288413
2,36,0,29.4,28.908931419017787
7,9,0,22.9,38.82741841859476
5,21,0,38.65,42.15919079419163
16,30,0,28.7,31.932659407605016
14,43,0,26.7,51.44757167815549
0,40,0,28.75,32.55097217401784
4,28,0,35.05,37.960471130124986
5,3,0,22.4,17.664713563009105
10,38,0,30.5,33.317452357269865
0,46,0,36.6,40.815889578756746
1,9,0,27.45,29.560775931700615
8,27,0,11.05,11.11885548824253
10,43,0,26.65,22.923844171057947
15,9,0,23.15,48.828674707432
7,19,0,33.55,37.10933348335628
3,11,0,19.55,19.035907897278875
3,5,0,39.45,52.45797817000013
11,4,0,30.2,37.764645120173334
8,26,0,42.65,43.66652939579334
11,8,0,27.25,34.514489710844636
14,47,0,26.2,38.47432500006369
11,23,0,36.7,30.637266608872896
19,17,0,32.4,35.969870432729785
18,25,0,37.0,36.70078157779549
12,27,0,27.65,38.93891978065404
14,38,0,30.45,28.987247649885447
2,46,0,38.2,29.57701810527897
7,10,0,39.25,51.599546101634814
12,45,0,30.3,34.49195176910268
11,6,0,33.1,28.2076883882839
12,36,0,28.2,32.03222062072402
13,20,0,20.6,19.831925351762866
15,14,0,26.65,27.637265079103457
10,45,0,30.0,32.82649764090621
14,45,0,27.2,24.34099855236666
0,36,0,28.65,30.80375062604518
12,39,0,22.5,28.23118842698621
11,11,0,27.3,41.45396939917055
10,43,0,19.25,23.661816898695005
11,18,0,23.2,24.735655066703757
9,20,0,27.5,36.70293262340075
4,30,0,30.4,40.86357276288221
17,21,0,27.35,26.65624248010013
4,29,0,19.55,19.416420072223733
7,12,0,33.0,36.90243181260838
10,36,0,22.7,23.333057642481588
8,43,0,51.1,65.83224294011495
9,11,0,25.75,21.768821257646643
19,15,0,30.3,30.82907035489991
10,33,0,33.9,42.886508736185874
6,31,0,37.0,55.53566895532807
0,45,0,16.9,28.59499404109968
17,1,0,23.0,21.45251794815214
3,2,0,51.35,113.15023780703898
1,15,0,39.35,45.74905808636364
4,44,0,27.55,41.334928520435035
18,46,0,35.35,47.98823869065814
6,27,0,36.9,51.49338230348276
1,23,0,32.55,33.192381814601916
15,16,0,32.8,46.43909423841308
4,38,0,19.95,24.934598663830858
4,28,0,40.3,43.97978004301043
2,28,0,16.75,28.587584717845612
5,20,0,26.65,28.676553782525986
2,25,0,35.45,41.213787933038546
9,18,0,34.1,38.3569111318801
16,39,0,34.45,37.40880138486973
1,6,0,29.6,30.601685540093
11,13,0,31.8,46.16856985120141
18,37,0,23.65,41.791808565290566
17,22,0,30.5,33.396343953697745
11,21,0,34.65,35.39889234068446
15,16,0,19.2,20.40278618744328
14,46,0,41.1,52.65768300017927
12,25,0,25.4,26.136081130156168
16,46,0,27.7,36.811182511496924
2,40,0,17.0,22.95991931032951
0,34,0,50.5,59.89947719655867
12,44,0,14.6,13.823701994838622
5,4,0,36.05,48.48817001680871
6,38,0,25.3,20.79498927500008
12,39,0,30.9,45.76588018899761
9,4,0,30.75,28.480602817393198
19,1,0,37.35,31.293643208536107
0,39,0,28.8,24.9981051913519
12,38,0,24.25,26.38156254101078
8,44,0,16.75,17.882290563277227
18,46,0,24.75,26.269604208346152
2,27,0,37.15,35.89645195778957
5,17,0,22.75,27.086362853502106
2,39,0,29.65,42.42922900176494
11,3,0,24.7,24.452101405766637
6,24,0,33.85,41.963988320814714
8,43,0,16.05,21.124879320739076
11,22,0,35.35,55.235643526526175
15,17,0,20.6,36.20177372799061
9,3,0,25.8,39.44162908987353
2,36,0,30.55,27.108893471758638
0,42,0,27.05,27.59381128174634
17,20,0,36.55,55.09654206362158
0,38,0,38.75,32.46029963865982
10,43,0,25.1,25.015574096318897
15,9,0,26.45,53.15565524203917
1,9,0,25.35,26.23431862435559
13,9,0,36.3,37.020762311239125
2,44,0,22.1,21.973428930127596
11,22,0,23.55,35.05255452812774
3,10,0,32.85,44.26745864330639
10,27,0,48.65,54.99021444048501
6,38,0,30.65,43.4102522452934
2,40,0,26.9,32.896808355826856
11,23,0,26.2,30.076393960782774
7,15,0,32.4,29.364138529487754
16,26,0,32.85,27.87429489313539
17,16,0,31.05,33.268406064992995
8,32,0,25.6,28.10956008942603
3,0,0,21.35,22.857165178560532
11,19,0,26.55,25.054624533732603
16,34,0,24.45,35.2666160912316
3,19,0,37.8,42.241909845181254
7,0,0,26.4,36.68414256582091
16,42,0,22.3,33.90404416181521
12,42,0,24.5,31.910235942323222
5,16,0,19.7,19.785959934416017
4,29,0,27.75,34.505339022427115
6,45,0,43.0,55.62657448983969
11,0,0,31.15,37.773946744172484
15,5,0,45.85,45.70762345720091
14,41,0,30.25,37.43467995265747
4,26,0,30.85,35.38253360360909
7,23,0,30.0,31.871452330953016
7,16,0,42.9,31.930681499971648
5,9,0,33.15,42.53329964800954
10,33,0,30.0,30.830606802161284
3,10,0,35.75,42.117473558457526
17,17,0,22.2,30.083392865762157
6,35,0,20.75,23.339316275557994
3,6,0,33.6,31.6567112698248
0,44,0,36.3,45.7592095993571
18,25,0,24.75,21.230253983655643
0,45,0,42.5,54.27173345887874
15,12,0,38.9,53.72336549398222
12,30,0,32.6,39.350516615347466
7,21,0,18.4,27.78943381177363
9,14,0,52.25,58.156662287489056
1,22,0,33.5,48.829995095767025
8,26,0,25.7,29.275641033028414
10,34,0,31.05,29.979773883491234
19,3,0,21.6,17.330836527324415
13,19,0,24.8,32.60061349115995
15,4,0,36.1,35.52449118121484
8,40,0,26.05,30.711689871070952
19,20,0,29.85,27.838396429921634
8,24,0,39.6,45.44331344479741
4,38,0,39.75,57.72883526499242
8,40,0,31.2,44.68556814006061
9,17,0,56.3,104.90652480836653
17,8,0,18.75,17.585505395068974
9,12,0,25.4,42.70017872512824
14,36,0,23.65,39.81043899069161
16,41,0,31.55,35.27556930049016
8,26,0,35.05,61.96983561633668
7,6,0,24.0,33.94112549695428
9,1,0,32.45,30.996561778772545
10,46,0,18.55,22.574962843123817
8,32,0,23.1,29.570433312952815
2,25,0,28.95,26.230707195956423
17,5,0,49.95,75.15350956542215
8,39,0,17.1,21.932672095829044
8,47,0,22.15,32.91340312491489
19,9,0,24.1,26.46725882054438
12,37,0,41.0,47.61910275686031
1,5,0,36.85,57.01825654075516
14,41,0,13.75,15.029357236667455
1,12,0,30.75,26.373581278879897
10,32,0,15.95,19.83212439187332
12,34,0,39.3,47.377654070913614
12,32,0,36.0,34.899856733230294
0,37,0,31.45,41.129417056024764
12,31,0,23.4,39.16684957030828
9,19,0,26.05,46.63799557848673
6,31,0,31.7,28.864656953662752
5,11,0,24.15,23.378521406579477
15,4,0,21.35,23.488575050324716
6,46,0,31.9,31.831629420734146
9,22,0,16.35,14.224793033366259
7,12,0,28.65,35.10476800723949
0,47,0,32.3,33.13783018656599
10,46,0,16.8,22.887827148485446
10,39,0,38.55,33.140013975793515
3,20,0,28.1,32.864794793853584
6,47,0,22.05,22.563302763091826
2,31,0,35.15,37.3592446108689
14,35,0,23.95,25.332473438776475
3,4,0,48.7,86.98160725118845
0,38,0,25.35,27.684833393033085
15,3,0,38.0,56.75431817561504
11,12,0,35.05,46.102260476603874
17,5,0,27.6,34.7811201054462
18,28,0,26.55,35.66580995855835
12,36,0,27.6,33.068350268401424
4,39,0,47.1,64.9687374212033
19,9,0,26.65,29.760933417733003
2,44,0,20.35,19.035354917681605
19,9,0,34.5,66.04982170580342
12,31,0,19.1,27.41858762533951
16,35,0,32.7,43.70366719527996
4,44,0,41.75,46.15976260998887
2,47,0,24.05,23.31359440778119
19,18,0,38.35,50.50927481270408
3,11,0,39.7,36.42020838692948
3,4,0,31.3,36.89686907270617
1,11,0,28.85,29.645759437592066
19,17,0,19.35,17.738673183634383
9,22,0,29.55,26.765010544994823
4,24,0,30.15,31.93624405296475
6,39,0,47.75,80.34195010931973
5,23,0,34.9,48.43106875810848
5,7,0,32.3,40.37599599553649
0,36,0,23.4,21.651303595128425
6,39,0,24.8,22.62881256042254
9,22,0,22.65,18.765239420969717
6,35,0,33.1,47.817525965629855
6,38,0,38.65,39.07923799289417
1,17,0,17.0,20.54263858417414
0,24,0,46.9,60.10333207332011
9,5,0,45.45,66.9103681683269
0,24,0,25.3,28.573266858155517
5,22,0,24.5,21.895685708184132
15,17,0,29.8,47.18786641544736
9,0,0,32.4,39.10229499254756
6,24,0,39.95,52.26700176673816
14,31,0,29.35,37.71119476397315
13,2,0,21.85,20.81061217137469
3,11,0,45.1,40.770087073735816
0,32,0,34.3,30.29347680346555
0,44,0,27.2,35.44246635115327
8,30,0,29.45,39.18038580181348
15,11,0,30.95,43.57627915808276
4,29,0,23.25,29.009753350790213
3,10,0,28.75,27.239435421925748
18,27,0,25.95,26.527989191160263
5,8,0,26.6,26.75699613382009
7,7,0,23.55,25.777336026664567
19,20,0,26.6,32.8591892138177
18,40,0,9.75,10.233459054030865
16,36,0,26.6,37.15033470133281
4,36,0,26.05,28.927268141068264
3,12,0,34.05,34.376361217067696
13,22,0,30.4,30.03226335302191
17,2,0,24.7,32.13802469939538
17,14,0,24.95,25.86498344134503
1,15,0,31.85,34.80967046518448
16,46,0,25.35,27.032680027582987
6,35,0,23.15,32.20048218010996
8,37,0,17.6,18.36300628982085
18,30,0,41.85,49.77240304891013
5,8,0,17.0,16.179909569716713
9,6,0,36.45,36.54049664053353
6,33,0,27.6,26.059446211347343
15,8,0,28.2,38.346893101349366
16,45,0,36.25,39.35382680515996
4,35,0,37.3,60.95822555781864
12,38,0,26.1,26.301690960248564
0,30,0,30.85,30.97583948142403
1,1,0,29.35,28.82848554723901
16,41,0,28.15,24.709416487604372
2,26,0,43.7,56.477382524707224
3,7,0,27.0,25.11866573727698
6,24,0,26.85,26.944924334063757
3,5,0,28.6,26.298689180861828
11,0,0,24.1,27.21435379779536
18,29,0,33.5,41.27379696356362
19,16,0,21.5,19.982887415828678
3,12,0,27.15,37.423993148218365
18,26,0,33.5,36.1859234044342
3,5,0,54.85,46.51799312320477
5,11,0,34.6,41.8360207426441
16,31,0,32.45,65.68543457867563
0,43,0,23.1,35.18357870550288
16,24,0,32.15,33.82349697131302
15,5,0,35.1,36.72214304031948
17,10,0,27.25,30.057620103990093
5,3,0,31.3,39.65787902070725
17,16,0,45.95,61.62832141150691
10,33,0,20.0,19.498987827981985
11,8,0,23.65,34.87311587062899
11,2,0,25.45,23.547209020000203
18,38,0,27.3,41.13917328954689
18,25,0,32.65,64.501550368964
11,20,0,35.65,45.95338026625176
10,32,0,14.3,11.960901215825537
3,17,0,19.2,15.212875433243001
1,12,0,45.55,45.10861161801883
9,20,0,42.25,62.391695635000396
11,23,0,40.9,56.035608979328586
6,24,0,35.3,72.54987395251845
1,3,0,37.7,34.90905477470219
1,8,0,25.6,27.00175432897102
10,37,0,29.4,40.24059223169926
15,19,0,33.75,52.58464354583099
18,30,0,27.85,33.20474759967156
5,14,0,37.7,48.281084887300715
18,42,0,24.45,22.201173510946617
7,9,0,28.6,36.18432344479989
14,36,0,37.85,41.02409433234905
6,35,0,16.55,26.642812796028323
19,11,0,30.45,31.842498910137458
13,11,0,36.1,40.49678349800402
14,24,0,27.35,45.221414349724554
18,34,0,35.3,29.11338993803728
5,4,0,50.2,60.427076538149414
6,24,0,33.3,48.13916230439019
19,0,0,22.75,24.73624019424473
16,32,0,32.1,40.79589762657386
16,28,0,31.1,35.9310743683397
9,5,0,27.3,44.70617524753328
5,13,0,33.4,53.89893075787408
16,43,0,15.95,20.189822866197243
15,7,0,29.2,35.999415199928485
1,8,0,28.95,29.623026250039448
11,16,0,24.25,25.496903836802577
10,41,0,32.15,27.13179335256547
19,7,0,20.0,32.198398129491835
10,27,0,23.45,27.21933329938773
16,30,0,29.0,39.311174251764996
14,30,0,30.65,39.26867641477646
11,6,0,27.3,33.2946969066436
0,25,0,28.65,23.96329429949502
0,42,0,24.3,29.712836141623157
2,40,0,37.75,44.69060303911774
19,11,0,30.3,45.38270015858698
18,44,0,23.85,24.234110366653812
4,39,0,38.3,49.665300817201924
6,42,0,34.1,34.996090007163275
0,45,0,44.55,55.9007343893008
15,7,0,16.85,16.924833824885845
9,4,0,26.55,29.692237156678193
16,27,0,16.4,25.656434506356245
9,21,0,34.05,32.74056714295135
15,19,0,28.15,41.63661723455499
11,7,0,28.0,30.05258549171505
10,25,0,22.15,35.67141712912455
15,21,0,35.1,28.2076883882839
1,8,0,25.7,19.783299708805433
13,9,0,42.8,46.55455204155091
9,22,0,19.6,22.809047143161138
13,0,0,23.9,25.65335722360926
6,25,0,33.7,39.495636001435585
17,23,0,30.3,45.73044592184212
0,41,0,26.95,26.222680018800922
14,28,0,24.0,28.60989891260495
10,45,0,30.95,56.895541403337994
0,37,0,23.35,22.48104464701435
19,18,0,17.55,24.390410108547947
11,16,0,35.7,39.334061842792586
18,25,0,26.3,29.299003036748
19,8,0,39.1,52.104045706138486
14,39,0,41.75,52.96759187912628
12,35,0,22.5,21.76549659679887
3,21,0,25.65,36.33365121380338
15,17,0,29.15,50.01502405856612
1,1,0,52.85,46.335475780329205
17,20,0,27.05,33.147953814757
17,3,0,29.45,42.86389107272853
9,1,0,26.9,32.77659627169812
8,34,0,35.4,31.4866722013583
11,0,0,45.05,57.06088622552322
3,0,0,19.5,17.73043770053722
4,41,0,36.95,69.52279065926966
11,7,0,21.75,24.655254591006933
4,46,0,27.45,45.890573507443825
15,9,0,24.9,39.36856881480854
6,37,0,52.15,44.07204030722999
2,39,0,19.95,39.42945065490221
4,37,0,27.0,26.954152106669458
8,34,0,21.85,22.889379288450055
6,31,0,29.1,27.337847295221362
15,19,0,25.75,20.508983910779968
6,35,0,21.85,26.856881897628362
17,11,0,28.95,31.341035820722155
3,3,0,34.75,47.483930799908784
2,45,0,27.7,39.559548717557966
7,23,0,35.95,43.47107326172562
15,19,0,29.85,34.134833266111954
19,21,0,18.95,19.4948711203742
2,47,0,27.1,32.34664222385215
15,12,0,48.45,72.96464536804253
16,26,0,33.6,27.067945696164795
12,30,0,24.6,36.414861049620356
9,5,0,32.0,38.29250304529183
11,14,0,25.0,28.46604625643829
12,42,0,28.1,39.82051838199154
5,6,0,35.7,70.80447502955252
4,37,0,43.35,49.57214306867369
9,5,0,29.9,62.126272093298226
0,37,0,28.85,28.02681986203478
16,31,0,22.5,33.53317289208592
3,14,0,37.85,39.43986094776384
5,18,0,38.15,24.986891300081833
11,6,0,17.55,26.38275952208184
1,7,0,42.75,61.75918853434728
4,36,0,24.75,30.873042234967794
17,1,0,19.8,17.7722432905626
0,43,0,21.9,20.109960873054664
5,23,0,35.1,60.43953045900724
15,6,0,23.05,29.63901234237705
3,21,0,30.0,47.09899987763736
2,24,0,41.25,42.74511360193239
8,37,0,35.3,32.27855732770433
0,41,0,30.2,24.047321767933454
9,2,0,37.3,45.93485089031845
19,19,0,36.1,35.02465297172085
19,20,0,18.15,18.745595974016204
10,38,0,37.4,51.735562440671615
8,24,0,28.65,35.67879364257533
3,8,0,21.65,21.054503206277698
10,46,0,41.5,52.274075289462765
2,29,0,34.65,39.129037541797125
14,45,0,19.8,23.621132376260924
9,3,0,47.85,89.95160979806397
14,42,0,37.35,76.52400724093404
9,22,0,19.4,20.3661225413288
9,9,0,29.6,37.83815951905528
9,20,0,22.4,15.735979557421233
1,7,0,27.85,28.525657887150246
0,35,0,50.75,59.36495067311226
10,34,0,22.3,19.553166387812325
6,43,0,26.35,27.057978685155252
0,26,0,27.4,44.51067287741222
4,44,0,28.05,42.62378258795508
6,31,0,22.85,22.079461759267307
2,30,0,29.75,41.98480301502588
3,6,0,28.4,30.152943471575043
16,24,0,27.45,28.124675436723756
19,18,0,24.05,24.23888785011652
13,4,0,25.95,26.350821419335002
1,10,0,23.4,33.122420455668774
7,6,0,30.15,31.34909551284828
3,16,0,32.05,30.372208557027577
16,36,0,30.55,25.734422983929317
18,41,0,26.4,27.22498852157701
9,19,0,33.3,35.5958306251552
8,30,0,40.85,56.849084610507425
3,19,0,29.25,36.26782683257841
9,12,0,25.25,31.63754431883606
16,44,0,23.8,26.77508661345271
18,26,0,23.9,28.265470845278045
10,33,0,26.8,23.701210273339473
10,47,0,32.0,34.246782407449
16,43,0,24.25,27.811158305899262
6,36,0,29.95,30.088422323125165
5,2,0,22.4,33.930889513213394
0,37,0,32.15,32.08422304530768
8,29,0,35.0,42.21872869511325
9,9,0,31.6,40.16335066751908
9,8,0,23.1,19.414861372290638
6,25,0,36.2,30.210838069178173
11,2,0,31.9,49.605708500025216
10,25,0,35.45,45.61102706006174
3,23,0,21.45,27.74787806017075
3,11,0,30.8,36.335570508945175
1,2,0,36.65,41.561970218230186
17,0,0,23.8,29.962432618548387
8,37,0,18.5,21.095023109728984
5,14,0,24.4,20.306597320497644
11,23,0,34.45,33.246250283223475
19,22,0,27.15,33.261760880057224
15,2,0,22.8,27.44103726749026
11,1,0,42.1,50.68779568672273
18,24,0,18.85,25.13181041502665
0,41,0,12.95,11.44540818062216
10,36,0,19.35,18.434164506498025
14,44,0,35.8,51.459334992737105
3,4,0,32.9,46.01018193949316
6,42,0,29.35,34.15024851570205
17,23,0,28.25,48.67926717434825
1,12,0,41.95,42.69287503726316
3,7,0,27.6,31.42308906386814
17,10,0,23.95,18.170175099813836
16,36,0,23.85,27.627741588178317
2,46,0,37.9,47.72167112263403
11,11,0,26.8,31.24200950474756
13,1,0,37.6,72.12007531303539
17,2,0,11.55,13.937737489126038
3,18,0,19.45,20.163737644332553
5,4,0,45.2,53.772033427678444
0,28,0,19.85,29.490899577577093
6,41,0,38.9,50.43380236560229
9,22,0,29.05,48.01367677958788
4,38,0,26.3,22.588073238582766
1,15,0,29.0,46.679196312929946
2,32,0,32.65,43.65206331410862
7,19,0,32.25,40.22420716565167
6,47,0,33.0,49.77634187569749
15,23,0,22.25,26.606044030395957
7,14,0,26.85,31.019985069052023
2,44,0,38.2,49.71349493796799
5,22,0,40.7,54.223805220876734
7,8,0,24.25,34.40452081677027
1,23,0,27.65,62.584069773974306
19,20,0,20.45,20.785812469085734
16,41,0,29.45,31.726586891587846
12,32,0,29.55,31.040677895473326
7,21,0,29.35,36.11279843111464
4,32,0,29.15,42.96788886696914
9,1,0,13.65,13.115980610248746
17,13,0,18.9,20.710790475142737
2,43,0,27.1,20.073286778832788
2,37,0,27.3,34.19002624650707
5,8,0,43.1,41.233481541097156
15,13,0,23.5,20.884393568807358
0,31,0,34.25,46.74327984348462
13,19,0,23.25,21.45711757755086
9,12,0,15.9,19.713473885431227
4,26,0,35.55,41.20612499182743
7,1,0,32.45,40.8610933207669
16,36,0,22.4,34.23971224670036
8,47,0,36.05,40.28513504089515
1,16,0,39.9,59.35344622637651
8,35,0,25.9,22.84939248299843
4,47,0,45.35,52.41863368969794
19,20,0,30.85,33.86082195041779
5,20,0,28.85,34.499847444361414
10,40,0,29.85,32.454462023936834
9,8,0,26.0,27.35151299577219
8,24,0,21.55,20.174175780463813
13,6,0,30.75,40.31700046277984
18,37,0,20.1,29.055120030727803
18,31,0,22.45,27.207729164996287
3,22,0,27.1,41.1977260486419
11,10,0,34.2,45.21364488968486
16,29,0,26.2,38.415457415226136
4,34,0,34.9,61.050367471629954
2,41,0,29.8,31.403318631199337
10,29,0,24.7,36.40864558980752
11,3,0,25.1,21.515967143153553
17,8,0,19.45,28.817894659943136
10,38,0,40.55,45.250734219108764
4,47,0,16.3,17.112937549671226
11,8,0,20.65,22.055611530855362
8,30,0,34.75,38.29645441881835
12,46,0,36.15,27.209276668851473
15,23,0,25.25,44.58566562189431
8,30,0,36.45,41.111497943493795
8,35,0,31.2,38.775467013374104
17,18,0,29.85,28.09246949104445
4,28,0,24.0,23.639841481345808
19,18,0,26.65,35.336390963365076
0,30,0,27.4,30.75950858549357
9,17,0,27.0,28.672378052018892
14,33,0,30.85,30.695919495662782
17,6,0,24.25,26.700827899642285
6,39,0,29.5,30.014908576274312
16,36,0,17.35,22.300047203159856
10,30,0,32.2,44.20002381518768
2,33,0,32.4,33.38199956169256
13,0,0,45.85,48.45429208081191
7,20,0,16.45,18.625039738565874
14,24,0,34.8,38.924488300730225
6,25,0,28.15,32.64687459853748
2,40,0,15.0,12.789798566373946
9,15,0,27.6,23.69188179858018
18,44,0,27.6,42.36483149226987
2,31,0,25.55,28.992694179559678
11,21,0,39.25,48.90471401236877
2,40,0,44.0,47.77138540128279
18,35,0,24.25,28.38990739867362
11,23,0,44.2,47.22800239822043
1,15,0,39.7,45.67516888454359
2,39,0,14.3,19.00443161614237
2,36,0,31.5,42.13574554498329
8,28,0,31.5,51.4602554865096
4,42,0,24.65,41.56323653878445
9,3,0,20.0,24.046008531891307
13,10,0,20.2,19.800584786685892
4,43,0,25.25,31.40545544294729
4,26,0,20.5,26.619146255438416
4,40,0,34.2,45.813810834265844
8,34,0,32.45,38.48372861900277
17,4,0,25.75,31.13785139462394
16,31,0,32.4,42.28151269514223
0,42,0,21.65,19.060223116825206
13,1,0,27.1,29.100370769929516
11,5,0,27.75,38.82331773560833
3,12,0,23.4,35.270981064653675
13,23,0,21.35,27.300038557906063
11,11,0,27.95,23.69649096829584
17,15,0,24.0,20.670344890560894
11,5,0,34.5,35.773409707564404
2,47,0,32.7,41.46412526763981
9,10,0,49.35,63.274069686853885
1,22,0,22.6,24.758624228422114
6,45,0,32.15,26.858841531627025
9,0,0,29.85,31.77432760479507
8,38,0,17.85,17.284842766819843
9,3,0,33.1,45.94607823594042
10,47,0,30.75,31.112486916112367
10,39,0,30.0,34.648612032655414
5,23,0,24.25,41.47780002286575
10,46,0,26.45,35.82776782564637
16,37,0,20.5,24.972616581915652
17,5,0,19.7,27.971978459654373
16,43,0,40.5,50.78385570237849
9,1,0,9.85,9.696852446460193
2,32,0,30.3,27.977622637047862
15,2,0,27.45,33.263659639786766
7,11,0,39.9,44.27057951423627
8,46,0,41.2,63.83251110276182
10,35,0,18.7,21.12643641955438
13,15,0,45.2,49.228361530192814
11,14,0,18.4,13.823701994838618
13,13,0,31.05,27.755464137241237
16,41,0,40.1,58.4914748624015
14,34,0,20.85,26.61672406589511
15,3,0,38.7,38.528321776939215
18,25,0,25.8,31.836093386363586
6,43,0,28.8,45.29854186104495
7,13,0,24.55,24.66293831472214
9,14,0,24.2,21.642064304691935
4,33,0,30.35,36.89569223179256
12,39,0,49.7,63.218168607649986
14,28,0,32.35,38.54904599816215
19,13,0,32.25,35.78425852095774
5,16,0,34.5,41.7883136522011
19,23,0,45.15,60.11329216352106
18,28,0,34.65,36.87000635233268
19,13,0,27.1,28.451066023872233
19,19,0,30.75,45.63456100254211
14,26,0,32.9,46.87373857951862
0,36,0,17.2,21.24196442496736
4,24,0,42.65,39.871207128637785
8,38,0,29.95,30.116397002647123
17,10,0,25.55,31.22663336927225
16,29,0,29.4,35.548928475967784
16,45,0,27.9,29.120258818977046
4,35,0,30.05,30.74080949521422
9,6,0,20.85,23.202257149728027
12,31,0,40.1,47.63004359258534
2,32,0,37.9,47.89780788303365
1,8,0,26.2,29.593029051130483
4,44,0,38.25,53.94136680351713
1,20,0,31.95,34.838688415701235
13,15,0,27.15,36.83430180516097
9,12,0,21.3,20.225309834332247
9,12,0,29.75,23.61728849359032
12,24,0,17.95,19.459742520068666
19,8,0,35.45,40.3125617094591
3,23,0,33.15,33.562628025826584
1,6,0,32.2,42.80383652259026
6,39,0,35.1,41.09539607969935
18,36,0,34.2,37.800863259426954
16,34,0,28.7,25.90691840131959
14,33,0,22.1,26.353667476722936
11,8,0,24.15,23.64045373150818
12,29,0,23.7,21.12145329928043
18,43,0,21.4,24.171318366587855
6,47,0,22.95,26.709893692274996
18,27,0,46.55,77.22453591552636
3,13,0,48.55,79.48881086436997
4,31,0,20.85,19.807693879957483
13,11,0,31.0,31.38554813252347
6,30,0,43.4,53.85887993050376
15,10,0,15.65,17.144202641433235
9,1,0,16.05,15.534257558529688
9,9,0,34.6,39.98868260948471
5,15,0,18.35,17.676255259528247
14,46,0,32.45,44.83005922956511
5,12,0,25.75,31.612580773449906
14,36,0,19.95,17.32498955722325
11,8,0,33.25,29.208641475462446
6,24,0,14.15,16.965212083927263
2,27,0,29.1,35.778411603117675
5,1,0,22.9,20.196143456767082
10,33,0,41.15,54.58385629855271
2,44,0,20.25,17.459351287159013
4,39,0,39.85,57.42663511866799
12,26,0,37.65,36.18123241332954
10,31,0,26.7,27.692104137803383
13,15,0,33.85,38.78995393546877
8,25,0,38.4,38.255924893716575
18,24,0,26.35,26.608813340102582
12,46,0,35.9,54.776003197712306
5,4,0,33.95,61.83294557026001
16,32,0,17.0,25.269078253657643
13,7,0,19.6,28.479725013456598
5,6,0,33.05,31.07795800377191
15,12,0,37.85,56.15886769738712
1,10,0,27.35,32.316323071198944
17,13,0,31.0,29.12586117994941
0,34,0,33.85,31.916461682269688
11,10,0,31.9,25.329200955668373
19,16,0,26.65,22.2693440453581
10,26,0,25.2,32.12573980307281
7,20,0,35.35,44.131710761501665
11,15,0,24.5,24.758836806279895
1,20,0,28.05,26.678347222538275
13,10,0,35.2,39.74073874237209
15,13,0,25.35,34.380647861383025
5,23,0,40.7,53.01946018109518
15,12,0,30.95,35.248702850340166
2,27,0,17.6,24.02279619116195
18,45,0,32.5,41.05900760202514
5,6,0,20.65,24.891924287544388
13,1,0,20.9,18.3099052859087
2,27,0,25.05,31.182780335846964
14,32,0,22.4,23.466437399199016
19,15,0,34.95,44.71838783460687
8,27,0,24.4,36.19450379910129
18,38,0,27.25,34.10490781166408
0,46,0,62.65,98.38125356302173
14,33,0,24.55,27.038909585612867
1,21,0,42.5,41.32604632992561
5,5,0,35.6,37.87430735861366
6,44,0,23.55,29.342756660222854
0,27,0,25.1,20.128272862345955
2,47,0,26.1,29.63799126654486
2,37,0,23.75,26.27761705129932
0,45,0,36.85,31.42790412825419
17,11,0,25.9,36.350486856943775
6,47,0,22.9,24.492533771055943
15,22,0,36.35,41.85472997228189
19,13,0,25.75,28.087972702320755
0,38,0,29.1,26.349672923167276
9,19,0,37.9,45.612671369628025
17,20,0,28.8,27.780341402168776
16,45,0,28.45,33.08756325426917
2,27,0,22.7,23.21319951189296
9,0,0,38.95,38.20233528271055
2,34,0,33.35,34.205685892383755
11,18,0,36.9,40.864216749208786
13,9,0,33.2,32.00263147074989
0,26,0,30.25,25.177004963803153
18,31,0,36.45,52.72717765211689
8,42,0,41.8,44.70205458600897
8,25,0,33.2,51.87596543172651
13,0,0,26.8,31.638750391186274
4,43,0,24.7,34.39109431845769
6,34,0,24.65,22.47636185207168
1,13,0,36.45,34.947291138151705
3,11,0,34.0,30.239395705463078
6,40,0,20.6,26.780589986032794
2,25,0,34.75,32.42298567374695
10,43,0,24.55,28.070353343734475
3,2,0,16.25,21.103441974187405
12,42,0,32.35,32.593630310876776
3,9,0,35.85,38.2461212343642
10,40,0,35.65,38.41775220143061
10,24,0,22.1,24.680911012785824
4,25,0,19.85,24.976357241451996
8,40,0,33.35,23.4279971963371
4,35,0,28.0,29.48862403314914
9,0,0,32.25,32.0540251187864
3,15,0,24.55,19.35125454929419
2,30,0,36.5,32.20738718793693
3,8,0,34.25,46.035312532880674
10,43,0,26.9,33.116858483097
2,25,0,37.45,36.18879588171484
3,17,0,20.4,26.232563130983838
14,40,0,19.2,25.08637709573612
10,41,0,33.1,37.12553384340614
4,43,0,30.55,33.206649619426656
18,40,0,21.0,26.655699499159155
4,28,0,24.2,36.05346906441802
2,41,0,25.6,29.976130855276033
9,6,0,29.7,43.29349045514202
16,44,0,32.0,45.366345049583785
1,23,0,39.45,49.39792772129105
3,1,0,47.6,42.25785507795531
4,33,0,38.45,39.32653450012439
2,31,0,27.3,20.956345603483246
7,18,0,22.9,23.03064320238993
11,23,0,22.5,33.070100981813894
5,18,0,40.65,43.742397835750296
19,21,0,17.6,21.27612944617809
1,6,0,42.3,45.921099381668256
13,3,0,21.5,27.367864366808018
18,35,0,23.2,31.305960421215907
12,37,0,42.65,64.10950746471558
3,23,0,25.5,42.75327011192428
0,40,0,19.0,25.097703816128384
3,17,0,27.9,28.87523068944075
1,10,0,25.2,41.6231211050579
9,4,0,20.95,23.829382570352312
1,23,0,30.7,42.761394295617436
1,8,0,37.5,35.56831825034598
13,3,0,30.15,52.71699516235128
12,31,0,27.9,37.93193349866796
8,26,0,42.1,37.726020616796404
14,43,0,22.35,24.31866296532465
14,32,0,31.35,31.293643208536103
0,34,0,40.45,45.06191646822707
0,29,0,27.55,27.31006176639318
3,23,0,20.0,20.486195608904936
11,23,0,27.85,35.99747798183411
5,21,0,38.35,44.68047377593601
11,17,0,19.9,22.059488947651957
16,45,0,32.65,60.19378792918053
13,10,0,36.25,43.869273505435864
3,10,0,50.65,40.6723428595429
11,18,0,22.0,26.30389204741582
13,0,0,31.6,41.44292206726843
3,16,0,39.35,51.80761476239203
8,40,0,28.7,34.635090207536784
0,36,0,20.25,23.117263997645615
7,1,0,36.05,54.02579793122229
8,42,0,20.75,33.98432301115201
17,7,0,15.1,14.469205048545069
15,0,0,34.7,39.21881932789008
15,3,0,23.35,23.875279000849837
12,25,0,20.6,21.50740386593955
12,43,0,17.95,15.689335969310324
7,20,0,32.2,77.32201974109384
16,26,0,41.6,42.84169145021925
12,45,0,30.2,28.0480790223164
11,20,0,30.45,34.39778909663878
11,5,0,26.3,28.839118170327353
3,23,0,27.9,38.70658858644094
10,46,0,27.6,30.879050980781198
17,15,0,19.95,20.83891854957424
11,7,0,26.4,28.599595138834804
13,19,0,50.8,76.43201313310377
9,13,0,28.5,33.106685602442106
9,17,0,36.15,41.432602215113036
18,46,0,22.1,22.52226968089467
10,33,0,38.2,42.36011033234476
19,17,0,35.05,54.33664557765393
12,45,0,27.5,25.885374858768174
6,35,0,35.2,41.73929109427508
8,36,0,29.25,36.920790035454345
8,46,0,28.9,28.291527465228693
5,1,0,34.0,45.69233495548471
3,6,0,35.65,61.90848509142983
15,0,0,33.35,37.65113404317116
15,17,0,27.65,35.04624764057075
15,5,0,22.7,25.420878282065292
1,9,0,50.45,48.07392881364022
19,8,0,22.25,32.8471339773551
11,15,0,30.15,24.344620069243007
4,41,0,43.4,67.39311225153034
2,36,0,19.9,24.486086274711838
3,9,0,22.7,26.38600107313685
4,37,0,37.35,35.19760009761431
18,39,0,23.15,28.88502617000901
13,5,0,20.85,22.79260036895631
17,7,0,37.45,47.501218820927996
1,12,0,23.95,25.925957323846205
10,44,0,37.4,41.65320484289546
14,27,0,26.0,37.47981913117062
19,3,0,33.75,39.86671874079799
19,2,0,14.3,11.841497060404944
3,10,0,21.95,24.953588498397746
18,30,0,25.15,27.665815882078242
19,4,0,28.85,26.976159064899083
5,19,0,26.6,29.72753464028717
0,32,0,51.45,91.95163202237875
12,30,0,36.45,48.89890215106007
9,17,0,13.05,17.57532660473648
6,36,0,29.2,33.371276650184626
2,40,0,33.3,32.5270737435108
6,28,0,16.8,20.992730571369346
19,4,0,26.6,23.18438676078546
16,42,0,13.25,14.916874937289542
17,23,0,23.25,45.641480440955306
19,5,0,20.0,24.57426981299964
7,15,0,22.5,19.621416870348586
13,15,0,23.2,32.58931048510749
11,19,0,26.6,33.25879385096598
14,24,0,25.95,32.257965152648325
13,15,0,32.05,28.23859807165773
7,15,0,20.55,27.56136693577481
2,47,0,23.8,26.291083139185783
14,28,0,19.8,23.061930352399976
15,9,0,20.5,32.21065531449917
9,6,0,29.45,34.396258976507134
17,11,0,39.25,35.292574140655766
9,2,0,20.6,22.17964927822943
19,12,0,34.0,35.07135583350036
0,47,0,32.95,32.04679965957681
15,10,0,31.7,36.92966287417203
11,0,0,16.85,17.481644508936856
16,29,0,27.9,35.47556609095455
18,38,0,49.15,59.89224974024074
18,24,0,23.6,20.987214152782087
4,27,0,36.35,39.248566852816424
11,15,0,31.1,36.83233705090649
19,7,0,19.3,21.188626542011683
6,40,0,28.0,31.22920360647605
14,40,0,33.55,44.25937307806289
14,41,0,18.6,24.957648337259574
0,42,0,16.45,20.46685381936261
15,18,0,50.85,73.62942418125488
0,37,0,53.05,80.27221778030318
1,10,0,43.3,44.45115592600371
3,9,0,39.75,36.10201189903265
7,3,0,20.95,21.75092254546798
15,21,0,35.35,41.81069492996159
17,19,0,20.85,38.47524836621728
0,25,0,23.85,24.035664290689716
9,16,0,34.0,58.148629888370856
13,2,0,26.35,41.97025889339911
0,37,0,26.05,31.954696549630185
3,5,0,57.2,53.85907537267976
2,32,0,18.25,18.665687630967206
4,42,0,24.95,21.189558004381606
12,41,0,17.2,16.21435361517365
17,23,0,27.5,25.683293771387042
11,6,0,22.35,30.378792810636487
7,0,0,32.8,50.71447421335296
7,23,0,51.55,104.3231190000315
0,40,0,46.85,44.81455942929826
15,14,0,13.5,19.244958328160433
5,14,0,27.45,38.61207201463238
0,46,0,21.95,30.986372216797093
18,45,0,23.9,29.85032839456139
2,24,0,46.7,51.10886214223209
7,12,0,22.45,22.14658105964844
17,19,0,26.1,30.301815127150387
11,9,0,15.4,21.719261400643294
4,34,0,28.4,31.964453941675178
5,15,0,32.05,44.89106698149246
9,22,0,25.8,19.26982915828456
5,21,0,23.25,25.66151121611385
16,34,0,18.3,17.384506108359215
17,5,0,27.6,29.9866637023861
7,10,0,18.15,18.46839405436673
1,10,0,20.85,28.174783425123813
10,45,0,40.6,56.275076281834714
11,15,0,23.45,43.4783370136633
19,8,0,18.7,22.55076145289252
0,24,0,29.95,32.647197026455586
16,27,0,32.1,30.09965902936793
18,35,0,29.95,32.891328244450854
9,17,0,35.95,37.549230842217064
15,0,0,29.7,43.23022821567042
15,1,0,38.65,37.24495727082075
12,35,0,14.55,13.300079144996014
10,36,0,30.3,55.72970482606201
8,46,0,34.15,31.075925696505593
10,33,0,28.8,36.851908470182885
12,46,0,29.65,37.38459435030481
1,20,0,66.85,82.98971083973697
2,40,0,33.2,43.964818470657825
16,32,0,33.45,37.87441158132465
2,33,0,27.25,47.667571455036935
1,3,0,25.8,23.61667564288108
5,14,0,20.6,18.5483720380835
7,3,0,19.35,19.510523476211226
9,8,0,23.25,25.93488810565088
7,22,0,35.8,38.371590367984766
18,39,0,23.25,33.11205059697818
6,44,0,40.3,42.64307187512842
8,45,0,41.75,36.615893874252556
9,21,0,34.5,31.734921823724328
11,0,0,28.8,41.64082005360656
12,27,0,21.75,25.35199566524352
15,19,0,33.25,41.50190230262755
19,3,0,28.35,38.43555782427462
5,16,0,32.45,21.17962029379832
16,46,0,34.0,40.3028012608762
8,43,0,42.0,49.15068131454752
1,3,0,26.75,29.758457444459122
6,25,0,26.55,27.534619357417938
14,42,0,22.6,29.399964196183
4,28,0,25.3,28.944775003444057
18,39,0,28.4,30.23312926680197
14,47,0,27.65,23.515448449678217
9,4,0,26.45,26.986302568447375
0,35,0,33.9,33.58398741254998
14,37,0,28.2,32.755232607293365
8,32,0,22.75,28.561798189005426
10,27,0,27.75,35.4250506072513
18,43,0,33.5,36.72586927064096
7,13,0,36.95,42.25296626149147
10,38,0,18.6,14.890477352639628
4,28,0,21.45,29.70109868604013
9,6,0,43.95,71.14956448437187
14,27,0,34.45,93.1419262258014
6,36,0,29.7,31.90297791742959
3,6,0,17.7,17.360269219353167
10,34,0,40.65,39.46520786184899
9,6,0,47.85,40.10679821623629
1,0,0,38.65,40.39707519376281
13,13,0,19.55,21.712172186417266
11,17,0,18.35,15.246311029229332
4,27,0,32.95,32.77270205521663
9,13,0,22.25,30.33128487395915
18,40,0,46.0,49.60687558457151
18,28,0,24.85,41.62144563613938
9,14,0,13.95,11.659534160596008
0,39,0,36.75,38.282708753087
8,43,0,25.3,21.832134693225896
2,28,0,25.0,27.550909813996114
6,43,0,32.15,42.15294832667792
5,22,0,33.35,36.62652906813513
18,24,0,56.55,71.02592188030627
14,31,0,41.75,52.5526052236183
18,34,0,30.1,40.41742719487018
1,16,0,22.05,25.34493617024285
2,35,0,36.5,30.91158869727458
4,26,0,18.6,28.938046345871197
5,11,0,20.9,17.94699798969469
0,30,0,33.7,33.571761316540076
7,15,0,28.55,41.59260435272244
9,12,0,29.35,28.544102534038167
5,0,0,20.05,22.65409222937088
12,30,0,34.1,25.15405167740326
1,5,0,39.05,57.328669230930814
2,25,0,35.7,47.97049531798302
15,15,0,20.85,21.757696762779208
11,17,0,28.25,43.70219192383111
10,32,0,39.1,41.88317084462446
16,42,0,31.4,24.42259523258609
10,35,0,25.55,21.19700822981245
15,15,0,27.45,39.358641129730934
10,30,0,35.75,39.04905821359103
10,44,0,16.65,17.909935496078266
18,39,0,36.1,41.787557956884726
17,20,0,28.5,24.43789120026091
2,27,0,27.75,31.864639699169594
2,36,0,23.55,25.67094405005497
9,17,0,22.6,27.667956004621743
5,23,0,52.6,46.34243252820873
16,32,0,18.1,24.80852994223432
13,20,0,33.4,43.252502209333755
9,5,0,36.3,34.12222612593547
4,46,0,21.15,23.983053227336654
14,34,0,26.7,20.7595253976781
2,47,0,29.0,29.48505419789205
9,21,0,36.1,59.619760058840264
1,12,0,33.05,37.94937763861081
3,16,0,22.2,40.49509391986822
1,17,0,21.15,20.95678510901095
2,40,0,42.2,43.48575084226774
5,20,0,28.65,33.35814427502952
10,26,0,22.7,39.85117049063533
8,47,0,32.35,42.039173460751556
10,32,0,20.05,22.146581059648437
12,47,0,19.65,29.310093465346853
11,9,0,26.55,26.698068134328803
17,4,0,36.15,35.606437915812805
18,30,0,24.25,26.2194684598256
2,30,0,20.2,21.69792616818483
2,31,0,29.45,38.56160484758191
1,16,0,30.5,24.362395526496847
18,27,0,22.75,25.673814224655153
0,41,0,46.7,45.79255283052957
5,9,0,23.85,17.909935496078262
8,47,0,32.95,31.125340835166174
5,9,0,19.75,20.652194989751987
13,16,0,27.35,35.57242426966502
15,21,0,29.75,52.71759418678081
4,32,0,30.4,36.9386404445905
14,36,0,14.35,20.734601134589646
7,18,0,32.4,47.63059609337811
19,16,0,37.4,46.051915783910886
18,27,0,30.45,44.20344711492651
13,10,0,26.2,21.838160709132413
9,15,0,26.3,28.906564543096614
8,34,0,37.2,42.475503776325375
10,39,0,32.75,32.10160678057622
18,29,0,33.0,37.986147059435396
4,30,0,44.2,53.87470844957136
11,2,0,31.7,43.26065430071898
7,15,0,34.75,32.15893916815436
19,1,0,11.6,15.421789096838554
2,29,0,48.3,58.47545593980796
11,4,0,22.35,29.645759437592062
18,37,0,23.3,29.404797317158266
19,7,0,20.05,20.035429145706654
1,17,0,22.75,27.684072943424383
15,11,0,21.65,30.96904226719593
6,41,0,24.1,29.792086550838153
15,15,0,29.2,32.867517159203345
5,14,0,29.6,33.42296720583176
8,42,0,35.45,37.52960235109852
4,39,0,23.35,23.333452380648694
14,25,0,26.75,28.760124075568683
11,11,0,27.4,27.1940395946186
4,31,0,33.95,38.7005711912152
13,11,0,26.65,25.033188496789403
3,12,0,24.35,29.03586711202833
10,31,0,25.3,31.47613966834327
13,20,0,32.45,31.391374946832634
17,3,0,37.4,50.00568388746055
18,29,0,20.2,23.289030623201583
11,22,0,24.65,16.458160669758296
10,37,0,34.0,40.649982197186496
2,34,0,40.8,40.83806274079431
18,45,0,30.25,27.769492916546124
16,34,0,40.9,49.43991568720455
8,32,0,56.75,86.94213138936907
16,30,0,31.55,29.319429519832426
1,11,0,31.3,46.75479147975948
19,2,0,36.9,38.29648877680014
7,22,0,46.25,63.32861247410002
19,19,0,37.3,38.48048035590321
17,22,0,27.35,31.944483091764063
7,9,0,16.0,13.977425408587647
1,10,0,37.8,36.08411226419096
16,40,0,20.65,31.28186796145484
15,20,0,28.1,42.93802142868866
0,32,0,42.6,40.90605411376041
6,45,0,24.55,39.03368990203746
5,23,0,39.4,48.8277315510464
18,30,0,31.7,43.72654258360463
13,12,0,15.8,15.049392364023065
7,15,0,13.35,18.26781754602166
8,40,0,41.75,44.435494347365335
16,32,0,28.55,27.19999032507568
5,15,0,29.55,34.37176779062479
15,23,0,28.5,36.302095053359636
16,39,0,32.35,37.34233522424649
5,20,0,22.65,31.429578760343443
8,32,0,40.75,38.76769545028845
19,11,0,26.6,39.512023486528754
7,14,0,25.4,29.38563917075285
18,45,0,25.05,52.87569832809975
4,41,0,25.7,31.258009499882377
5,19,0,34.3,36.4923928626516
16,33,0,14.85,15.526801954921961
3,13,0,47.2,51.93781707104432
1,22,0,20.35,31.65484082045621
18,45,0,27.85,23.74707738250175
19,0,0,30.5,31.835928065465183
7,15,0,27.7,23.20186017950875
1,8,0,29.65,38.518997363570314
10,25,0,19.1,20.08901244592754
11,12,0,24.25,30.55947609085222
7,5,0,36.8,48.56206013144959
4,45,0,18.45,23.725347315964793
16,39,0,33.2,44.902936253774385
17,17,0,9.75,14.048318873014475
11,23,0,34.85,38.06818674569703
17,19,0,27.95,69.37197598909505
13,11,0,20.95,27.172887028685125
13,19,0,21.9,19.61980739215508
8,46,0,20.35,24.604824088398857
13,4,0,54.1,69.73400590061759
10,44,0,25.6,21.06980878188654
1,23,0,33.5,53.50602523867854
14,46,0,48.25,45.42996344866864
3,1,0,32.4,34.06866132108109
13,5,0,24.25,31.281194956311
16,45,0,26.65,28.69306719859621
7,11,0,30.85,36.42768611632468
6,46,0,51.1,62.237152552914374
12,33,0,20.6,24.377297462576674
15,18,0,20.55,19.765666670956698
11,8,0,43.8,54.75553324598922
0,34,0,27.1,30.605984966824277
6,41,0,44.7,67.54889067615358
1,18,0,32.15,28.649010270403483
11,9,0,20.85,21.300543605615722
4,29,0,14.0,13.560779359686716
1,15,0,39.25,43.751541326232754
15,8,0,26.65,36.22775179334208
19,8,0,30.6,58.25569771094904
15,0,0,32.4,34.47409401122438
13,5,0,35.4,46.70557275439184
1,21,0,32.55,30.810925949973278
2,30,0,17.35,17.589694949630385
17,19,0,18.45,30.394727728410565
12,29,0,31.55,36.178613921254055
12,39,0,30.75,27.625074422381296
14,42,0,31.95,47.241234218914265
3,23,0,23.9,41.751016375904584
17,12,0,47.05,67.22740277751718
18,37,0,23.3,33.51841599071048
16,29,0,38.35,41.442763319775715
14,44,0,16.75,21.452211271126636
17,19,0,11.4,14.597764789244458
15,0,0,27.55,52.1641891682306
13,13,0,36.2,43.1833301170718
7,3,0,49.85,52.216427138955936
13,21,0,38.2,46.384661711661366
16,47,0,20.45,22.493215351347736
19,18,0,14.95,15.52747988499574
3,15,0,19.8,20.666779852548007
0,42,0,45.95,62.327213790986754
15,8,0,22.7,24.070291800649635
1,6,0,27.85,24.011565195919545
18,30,0,47.45,64.45926906520933
6,40,0,38.45,38.3577001121644
14,35,0,29.4,42.23543037483302
13,13,0,10.65,8.093369605976697
4,24,0,18.8,18.591452478576223
9,8,0,23.45,34.35645193371522
6,40,0,16.75,17.195088037913003
0,30,0,29.25,24.270135427809436
12,24,0,37.7,68.23188018576222
6,27,0,19.1,18.487264464176985
16,41,0,25.05,36.554897432707826
9,7,0,39.15,32.5419162894485
9,15,0,31.7,39.15435043382455
2,25,0,27.6,21.216676658257594
13,18,0,26.9,31.98009249188429
7,5,0,25.75,32.03760126377819
11,8,0,29.45,32.71644524507032
12,37,0,24.05,32.23674758310525
6,26,0,13.5,15.087464298130696
12,32,0,27.6,32.01052458505681
4,39,0,38.45,36.4525286105815
0,43,0,32.05,44.38050188279107
13,6,0,28.45,36.71436689964986
18,47,0,47.9,60.546545818290205
7,15,0,29.6,46.99540851032824
19,7,0,29.1,29.71425318101169
14,28,0,29.35,32.520883978404434
17,5,0,26.15,31.85373645768718
19,0,0,33.8,37.149201308974824
18,27,0,45.6,89.32695709111498
2,28,0,28.7,33.58586795537357
2,46,0,35.25,35.66935143199196
5,10,0,27.65,30.58598750374013
17,14,0,21.05,23.28422777671389
17,7,0,40.65,52.09432234949056
18,44,0,31.35,39.107510383825925
3,9,0,20.55,24.87542647082183
10,39,0,29.2,29.049141666819477
5,8,0,25.8,19.951520190069147
18,44,0,26.45,31.120267553984473
16,31,0,27.8,35.366650958212034
6,41,0,19.1,15.761044581999936
13,15,0,31.1,44.10143809565922
12,43,0,13.2,19.821838036819255
4,26,0,31.5,35.08710964382639
12,26,0,27.75,38.68887368958188
16,36,0,19.55,21.347932230694283
0,37,0,48.8,48.09814527554434
10,30,0,27.4,31.02867943320213
1,4,0,26.6,21.631847866173228
1,22,0,31.1,35.71215331979916
6,40,0,24.15,34.76428142731984
5,12,0,27.25,28.66664116685932
10,37,0,31.4,35.476307883609195
3,22,0,23.1,23.137802288394678
13,17,0,27.6,58.94457700157612
1,2,0,22.8,35.58769746030664
14,38,0,26.55,33.225663828464064
6,42,0,25.15,20.75489796346116
14,46,0,16.4,17.002786149396375
8,30,0,28.5,37.40039403113569
12,25,0,25.1,26.797289729413034
15,16,0,20.1,20.0049993751562
3,1,0,26.4,37.796407515167786
18,36,0,22.8,24.57341310398186
15,3,0,22.6,21.789422832384087
12,25,0,20.8,25.320264403708034
10,30,0,21.3,30.439067694416384
6,29,0,21.1,22.04994331058472
7,20,0,15.45,26.89448192277994
8,40,0,33.6,41.18175375218087
2,38,0,24.4,26.27866855555341
8,39,0,39.25,37.788713157572104
5,2,0,28.75,22.68752265476613
17,1,0,18.1,18.28113782016863
2,33,0,34.5,44.043638646950576
8,47,0,22.0,23.764192435369292
3,16,0,33.7,34.34515211327809
1,10,0,33.3,30.354224539072334
11,19,0,23.8,40.23300556560627
0,28,0,15.35,11.108436812668678
3,17,0,22.65,23.740427433743523
1,9,0,23.8,34.4316256093909
18,35,0,29.6,37.69461779254852
2,30,0,21.45,26.908177195789385
12,34,0,36.4,35.2754573993994
14,33,0,24.7,34.98736614084696
19,3,0,27.55,45.76654144448183
16,28,0,28.65,31.69471979932769
7,5,0,26.9,34.248165529050794
15,0,0,28.45,27.90863854191311
19,20,0,23.2,25.2411526970082
11,2,0,31.7,28.564055439623672
12,38,0,14.7,16.727223320085137
18,38,0,30.5,28.038507355721382
10,28,0,24.2,25.107348473473287
6,35,0,29.2,37.40475624133493
1,19,0,26.05,22.551636654342268
15,5,0,36.5,59.93900408353742
12,36,0,22.75,27.756222630913634
12,43,0,32.05,38.745424178047685
9,0,0,35.1,31.3467869586594
17,3,0,29.25,31.510858612965716
4,25,0,21.3,28.04151058323131
19,12,0,23.5,25.203383231538368
7,11,0,28.55,31.16083067604348
0,36,0,28.6,24.30161354833525
18,36,0,24.55,43.15025766831648
10,26,0,27.45,31.24516804748839
9,11,0,42.15,60.93246909057341
18,37,0,17.75,17.207327080728078
17,14,0,31.05,38.44541585156805
7,0,0,31.75,41.59057965200141
6,39,0,14.15,15.516629449519124
14,31,0,42.85,48.73696856866621
4,28,0,15.75,21.469378438285442
16,35,0,30.05,28.608933091459022
10,46,0,26.45,28.43177429345
5,22,0,42.0,61.591181870544794
9,8,0,31.6,37.676462008443465
7,5,0,17.3,22.771404043344873
6,24,0,31.55,35.09157193761248
14,39,0,38.35,41.290084192594946
3,20,0,34.75,45.65992715027501
3,22,0,36.1,47.436273040786
7,16,0,24.85,30.217239763872687
3,17,0,19.4,22.03681130816296
17,3,0,24.3,30.951745125530316
8,39,0,42.95,35.479386157390934
17,7,0,18.75,39.31770058062104
18,24,0,25.0,35.43860517630604
5,12,0,43.5,47.652801320428274
12,45,0,17.95,14.291974192384671
3,5,0,23.6,38.935033608631485
2,26,0,18.15,22.74637044499743
10,46,0,31.65,32.5419162894485
15,17,0,30.95,45.929551317322115
3,14,0,23.4,26.678199260622403
3,4,0,40.8,36.714546091935304
6,27,0,30.05,29.6851460285585
2,42,0,23.2,31.84766371667671
10,45,0,25.75,30.751765032784366
10,43,0,20.2,28.732156934439555
18,32,0,38.5,28.208807881675238
15,12,0,19.4,20.612719629547087
14,35,0,20.2,16.304987935565833
19,1,0,26.65,43.83014463753649
18,39,0,34.55,64.50089758657381
14,34,0,29.5,38.5124723474849
5,14,0,27.0,44.13257538968597
4,29,0,19.6,25.00610451785513
16,41,0,35.9,36.63317449640709
3,15,0,24.9,20.06279615292156
8,25,0,28.3,38.49688982652741
0,38,0,33.6,30.72355516709066
18,28,0,24.55,25.720102725504933
7,4,0,32.55,28.50757055498361
5,5,0,29.15,46.41945485972109
9,21,0,25.35,25.86254149598564
8,39,0,25.75,29.33809271596445
3,15,0,29.7,38.182525625708614
12,30,0,19.85,31.42957876034344
3,15,0,30.25,32.106524996773175
11,19,0,50.25,79.69406964663119
0,41,0,22.25,35.06516490013535
16,30,0,20.55,22.27690567192377
7,20,0,17.95,21.02999111544723
0,41,0,33.25,35.728324308519376
17,2,0,43.4,55.75642516668748
14,33,0,16.6,20.597393805502367
4,26,0,30.15,31.65484082045621
5,15,0,26.8,22.25829236368703
5,1,0,30.1,48.30484338797552
3,13,0,44.5,40.18182359436193
7,17,0,43.3,62.534285332969645
6,46,0,23.4,32.194147882724536
14,40,0,23.9,34.165079124435636
1,16,0,34.65,56.87129976395919
8,26,0,26.5,30.563996707512615
4,41,0,31.55,39.729976750956936
8,35,0,33.6,39.9899987496874
10,46,0,30.55,28.20316331641952
16,27,0,33.55,31.792874077460556
10,36,0,18.85,36.45945837863143
16,47,0,20.0,32.906566294026454
18,27,0,19.55,18.958333815307494
6,25,0,22.8,25.58494623180222
17,16,0,33.4,39.267503639845295
1,16,0,27.75,23.178653972998514
19,12,0,25.8,34.35970712454066
3,0,0,28.85,39.70718481982561
5,5,0,23.05,30.403384506888113
2,33,0,39.05,36.09413861148737
0,32,0,36.55,38.42487544067747
13,2,0,27.55,27.727005646215446
19,15,0,22.5,26.770958341574474
9,22,0,38.0,40.95825859785082
6,33,0,28.7,33.51056392746684
1,17,0,20.8,26.212893573081246
9,7,0,27.35,40.43744356540437
19,19,0,40.1,83.95606620507883
19,5,0,22.85,21.653430504924135
15,9,0,31.6,39.139964768830126
10,42,0,31.1,38.4117580682626
12,40,0,33.05,32.189365684304725
4,32,0,44.8,56.00150373920893
4,37,0,28.45,23.331647808795765
10,41,0,32.8,35.3055832769594
3,6,0,20.45,29.23313728954649
3,16,0,38.65,81.68571027516315
4,44,0,29.5,38.684282133839915
9,23,0,41.35,42.53206220946116
16,35,0,31.75,28.90615487182071
12,46,0,35.75,36.74932867270825
11,10,0,17.3,20.624716903958248
3,0,0,31.1,39.69873390530497
18,27,0,35.15,36.55748897284933
3,11,0,18.3,15.273299715861217
17,6,0,36.95,43.4165563860269
8,26,0,25.1,20.692993983471798
12,32,0,19.9,17.308044980662363
19,0,0,30.8,26.542121439823077
4,39,0,36.0,71.07372006733942
11,12,0,34.75,51.09318112913637
2,34,0,30.25,35.21195221721409
3,2,0,23.7,18.731060610092193
11,8,0,18.75,17.808557966385298
14,30,0,23.0,28.056334306834206
3,20,0,27.55,28.568431233756872
16,42,0,41.05,74.1403185999714
9,9,0,36.15,36.508506579036876
17,11,0,31.95,32.915321980084464
17,15,0,26.65,30.96224356075944
11,22,0,53.1,57.42812441377665
16,34,0,25.8,29.97297027937707
18,33,0,29.9,48.647929582168025
4,39,0,24.15,25.811615092516206
0,25,0,30.5,29.269168258191346
2,41,0,30.0,31.755645996130816
1,3,0,23.8,28.682655679732747
9,9,0,25.1,28.714382972191554
19,10,0,24.3,30.13670606804232
10,25,0,17.25,17.597472904697966
9,18,0,20.4,29.349796018299504
6,39,0,31.0,34.8153021408388
13,14,0,16.05,20.389561312748146
19,11,0,20.7,25.154470147889274
4,24,0,36.3,32.35022167011014
8,46,0,20.05,21.017473933047132
19,11,0,29.0,29.892790892929703
19,2,0,36.05,50.62709384883698
15,2,0,28.05,45.02101848318358
9,3,0,23.2,23.44893668333273
5,9,0,37.0,38.95476458933524
1,2,0,30.6,33.56752816887805
3,2,0,33.75,37.86662882997862
1,2,0,39.25,47.07650548225784
6,41,0,31.85,40.7899303879356
15,14,0,20.0,29.096934184676027
13,1,0,17.2,14.670414194274782
9,13,0,33.95,37.17451730476275
4,29,0,24.75,26.809022440412225
5,23,0,27.6,43.43464540033257
5,20,0,37.35,33.681597349294464
4,42,0,47.9,49.87552928092725
14,37,0,35.35,70.24039548503936
15,22,0,30.35,47.17077038746949
7,17,0,35.55,38.24777255296259
15,18,0,32.15,37.22940971017968
4,38,0,21.7,21.83936571278667
7,13,0,17.15,22.757936730084435
6,31,0,30.45,29.65144001118398
10,30,0,23.95,32.384978649140145
6,35,0,49.7,50.60902769477523
8,25,0,24.65,37.878302357334924
3,12,0,31.2,40.057327340752664
2,26,0,40.6,33.70678519854797
17,22,0,39.8,41.63449986426364
7,20,0,24.3,24.78773041138233
19,6,0,26.15,28.895956737742285
8,45,0,30.6,40.87516296442647
4,25,0,29.3,42.163965657893236
1,13,0,35.2,54.70648956019752
14,34,0,27.9,41.35074619068338
19,6,0,35.4,47.69905659444429
19,20,0,24.45,37.15610738209096
1,10,0,38.4,49.52553833496836
17,7,0,19.85,18.091216246100146
7,3,0,16.35,17.290931605598168
2,37,0,39.4,58.153517339429854
19,4,0,60.9,54.84897926411931
15,19,0,45.8,52.913633702278915
16,34,0,21.05,24.93670935958092
18,41,0,30.0,55.85696017507576
12,29,0,36.9,50.87952747215203
0,27,0,42.95,50.146600871318974
19,7,0,37.1,40.932421842528896
16,36,0,28.5,19.699051540085563
5,14,0,29.75,32.93034914386487
5,22,0,18.55,18.1846522910769
10,40,0,19.8,22.85100481494483
1,6,0,42.35,52.420641776026805
12,37,0,38.9,37.26279363485358
19,17,0,20.2,25.552010941565726
17,16,0,28.75,28.116065832451326
9,15,0,24.65,27.434659216323237
8,32,0,40.55,44.30216223783405
6,41,0,32.35,39.949013557414986
11,13,0,34.3,43.99653096372605
0,32,0,55.2,70.13790926303318
9,6,0,13.8,14.663237238611037
7,1,0,29.9,29.593562600140274
19,19,0,41.15,63.75799227506594
8,47,0,12.35,9.241069657840082
5,12,0,55.2,66.8970930058368
12,26,0,17.1,19.5472437147058
5,14,0,26.65,21.23124559402213
1,13,0,31.0,33.617038286528086
13,21,0,22.0,19.8441294514073
12,35,0,24.9,25.24594808552141
5,11,0,15.8,11.830380160284033
11,12,0,32.35,41.36649419645401
10,35,0,27.05,39.94795956847121
13,3,0,37.85,36.18268704926796
10,25,0,19.05,27.0135930695329
18,41,0,29.6,39.9899987496874
2,27,0,29.8,31.144147038197115
0,46,0,33.65,31.453014247654515
9,12,0,27.65,42.6469903917461
13,1,0,37.4,33.91537456049907
12,24,0,22.65,16.686821147240718
2,26,0,21.15,20.77010756883682
7,2,0,28.55,28.270265204572134
19,13,0,49.55,47.481270545674946
0,44,0,38.6,41.2251839228606
0,34,0,17.6,17.30044112610701
17,19,0,57.0,90.2201984620202
17,12,0,54.85,64.37576775219237
6,41,0,26.95,25.51258719266154
6,47,0,31.45,31.925035547933884
12,36,0,42.65,61.19621161305228
0,36,0,31.65,52.34528581800295
9,2,0,31.6,30.377276826082046
18,29,0,27.05,30.335796121344657
8,44,0,31.4,33.20177547567061
19,10,0,24.1,30.78430905852081
16,40,0,30.8,39.36683081505359
8,31,0,38.2,47.72464882283743
4,31,0,14.65,17.436425877123472
5,15,0,28.7,36.10671318248319
11,3,0,34.65,36.355373164014374
8,38,0,42.45,39.02290150802812
10,46,0,40.4,38.62968588506704
1,1,0,30.9,37.80267325551405
4,28,0,22.7,29.59036116177379
18,44,0,19.7,26.766239536912323
0,28,0,27.95,29.692237156678186
4,32,0,37.8,54.72861274170558
19,1,0,22.25,20.998433525535088
13,14,0,31.2,27.61502260879412
12,33,0,25.95,34.02549353832087
5,18,0,25.8,32.08475617715317
17,5,0,45.7,33.82322465874284
17,23,0,30.8,28.66062767887976
6,28,0,24.15,22.79952677255893
3,20,0,30.15,30.012760444079184
11,7,0,47.9,51.13027736241897
14,33,0,29.35,41.89495007880142
1,10,0,22.95,24.641588721850752
0,35,0,38.45,41.77820509611001
5,3,0,50.6,43.9322444824204
1,15,0,40.0,38.07333643599443
6,27,0,42.0,49.46769280630488
14,46,0,44.95,43.03545050304458
10,26,0,20.95,19.478665792415853
19,10,0,28.55,35.9772954719179
15,10,0,32.85,36.75133366717172
12,37,0,22.2,24.427335852321374
8,41,0,24.75,29.4473213865388
11,4,0,34.1,51.40643007087322
18,35,0,21.5,25.656639645416096
7,3,0,25.5,28.437373481499936
15,1,0,20.2,19.701990281507896
3,10,0,33.2,35.42018455180902
13,4,0,29.1,32.70264756705085
16,31,0,29.95,33.67096984831764
0,28,0,48.75,49.150547461747294
5,0,0,50.5,52.907565870258956
15,3,0,27.3,38.49005339729104
7,15,0,29.2,26.2890811835196
16,28,0,27.8,37.037107992134764
14,47,0,37.65,50.4592331543625
17,21,0,17.9,18.9927964183654
0,34,0,26.0,33.57473987828851
2,41,0,29.3,28.88470729970227
13,3,0,42.55,47.897340877734486
13,11,0,23.7,20.339487133212216
13,6,0,24.2,44.29755844525211
8,42,0,28.65,42.82187709447984
9,2,0,40.05,58.481193558271364
17,0,0,30.25,32.91436256648296
5,11,0,25.0,25.051525849105897
18,25,0,31.6,39.172224316404815
13,10,0,33.9,45.433467840348705
11,22,0,45.55,77.82874249205582
3,20,0,22.1,30.531950478146655
19,20,0,45.15,58.49271209664544
18,39,0,36.9,33.56047173622407
1,3,0,31.2,37.966189945099416
10,26,0,27.25,38.53894134508628
18,33,0,35.35,40.23127220406899
6,39,0,30.3,41.15580153514204
3,1,0,34.2,48.67464486394923
2,35,0,27.2,29.03283078099507
12,25,0,14.7,20.01604619456994
2,46,0,27.0,30.526950991576367
1,7,0,50.1,49.934588792686945
15,6,0,32.5,34.5169676048111
4,39,0,36.15,52.65805781294615
13,14,0,19.65,31.64985241505459
19,11,0,25.05,41.43031562312287
12,44,0,26.0,34.79261869692297
10,44,0,26.6,37.606550381269315
18,37,0,33.85,40.850529855482705
7,20,0,28.7,40.394241382183495
12,24,0,35.25,47.35629230685857
14,36,0,30.6,44.108001422346085
14,35,0,27.95,30.601814531683885
15,9,0,32.1,49.27249686557827
16,24,0,22.7,26.45373319590262
0,44,0,39.8,50.30914952884603
12,44,0,38.6,45.2064271164132
19,16,0,27.6,29.8952557404929
8,43,0,27.15,29.06123299445319
12,47,0,28.15,36.22339313932801
7,4,0,34.35,37.3240080772064
8,30,0,12.75,11.889291953598192
5,21,0,38.35,51.010086721828074
13,3,0,25.2,49.05056467296622
6,26,0,41.1,44.8305581871163
6,32,0,25.0,32.114925207022225
16,40,0,30.2,33.98544580133957
6,29,0,29.25,19.169259931353363
5,16,0,25.6,23.58724008307971
11,19,0,16.2,13.07709930817188
7,6,0,40.45,70.47095332942428
13,19,0,15.9,16.62876391899543
8,44,0,25.7,41.98633863030864
5,16,0,32.45,35.34562431043957
7,11,0,33.7,31.657875049212937
1,10,0,55.95,69.63927733232461
1,8,0,31.15,33.26017849747969
0,45,0,55.4,64.31288648802084
9,4,0,18.4,23.63850560776677
4,25,0,27.4,26.974451850437646
8,44,0,18.75,22.993992350405925
3,21,0,40.4,46.71346024885175
17,1,0,41.25,45.81642431314457
5,0,0,22.5,29.01270139275664
6,35,0,27.6,34.62946722085109
17,0,0,36.95,38.111298228105255
1,17,0,24.4,25.244905687244998
1,17,0,31.85,33.59554325079131
16,44,0,55.1,70.02548408295819
0,46,0,33.05,26.162397685066615
12,29,0,16.6,21.062313563129262
6,45,0,38.6,40.76427744716535
0,39,0,33.4,39.51335550365085
18,39,0,24.35,29.693655179090648
13,1,0,31.7,59.095907775322935
14,45,0,17.5,21.48806278158325
14,35,0,35.95,44.86174668678733
15,0,0,40.1,50.4671857953786
13,15,0,20.35,25.81569290179909
15,16,0,17.0,19.865336114633664
14,40,0,24.75,35.051653613668954
18,25,0,18.4,19.345610137158953
12,34,0,27.95,30.268056811726364
18,25,0,20.55,23.76745895679969
19,9,0,19.35,22.45293322767241
6,31,0,38.8,50.257861390820715
5,2,0,25.5,33.98064464553779
19,6,0,27.6,29.86178688205838
16,34,0,29.0,35.84909893898091
15,1,0,18.55,35.836580840194415
5,21,0,19.3,23.058506821607185
11,16,0,24.45,24.869078242499842
11,9,0,27.05,31.685086978610382
15,11,0,27.55,38.63387523650033
0,36,0,29.7,41.09437149319908
8,38,0,29.45,34.316598715030324
17,14,0,25.45,27.968920721325475
1,14,0,41.5,44.85238948044199
2,47,0,34.2,32.33964488949975
6,34,0,25.4,30.826167967798842
13,8,0,42.6,64.4722706611961
5,12,0,30.3,37.690009844854956
8,37,0,35.7,49.13472349196217
4,38,0,26.5,23.67210216800848
6,41,0,38.3,51.579371641649225
11,8,0,21.1,30.32959298319573
9,16,0,30.6,40.44931851615121
15,14,0,29.25,37.958252691192484
7,1,0,36.2,44.69852228806722
0,42,0,27.6,22.762850621595106
10,47,0,15.65,21.723804551931647
16,46,0,24.55,31.020324407004345
17,2,0,38.0,31.105931064162363
11,23,0,30.05,40.091310254152795
10,44,0,30.5,26.872995641290945
14,32,0,19.3,22.550761452892516
18,44,0,31.3,45.19676280908902
8,39,0,24.9,28.55447241216062
9,19,0,32.1,32.8247339348659
0,24,0,31.2,40.7800260705629
14,37,0,52.85,62.04605674734484
15,17,0,36.85,46.64792543477599
9,3,0,19.25,18.93722316108229
1,2,0,40.6,37.397438696421865
16,43,0,22.2,28.892905703649816
1,21,0,31.1,31.83162942073414
17,18,0,22.95,33.17652150161871
1,3,0,29.25,43.84287135237668
6,29,0,30.35,44.6038409958038
5,22,0,40.1,67.51600200186465
4,38,0,16.6,11.375874749477049
16,41,0,18.8,21.44662898305564
5,8,0,26.2,22.638114111522537
11,8,0,24.1,24.63822447464829
10,42,0,16.15,18.599023743479826
15,21,0,30.65,43.093869389361736
12,34,0,24.8,33.22586183587782
9,11,0,22.2,27.656920709975914
10,29,0,26.3,35.697707430442556
1,18,0,29.55,45.508212098708654
19,20,0,36.45,31.603589069997465
3,18,0,36.15,47.365627110584605
15,19,0,25.65,38.03499081524524
5,14,0,26.5,22.949601533061873
15,23,0,19.35,19.791744690520257
2,40,0,32.3,31.990294580832185
6,46,0,32.85,51.03381232085254
13,2,0,31.0,37.16818107212843
10,47,0,27.55,38.63387523650033
18,36,0,44.5,40.198847849422904
13,8,0,41.2,71.71405206204635
17,11,0,31.2,31.054451329373396
6,44,0,19.1,25.480436251739242
4,34,0,22.75,29.201432913652134
14,27,0,19.3,28.70008252326298
2,35,0,37.55,36.39039057657652
14,31,0,32.6,30.807381207141013
18,26,0,19.6,28.31848940366105
11,12,0,30.65,26.26038641636566
15,13,0,19.85,18.137704259069658
9,2,0,43.8,64.0999219968324
4,43,0,24.95,44.967210275933276
1,9,0,44.85,47.759567793160286
5,21,0,27.85,33.06974288888322
11,17,0,29.85,36.36261093051777
9,12,0,33.5,42.50510805216611
15,7,0,29.5,29.97455060898372
13,1,0,21.4,27.49813390797733
9,10,0,23.5,19.87460691435179
1,19,0,28.55,24.883888255994925
19,22,0,20.35,23.9698824185246
0,31,0,29.6,26.23055670898271
19,12,0,24.65,21.156745844690814
15,1,0,38.35,41.641673205677286
12,41,0,22.25,22.313260159541194
19,23,0,23.3,21.041562879716246
7,0,0,30.1,49.880805294643196
4,44,0,43.05,48.39690616471046
0,40,0,31.45,38.363188221605306
17,3,0,18.9,24.170229622409458
12,31,0,15.2,14.968739355561537
19,11,0,21.45,38.620249665305465
0,42,0,25.05,20.977368757782756
4,25,0,36.55,33.31741286474686
1,6,0,24.5,23.214106419203503
2,35,0,49.35,72.82659650083022
7,13,0,23.9,23.843569142930015
11,2,0,15.0,15.596895777517295
12,28,0,37.4,51.14931701967239
15,3,0,26.7,36.340639857646394
4,31,0,26.65,30.39091796469534
9,8,0,24.85,27.49598056750152
15,21,0,39.7,42.86465848888127
18,41,0,31.95,38.46184028221657
17,11,0,27.05,22.709782265057413
0,40,0,17.35,18.899387347352377
6,27,0,20.2,22.35032085016372
7,19,0,29.45,30.042907911676487
17,22,0,34.25,42.39150237587966
15,1,0,33.85,41.26075617339072
14,39,0,34.55,53.22096440907078
17,19,0,21.9,25.476304780386773
15,11,0,33.85,53.110882025002034
7,5,0,21.2,31.572139617073788
14,40,0,46.65,61.84554189779227
7,12,0,30.5,31.177758604154775
0,38,0,25.7,22.254745206596414
7,18,0,30.95,30.620727414096834
11,3,0,31.4,44.451511134102766
14,41,0,17.0,14.142135623730951
9,7,0,31.65,30.11954252815376
8,26,0,34.45,35.801315765294376
15,16,0,22.25,22.911442785785358
1,2,0,26.6,30.942051100658944
19,0,0,24.6,23.44624310608149
10,29,0,21.15,18.408450576612335
2,47,0,45.85,66.85984948894374
2,29,0,43.8,37.50031578814406
14,45,0,28.0,26.856342973210946
16,27,0,33.5,53.824764404109516
6,37,0,29.0,36.0175395869115
14,37,0,18.35,15.94818913990254
9,1,0,26.35,33.416470883619496
0,27,0,30.45,45.368056232505594
12,36,0,24.2,26.54013842029504
19,21,0,21.2,21.64206430469194
6,37,0,36.5,41.626787933783824
9,10,0,50.0,55.0769796213493
17,4,0,27.05,34.96084275751644
6,32,0,18.2,25.17433948331222
11,2,0,31.25,32.13110478550095
13,17,0,19.1,37.11560886005552
19,15,0,18.05,23.102688383093334
6,46,0,33.45,36.05474638438198
3,8,0,27.8,29.772116944692073
15,15,0,16.25,27.55449146690971
9,19,0,29.85,42.97646234614331
13,18,0,26.5,32.62788603891495
8,27,0,22.5,21.87404133237675
11,0,0,28.15,35.7348053834
9,14,0,21.15,21.952760286818748
3,11,0,23.1,18.917827849050635
16,40,0,39.45,31.95469654963018
1,2,0,26.75,25.18536542476498
19,11,0,27.1,28.082397558463185
1,5,0,39.5,78.8586343435284
12,24,0,22.75,26.251566369306524
7,15,0,40.0,58.92189299135094
10,43,0,25.6,33.340981578705495
0,36,0,29.8,20.127488404509993
11,10,0,23.35,23.77587233443093
16,25,0,30.35,29.768006492311777
1,7,0,22.75,20.629245974433584
7,17,0,21.85,26.155959369258774
1,3,0,22.8,22.404416857772535
12,33,0,18.9,21.586789332464672
15,16,0,30.7,36.19697573874893
12,26,0,22.4,28.4612386459753
3,7,0,33.85,29.04130452340343
7,4,0,25.75,35.25079319749602
4,28,0,32.35,46.00946698921406
5,22,0,33.4,50.06143594046273
2,30,0,14.2,8.829376803424015
8,31,0,27.55,36.80170905642406
1,1,0,29.8,42.51513662338701
17,4,0,17.95,20.91203380579557
0,45,0,30.25,28.074852954575782
6,34,0,15.8,16.356553491040316
8,45,0,17.05,16.03442021337059
19,8,0,33.9,40.552629871238736
3,14,0,22.85,32.81892105093293
6,30,0,36.5,39.98618182375138
13,3,0,39.25,35.98373170431912
18,47,0,34.2,58.80171855705544
10,38,0,28.1,27.777120460059056
6,27,0,17.55,23.54050261056239
14,24,0,25.7,30.53574264607574
13,1,0,40.3,52.84645085926824
1,19,0,20.2,22.679923883655803
1,9,0,29.95,27.003849628096404
17,6,0,25.35,25.294632257707
4,43,0,33.9,32.50570800077394
17,15,0,20.3,17.07907306741514
15,19,0,29.25,33.46620447713279
0,45,0,30.5,46.6052854468133
11,23,0,24.75,22.659667391993853
6,45,0,26.0,46.67919631292994
4,30,0,41.65,56.546464359665734
13,21,0,31.15,46.198969001938835
11,18,0,27.6,18.161265896059348
3,8,0,28.6,36.33238369916234
14,33,0,30.8,37.321646040306085
14,38,0,25.75,23.81480079366832
10,44,0,31.1,44.67296368286445
2,30,0,30.9,30.324386573393888
18,40,0,34.0,41.23233273970676
19,16,0,22.0,21.225605192537472
19,22,0,28.9,27.210485595001597
11,4,0,25.05,46.85866206504745
13,17,0,35.4,49.92035762355031
0,41,0,22.65,21.825323292957318
15,13,0,45.9,52.12525400670156
12,42,0,18.95,21.004949291460857
1,12,0,40.45,41.05256578942097
12,29,0,36.3,58.33217041447334
16,35,0,21.0,41.532485700004194
17,3,0,28.6,22.091675021671804
1,0,0,26.65,23.664930749284288
4,46,0,14.1,15.001403443116843
16,32,0,43.3,70.83271619958201
10,29,0,29.75,27.85087166735682
18,40,0,18.95,18.190439941440616
9,12,0,30.8,39.625350737282204
10,35,0,31.0,41.44114406061483
8,37,0,22.6,26.236575514667347
18,30,0,25.05,23.13228548109649
18,34,0,17.8,18.35784645092636
1,2,0,20.95,25.203331024625342
14,38,0,24.9,36.86947103955849
16,33,0,28.1,25.50521102586066
7,14,0,39.15,38.7397185001864
12,27,0,22.4,22.965420229462154
6,33,0,23.85,34.72338056547399
12,47,0,24.4,31.684962397094036
5,13,0,27.1,41.31254429092299
12,38,0,27.2,26.51434567014222
17,6,0,35.8,41.86394001625039
11,15,0,29.05,35.425942025880595
10,26,0,27.1,29.79385312796125
16,40,0,42.3,46.35798914852474
3,6,0,24.9,32.57202545291378
19,23,0,31.3,60.142024890210806
16,26,0,27.05,41.27631537003171
8,35,0,30.6,38.83487309649733
13,16,0,26.9,37.21049653836373
2,29,0,25.55,47.08611930897414
8,28,0,23.45,31.782939813017528
2,39,0,21.3,21.223373411108998
19,23,0,25.45,53.71217151094389
3,21,0,18.9,16.729740300623792
5,14,0,18.5,14.471387377566083
8,40,0,24.0,24.604235835575786
19,16,0,28.65,21.482612308072483
18,34,0,29.85,31.64486322329507
17,18,0,24.0,31.44083834425338
13,14,0,35.1,51.9168363321268
5,10,0,26.45,27.92560605759901
0,28,0,27.5,26.384804239122982
6,42,0,25.25,25.25840141626669
13,21,0,24.7,33.61562919708315
15,9,0,39.05,33.24308396612666
19,13,0,28.35,27.560985010279335
7,18,0,25.7,28.329081208278943
12,47,0,27.45,30.641346335681103
16,26,0,20.45,21.719443144940797
15,14,0,29.35,43.51076696755946
2,27,0,34.65,47.02101993565722
9,7,0,37.4,30.75608626118192
6,30,0,35.85,42.56175080490635
16,38,0,38.1,31.74719216759674
11,22,0,46.25,37.2090467211233
4,47,0,24.4,35.017890164585125
19,8,0,24.2,36.21950623046851
6,44,0,26.1,30.88160753928666
4,29,0,24.35,34.93041955840662
18,34,0,22.45,32.1271732830309
14,28,0,33.4,43.44433825385984
2,44,0,32.65,30.99282599502496
6,40,0,27.85,29.886231647788303
14,42,0,18.05,20.623121924062247
3,21,0,16.65,21.73833625551631
4,36,0,32.95,33.402607840201874
4,37,0,30.65,39.63023168185993
16,46,0,23.25,32.39537816287671
14,36,0,19.3,26.687469955609856
0,39,0,30.45,25.340782607447125
19,15,0,19.25,18.025931613270807
5,7,0,39.8,39.89143160867348
12,41,0,33.05,44.407769590466934
5,5,0,20.5,24.26498451852402
14,43,0,26.85,32.20865362633236
0,38,0,43.1,39.52467583674785
18,32,0,24.95,34.292050636293325
8,36,0,32.3,35.37334708803404
10,38,0,23.75,42.16493304805984
15,8,0,42.95,34.84473078039052
15,5,0,31.45,51.32812402367219
6,34,0,37.75,45.81297793604364
6,24,0,31.75,34.786378156731956
16,33,0,24.7,28.55484104960875
12,34,0,17.0,21.973668452562897
3,5,0,35.25,46.027308827420455
0,43,0,28.1,31.366928611617617
4,37,0,30.2,54.233995941563016
13,8,0,23.9,33.798006792677796
17,19,0,36.85,34.87160660721587
16,45,0,15.75,24.052300469908005
16,42,0,23.8,28.283526914740353
8,26,0,31.3,36.05565872808026
19,13,0,16.45,22.558637043561784
1,13,0,30.45,30.557064821843014
5,5,0,27.4,45.9237354064781
0,33,0,27.3,27.359401347713423
13,12,0,21.3,19.06250107851593
16,32,0,39.25,57.038191268288784
2,40,0,42.05,37.36375248820707
19,11,0,40.85,39.12231157738375
8,39,0,25.9,28.140437283850364
2,44,0,26.9,45.888767115367365
5,20,0,51.45,73.99037988677632
4,36,0,30.55,44.19272981408879
10,35,0,28.35,26.45607083847725
13,9,0,31.35,39.18146043864704
11,8,0,38.85,39.78531202129221
3,16,0,41.2,37.71164834706422
12,47,0,27.35,31.254936452208295
0,44,0,42.25,52.09593882545225
16,28,0,25.0,27.55855011081908
13,6,0,21.6,22.681780306993915
2,46,0,47.15,63.87428030287721
10,32,0,42.05,50.09934866684502
14,37,0,26.55,23.08445592304826
6,40,0,30.8,35.88519706537854
3,3,0,38.0,43.67342923394763
13,2,0,33.55,37.96740291632451
15,16,0,20.15,34.13791687290033
1,2,0,35.9,30.412774324373355
15,11,0,19.7,23.978279645062987
14,26,0,39.35,47.35895958138838
1,11,0,30.1,43.21780822032071
6,32,0,24.25,23.14456853414163
5,0,0,27.25,29.696491020781703
12,28,0,14.15,12.741457406517718
12,40,0,40.35,38.251625352463954
12,44,0,19.85,32.62429672563234
11,0,0,22.2,27.50999818247904
9,10,0,42.75,44.245576644808
8,41,0,15.25,16.57796571864054
4,28,0,16.8,21.605554841290235
18,27,0,27.25,33.11840798360364
14,33,0,46.85,42.13546449751151
17,9,0,20.4,22.2672759660307
3,20,0,39.1,56.72825342668418
15,1,0,25.3,26.21389747925004
3,18,0,26.45,26.642812796028323
18,36,0,30.05,37.67796368394159
13,23,0,23.0,26.26584734673727
11,14,0,28.8,45.950316418359606
12,24,0,21.6,27.126215713721813
17,0,0,25.2,24.12598511760166
1,2,0,32.3,22.953270607452602
5,13,0,20.4,15.094090861902496
6,30,0,36.2,28.952956398449647
10,24,0,24.75,24.785129242732374
11,8,0,23.9,29.968228790539243
15,21,0,21.3,23.040239399341043
1,16,0,40.9,53.37444687251914
18,45,0,29.85,47.38118102991391
13,17,0,18.75,19.67331882739185
2,39,0,25.45,26.4962261463779
7,13,0,38.85,35.45979932855025
10,45,0,31.95,40.66871939024028
18,32,0,35.95,41.21506495139088
16,27,0,26.05,32.73895956936033
7,6,0,26.9,33.01977079202542
16,33,0,19.3,24.133619267473506
18,43,0,23.75,38.10632631549725
3,5,0,65.45,57.57418555312149
5,10,0,36.2,38.459274427291064
13,10,0,21.1,22.99176053788789
15,21,0,31.35,30.938436322885856
8,30,0,40.55,49.40218938255139
3,17,0,21.65,20.934170002276435
2,37,0,26.65,29.672377727442065
11,1,0,41.35,43.732771043668095
17,15,0,26.7,21.46257452551203
13,12,0,20.8,30.01333037168651
0,31,0,22.55,17.169357649756826
5,8,0,33.15,28.347978671094737
3,23,0,35.95,44.37457190304992
17,20,0,23.2,21.979895119715298
13,18,0,24.85,24.64116154131666
10,30,0,19.95,22.319392087552355
2,38,0,25.25,25.011313229690362
5,3,0,34.15,36.15503895870205
15,18,0,21.3,28.407004325286433
4,32,0,25.45,35.130546012806214
8,28,0,24.6,24.362179489398812
14,44,0,40.1,47.44071092038544
9,11,0,29.6,24.00526258092061
1,8,0,20.1,23.938297877316966
13,18,0,24.6,38.92557000224917
15,1,0,27.45,34.80089986737337
3,9,0,27.8,30.195154717620717
2,32,0,58.6,67.06116610975386
2,33,0,28.7,25.62708271382157
1,22,0,49.25,66.30541376642515
18,46,0,8.9,7.959767253936644
2,24,0,18.9,14.271428947744731
15,4,0,44.1,71.1269435956808
9,14,0,26.15,28.671047196927095
10,36,0,21.15,25.545161247443612
3,3,0,28.65,34.64902975781421
10,26,0,27.2,27.696855227149598
11,15,0,17.2,20.824075135841156
12,32,0,33.4,41.74156076067163
3,16,0,30.5,36.410669344372984
9,3,0,33.2,46.427759391394964
6,39,0,38.3,56.371045199127764
2,45,0,25.75,26.18532131999871
11,21,0,36.35,50.97396136109205
9,14,0,25.8,38.599972729742206
5,6,0,37.2,36.08994611420631
9,14,0,19.0,17.609805880755605
2,36,0,40.5,71.84010022264724
11,20,0,30.9,42.88896312450019
8,25,0,30.25,37.40514318702851
16,33,0,22.9,37.90000694347943
5,20,0,25.55,25.61347301714471
6,32,0,28.95,39.051214685602964
4,37,0,16.65,18.754017113534285
18,36,0,16.9,17.926457952893042
12,47,0,23.95,28.03470593464653
11,5,0,28.25,43.21655993518664
7,23,0,28.1,28.166609571207573
6,30,0,34.05,63.81261630743563
10,31,0,23.1,30.174754174204704
16,32,0,15.25,15.488110890207638
3,11,0,25.3,34.271516483885904
5,1,0,35.45,29.755981265161328
0,25,0,30.55,34.684252455848785
2,34,0,26.75,21.7591481063894
9,16,0,25.15,28.839437544701475
5,17,0,14.5,15.79306976593148
10,24,0,45.0,57.87463765943185
7,21,0,49.0,58.72415444933604
17,10,0,32.1,29.39727878562912
2,42,0,26.1,28.484344730690964
9,20,0,25.65,31.295325025010563
6,35,0,28.35,41.51255358639309
13,14,0,38.05,51.32504774781791
2,29,0,41.25,69.84936800377163
6,30,0,28.95,25.31168858348586
13,15,0,38.35,54.74080071717891
3,14,0,34.55,48.709098901431894
10,39,0,30.3,47.05774727871457
9,4,0,33.5,53.17844834536875
13,2,0,14.65,15.93167979381432
1,20,0,28.15,29.617340226719605
15,7,0,10.8,10.375071337738257
0,35,0,27.85,21.516884435007633
0,29,0,18.05,21.500244796648
13,23,0,20.55,22.42525596873217
9,8,0,36.25,41.072304665386326
12,24,0,38.55,40.40515209462122
6,40,0,36.9,31.82997594125784
17,14,0,22.95,27.238662537689056
3,0,0,28.75,30.64546845525624
14,39,0,21.8,28.365286419921986
6,47,0,25.35,37.52791943129948
17,7,0,29.3,30.426961728046393
3,10,0,36.5,32.56814717674795
8,24,0,29.85,29.960105052166323
10,35,0,42.5,62.31034382322426
0,46,0,18.0,18.649114554965085
7,10,0,36.35,62.19009482817052
1,3,0,28.3,28.60272346252511
17,17,0,23.5,44.3010039092617
9,20,0,23.3,37.21077942294622
15,20,0,30.85,53.58934988458651
19,13,0,22.2,25.046483102213642
4,35,0,23.75,34.55259149394396
14,34,0,39.5,51.8799220873497
4,26,0,29.3,40.76001652806855
11,16,0,24.1,32.37591697543099
15,19,0,15.05,23.932965593617165
8,37,0,19.7,23.546370823279084
13,0,0,26.1,43.77081459747255
5,0,0,21.6,26.92171887841527
3,20,0,38.15,51.798470816688855
19,22,0,32.9,45.272159447641016
12,39,0,40.55,49.34142596023622
5,16,0,32.05,34.76004209312453
11,6,0,28.35,27.566713337112322
14,32,0,19.8,23.06649426971374
3,14,0,27.15,28.69306719859621
12,43,0,19.8,25.889644343067484
7,0,0,42.9,50.932256349410885
2,41,0,25.8,20.4877370253782
9,19,0,44.65,47.80913257835511
19,3,0,18.0,20.138990723678805
6,26,0,21.3,20.311002981272566
18,34,0,28.95,36.56785329680759
5,21,0,34.65,35.019205257145764
11,3,0,40.75,44.98991114975843
15,3,0,46.1,49.415424823898014
2,43,0,32.1,47.2417077101201
9,13,0,42.35,48.94064611450551
7,21,0,21.3,24.08340769732949
17,7,0,32.95,42.83195437742099
0,44,0,38.6,39.12113441472188
2,44,0,30.15,37.201124770771735
8,37,0,31.6,31.315709862791326
0,39,0,28.8,29.125138355216894
10,45,0,27.65,29.45518451371239
4,36,0,14.45,14.229232327556499
4,26,0,21.45,30.17401286921544
14,45,0,27.5,38.23404379951404
9,23,0,21.55,26.382759522081837
14,39,0,25.45,33.17493505328193
15,1,0,34.05,55.50483620465215
11,5,0,21.85,29.093813775440307
19,10,0,24.95,24.24540108317886
0,41,0,27.75,35.78572929328997
1,5,0,47.15,49.25687234979715
4,30,0,38.25,55.82856748447359
11,2,0,26.55,24.418446435344517
2,45,0,41.25,45.90593930155329
17,2,0,23.45,25.378140199786113
4,42,0,17.5,17.08338682062658
0,45,0,24.45,29.699326591692277
0,38,0,30.4,25.491794345384328
1,14,0,26.4,23.40355348637197
15,7,0,27.0,22.895644265138937
8,24,0,24.75,19.428343375485966
9,17,0,30.3,29.67206731839506
4,33,0,49.1,95.38614044751829
6,29,0,15.8,20.314889535562465
0,39,0,33.85,57.61147089727329
2,45,0,27.8,40.530170698408185
0,42,0,31.3,26.044698420013884
3,18,0,41.2,43.53655451396411
17,10,0,19.85,24.247137649844905
12,26,0,22.65,25.64181412417903
2,43,0,29.7,36.52843160867263
13,15,0,18.8,20.515975803209916
3,22,0,28.0,26.74440423518043
14,29,0,35.85,39.18817625119517
17,11,0,22.65,30.39611297864459
13,14,0,17.0,24.842662794814128
7,9,0,29.4,34.28119017770533
11,23,0,28.7,36.18097784602756
18,47,0,24.25,25.743420211978947
17,13,0,24.4,32.32141216300003
8,26,0,57.45,68.54232269189599
14,29,0,31.25,45.23258606475273
16,28,0,24.5,28.113491797580597
18,32,0,37.65,37.93939072284969
19,10,0,23.65,34.438770990969196
2,32,0,53.9,56.00648458696077
9,1,0,22.75,20.902971332476056
17,22,0,30.5,48.31203402444309
5,4,0,35.75,45.061215672624016
5,18,0,23.6,29.58733726302165
18,37,0,27.55,31.60525439326755
6,25,0,37.35,56.01999173227546
14,47,0,41.5,43.78836663580385
10,25,0,43.05,55.51810989502245
15,10,0,21.6,17.37330074992569
4,32,0,23.55,38.18442090696152
2,30,0,31.2,32.326622562769984
5,18,0,27.8,29.21715429782918
15,17,0,26.0,23.042295207315018
14,31,0,19.0,16.205911851770896
11,9,0,30.7,33.020089578762104
6,34,0,31.45,34.316598715030324
18,47,0,30.6,33.828359326707556
8,43,0,29.8,34.89472890370633
0,40,0,25.65,34.45252263317555
3,17,0,31.05,32.897728285031924
9,16,0,22.65,26.08947156068496
14,43,0,39.45,36.77309514190761
11,19,0,32.2,45.302027374175275
9,2,0,28.8,34.749630819697394
2,32,0,32.6,39.46137351892354
19,12,0,25.2,29.385997381495542
13,6,0,27.65,32.24458338845048
0,38,0,34.45,39.19918769297999
8,28,0,38.25,48.29391919878679
3,10,0,22.7,25.813297266902453
19,14,0,28.1,23.697434904491914
5,15,0,33.25,40.303943910451764
14,39,0,39.1,59.58002137771034
6,38,0,22.5,22.184631949546564
4,30,0,32.2,49.70608349932738
12,43,0,33.25,39.87067910923488
14,44,0,26.4,32.59544688901713
5,14,0,25.25,29.908412828077932
9,15,0,21.7,16.189990409931816
18,41,0,19.2,17.221773244477774
14,45,0,23.85,28.197190976183574
2,42,0,25.55,27.91240999231251
15,6,0,34.65,48.66780520177476
1,16,0,23.9,26.177330489928632
8,33,0,15.1,18.80341514333584
18,42,0,25.6,37.160250409897884
8,41,0,31.05,45.59833214863063
2,25,0,29.85,26.36839216302651
18,41,0,26.3,19.07078228186
14,37,0,27.4,22.702654609445773
12,38,0,19.65,18.525302753403604
13,18,0,15.25,15.272524349301264
13,19,0,41.75,44.47574738285078
13,23,0,31.7,40.29509569218201
13,22,0,28.9,62.81292190222277
8,33,0,28.65,30.786659790445462
11,23,0,37.25,51.62605931116572
18,29,0,30.05,33.81135748142689
7,7,0,14.4,15.118479455706899
5,2,0,14.2,14.446270689769912
12,31,0,25.4,37.14891795548234
2,37,0,33.35,27.087140083344657
8,41,0,32.25,35.67230239127742
0,33,0,31.05,39.732626126992514
3,8,0,38.55,31.08981048172333
12,31,0,22.8,23.683438583911222
11,4,0,25.3,29.417323932819265
19,1,0,28.65,30.385722062560202
13,13,0,25.1,35.73867137400252
15,5,0,27.0,30.421598975243338
10,27,0,19.45,24.225856130654247
14,35,0,11.45,15.859498233252097
18,31,0,26.25,24.319961478501348
18,24,0,23.65,28.334979312354882
0,25,0,40.25,44.83757235552391
7,11,0,18.8,21.05281578866777
3,16,0,49.1,53.341896242417576
13,0,0,40.15,49.06094491333686
7,11,0,20.5,34.49866511528877
18,38,0,19.25,18.926102832359668
11,16,0,39.7,58.62647147743703
13,16,0,32.05,33.076426651015375
14,27,0,24.1,25.492826648418486
13,4,0,21.0,32.333785491502944
5,8,0,39.5,33.18132004607411
16,46,0,37.95,34.64629546536951
8,44,0,40.2,44.45529984389405
5,7,0,34.05,38.39061700056682
16,43,0,39.35,51.75476077770909
18,32,0,40.3,98.17497805341986
5,20,0,28.1,34.20664755339385
5,3,0,31.25,42.82384357980223
14,25,0,32.35,41.05743730306042
11,23,0,25.35,31.444646435819315
7,22,0,29.15,36.10405284146016
17,22,0,32.25,36.732138516563396
8,45,0,26.95,34.03168028701924
14,34,0,31.75,26.449306030096217
18,38,0,18.65,27.240208284233457
16,26,0,23.7,36.94248730690792
14,31,0,30.85,48.595294335757934
1,11,0,44.2,40.5626221513042
9,20,0,27.8,52.18247336334097
17,5,0,22.0,25.16681189687386
8,36,0,32.7,28.36250304446645
19,21,0,35.25,26.385552266743492
7,8,0,20.25,25.32291452420119
4,30,0,37.85,58.68584963488576
13,23,0,25.5,27.54804415638441
11,19,0,40.15,43.25235010347628
6,43,0,35.1,42.84844773949472
0,41,0,37.15,44.19725521365611
19,13,0,27.6,34.7553857999773
11,21,0,20.05,25.33662836373666
12,29,0,25.25,25.266734944128455
1,3,0,27.25,30.145044106959386
9,14,0,18.65,27.007357671957703
1,5,0,28.4,38.505501999201705
16,35,0,19.25,19.24051372549737
18,34,0,22.45,40.69976723068056
8,25,0,23.85,28.096216265202912
16,42,0,30.7,36.98520330021041
7,19,0,27.4,33.7161526181209
15,0,0,24.8,36.90899191539273
1,19,0,41.35,52.30706402932993
14,36,0,28.9,39.37124251077308
15,18,0,21.55,21.943647923955723
16,31,0,16.95,31.32423813497852
1,19,0,27.75,27.289625944862753
13,22,0,23.6,21.33541656495134
12,25,0,21.55,22.795371182948987
4,29,0,16.5,15.655837989641268
7,9,0,27.3,46.57659226873969
19,15,0,30.6,34.050117860527145
0,37,0,22.65,29.019548765036234
18,32,0,38.8,46.406215554656725
11,11,0,23.9,34.76219967602438
7,22,0,25.7,33.9474826599465
3,3,0,39.5,53.521761437460384
9,2,0,19.25,14.201093360427533
5,4,0,21.85,37.539137471514486
14,25,0,44.9,49.81428668459217
9,6,0,25.75,36.716373803293244
7,19,0,28.1,27.784698553056327
19,12,0,26.75,27.047472885164044
15,5,0,24.85,26.071309094380684
18,30,0,23.1,27.826341174468027
17,21,0,26.35,37.23647758794989
0,43,0,24.45,23.53826671613694
7,3,0,19.45,18.48605448781096
7,19,0,31.65,27.511289548684896
1,4,0,35.95,29.8848227630506
12,37,0,44.0,63.783350409598924
19,15,0,26.45,20.78328022334553
10,39,0,23.75,31.115870041203294
17,1,0,32.35,40.20379008056461
17,7,0,19.45,23.089015387819103
5,2,0,22.9,28.898916388353605
3,4,0,19.1,24.59332386944409
12,27,0,23.15,29.741473789271016
8,31,0,36.0,48.024116748501314
14,30,0,24.8,35.527009739811085
0,34,0,26.55,33.4435502396438
1,0,0,42.7,31.03665066031653
3,7,0,26.3,38.84124232389018
2,39,0,34.85,31.5665962688409
6,44,0,42.0,32.763908256044886
0,42,0,38.85,42.54072352340445
3,13,0,18.45,17.206103568210903
13,3,0,43.05,57.07656445973528
11,11,0,24.4,22.103583896115843
1,19,0,31.65,30.25727402756149
17,14,0,30.55,34.57482351441048
9,22,0,14.45,11.971347371734597
9,14,0,19.15,20.97686695787579
18,35,0,33.2,30.802597293085533
14,42,0,52.0,88.78122134301766
8,36,0,24.65,36.11279843111464
12,44,0,37.55,52.86773466322396
6,41,0,42.45,50.98655653570283
10,35,0,27.35,27.197668243706794
4,25,0,22.9,20.509048067415975
2,46,0,28.05,38.92296710710853
8,43,0,22.9,23.2987462956136
8,38,0,40.4,44.979995553579144
3,1,0,36.15,71.94755034050847
7,0,0,25.15,27.32123716086078
2,27,0,32.7,22.527410204599988
15,2,0,22.15,25.263401862857076
17,9,0,30.55,33.80513041100807
8,30,0,35.35,74.94438288701689
18,42,0,28.6,34.53205985594744
13,19,0,36.25,41.72702645578888
18,45,0,16.95,15.649028892016206
