,embedding_type,feature_n,fam_duration,violation_type,trial_id,fam,test,stim_id
0,resnet_pa,3,8,background,0,animate_007_right.png,animate_007_right.png,0
1,resnet_pa,3,8,background,0,animate_007_left_pair.png,animate_007_left_pair.png,1
2,resnet_pa,3,8,background,0,animate_001_right.png,animate_001_right.png,2
3,resnet_pa,3,8,background,0,animate_001_left_pair.png,animate_001_left_pair.png,8
4,resnet_pa,3,8,background,0,animate_001_right_pair.png,animate_001_right_pair.png,10
5,resnet_pa,3,8,background,0,inanimate_012_left_pair.png,inanimate_012_left_pair.png,12
6,resnet_pa,3,8,background,0,animate_010_right.png,animate_010_right.png,14
7,resnet_pa,3,8,background,0,animate_007_left.png,animate_007_left.png,15
8,resnet_pa,3,8,background,0,animate_002_left.png,animate_002_left.png,16
9,resnet_pa,3,8,background,0,animate_009_right_pair.png,animate_009_right_pair.png,18
10,resnet_pa,3,8,background,0,inanimate_004_left.png,inanimate_004_left.png,19
11,resnet_pa,3,8,background,0,inanimate_008_left.png,inanimate_008_left.png,20
12,resnet_pa,3,8,background,0,animate_012_left_pair.png,animate_012_left_pair.png,23
13,resnet_pa,3,8,background,0,inanimate_006_right_pair.png,inanimate_006_right_pair.png,26
14,resnet_pa,3,8,background,0,inanimate_003_left_pair.png,inanimate_003_left_pair.png,28
15,resnet_pa,3,8,background,0,inanimate_011_left_pair.png,inanimate_011_left_pair.png,35
16,resnet_pa,3,8,background,0,inanimate_004_right_pair.png,inanimate_004_right_pair.png,37
17,resnet_pa,3,8,background,0,inanimate_011_right_pair.png,inanimate_011_right_pair.png,39
18,resnet_pa,3,8,background,0,animate_006_right_pair.png,animate_006_right_pair.png,41
19,resnet_pa,3,8,background,0,animate_009_left.png,animate_009_left.png,42
20,resnet_pa,3,8,background,0,inanimate_005_left.png,inanimate_005_left.png,46
21,resnet_pa,3,8,background,0,inanimate_010_left_pair.png,inanimate_010_left_pair.png,47
22,resnet_pa,3,8,background,0,animate_006_right.png,animate_006_right.png,48
23,resnet_pa,3,8,background,0,inanimate_001_right_pair.png,inanimate_001_right_pair.png,51
24,resnet_pa,3,8,background,0,inanimate_002_right_pair.png,inanimate_002_right_pair.png,53
25,resnet_pa,3,8,background,0,inanimate_003_right_pair.png,inanimate_003_right_pair.png,54
26,resnet_pa,3,8,background,0,animate_012_left.png,animate_012_left.png,55
27,resnet_pa,3,8,background,0,animate_006_left_pair.png,animate_006_left_pair.png,57
28,resnet_pa,3,8,background,0,animate_003_left_pair.png,animate_003_left_pair.png,60
29,resnet_pa,3,8,background,0,inanimate_009_right_pair.png,inanimate_009_right_pair.png,63
30,resnet_pa,3,8,background,0,animate_006_left.png,animate_006_left.png,69
31,resnet_pa,3,8,background,0,animate_002_left_pair.png,animate_002_left_pair.png,70
32,resnet_pa,3,8,background,0,animate_009_right.png,animate_009_right.png,71
33,resnet_pa,3,8,background,0,inanimate_008_left_pair.png,inanimate_008_left_pair.png,75
34,resnet_pa,3,8,background,0,animate_002_right_pair.png,animate_002_right_pair.png,79
35,resnet_pa,3,8,background,0,animate_012_right_pair.png,animate_012_right_pair.png,82
36,resnet_pa,3,8,background,0,animate_011_right.png,animate_011_right.png,83
37,resnet_pa,3,8,background,0,animate_010_left.png,animate_010_left.png,94
38,resnet_pa,3,8,background,0,inanimate_009_left_pair.png,inanimate_009_left_pair.png,95
39,resnet_pa,3,8,background,0,animate_008_right.png,animate_008_right.png,97
40,resnet_pa,3,8,background,0,inanimate_010_left.png,inanimate_010_left.png,99
41,resnet_pa,3,8,background,0,inanimate_003_left.png,inanimate_003_left.png,100
42,resnet_pa,3,8,background,0,animate_005_right_pair.png,animate_005_right_pair.png,102
43,resnet_pa,3,8,background,0,inanimate_008_right_pair.png,inanimate_008_right_pair.png,103
44,resnet_pa,3,8,background,0,animate_011_left.png,animate_011_left.png,108
45,resnet_pa,3,8,background,0,animate_003_right_pair.png,animate_003_right_pair.png,111
46,resnet_pa,3,8,background,0,inanimate_010_right_pair.png,inanimate_010_right_pair.png,113
47,resnet_pa,3,8,background,0,animate_008_left.png,animate_008_left.png,116
48,resnet_pa,3,8,background,0,inanimate_002_left.png,inanimate_002_left.png,118
49,resnet_pa,3,8,background,0,inanimate_005_left_pair.png,inanimate_005_left_pair.png,122
50,resnet_pa,3,8,background,0,inanimate_007_left.png,inanimate_007_left.png,126
51,resnet_pa,3,8,background,0,animate_011_left_pair.png,animate_011_left_pair.png,127
52,resnet_pa,3,8,background,0,inanimate_006_left.png,inanimate_006_left.png,132
53,resnet_pa,3,8,background,0,animate_010_left_pair.png,animate_010_left_pair.png,133
54,resnet_pa,3,8,background,0,inanimate_004_left_pair.png,inanimate_004_left_pair.png,134
55,resnet_pa,3,8,background,0,animate_008_right_pair.png,animate_008_right_pair.png,140
56,resnet_pa,3,8,background,0,animate_004_right_pair.png,animate_004_right_pair.png,143
57,resnet_pa,3,8,background,0,animate_011_right_pair.png,animate_011_right_pair.png,146
58,resnet_pa,3,8,background,0,animate_005_left.png,animate_005_left.png,150
59,resnet_pa,3,8,background,0,inanimate_006_left_pair.png,inanimate_006_left_pair.png,152
60,resnet_pa,3,8,background,0,animate_012_right.png,animate_012_right.png,153
61,resnet_pa,3,8,background,0,inanimate_002_left_pair.png,inanimate_002_left_pair.png,160
62,resnet_pa,3,8,background,0,inanimate_007_right_pair.png,inanimate_007_right_pair.png,166
63,resnet_pa,3,8,background,0,animate_009_left_pair.png,animate_009_left_pair.png,169
64,resnet_pa,3,8,background,0,inanimate_001_left_pair.png,inanimate_001_left_pair.png,174
65,resnet_pa,3,8,background,0,inanimate_001_left.png,inanimate_001_left.png,175
66,resnet_pa,3,8,background,0,animate_004_right.png,animate_004_right.png,183
67,resnet_pa,3,8,background,0,inanimate_011_left.png,inanimate_011_left.png,186
68,resnet_pa,3,8,background,0,animate_010_right_pair.png,animate_010_right_pair.png,187
69,resnet_pa,3,8,background,0,inanimate_012_right_pair.png,inanimate_012_right_pair.png,189
70,resnet_pa,3,8,background,0,animate_007_right_pair.png,animate_007_right_pair.png,195
71,resnet_pa,3,8,background,0,inanimate_009_left.png,inanimate_009_left.png,197
72,resnet_pa,3,8,background,0,animate_004_left.png,animate_004_left.png,215
73,resnet_pa,3,8,background,0,animate_004_left_pair.png,animate_004_left_pair.png,241
74,resnet_pa,3,8,background,0,inanimate_007_left_pair.png,inanimate_007_left_pair.png,294
75,resnet_pa,3,8,background,0,animate_002_right.png,animate_002_right.png,296
76,resnet_pa,3,8,background,0,animate_001_left.png,animate_001_left.png,298
77,resnet_pa,3,8,background,0,animate_003_right.png,animate_003_right.png,307
78,resnet_pa,3,8,background,0,animate_003_left.png,animate_003_left.png,309
79,resnet_pa,3,8,background,0,animate_008_left_pair.png,animate_008_left_pair.png,316
80,resnet_pa,3,8,background,0,animate_005_right.png,animate_005_right.png,337
81,resnet_pa,3,8,background,0,inanimate_012_left.png,inanimate_012_left.png,360
82,resnet_pa,3,8,background,0,inanimate_005_right_pair.png,inanimate_005_right_pair.png,367
83,resnet_pa,3,8,background,0,animate_005_left_pair.png,animate_005_left_pair.png,449
84,resnet_pa,3,9,background,5,animate_007_right.png,animate_007_right.png,0
85,resnet_pa,3,9,background,5,animate_007_left_pair.png,animate_007_left_pair.png,1
86,resnet_pa,3,9,background,5,animate_001_right.png,animate_001_right.png,2
87,resnet_pa,3,9,background,5,animate_001_left_pair.png,animate_001_left_pair.png,8
88,resnet_pa,3,9,background,5,animate_001_right_pair.png,animate_001_right_pair.png,10
89,resnet_pa,3,9,background,5,inanimate_012_left_pair.png,inanimate_012_left_pair.png,12
90,resnet_pa,3,9,background,5,animate_010_right.png,animate_010_right.png,14
91,resnet_pa,3,9,background,5,animate_007_left.png,animate_007_left.png,15
92,resnet_pa,3,9,background,5,animate_002_left.png,animate_002_left.png,16
93,resnet_pa,3,9,background,5,animate_009_right_pair.png,animate_009_right_pair.png,18
94,resnet_pa,3,9,background,5,inanimate_004_left.png,inanimate_004_left.png,19
95,resnet_pa,3,9,background,5,inanimate_008_left.png,inanimate_008_left.png,20
96,resnet_pa,3,9,background,5,animate_012_left_pair.png,animate_012_left_pair.png,23
97,resnet_pa,3,9,background,5,inanimate_006_right_pair.png,inanimate_006_right_pair.png,26
98,resnet_pa,3,9,background,5,inanimate_003_left_pair.png,inanimate_003_left_pair.png,28
99,resnet_pa,3,9,background,5,inanimate_011_left_pair.png,inanimate_011_left_pair.png,35
100,resnet_pa,3,9,background,5,inanimate_004_right_pair.png,inanimate_004_right_pair.png,37
101,resnet_pa,3,9,background,5,inanimate_011_right_pair.png,inanimate_011_right_pair.png,39
102,resnet_pa,3,9,background,5,animate_006_right_pair.png,animate_006_right_pair.png,41
103,resnet_pa,3,9,background,5,animate_009_left.png,animate_009_left.png,42
104,resnet_pa,3,9,background,5,inanimate_005_left.png,inanimate_005_left.png,46
105,resnet_pa,3,9,background,5,inanimate_010_left_pair.png,inanimate_010_left_pair.png,47
106,resnet_pa,3,9,background,5,animate_006_right.png,animate_006_right.png,48
107,resnet_pa,3,9,background,5,inanimate_001_right_pair.png,inanimate_001_right_pair.png,51
108,resnet_pa,3,9,background,5,inanimate_002_right_pair.png,inanimate_002_right_pair.png,53
109,resnet_pa,3,9,background,5,inanimate_003_right_pair.png,inanimate_003_right_pair.png,54
110,resnet_pa,3,9,background,5,animate_012_left.png,animate_012_left.png,55
111,resnet_pa,3,9,background,5,animate_006_left_pair.png,animate_006_left_pair.png,57
112,resnet_pa,3,9,background,5,animate_003_left_pair.png,animate_003_left_pair.png,60
113,resnet_pa,3,9,background,5,inanimate_009_right_pair.png,inanimate_009_right_pair.png,63
114,resnet_pa,3,9,background,5,animate_006_left.png,animate_006_left.png,69
115,resnet_pa,3,9,background,5,animate_002_left_pair.png,animate_002_left_pair.png,70
116,resnet_pa,3,9,background,5,animate_009_right.png,animate_009_right.png,71
117,resnet_pa,3,9,background,5,inanimate_008_left_pair.png,inanimate_008_left_pair.png,75
118,resnet_pa,3,9,background,5,animate_002_right_pair.png,animate_002_right_pair.png,79
119,resnet_pa,3,9,background,5,animate_012_right_pair.png,animate_012_right_pair.png,82
120,resnet_pa,3,9,background,5,animate_011_right.png,animate_011_right.png,83
121,resnet_pa,3,9,background,5,animate_010_left.png,animate_010_left.png,94
122,resnet_pa,3,9,background,5,inanimate_009_left_pair.png,inanimate_009_left_pair.png,95
123,resnet_pa,3,9,background,5,animate_008_right.png,animate_008_right.png,97
124,resnet_pa,3,9,background,5,inanimate_010_left.png,inanimate_010_left.png,99
125,resnet_pa,3,9,background,5,inanimate_003_left.png,inanimate_003_left.png,100
126,resnet_pa,3,9,background,5,animate_005_right_pair.png,animate_005_right_pair.png,102
127,resnet_pa,3,9,background,5,inanimate_008_right_pair.png,inanimate_008_right_pair.png,103
128,resnet_pa,3,9,background,5,animate_011_left.png,animate_011_left.png,108
129,resnet_pa,3,9,background,5,animate_003_right_pair.png,animate_003_right_pair.png,111
130,resnet_pa,3,9,background,5,inanimate_010_right_pair.png,inanimate_010_right_pair.png,113
131,resnet_pa,3,9,background,5,animate_008_left.png,animate_008_left.png,116
132,resnet_pa,3,9,background,5,inanimate_002_left.png,inanimate_002_left.png,118
133,resnet_pa,3,9,background,5,inanimate_005_left_pair.png,inanimate_005_left_pair.png,122
134,resnet_pa,3,9,background,5,inanimate_007_left.png,inanimate_007_left.png,126
135,resnet_pa,3,9,background,5,animate_011_left_pair.png,animate_011_left_pair.png,127
136,resnet_pa,3,9,background,5,inanimate_006_left.png,inanimate_006_left.png,132
137,resnet_pa,3,9,background,5,animate_010_left_pair.png,animate_010_left_pair.png,133
138,resnet_pa,3,9,background,5,inanimate_004_left_pair.png,inanimate_004_left_pair.png,134
139,resnet_pa,3,9,background,5,animate_008_right_pair.png,animate_008_right_pair.png,140
140,resnet_pa,3,9,background,5,animate_004_right_pair.png,animate_004_right_pair.png,143
141,resnet_pa,3,9,background,5,animate_011_right_pair.png,animate_011_right_pair.png,146
142,resnet_pa,3,9,background,5,animate_005_left.png,animate_005_left.png,150
143,resnet_pa,3,9,background,5,inanimate_006_left_pair.png,inanimate_006_left_pair.png,152
144,resnet_pa,3,9,background,5,animate_012_right.png,animate_012_right.png,153
145,resnet_pa,3,9,background,5,inanimate_002_left_pair.png,inanimate_002_left_pair.png,160
146,resnet_pa,3,9,background,5,inanimate_007_right_pair.png,inanimate_007_right_pair.png,166
147,resnet_pa,3,9,background,5,animate_009_left_pair.png,animate_009_left_pair.png,169
148,resnet_pa,3,9,background,5,inanimate_001_left_pair.png,inanimate_001_left_pair.png,174
149,resnet_pa,3,9,background,5,inanimate_001_left.png,inanimate_001_left.png,175
150,resnet_pa,3,9,background,5,animate_004_right.png,animate_004_right.png,183
151,resnet_pa,3,9,background,5,inanimate_011_left.png,inanimate_011_left.png,186
152,resnet_pa,3,9,background,5,animate_010_right_pair.png,animate_010_right_pair.png,187
153,resnet_pa,3,9,background,5,inanimate_012_right_pair.png,inanimate_012_right_pair.png,189
154,resnet_pa,3,9,background,5,animate_007_right_pair.png,animate_007_right_pair.png,195
155,resnet_pa,3,9,background,5,inanimate_009_left.png,inanimate_009_left.png,197
156,resnet_pa,3,9,background,5,animate_004_left.png,animate_004_left.png,215
157,resnet_pa,3,9,background,5,animate_004_left_pair.png,animate_004_left_pair.png,241
158,resnet_pa,3,9,background,5,inanimate_007_left_pair.png,inanimate_007_left_pair.png,294
159,resnet_pa,3,9,background,5,animate_002_right.png,animate_002_right.png,296
160,resnet_pa,3,9,background,5,animate_001_left.png,animate_001_left.png,298
161,resnet_pa,3,9,background,5,animate_003_right.png,animate_003_right.png,307
162,resnet_pa,3,9,background,5,animate_003_left.png,animate_003_left.png,309
163,resnet_pa,3,9,background,5,animate_008_left_pair.png,animate_008_left_pair.png,316
164,resnet_pa,3,9,background,5,animate_005_right.png,animate_005_right.png,337
165,resnet_pa,3,9,background,5,inanimate_012_left.png,inanimate_012_left.png,360
166,resnet_pa,3,9,background,5,inanimate_005_right_pair.png,inanimate_005_right_pair.png,367
167,resnet_pa,3,9,background,5,animate_005_left_pair.png,animate_005_left_pair.png,449
168,resnet_pa,3,8,identity,1,animate_010_left_pair.png,animate_006_left_pair.png,17
169,resnet_pa,3,8,identity,1,inanimate_010_right.png,inanimate_003_right.png,21
170,resnet_pa,3,8,identity,1,inanimate_012_left_pair.png,inanimate_006_left_pair.png,44
171,resnet_pa,3,8,identity,1,inanimate_010_right.png,inanimate_006_right.png,58
172,resnet_pa,3,8,identity,1,animate_001_left_pair.png,animate_011_left_pair.png,65
173,resnet_pa,3,8,identity,1,animate_002_left.png,animate_006_left.png,74
174,resnet_pa,3,8,identity,1,inanimate_009_right.png,inanimate_012_right.png,76
175,resnet_pa,3,8,identity,1,animate_004_left.png,animate_011_left.png,80
176,resnet_pa,3,8,identity,1,animate_008_right.png,animate_012_right.png,81
177,resnet_pa,3,8,identity,1,inanimate_002_left.png,inanimate_001_left.png,85
178,resnet_pa,3,8,identity,1,inanimate_010_left.png,inanimate_011_left.png,86
179,resnet_pa,3,8,identity,1,inanimate_001_left_pair.png,inanimate_011_left_pair.png,87
180,resnet_pa,3,8,identity,1,animate_006_right.png,animate_009_right.png,96
181,resnet_pa,3,8,identity,1,animate_004_right_pair.png,animate_007_right_pair.png,105
182,resnet_pa,3,8,identity,1,animate_001_left_pair.png,animate_008_left_pair.png,114
183,resnet_pa,3,8,identity,1,animate_007_left_pair.png,animate_009_left_pair.png,119
184,resnet_pa,3,8,identity,1,inanimate_001_left_pair.png,inanimate_005_left_pair.png,121
185,resnet_pa,3,8,identity,1,animate_003_left.png,animate_001_left.png,135
186,resnet_pa,3,8,identity,1,inanimate_012_left_pair.png,inanimate_010_left_pair.png,145
187,resnet_pa,3,8,identity,1,inanimate_004_right_pair.png,inanimate_008_right_pair.png,149
188,resnet_pa,3,8,identity,1,animate_003_right_pair.png,animate_001_right_pair.png,151
189,resnet_pa,3,8,identity,1,inanimate_012_right_pair.png,inanimate_007_right_pair.png,159
190,resnet_pa,3,8,identity,1,inanimate_002_right.png,inanimate_001_right.png,167
191,resnet_pa,3,8,identity,1,inanimate_005_left_pair.png,inanimate_009_left_pair.png,168
192,resnet_pa,3,8,identity,1,inanimate_011_left_pair.png,inanimate_007_left_pair.png,172
193,resnet_pa,3,8,identity,1,inanimate_001_right_pair.png,inanimate_003_right_pair.png,181
194,resnet_pa,3,8,identity,1,inanimate_012_right.png,inanimate_003_right.png,185
195,resnet_pa,3,8,identity,1,inanimate_010_right.png,inanimate_012_right.png,193
196,resnet_pa,3,8,identity,1,animate_005_right_pair.png,animate_009_right_pair.png,200
197,resnet_pa,3,8,identity,1,animate_012_right_pair.png,animate_002_right_pair.png,207
198,resnet_pa,3,8,identity,1,animate_008_right_pair.png,animate_009_right_pair.png,208
199,resnet_pa,3,8,identity,1,inanimate_009_right_pair.png,inanimate_006_right_pair.png,209
200,resnet_pa,3,8,identity,1,inanimate_009_right_pair.png,inanimate_001_right_pair.png,210
201,resnet_pa,3,8,identity,1,animate_008_right.png,animate_003_right.png,213
202,resnet_pa,3,8,identity,1,animate_007_right.png,animate_006_right.png,214
203,resnet_pa,3,8,identity,1,inanimate_008_left.png,inanimate_005_left.png,229
204,resnet_pa,3,8,identity,1,inanimate_009_left_pair.png,inanimate_002_left_pair.png,237
205,resnet_pa,3,8,identity,1,animate_006_right.png,animate_011_right.png,245
206,resnet_pa,3,8,identity,1,animate_012_left_pair.png,animate_005_left_pair.png,247
207,resnet_pa,3,8,identity,1,inanimate_004_left_pair.png,inanimate_003_left_pair.png,252
208,resnet_pa,3,8,identity,1,animate_009_right.png,animate_001_right.png,257
209,resnet_pa,3,8,identity,1,animate_011_left.png,animate_008_left.png,258
210,resnet_pa,3,8,identity,1,inanimate_008_right.png,inanimate_010_right.png,269
211,resnet_pa,3,8,identity,1,animate_001_right.png,animate_005_right.png,270
212,resnet_pa,3,8,identity,1,animate_002_left.png,animate_010_left.png,275
213,resnet_pa,3,8,identity,1,animate_005_right_pair.png,animate_007_right_pair.png,281
214,resnet_pa,3,8,identity,1,animate_002_right_pair.png,animate_007_right_pair.png,282
215,resnet_pa,3,8,identity,1,inanimate_006_right_pair.png,inanimate_002_right_pair.png,283
216,resnet_pa,3,8,identity,1,inanimate_010_left_pair.png,inanimate_009_left_pair.png,285
217,resnet_pa,3,8,identity,1,inanimate_002_left_pair.png,inanimate_012_left_pair.png,287
218,resnet_pa,3,8,identity,1,inanimate_008_right_pair.png,inanimate_004_right_pair.png,289
219,resnet_pa,3,8,identity,1,inanimate_001_right_pair.png,inanimate_010_right_pair.png,290
220,resnet_pa,3,8,identity,1,inanimate_004_left_pair.png,inanimate_011_left_pair.png,292
221,resnet_pa,3,8,identity,1,inanimate_002_right_pair.png,inanimate_011_right_pair.png,302
222,resnet_pa,3,8,identity,1,inanimate_008_left.png,inanimate_007_left.png,308
223,resnet_pa,3,8,identity,1,inanimate_004_right.png,inanimate_007_right.png,310
224,resnet_pa,3,8,identity,1,inanimate_011_right.png,inanimate_004_right.png,311
225,resnet_pa,3,8,identity,1,animate_003_right.png,animate_001_right.png,318
226,resnet_pa,3,8,identity,1,inanimate_008_left_pair.png,inanimate_002_left_pair.png,320
227,resnet_pa,3,8,identity,1,animate_009_right_pair.png,animate_010_right_pair.png,321
228,resnet_pa,3,8,identity,1,inanimate_004_left_pair.png,inanimate_005_left_pair.png,329
229,resnet_pa,3,8,identity,1,inanimate_003_left.png,inanimate_008_left.png,330
230,resnet_pa,3,8,identity,1,animate_001_left_pair.png,animate_006_left_pair.png,332
231,resnet_pa,3,8,identity,1,animate_006_left.png,animate_001_left.png,333
232,resnet_pa,3,8,identity,1,inanimate_003_left_pair.png,inanimate_001_left_pair.png,335
233,resnet_pa,3,8,identity,1,inanimate_002_left_pair.png,inanimate_011_left_pair.png,341
234,resnet_pa,3,8,identity,1,inanimate_011_right_pair.png,inanimate_012_right_pair.png,343
235,resnet_pa,3,8,identity,1,animate_006_right.png,animate_007_right.png,344
236,resnet_pa,3,8,identity,1,animate_002_right.png,animate_011_right.png,347
237,resnet_pa,3,8,identity,1,inanimate_008_left_pair.png,inanimate_009_left_pair.png,352
238,resnet_pa,3,8,identity,1,inanimate_007_left_pair.png,inanimate_006_left_pair.png,353
239,resnet_pa,3,8,identity,1,inanimate_009_left_pair.png,inanimate_011_left_pair.png,359
240,resnet_pa,3,8,identity,1,inanimate_012_right_pair.png,inanimate_006_right_pair.png,362
241,resnet_pa,3,8,identity,1,animate_008_left.png,animate_009_left.png,363
242,resnet_pa,3,8,identity,1,animate_003_left.png,animate_011_left.png,376
243,resnet_pa,3,8,identity,1,inanimate_007_left.png,inanimate_002_left.png,378
244,resnet_pa,3,8,identity,1,inanimate_006_left_pair.png,inanimate_004_left_pair.png,380
245,resnet_pa,3,8,identity,1,animate_011_left_pair.png,animate_001_left_pair.png,381
246,resnet_pa,3,8,identity,1,inanimate_012_right.png,inanimate_005_right.png,386
247,resnet_pa,3,8,identity,1,animate_005_right_pair.png,animate_008_right_pair.png,392
248,resnet_pa,3,8,identity,1,animate_003_left.png,animate_002_left.png,398
249,resnet_pa,3,8,identity,1,inanimate_011_left.png,inanimate_002_left.png,400
250,resnet_pa,3,8,identity,1,animate_001_left.png,animate_002_left.png,405
251,resnet_pa,3,8,identity,1,inanimate_011_left_pair.png,inanimate_002_left_pair.png,408
252,resnet_pa,3,8,identity,1,animate_010_left.png,animate_007_left.png,409
253,resnet_pa,3,8,identity,1,animate_003_right_pair.png,animate_011_right_pair.png,413
254,resnet_pa,3,8,identity,1,animate_003_left_pair.png,animate_008_left_pair.png,414
255,resnet_pa,3,8,identity,1,animate_012_left.png,animate_004_left.png,417
256,resnet_pa,3,8,identity,1,inanimate_007_left.png,inanimate_008_left.png,418
257,resnet_pa,3,8,identity,1,animate_011_right_pair.png,animate_007_right_pair.png,422
258,resnet_pa,3,8,identity,1,animate_008_left_pair.png,animate_002_left_pair.png,426
259,resnet_pa,3,8,identity,1,inanimate_003_right_pair.png,inanimate_007_right_pair.png,427
260,resnet_pa,3,8,identity,1,inanimate_007_left_pair.png,inanimate_008_left_pair.png,428
261,resnet_pa,3,8,identity,1,animate_003_right_pair.png,animate_002_right_pair.png,432
262,resnet_pa,3,8,identity,1,inanimate_001_left_pair.png,inanimate_010_left_pair.png,434
263,resnet_pa,3,8,identity,1,animate_011_left.png,animate_002_left.png,439
264,resnet_pa,3,8,identity,1,inanimate_001_right.png,inanimate_009_right.png,442
265,resnet_pa,3,8,identity,1,inanimate_002_right_pair.png,inanimate_003_right_pair.png,444
266,resnet_pa,3,8,identity,1,inanimate_010_left_pair.png,inanimate_005_left_pair.png,448
267,resnet_pa,3,8,identity,1,inanimate_001_left.png,inanimate_004_left.png,456
268,resnet_pa,3,8,identity,1,animate_006_left_pair.png,animate_002_left_pair.png,458
269,resnet_pa,3,8,identity,1,animate_009_left_pair.png,animate_006_left_pair.png,459
270,resnet_pa,3,8,identity,1,inanimate_012_left.png,inanimate_001_left.png,460
271,resnet_pa,3,8,identity,1,animate_001_left_pair.png,animate_009_left_pair.png,461
272,resnet_pa,3,8,identity,1,inanimate_004_left_pair.png,inanimate_009_left_pair.png,465
273,resnet_pa,3,8,identity,1,animate_001_left.png,animate_003_left.png,468
274,resnet_pa,3,8,identity,1,animate_011_right.png,animate_012_right.png,469
275,resnet_pa,3,8,identity,1,inanimate_005_left.png,inanimate_007_left.png,470
276,resnet_pa,3,8,identity,1,inanimate_012_left.png,inanimate_007_left.png,471
277,resnet_pa,3,8,identity,1,inanimate_004_left_pair.png,inanimate_006_left_pair.png,472
278,resnet_pa,3,8,identity,1,animate_005_left_pair.png,animate_001_left_pair.png,476
279,resnet_pa,3,8,identity,1,animate_003_left.png,animate_012_left.png,477
280,resnet_pa,3,8,identity,1,inanimate_004_right_pair.png,inanimate_006_right_pair.png,478
281,resnet_pa,3,8,identity,1,inanimate_005_left.png,inanimate_001_left.png,481
282,resnet_pa,3,8,identity,1,animate_010_right_pair.png,animate_012_right_pair.png,489
283,resnet_pa,3,8,identity,1,animate_007_left.png,animate_005_left.png,490
284,resnet_pa,3,8,identity,1,animate_001_left_pair.png,animate_005_left_pair.png,492
285,resnet_pa,3,8,identity,1,animate_001_left.png,animate_004_left.png,494
286,resnet_pa,3,8,identity,1,inanimate_009_right.png,inanimate_001_right.png,498
287,resnet_pa,3,8,identity,1,animate_001_left_pair.png,animate_002_left_pair.png,512
288,resnet_pa,3,8,identity,1,animate_002_right.png,animate_003_right.png,515
289,resnet_pa,3,8,identity,1,animate_001_left.png,animate_007_left.png,518
290,resnet_pa,3,8,identity,1,animate_001_right_pair.png,animate_005_right_pair.png,520
291,resnet_pa,3,8,identity,1,inanimate_005_right_pair.png,inanimate_006_right_pair.png,521
292,resnet_pa,3,8,identity,1,animate_009_right.png,animate_010_right.png,523
293,resnet_pa,3,8,identity,1,animate_003_right_pair.png,animate_004_right_pair.png,524
294,resnet_pa,3,8,identity,1,inanimate_003_right.png,inanimate_011_right.png,526
295,resnet_pa,3,8,identity,1,animate_011_left.png,animate_007_left.png,528
296,resnet_pa,3,8,identity,1,inanimate_012_left_pair.png,inanimate_008_left_pair.png,532
297,resnet_pa,3,8,identity,1,animate_010_right.png,animate_003_right.png,533
298,resnet_pa,3,8,identity,1,animate_004_left_pair.png,animate_003_left_pair.png,536
299,resnet_pa,3,8,identity,1,inanimate_005_right_pair.png,inanimate_001_right_pair.png,537
300,resnet_pa,3,8,identity,1,inanimate_006_left.png,inanimate_011_left.png,539
301,resnet_pa,3,8,identity,1,inanimate_008_left_pair.png,inanimate_012_left_pair.png,544
302,resnet_pa,3,8,identity,1,animate_011_left.png,animate_004_left.png,545
303,resnet_pa,3,8,identity,1,inanimate_011_right.png,inanimate_008_right.png,547
304,resnet_pa,3,8,identity,1,inanimate_003_right_pair.png,inanimate_004_right_pair.png,550
305,resnet_pa,3,8,identity,1,inanimate_003_left_pair.png,inanimate_007_left_pair.png,551
306,resnet_pa,3,8,identity,1,inanimate_007_left.png,inanimate_009_left.png,553
307,resnet_pa,3,8,identity,1,animate_003_left.png,animate_010_left.png,554
308,resnet_pa,3,8,identity,1,animate_009_left.png,animate_008_left.png,555
309,resnet_pa,3,8,identity,1,animate_004_left_pair.png,animate_001_left_pair.png,556
310,resnet_pa,3,8,identity,1,inanimate_010_left_pair.png,inanimate_001_left_pair.png,557
311,resnet_pa,3,8,identity,1,inanimate_011_left.png,inanimate_007_left.png,561
312,resnet_pa,3,8,identity,1,animate_002_right.png,animate_010_right.png,562
313,resnet_pa,3,8,identity,1,inanimate_002_left_pair.png,inanimate_007_left_pair.png,566
314,resnet_pa,3,8,identity,1,animate_010_left_pair.png,animate_011_left_pair.png,570
315,resnet_pa,3,8,identity,1,animate_008_left.png,animate_010_left.png,573
316,resnet_pa,3,8,identity,1,animate_004_right_pair.png,animate_006_right_pair.png,576
317,resnet_pa,3,8,identity,1,inanimate_011_right.png,inanimate_009_right.png,577
318,resnet_pa,3,8,identity,1,inanimate_002_right_pair.png,inanimate_012_right_pair.png,580
319,resnet_pa,3,8,identity,1,animate_012_right_pair.png,animate_007_right_pair.png,581
320,resnet_pa,3,8,identity,1,animate_008_left.png,animate_002_left.png,582
321,resnet_pa,3,8,identity,1,inanimate_002_right.png,inanimate_003_right.png,587
322,resnet_pa,3,8,identity,1,animate_010_left.png,animate_003_left.png,591
323,resnet_pa,3,8,identity,1,animate_010_right_pair.png,animate_006_right_pair.png,593
324,resnet_pa,3,8,identity,1,inanimate_010_right_pair.png,inanimate_006_right_pair.png,601
325,resnet_pa,3,8,identity,1,animate_012_right_pair.png,animate_004_right_pair.png,602
326,resnet_pa,3,8,identity,1,animate_010_right.png,animate_008_right.png,603
327,resnet_pa,3,8,identity,1,animate_006_left.png,animate_007_left.png,606
328,resnet_pa,3,8,identity,1,inanimate_009_left.png,inanimate_003_left.png,607
329,resnet_pa,3,8,identity,1,animate_011_right.png,animate_009_right.png,608
330,resnet_pa,3,8,identity,1,inanimate_006_left.png,inanimate_010_left.png,610
331,resnet_pa,3,8,identity,1,animate_006_right.png,animate_008_right.png,612
332,resnet_pa,3,8,identity,1,inanimate_001_right.png,inanimate_006_right.png,616
333,resnet_pa,3,8,identity,1,animate_010_right_pair.png,animate_008_right_pair.png,617
334,resnet_pa,3,8,identity,1,inanimate_004_right.png,inanimate_003_right.png,618
335,resnet_pa,3,8,identity,1,animate_006_left.png,animate_009_left.png,622
336,resnet_pa,3,8,identity,1,inanimate_004_left_pair.png,inanimate_008_left_pair.png,623
337,resnet_pa,3,8,identity,1,animate_008_right.png,animate_007_right.png,624
338,resnet_pa,3,8,identity,1,inanimate_005_right.png,inanimate_007_right.png,628
339,resnet_pa,3,8,identity,1,inanimate_005_left_pair.png,inanimate_008_left_pair.png,630
340,resnet_pa,3,8,identity,1,inanimate_004_left.png,inanimate_010_left.png,631
341,resnet_pa,3,8,identity,1,animate_004_right.png,animate_008_right.png,633
342,resnet_pa,3,8,identity,1,animate_009_left_pair.png,animate_011_left_pair.png,637
343,resnet_pa,3,8,identity,1,inanimate_012_right_pair.png,inanimate_008_right_pair.png,638
344,resnet_pa,3,8,identity,1,inanimate_009_left_pair.png,inanimate_007_left_pair.png,640
345,resnet_pa,3,8,identity,1,animate_012_right_pair.png,animate_003_right_pair.png,641
346,resnet_pa,3,8,identity,1,animate_003_right.png,animate_006_right.png,642
347,resnet_pa,3,8,identity,1,animate_008_left_pair.png,animate_005_left_pair.png,645
348,resnet_pa,3,8,identity,1,inanimate_004_left.png,inanimate_003_left.png,648
349,resnet_pa,3,8,identity,1,animate_003_right.png,animate_002_right.png,651
350,resnet_pa,3,8,identity,1,animate_010_right_pair.png,animate_004_right_pair.png,653
351,resnet_pa,3,8,identity,1,inanimate_008_right.png,inanimate_003_right.png,654
352,resnet_pa,3,8,identity,1,animate_012_left_pair.png,animate_010_left_pair.png,656
353,resnet_pa,3,8,identity,1,animate_011_right_pair.png,animate_002_right_pair.png,657
354,resnet_pa,3,8,identity,1,inanimate_009_left_pair.png,inanimate_005_left_pair.png,658
355,resnet_pa,3,8,identity,1,inanimate_001_right.png,inanimate_010_right.png,659
356,resnet_pa,3,8,identity,1,animate_004_left_pair.png,animate_005_left_pair.png,662
357,resnet_pa,3,8,identity,1,inanimate_005_right.png,inanimate_003_right.png,665
358,resnet_pa,3,8,identity,1,animate_005_left_pair.png,animate_010_left_pair.png,671
359,resnet_pa,3,8,identity,1,animate_010_right.png,animate_012_right.png,672
360,resnet_pa,3,8,identity,1,animate_008_left_pair.png,animate_009_left_pair.png,677
361,resnet_pa,3,8,identity,1,animate_009_right_pair.png,animate_012_right_pair.png,679
362,resnet_pa,3,8,identity,1,animate_002_left_pair.png,animate_001_left_pair.png,687
363,resnet_pa,3,8,identity,1,animate_001_left.png,animate_006_left.png,690
364,resnet_pa,3,8,identity,1,animate_005_left.png,animate_004_left.png,692
365,resnet_pa,3,8,identity,1,inanimate_012_right.png,inanimate_007_right.png,695
366,resnet_pa,3,8,identity,1,animate_009_right_pair.png,animate_002_right_pair.png,696
367,resnet_pa,3,8,identity,1,inanimate_003_left.png,inanimate_001_left.png,697
368,resnet_pa,3,8,identity,1,animate_003_left_pair.png,animate_002_left_pair.png,698
369,resnet_pa,3,8,identity,1,animate_006_right.png,animate_012_right.png,700
370,resnet_pa,3,8,identity,1,inanimate_002_left.png,inanimate_011_left.png,701
371,resnet_pa,3,8,identity,1,animate_011_left_pair.png,animate_003_left_pair.png,704
372,resnet_pa,3,8,identity,1,inanimate_011_right_pair.png,inanimate_005_right_pair.png,707
373,resnet_pa,3,8,identity,1,inanimate_002_left.png,inanimate_012_left.png,709
374,resnet_pa,3,8,identity,1,inanimate_004_right_pair.png,inanimate_011_right_pair.png,710
375,resnet_pa,3,8,identity,1,inanimate_012_right.png,inanimate_008_right.png,711
376,resnet_pa,3,8,identity,1,inanimate_006_right.png,inanimate_001_right.png,713
377,resnet_pa,3,8,identity,1,inanimate_005_left.png,inanimate_009_left.png,715
378,resnet_pa,3,8,identity,1,animate_011_left.png,animate_009_left.png,718
379,resnet_pa,3,8,identity,1,animate_005_left.png,animate_006_left.png,720
380,resnet_pa,3,8,identity,1,inanimate_011_left_pair.png,inanimate_009_left_pair.png,721
381,resnet_pa,3,8,identity,1,animate_007_left_pair.png,animate_006_left_pair.png,724
382,resnet_pa,3,8,identity,1,animate_003_left.png,animate_006_left.png,726
383,resnet_pa,3,8,identity,1,inanimate_007_left.png,inanimate_006_left.png,727
384,resnet_pa,3,8,identity,1,inanimate_006_left_pair.png,inanimate_008_left_pair.png,733
385,resnet_pa,3,8,identity,1,animate_012_right_pair.png,animate_009_right_pair.png,734
386,resnet_pa,3,8,identity,1,inanimate_009_left.png,inanimate_001_left.png,736
387,resnet_pa,3,8,identity,1,animate_012_left.png,animate_003_left.png,738
388,resnet_pa,3,8,identity,1,inanimate_010_right_pair.png,inanimate_011_right_pair.png,742
389,resnet_pa,3,8,identity,1,inanimate_008_right_pair.png,inanimate_010_right_pair.png,743
390,resnet_pa,3,8,identity,1,animate_009_right.png,animate_012_right.png,746
391,resnet_pa,3,8,identity,1,inanimate_011_right.png,inanimate_007_right.png,748
392,resnet_pa,3,8,identity,1,animate_001_right.png,animate_002_right.png,755
393,resnet_pa,3,8,identity,1,animate_007_right.png,animate_010_right.png,756
394,resnet_pa,3,8,identity,1,animate_006_left.png,animate_010_left.png,757
395,resnet_pa,3,8,identity,1,animate_002_right_pair.png,animate_008_right_pair.png,758
396,resnet_pa,3,8,identity,1,inanimate_005_left.png,inanimate_011_left.png,759
397,resnet_pa,3,8,identity,1,inanimate_006_left.png,inanimate_002_left.png,760
398,resnet_pa,3,8,identity,1,inanimate_006_right_pair.png,inanimate_010_right_pair.png,761
399,resnet_pa,3,8,identity,1,inanimate_012_right.png,inanimate_009_right.png,762
400,resnet_pa,3,8,identity,1,inanimate_006_right_pair.png,inanimate_001_right_pair.png,765
401,resnet_pa,3,8,identity,1,animate_007_right_pair.png,animate_003_right_pair.png,766
402,resnet_pa,3,8,identity,1,inanimate_012_left.png,inanimate_005_left.png,767
403,resnet_pa,3,8,identity,1,inanimate_007_left_pair.png,inanimate_011_left_pair.png,769
404,resnet_pa,3,8,identity,1,inanimate_007_left.png,inanimate_011_left.png,770
405,resnet_pa,3,8,identity,1,animate_008_left_pair.png,animate_010_left_pair.png,772
406,resnet_pa,3,8,identity,1,inanimate_001_left_pair.png,inanimate_003_left_pair.png,774
407,resnet_pa,3,8,identity,1,animate_003_left_pair.png,animate_011_left_pair.png,778
408,resnet_pa,3,8,identity,1,inanimate_005_right.png,inanimate_009_right.png,779
409,resnet_pa,3,8,identity,1,animate_008_right.png,animate_010_right.png,780
410,resnet_pa,3,8,identity,1,animate_006_right_pair.png,animate_011_right_pair.png,786
411,resnet_pa,3,8,identity,1,inanimate_011_right_pair.png,inanimate_002_right_pair.png,787
412,resnet_pa,3,8,identity,1,inanimate_005_left.png,inanimate_003_left.png,788
413,resnet_pa,3,8,identity,1,animate_011_right_pair.png,animate_006_right_pair.png,791
414,resnet_pa,3,8,identity,1,animate_001_right_pair.png,animate_007_right_pair.png,792
415,resnet_pa,3,8,identity,1,animate_008_left.png,animate_001_left.png,794
416,resnet_pa,3,8,identity,1,inanimate_011_left.png,inanimate_006_left.png,796
417,resnet_pa,3,8,identity,1,animate_011_right.png,animate_008_right.png,797
418,resnet_pa,3,8,identity,1,inanimate_005_right.png,inanimate_008_right.png,804
419,resnet_pa,3,8,identity,1,inanimate_008_left.png,inanimate_003_left.png,806
420,resnet_pa,3,8,identity,1,animate_004_left_pair.png,animate_002_left_pair.png,808
421,resnet_pa,3,8,identity,1,inanimate_001_right_pair.png,inanimate_002_right_pair.png,809
422,resnet_pa,3,8,identity,1,animate_010_left.png,animate_009_left.png,810
423,resnet_pa,3,8,identity,1,inanimate_001_right.png,inanimate_007_right.png,813
424,resnet_pa,3,8,identity,1,animate_011_left_pair.png,animate_010_left_pair.png,814
425,resnet_pa,3,8,identity,1,animate_012_left_pair.png,animate_008_left_pair.png,818
426,resnet_pa,3,8,identity,1,animate_006_right_pair.png,animate_004_right_pair.png,822
427,resnet_pa,3,8,identity,1,inanimate_003_left.png,inanimate_012_left.png,823
428,resnet_pa,3,8,identity,1,animate_001_right.png,animate_007_right.png,825
429,resnet_pa,3,8,identity,1,animate_009_left.png,animate_011_left.png,828
430,resnet_pa,3,8,identity,1,inanimate_004_left.png,inanimate_011_left.png,829
431,resnet_pa,3,8,identity,1,animate_011_right_pair.png,animate_012_right_pair.png,830
432,resnet_pa,3,8,identity,1,inanimate_002_right_pair.png,inanimate_004_right_pair.png,831
433,resnet_pa,3,8,identity,1,inanimate_012_left_pair.png,inanimate_002_left_pair.png,834
434,resnet_pa,3,8,identity,1,inanimate_011_right.png,inanimate_003_right.png,841
435,resnet_pa,3,8,identity,1,animate_007_left.png,animate_003_left.png,842
436,resnet_pa,3,8,identity,1,inanimate_002_left_pair.png,inanimate_008_left_pair.png,843
437,resnet_pa,3,9,identity,6,animate_010_left_pair.png,animate_006_left_pair.png,17
438,resnet_pa,3,9,identity,6,inanimate_010_right.png,inanimate_003_right.png,21
439,resnet_pa,3,9,identity,6,inanimate_012_left_pair.png,inanimate_006_left_pair.png,44
440,resnet_pa,3,9,identity,6,inanimate_010_right.png,inanimate_006_right.png,58
441,resnet_pa,3,9,identity,6,animate_001_left_pair.png,animate_011_left_pair.png,65
442,resnet_pa,3,9,identity,6,animate_002_left.png,animate_006_left.png,74
443,resnet_pa,3,9,identity,6,inanimate_009_right.png,inanimate_012_right.png,76
444,resnet_pa,3,9,identity,6,animate_004_left.png,animate_011_left.png,80
445,resnet_pa,3,9,identity,6,animate_008_right.png,animate_012_right.png,81
446,resnet_pa,3,9,identity,6,inanimate_002_left.png,inanimate_001_left.png,85
447,resnet_pa,3,9,identity,6,inanimate_010_left.png,inanimate_011_left.png,86
448,resnet_pa,3,9,identity,6,inanimate_001_left_pair.png,inanimate_011_left_pair.png,87
449,resnet_pa,3,9,identity,6,animate_006_right.png,animate_009_right.png,96
450,resnet_pa,3,9,identity,6,animate_004_right_pair.png,animate_007_right_pair.png,105
451,resnet_pa,3,9,identity,6,animate_001_left_pair.png,animate_008_left_pair.png,114
452,resnet_pa,3,9,identity,6,animate_007_left_pair.png,animate_009_left_pair.png,119
453,resnet_pa,3,9,identity,6,inanimate_001_left_pair.png,inanimate_005_left_pair.png,121
454,resnet_pa,3,9,identity,6,animate_003_left.png,animate_001_left.png,135
455,resnet_pa,3,9,identity,6,inanimate_012_left_pair.png,inanimate_010_left_pair.png,145
456,resnet_pa,3,9,identity,6,inanimate_004_right_pair.png,inanimate_008_right_pair.png,149
457,resnet_pa,3,9,identity,6,animate_003_right_pair.png,animate_001_right_pair.png,151
458,resnet_pa,3,9,identity,6,inanimate_012_right_pair.png,inanimate_007_right_pair.png,159
459,resnet_pa,3,9,identity,6,inanimate_002_right.png,inanimate_001_right.png,167
460,resnet_pa,3,9,identity,6,inanimate_005_left_pair.png,inanimate_009_left_pair.png,168
461,resnet_pa,3,9,identity,6,inanimate_011_left_pair.png,inanimate_007_left_pair.png,172
462,resnet_pa,3,9,identity,6,inanimate_001_right_pair.png,inanimate_003_right_pair.png,181
463,resnet_pa,3,9,identity,6,inanimate_012_right.png,inanimate_003_right.png,185
464,resnet_pa,3,9,identity,6,inanimate_010_right.png,inanimate_012_right.png,193
465,resnet_pa,3,9,identity,6,animate_005_right_pair.png,animate_009_right_pair.png,200
466,resnet_pa,3,9,identity,6,animate_012_right_pair.png,animate_002_right_pair.png,207
467,resnet_pa,3,9,identity,6,animate_008_right_pair.png,animate_009_right_pair.png,208
468,resnet_pa,3,9,identity,6,inanimate_009_right_pair.png,inanimate_006_right_pair.png,209
469,resnet_pa,3,9,identity,6,inanimate_009_right_pair.png,inanimate_001_right_pair.png,210
470,resnet_pa,3,9,identity,6,animate_008_right.png,animate_003_right.png,213
471,resnet_pa,3,9,identity,6,animate_007_right.png,animate_006_right.png,214
472,resnet_pa,3,9,identity,6,inanimate_008_left.png,inanimate_005_left.png,229
473,resnet_pa,3,9,identity,6,inanimate_009_left_pair.png,inanimate_002_left_pair.png,237
474,resnet_pa,3,9,identity,6,animate_006_right.png,animate_011_right.png,245
475,resnet_pa,3,9,identity,6,animate_012_left_pair.png,animate_005_left_pair.png,247
476,resnet_pa,3,9,identity,6,inanimate_004_left_pair.png,inanimate_003_left_pair.png,252
477,resnet_pa,3,9,identity,6,animate_009_right.png,animate_001_right.png,257
478,resnet_pa,3,9,identity,6,animate_011_left.png,animate_008_left.png,258
479,resnet_pa,3,9,identity,6,inanimate_008_right.png,inanimate_010_right.png,269
480,resnet_pa,3,9,identity,6,animate_001_right.png,animate_005_right.png,270
481,resnet_pa,3,9,identity,6,animate_002_left.png,animate_010_left.png,275
482,resnet_pa,3,9,identity,6,animate_005_right_pair.png,animate_007_right_pair.png,281
483,resnet_pa,3,9,identity,6,animate_002_right_pair.png,animate_007_right_pair.png,282
484,resnet_pa,3,9,identity,6,inanimate_006_right_pair.png,inanimate_002_right_pair.png,283
485,resnet_pa,3,9,identity,6,inanimate_010_left_pair.png,inanimate_009_left_pair.png,285
486,resnet_pa,3,9,identity,6,inanimate_002_left_pair.png,inanimate_012_left_pair.png,287
487,resnet_pa,3,9,identity,6,inanimate_008_right_pair.png,inanimate_004_right_pair.png,289
488,resnet_pa,3,9,identity,6,inanimate_001_right_pair.png,inanimate_010_right_pair.png,290
489,resnet_pa,3,9,identity,6,inanimate_004_left_pair.png,inanimate_011_left_pair.png,292
490,resnet_pa,3,9,identity,6,inanimate_002_right_pair.png,inanimate_011_right_pair.png,302
491,resnet_pa,3,9,identity,6,inanimate_008_left.png,inanimate_007_left.png,308
492,resnet_pa,3,9,identity,6,inanimate_004_right.png,inanimate_007_right.png,310
493,resnet_pa,3,9,identity,6,inanimate_011_right.png,inanimate_004_right.png,311
494,resnet_pa,3,9,identity,6,animate_003_right.png,animate_001_right.png,318
495,resnet_pa,3,9,identity,6,inanimate_008_left_pair.png,inanimate_002_left_pair.png,320
496,resnet_pa,3,9,identity,6,animate_009_right_pair.png,animate_010_right_pair.png,321
497,resnet_pa,3,9,identity,6,inanimate_004_left_pair.png,inanimate_005_left_pair.png,329
498,resnet_pa,3,9,identity,6,inanimate_003_left.png,inanimate_008_left.png,330
499,resnet_pa,3,9,identity,6,animate_001_left_pair.png,animate_006_left_pair.png,332
500,resnet_pa,3,9,identity,6,animate_006_left.png,animate_001_left.png,333
501,resnet_pa,3,9,identity,6,inanimate_003_left_pair.png,inanimate_001_left_pair.png,335
502,resnet_pa,3,9,identity,6,inanimate_002_left_pair.png,inanimate_011_left_pair.png,341
503,resnet_pa,3,9,identity,6,inanimate_011_right_pair.png,inanimate_012_right_pair.png,343
504,resnet_pa,3,9,identity,6,animate_006_right.png,animate_007_right.png,344
505,resnet_pa,3,9,identity,6,animate_002_right.png,animate_011_right.png,347
506,resnet_pa,3,9,identity,6,inanimate_008_left_pair.png,inanimate_009_left_pair.png,352
507,resnet_pa,3,9,identity,6,inanimate_007_left_pair.png,inanimate_006_left_pair.png,353
508,resnet_pa,3,9,identity,6,inanimate_009_left_pair.png,inanimate_011_left_pair.png,359
509,resnet_pa,3,9,identity,6,inanimate_012_right_pair.png,inanimate_006_right_pair.png,362
510,resnet_pa,3,9,identity,6,animate_008_left.png,animate_009_left.png,363
511,resnet_pa,3,9,identity,6,animate_003_left.png,animate_011_left.png,376
512,resnet_pa,3,9,identity,6,inanimate_007_left.png,inanimate_002_left.png,378
513,resnet_pa,3,9,identity,6,inanimate_006_left_pair.png,inanimate_004_left_pair.png,380
514,resnet_pa,3,9,identity,6,animate_011_left_pair.png,animate_001_left_pair.png,381
515,resnet_pa,3,9,identity,6,inanimate_012_right.png,inanimate_005_right.png,386
516,resnet_pa,3,9,identity,6,animate_005_right_pair.png,animate_008_right_pair.png,392
517,resnet_pa,3,9,identity,6,animate_003_left.png,animate_002_left.png,398
518,resnet_pa,3,9,identity,6,inanimate_011_left.png,inanimate_002_left.png,400
519,resnet_pa,3,9,identity,6,animate_001_left.png,animate_002_left.png,405
520,resnet_pa,3,9,identity,6,inanimate_011_left_pair.png,inanimate_002_left_pair.png,408
521,resnet_pa,3,9,identity,6,animate_010_left.png,animate_007_left.png,409
522,resnet_pa,3,9,identity,6,animate_003_right_pair.png,animate_011_right_pair.png,413
523,resnet_pa,3,9,identity,6,animate_003_left_pair.png,animate_008_left_pair.png,414
524,resnet_pa,3,9,identity,6,animate_012_left.png,animate_004_left.png,417
525,resnet_pa,3,9,identity,6,inanimate_007_left.png,inanimate_008_left.png,418
526,resnet_pa,3,9,identity,6,animate_011_right_pair.png,animate_007_right_pair.png,422
527,resnet_pa,3,9,identity,6,animate_008_left_pair.png,animate_002_left_pair.png,426
528,resnet_pa,3,9,identity,6,inanimate_003_right_pair.png,inanimate_007_right_pair.png,427
529,resnet_pa,3,9,identity,6,inanimate_007_left_pair.png,inanimate_008_left_pair.png,428
530,resnet_pa,3,9,identity,6,animate_003_right_pair.png,animate_002_right_pair.png,432
531,resnet_pa,3,9,identity,6,inanimate_001_left_pair.png,inanimate_010_left_pair.png,434
532,resnet_pa,3,9,identity,6,animate_011_left.png,animate_002_left.png,439
533,resnet_pa,3,9,identity,6,inanimate_001_right.png,inanimate_009_right.png,442
534,resnet_pa,3,9,identity,6,inanimate_002_right_pair.png,inanimate_003_right_pair.png,444
535,resnet_pa,3,9,identity,6,inanimate_010_left_pair.png,inanimate_005_left_pair.png,448
536,resnet_pa,3,9,identity,6,inanimate_001_left.png,inanimate_004_left.png,456
537,resnet_pa,3,9,identity,6,animate_006_left_pair.png,animate_002_left_pair.png,458
538,resnet_pa,3,9,identity,6,animate_009_left_pair.png,animate_006_left_pair.png,459
539,resnet_pa,3,9,identity,6,inanimate_012_left.png,inanimate_001_left.png,460
540,resnet_pa,3,9,identity,6,animate_001_left_pair.png,animate_009_left_pair.png,461
541,resnet_pa,3,9,identity,6,inanimate_004_left_pair.png,inanimate_009_left_pair.png,465
542,resnet_pa,3,9,identity,6,animate_001_left.png,animate_003_left.png,468
543,resnet_pa,3,9,identity,6,animate_011_right.png,animate_012_right.png,469
544,resnet_pa,3,9,identity,6,inanimate_005_left.png,inanimate_007_left.png,470
545,resnet_pa,3,9,identity,6,inanimate_012_left.png,inanimate_007_left.png,471
546,resnet_pa,3,9,identity,6,inanimate_004_left_pair.png,inanimate_006_left_pair.png,472
547,resnet_pa,3,9,identity,6,animate_005_left_pair.png,animate_001_left_pair.png,476
548,resnet_pa,3,9,identity,6,animate_003_left.png,animate_012_left.png,477
549,resnet_pa,3,9,identity,6,inanimate_004_right_pair.png,inanimate_006_right_pair.png,478
550,resnet_pa,3,9,identity,6,inanimate_005_left.png,inanimate_001_left.png,481
551,resnet_pa,3,9,identity,6,animate_010_right_pair.png,animate_012_right_pair.png,489
552,resnet_pa,3,9,identity,6,animate_007_left.png,animate_005_left.png,490
553,resnet_pa,3,9,identity,6,animate_001_left_pair.png,animate_005_left_pair.png,492
554,resnet_pa,3,9,identity,6,animate_001_left.png,animate_004_left.png,494
555,resnet_pa,3,9,identity,6,inanimate_009_right.png,inanimate_001_right.png,498
556,resnet_pa,3,9,identity,6,animate_001_left_pair.png,animate_002_left_pair.png,512
557,resnet_pa,3,9,identity,6,animate_002_right.png,animate_003_right.png,515
558,resnet_pa,3,9,identity,6,animate_001_left.png,animate_007_left.png,518
559,resnet_pa,3,9,identity,6,animate_001_right_pair.png,animate_005_right_pair.png,520
560,resnet_pa,3,9,identity,6,inanimate_005_right_pair.png,inanimate_006_right_pair.png,521
561,resnet_pa,3,9,identity,6,animate_009_right.png,animate_010_right.png,523
562,resnet_pa,3,9,identity,6,animate_003_right_pair.png,animate_004_right_pair.png,524
563,resnet_pa,3,9,identity,6,inanimate_003_right.png,inanimate_011_right.png,526
564,resnet_pa,3,9,identity,6,animate_011_left.png,animate_007_left.png,528
565,resnet_pa,3,9,identity,6,inanimate_012_left_pair.png,inanimate_008_left_pair.png,532
566,resnet_pa,3,9,identity,6,animate_010_right.png,animate_003_right.png,533
567,resnet_pa,3,9,identity,6,animate_004_left_pair.png,animate_003_left_pair.png,536
568,resnet_pa,3,9,identity,6,inanimate_005_right_pair.png,inanimate_001_right_pair.png,537
569,resnet_pa,3,9,identity,6,inanimate_006_left.png,inanimate_011_left.png,539
570,resnet_pa,3,9,identity,6,inanimate_008_left_pair.png,inanimate_012_left_pair.png,544
571,resnet_pa,3,9,identity,6,animate_011_left.png,animate_004_left.png,545
572,resnet_pa,3,9,identity,6,inanimate_011_right.png,inanimate_008_right.png,547
573,resnet_pa,3,9,identity,6,inanimate_003_right_pair.png,inanimate_004_right_pair.png,550
574,resnet_pa,3,9,identity,6,inanimate_003_left_pair.png,inanimate_007_left_pair.png,551
575,resnet_pa,3,9,identity,6,inanimate_007_left.png,inanimate_009_left.png,553
576,resnet_pa,3,9,identity,6,animate_003_left.png,animate_010_left.png,554
577,resnet_pa,3,9,identity,6,animate_009_left.png,animate_008_left.png,555
578,resnet_pa,3,9,identity,6,animate_004_left_pair.png,animate_001_left_pair.png,556
579,resnet_pa,3,9,identity,6,inanimate_010_left_pair.png,inanimate_001_left_pair.png,557
580,resnet_pa,3,9,identity,6,inanimate_011_left.png,inanimate_007_left.png,561
581,resnet_pa,3,9,identity,6,animate_002_right.png,animate_010_right.png,562
582,resnet_pa,3,9,identity,6,inanimate_002_left_pair.png,inanimate_007_left_pair.png,566
583,resnet_pa,3,9,identity,6,animate_010_left_pair.png,animate_011_left_pair.png,570
584,resnet_pa,3,9,identity,6,animate_008_left.png,animate_010_left.png,573
585,resnet_pa,3,9,identity,6,animate_004_right_pair.png,animate_006_right_pair.png,576
586,resnet_pa,3,9,identity,6,inanimate_011_right.png,inanimate_009_right.png,577
587,resnet_pa,3,9,identity,6,inanimate_002_right_pair.png,inanimate_012_right_pair.png,580
588,resnet_pa,3,9,identity,6,animate_012_right_pair.png,animate_007_right_pair.png,581
589,resnet_pa,3,9,identity,6,animate_008_left.png,animate_002_left.png,582
590,resnet_pa,3,9,identity,6,inanimate_002_right.png,inanimate_003_right.png,587
591,resnet_pa,3,9,identity,6,animate_010_left.png,animate_003_left.png,591
592,resnet_pa,3,9,identity,6,animate_010_right_pair.png,animate_006_right_pair.png,593
593,resnet_pa,3,9,identity,6,inanimate_010_right_pair.png,inanimate_006_right_pair.png,601
594,resnet_pa,3,9,identity,6,animate_012_right_pair.png,animate_004_right_pair.png,602
595,resnet_pa,3,9,identity,6,animate_010_right.png,animate_008_right.png,603
596,resnet_pa,3,9,identity,6,animate_006_left.png,animate_007_left.png,606
597,resnet_pa,3,9,identity,6,inanimate_009_left.png,inanimate_003_left.png,607
598,resnet_pa,3,9,identity,6,animate_011_right.png,animate_009_right.png,608
599,resnet_pa,3,9,identity,6,inanimate_006_left.png,inanimate_010_left.png,610
600,resnet_pa,3,9,identity,6,animate_006_right.png,animate_008_right.png,612
601,resnet_pa,3,9,identity,6,inanimate_001_right.png,inanimate_006_right.png,616
602,resnet_pa,3,9,identity,6,animate_010_right_pair.png,animate_008_right_pair.png,617
603,resnet_pa,3,9,identity,6,inanimate_004_right.png,inanimate_003_right.png,618
604,resnet_pa,3,9,identity,6,animate_006_left.png,animate_009_left.png,622
605,resnet_pa,3,9,identity,6,inanimate_004_left_pair.png,inanimate_008_left_pair.png,623
606,resnet_pa,3,9,identity,6,animate_008_right.png,animate_007_right.png,624
607,resnet_pa,3,9,identity,6,inanimate_005_right.png,inanimate_007_right.png,628
608,resnet_pa,3,9,identity,6,inanimate_005_left_pair.png,inanimate_008_left_pair.png,630
609,resnet_pa,3,9,identity,6,inanimate_004_left.png,inanimate_010_left.png,631
610,resnet_pa,3,9,identity,6,animate_004_right.png,animate_008_right.png,633
611,resnet_pa,3,9,identity,6,animate_009_left_pair.png,animate_011_left_pair.png,637
612,resnet_pa,3,9,identity,6,inanimate_012_right_pair.png,inanimate_008_right_pair.png,638
613,resnet_pa,3,9,identity,6,inanimate_009_left_pair.png,inanimate_007_left_pair.png,640
614,resnet_pa,3,9,identity,6,animate_012_right_pair.png,animate_003_right_pair.png,641
615,resnet_pa,3,9,identity,6,animate_003_right.png,animate_006_right.png,642
616,resnet_pa,3,9,identity,6,animate_008_left_pair.png,animate_005_left_pair.png,645
617,resnet_pa,3,9,identity,6,inanimate_004_left.png,inanimate_003_left.png,648
618,resnet_pa,3,9,identity,6,animate_003_right.png,animate_002_right.png,651
619,resnet_pa,3,9,identity,6,animate_010_right_pair.png,animate_004_right_pair.png,653
620,resnet_pa,3,9,identity,6,inanimate_008_right.png,inanimate_003_right.png,654
621,resnet_pa,3,9,identity,6,animate_012_left_pair.png,animate_010_left_pair.png,656
622,resnet_pa,3,9,identity,6,animate_011_right_pair.png,animate_002_right_pair.png,657
623,resnet_pa,3,9,identity,6,inanimate_009_left_pair.png,inanimate_005_left_pair.png,658
624,resnet_pa,3,9,identity,6,inanimate_001_right.png,inanimate_010_right.png,659
625,resnet_pa,3,9,identity,6,animate_004_left_pair.png,animate_005_left_pair.png,662
626,resnet_pa,3,9,identity,6,inanimate_005_right.png,inanimate_003_right.png,665
627,resnet_pa,3,9,identity,6,animate_005_left_pair.png,animate_010_left_pair.png,671
628,resnet_pa,3,9,identity,6,animate_010_right.png,animate_012_right.png,672
629,resnet_pa,3,9,identity,6,animate_008_left_pair.png,animate_009_left_pair.png,677
630,resnet_pa,3,9,identity,6,animate_009_right_pair.png,animate_012_right_pair.png,679
631,resnet_pa,3,9,identity,6,animate_002_left_pair.png,animate_001_left_pair.png,687
632,resnet_pa,3,9,identity,6,animate_001_left.png,animate_006_left.png,690
633,resnet_pa,3,9,identity,6,animate_005_left.png,animate_004_left.png,692
634,resnet_pa,3,9,identity,6,inanimate_012_right.png,inanimate_007_right.png,695
635,resnet_pa,3,9,identity,6,animate_009_right_pair.png,animate_002_right_pair.png,696
636,resnet_pa,3,9,identity,6,inanimate_003_left.png,inanimate_001_left.png,697
637,resnet_pa,3,9,identity,6,animate_003_left_pair.png,animate_002_left_pair.png,698
638,resnet_pa,3,9,identity,6,animate_006_right.png,animate_012_right.png,700
639,resnet_pa,3,9,identity,6,inanimate_002_left.png,inanimate_011_left.png,701
640,resnet_pa,3,9,identity,6,animate_011_left_pair.png,animate_003_left_pair.png,704
641,resnet_pa,3,9,identity,6,inanimate_011_right_pair.png,inanimate_005_right_pair.png,707
642,resnet_pa,3,9,identity,6,inanimate_002_left.png,inanimate_012_left.png,709
643,resnet_pa,3,9,identity,6,inanimate_004_right_pair.png,inanimate_011_right_pair.png,710
644,resnet_pa,3,9,identity,6,inanimate_012_right.png,inanimate_008_right.png,711
645,resnet_pa,3,9,identity,6,inanimate_006_right.png,inanimate_001_right.png,713
646,resnet_pa,3,9,identity,6,inanimate_005_left.png,inanimate_009_left.png,715
647,resnet_pa,3,9,identity,6,animate_011_left.png,animate_009_left.png,718
648,resnet_pa,3,9,identity,6,animate_005_left.png,animate_006_left.png,720
649,resnet_pa,3,9,identity,6,inanimate_011_left_pair.png,inanimate_009_left_pair.png,721
650,resnet_pa,3,9,identity,6,animate_007_left_pair.png,animate_006_left_pair.png,724
651,resnet_pa,3,9,identity,6,animate_003_left.png,animate_006_left.png,726
652,resnet_pa,3,9,identity,6,inanimate_007_left.png,inanimate_006_left.png,727
653,resnet_pa,3,9,identity,6,inanimate_006_left_pair.png,inanimate_008_left_pair.png,733
654,resnet_pa,3,9,identity,6,animate_012_right_pair.png,animate_009_right_pair.png,734
655,resnet_pa,3,9,identity,6,inanimate_009_left.png,inanimate_001_left.png,736
656,resnet_pa,3,9,identity,6,animate_012_left.png,animate_003_left.png,738
657,resnet_pa,3,9,identity,6,inanimate_010_right_pair.png,inanimate_011_right_pair.png,742
658,resnet_pa,3,9,identity,6,inanimate_008_right_pair.png,inanimate_010_right_pair.png,743
659,resnet_pa,3,9,identity,6,animate_009_right.png,animate_012_right.png,746
660,resnet_pa,3,9,identity,6,inanimate_011_right.png,inanimate_007_right.png,748
661,resnet_pa,3,9,identity,6,animate_001_right.png,animate_002_right.png,755
662,resnet_pa,3,9,identity,6,animate_007_right.png,animate_010_right.png,756
663,resnet_pa,3,9,identity,6,animate_006_left.png,animate_010_left.png,757
664,resnet_pa,3,9,identity,6,animate_002_right_pair.png,animate_008_right_pair.png,758
665,resnet_pa,3,9,identity,6,inanimate_005_left.png,inanimate_011_left.png,759
666,resnet_pa,3,9,identity,6,inanimate_006_left.png,inanimate_002_left.png,760
667,resnet_pa,3,9,identity,6,inanimate_006_right_pair.png,inanimate_010_right_pair.png,761
668,resnet_pa,3,9,identity,6,inanimate_012_right.png,inanimate_009_right.png,762
669,resnet_pa,3,9,identity,6,inanimate_006_right_pair.png,inanimate_001_right_pair.png,765
670,resnet_pa,3,9,identity,6,animate_007_right_pair.png,animate_003_right_pair.png,766
671,resnet_pa,3,9,identity,6,inanimate_012_left.png,inanimate_005_left.png,767
672,resnet_pa,3,9,identity,6,inanimate_007_left_pair.png,inanimate_011_left_pair.png,769
673,resnet_pa,3,9,identity,6,inanimate_007_left.png,inanimate_011_left.png,770
674,resnet_pa,3,9,identity,6,animate_008_left_pair.png,animate_010_left_pair.png,772
675,resnet_pa,3,9,identity,6,inanimate_001_left_pair.png,inanimate_003_left_pair.png,774
676,resnet_pa,3,9,identity,6,animate_003_left_pair.png,animate_011_left_pair.png,778
677,resnet_pa,3,9,identity,6,inanimate_005_right.png,inanimate_009_right.png,779
678,resnet_pa,3,9,identity,6,animate_008_right.png,animate_010_right.png,780
679,resnet_pa,3,9,identity,6,animate_006_right_pair.png,animate_011_right_pair.png,786
680,resnet_pa,3,9,identity,6,inanimate_011_right_pair.png,inanimate_002_right_pair.png,787
681,resnet_pa,3,9,identity,6,inanimate_005_left.png,inanimate_003_left.png,788
682,resnet_pa,3,9,identity,6,animate_011_right_pair.png,animate_006_right_pair.png,791
683,resnet_pa,3,9,identity,6,animate_001_right_pair.png,animate_007_right_pair.png,792
684,resnet_pa,3,9,identity,6,animate_008_left.png,animate_001_left.png,794
685,resnet_pa,3,9,identity,6,inanimate_011_left.png,inanimate_006_left.png,796
686,resnet_pa,3,9,identity,6,animate_011_right.png,animate_008_right.png,797
687,resnet_pa,3,9,identity,6,inanimate_005_right.png,inanimate_008_right.png,804
688,resnet_pa,3,9,identity,6,inanimate_008_left.png,inanimate_003_left.png,806
689,resnet_pa,3,9,identity,6,animate_004_left_pair.png,animate_002_left_pair.png,808
690,resnet_pa,3,9,identity,6,inanimate_001_right_pair.png,inanimate_002_right_pair.png,809
691,resnet_pa,3,9,identity,6,animate_010_left.png,animate_009_left.png,810
692,resnet_pa,3,9,identity,6,inanimate_001_right.png,inanimate_007_right.png,813
693,resnet_pa,3,9,identity,6,animate_011_left_pair.png,animate_010_left_pair.png,814
694,resnet_pa,3,9,identity,6,animate_012_left_pair.png,animate_008_left_pair.png,818
695,resnet_pa,3,9,identity,6,animate_006_right_pair.png,animate_004_right_pair.png,822
696,resnet_pa,3,9,identity,6,inanimate_003_left.png,inanimate_012_left.png,823
697,resnet_pa,3,9,identity,6,animate_001_right.png,animate_007_right.png,825
698,resnet_pa,3,9,identity,6,animate_009_left.png,animate_011_left.png,828
699,resnet_pa,3,9,identity,6,inanimate_004_left.png,inanimate_011_left.png,829
700,resnet_pa,3,9,identity,6,animate_011_right_pair.png,animate_012_right_pair.png,830
701,resnet_pa,3,9,identity,6,inanimate_002_right_pair.png,inanimate_004_right_pair.png,831
702,resnet_pa,3,9,identity,6,inanimate_012_left_pair.png,inanimate_002_left_pair.png,834
703,resnet_pa,3,9,identity,6,inanimate_011_right.png,inanimate_003_right.png,841
704,resnet_pa,3,9,identity,6,animate_007_left.png,animate_003_left.png,842
705,resnet_pa,3,9,identity,6,inanimate_002_left_pair.png,inanimate_008_left_pair.png,843
706,resnet_pa,3,8,number,2,animate_006_right.png,animate_006_right_pair.png,3
707,resnet_pa,3,8,number,2,inanimate_003_left_pair.png,inanimate_003_left.png,6
708,resnet_pa,3,8,number,2,animate_008_right.png,animate_008_right_pair.png,9
709,resnet_pa,3,8,number,2,animate_011_left_pair.png,animate_011_left.png,25
710,resnet_pa,3,8,number,2,animate_009_left.png,animate_009_left_pair.png,27
711,resnet_pa,3,8,number,2,inanimate_009_right_pair.png,inanimate_009_right.png,29
712,resnet_pa,3,8,number,2,animate_005_left.png,animate_005_left_pair.png,30
713,resnet_pa,3,8,number,2,inanimate_010_right_pair.png,inanimate_010_right.png,34
714,resnet_pa,3,8,number,2,animate_002_left_pair.png,animate_002_left.png,38
715,resnet_pa,3,8,number,2,animate_004_right_pair.png,animate_004_right.png,40
716,resnet_pa,3,8,number,2,animate_008_left.png,animate_008_left_pair.png,43
717,resnet_pa,3,8,number,2,animate_005_left_pair.png,animate_005_left.png,56
718,resnet_pa,3,8,number,2,inanimate_005_right.png,inanimate_005_right_pair.png,64
719,resnet_pa,3,8,number,2,inanimate_010_left.png,inanimate_010_left_pair.png,67
720,resnet_pa,3,8,number,2,animate_005_right_pair.png,animate_005_right.png,77
721,resnet_pa,3,8,number,2,animate_001_left.png,animate_001_left_pair.png,90
722,resnet_pa,3,8,number,2,animate_007_left.png,animate_007_left_pair.png,130
723,resnet_pa,3,8,number,2,animate_007_left_pair.png,animate_007_left.png,141
724,resnet_pa,3,8,number,2,animate_004_right.png,animate_004_right_pair.png,144
725,resnet_pa,3,8,number,2,inanimate_008_right_pair.png,inanimate_008_right.png,155
726,resnet_pa,3,8,number,2,inanimate_006_left.png,inanimate_006_left_pair.png,157
727,resnet_pa,3,8,number,2,animate_008_right_pair.png,animate_008_right.png,163
728,resnet_pa,3,8,number,2,inanimate_008_right.png,inanimate_008_right_pair.png,164
729,resnet_pa,3,8,number,2,animate_012_right.png,animate_012_right_pair.png,165
730,resnet_pa,3,8,number,2,animate_008_left_pair.png,animate_008_left.png,177
731,resnet_pa,3,8,number,2,inanimate_004_left.png,inanimate_004_left_pair.png,201
732,resnet_pa,3,8,number,2,animate_004_left.png,animate_004_left_pair.png,204
733,resnet_pa,3,8,number,2,inanimate_011_left_pair.png,inanimate_011_left.png,205
734,resnet_pa,3,8,number,2,animate_005_right.png,animate_005_right_pair.png,211
735,resnet_pa,3,8,number,2,inanimate_007_right.png,inanimate_007_right_pair.png,212
736,resnet_pa,3,8,number,2,inanimate_002_right_pair.png,inanimate_002_right.png,222
737,resnet_pa,3,8,number,2,animate_007_right_pair.png,animate_007_right.png,223
738,resnet_pa,3,8,number,2,animate_012_right_pair.png,animate_012_right.png,225
739,resnet_pa,3,8,number,2,animate_003_right.png,animate_003_right_pair.png,226
740,resnet_pa,3,8,number,2,inanimate_007_left_pair.png,inanimate_007_left.png,234
741,resnet_pa,3,8,number,2,animate_001_right.png,animate_001_right_pair.png,238
742,resnet_pa,3,8,number,2,inanimate_009_left.png,inanimate_009_left_pair.png,246
743,resnet_pa,3,8,number,2,animate_002_left.png,animate_002_left_pair.png,251
744,resnet_pa,3,8,number,2,animate_003_left_pair.png,animate_003_left.png,264
745,resnet_pa,3,8,number,2,inanimate_001_right_pair.png,inanimate_001_right.png,268
746,resnet_pa,3,8,number,2,animate_009_left_pair.png,animate_009_left.png,278
747,resnet_pa,3,8,number,2,inanimate_008_left_pair.png,inanimate_008_left.png,279
748,resnet_pa,3,8,number,2,animate_012_left_pair.png,animate_012_left.png,288
749,resnet_pa,3,8,number,2,inanimate_006_right.png,inanimate_006_right_pair.png,291
750,resnet_pa,3,8,number,2,inanimate_007_right_pair.png,inanimate_007_right.png,293
751,resnet_pa,3,8,number,2,animate_007_right.png,animate_007_right_pair.png,295
752,resnet_pa,3,8,number,2,animate_001_right_pair.png,animate_001_right.png,297
753,resnet_pa,3,8,number,2,animate_006_right_pair.png,animate_006_right.png,301
754,resnet_pa,3,8,number,2,animate_011_right_pair.png,animate_011_right.png,313
755,resnet_pa,3,8,number,2,inanimate_002_left.png,inanimate_002_left_pair.png,324
756,resnet_pa,3,8,number,2,inanimate_002_right.png,inanimate_002_right_pair.png,328
757,resnet_pa,3,8,number,2,inanimate_012_right.png,inanimate_012_right_pair.png,331
758,resnet_pa,3,8,number,2,inanimate_003_right.png,inanimate_003_right_pair.png,334
759,resnet_pa,3,8,number,2,inanimate_001_right.png,inanimate_001_right_pair.png,350
760,resnet_pa,3,8,number,2,inanimate_001_left.png,inanimate_001_left_pair.png,356
761,resnet_pa,3,8,number,2,inanimate_010_right.png,inanimate_010_right_pair.png,361
762,resnet_pa,3,8,number,2,animate_010_right_pair.png,animate_010_right.png,370
763,resnet_pa,3,8,number,2,inanimate_011_left.png,inanimate_011_left_pair.png,374
764,resnet_pa,3,8,number,2,animate_006_left_pair.png,animate_006_left.png,384
765,resnet_pa,3,8,number,2,inanimate_008_left.png,inanimate_008_left_pair.png,388
766,resnet_pa,3,8,number,2,animate_011_right.png,animate_011_right_pair.png,390
767,resnet_pa,3,8,number,2,animate_002_right_pair.png,animate_002_right.png,394
768,resnet_pa,3,8,number,2,inanimate_002_left_pair.png,inanimate_002_left.png,399
769,resnet_pa,3,8,number,2,inanimate_007_left.png,inanimate_007_left_pair.png,407
770,resnet_pa,3,8,number,2,inanimate_005_left_pair.png,inanimate_005_left.png,423
771,resnet_pa,3,8,number,2,inanimate_001_left_pair.png,inanimate_001_left.png,441
772,resnet_pa,3,8,number,2,animate_003_left.png,animate_003_left_pair.png,443
773,resnet_pa,3,8,number,2,inanimate_003_left.png,inanimate_003_left_pair.png,446
774,resnet_pa,3,8,number,2,inanimate_011_right.png,inanimate_011_right_pair.png,452
775,resnet_pa,3,8,number,2,inanimate_004_right.png,inanimate_004_right_pair.png,454
776,resnet_pa,3,8,number,2,inanimate_011_right_pair.png,inanimate_011_right.png,474
777,resnet_pa,3,8,number,2,inanimate_006_right_pair.png,inanimate_006_right.png,485
778,resnet_pa,3,8,number,2,animate_009_right_pair.png,animate_009_right.png,486
779,resnet_pa,3,8,number,2,inanimate_009_right.png,inanimate_009_right_pair.png,488
780,resnet_pa,3,8,number,2,inanimate_006_left_pair.png,inanimate_006_left.png,507
781,resnet_pa,3,8,number,2,animate_009_right.png,animate_009_right_pair.png,511
782,resnet_pa,3,8,number,2,animate_010_left.png,animate_010_left_pair.png,525
783,resnet_pa,3,8,number,2,inanimate_012_right_pair.png,inanimate_012_right.png,529
784,resnet_pa,3,8,number,2,inanimate_012_left.png,inanimate_012_left_pair.png,534
785,resnet_pa,3,8,number,2,inanimate_005_right_pair.png,inanimate_005_right.png,535
786,resnet_pa,3,8,number,2,inanimate_010_left_pair.png,inanimate_010_left.png,549
787,resnet_pa,3,8,number,2,inanimate_003_right_pair.png,inanimate_003_right.png,574
788,resnet_pa,3,8,number,2,animate_012_left.png,animate_012_left_pair.png,584
789,resnet_pa,3,8,number,2,inanimate_012_left_pair.png,inanimate_012_left.png,597
790,resnet_pa,3,8,number,2,inanimate_009_left_pair.png,inanimate_009_left.png,635
791,resnet_pa,3,8,number,2,inanimate_004_left_pair.png,inanimate_004_left.png,663
792,resnet_pa,3,8,number,2,inanimate_005_left.png,inanimate_005_left_pair.png,685
793,resnet_pa,3,8,number,2,animate_003_right_pair.png,animate_003_right.png,691
794,resnet_pa,3,8,number,2,inanimate_004_right_pair.png,inanimate_004_right.png,706
795,resnet_pa,3,8,number,2,animate_006_left.png,animate_006_left_pair.png,719
796,resnet_pa,3,8,number,2,animate_004_left_pair.png,animate_004_left.png,722
797,resnet_pa,3,9,number,7,animate_006_right.png,animate_006_right_pair.png,3
798,resnet_pa,3,9,number,7,inanimate_003_left_pair.png,inanimate_003_left.png,6
799,resnet_pa,3,9,number,7,animate_008_right.png,animate_008_right_pair.png,9
800,resnet_pa,3,9,number,7,animate_011_left_pair.png,animate_011_left.png,25
801,resnet_pa,3,9,number,7,animate_009_left.png,animate_009_left_pair.png,27
802,resnet_pa,3,9,number,7,inanimate_009_right_pair.png,inanimate_009_right.png,29
803,resnet_pa,3,9,number,7,animate_005_left.png,animate_005_left_pair.png,30
804,resnet_pa,3,9,number,7,inanimate_010_right_pair.png,inanimate_010_right.png,34
805,resnet_pa,3,9,number,7,animate_002_left_pair.png,animate_002_left.png,38
806,resnet_pa,3,9,number,7,animate_004_right_pair.png,animate_004_right.png,40
807,resnet_pa,3,9,number,7,animate_008_left.png,animate_008_left_pair.png,43
808,resnet_pa,3,9,number,7,animate_005_left_pair.png,animate_005_left.png,56
809,resnet_pa,3,9,number,7,inanimate_005_right.png,inanimate_005_right_pair.png,64
810,resnet_pa,3,9,number,7,inanimate_010_left.png,inanimate_010_left_pair.png,67
811,resnet_pa,3,9,number,7,animate_005_right_pair.png,animate_005_right.png,77
812,resnet_pa,3,9,number,7,animate_001_left.png,animate_001_left_pair.png,90
813,resnet_pa,3,9,number,7,animate_007_left.png,animate_007_left_pair.png,130
814,resnet_pa,3,9,number,7,animate_007_left_pair.png,animate_007_left.png,141
815,resnet_pa,3,9,number,7,animate_004_right.png,animate_004_right_pair.png,144
816,resnet_pa,3,9,number,7,inanimate_008_right_pair.png,inanimate_008_right.png,155
817,resnet_pa,3,9,number,7,inanimate_006_left.png,inanimate_006_left_pair.png,157
818,resnet_pa,3,9,number,7,animate_008_right_pair.png,animate_008_right.png,163
819,resnet_pa,3,9,number,7,inanimate_008_right.png,inanimate_008_right_pair.png,164
820,resnet_pa,3,9,number,7,animate_012_right.png,animate_012_right_pair.png,165
821,resnet_pa,3,9,number,7,animate_008_left_pair.png,animate_008_left.png,177
822,resnet_pa,3,9,number,7,inanimate_004_left.png,inanimate_004_left_pair.png,201
823,resnet_pa,3,9,number,7,animate_004_left.png,animate_004_left_pair.png,204
824,resnet_pa,3,9,number,7,inanimate_011_left_pair.png,inanimate_011_left.png,205
825,resnet_pa,3,9,number,7,animate_005_right.png,animate_005_right_pair.png,211
826,resnet_pa,3,9,number,7,inanimate_007_right.png,inanimate_007_right_pair.png,212
827,resnet_pa,3,9,number,7,inanimate_002_right_pair.png,inanimate_002_right.png,222
828,resnet_pa,3,9,number,7,animate_007_right_pair.png,animate_007_right.png,223
829,resnet_pa,3,9,number,7,animate_012_right_pair.png,animate_012_right.png,225
830,resnet_pa,3,9,number,7,animate_003_right.png,animate_003_right_pair.png,226
831,resnet_pa,3,9,number,7,inanimate_007_left_pair.png,inanimate_007_left.png,234
832,resnet_pa,3,9,number,7,animate_001_right.png,animate_001_right_pair.png,238
833,resnet_pa,3,9,number,7,inanimate_009_left.png,inanimate_009_left_pair.png,246
834,resnet_pa,3,9,number,7,animate_002_left.png,animate_002_left_pair.png,251
835,resnet_pa,3,9,number,7,animate_003_left_pair.png,animate_003_left.png,264
836,resnet_pa,3,9,number,7,inanimate_001_right_pair.png,inanimate_001_right.png,268
837,resnet_pa,3,9,number,7,animate_009_left_pair.png,animate_009_left.png,278
838,resnet_pa,3,9,number,7,inanimate_008_left_pair.png,inanimate_008_left.png,279
839,resnet_pa,3,9,number,7,animate_012_left_pair.png,animate_012_left.png,288
840,resnet_pa,3,9,number,7,inanimate_006_right.png,inanimate_006_right_pair.png,291
841,resnet_pa,3,9,number,7,inanimate_007_right_pair.png,inanimate_007_right.png,293
842,resnet_pa,3,9,number,7,animate_007_right.png,animate_007_right_pair.png,295
843,resnet_pa,3,9,number,7,animate_001_right_pair.png,animate_001_right.png,297
844,resnet_pa,3,9,number,7,animate_006_right_pair.png,animate_006_right.png,301
845,resnet_pa,3,9,number,7,animate_011_right_pair.png,animate_011_right.png,313
846,resnet_pa,3,9,number,7,inanimate_002_left.png,inanimate_002_left_pair.png,324
847,resnet_pa,3,9,number,7,inanimate_002_right.png,inanimate_002_right_pair.png,328
848,resnet_pa,3,9,number,7,inanimate_012_right.png,inanimate_012_right_pair.png,331
849,resnet_pa,3,9,number,7,inanimate_003_right.png,inanimate_003_right_pair.png,334
850,resnet_pa,3,9,number,7,inanimate_001_right.png,inanimate_001_right_pair.png,350
851,resnet_pa,3,9,number,7,inanimate_001_left.png,inanimate_001_left_pair.png,356
852,resnet_pa,3,9,number,7,inanimate_010_right.png,inanimate_010_right_pair.png,361
853,resnet_pa,3,9,number,7,animate_010_right_pair.png,animate_010_right.png,370
854,resnet_pa,3,9,number,7,inanimate_011_left.png,inanimate_011_left_pair.png,374
855,resnet_pa,3,9,number,7,animate_006_left_pair.png,animate_006_left.png,384
856,resnet_pa,3,9,number,7,inanimate_008_left.png,inanimate_008_left_pair.png,388
857,resnet_pa,3,9,number,7,animate_011_right.png,animate_011_right_pair.png,390
858,resnet_pa,3,9,number,7,animate_002_right_pair.png,animate_002_right.png,394
859,resnet_pa,3,9,number,7,inanimate_002_left_pair.png,inanimate_002_left.png,399
860,resnet_pa,3,9,number,7,inanimate_007_left.png,inanimate_007_left_pair.png,407
861,resnet_pa,3,9,number,7,inanimate_005_left_pair.png,inanimate_005_left.png,423
862,resnet_pa,3,9,number,7,inanimate_001_left_pair.png,inanimate_001_left.png,441
863,resnet_pa,3,9,number,7,animate_003_left.png,animate_003_left_pair.png,443
864,resnet_pa,3,9,number,7,inanimate_003_left.png,inanimate_003_left_pair.png,446
865,resnet_pa,3,9,number,7,inanimate_011_right.png,inanimate_011_right_pair.png,452
866,resnet_pa,3,9,number,7,inanimate_004_right.png,inanimate_004_right_pair.png,454
867,resnet_pa,3,9,number,7,inanimate_011_right_pair.png,inanimate_011_right.png,474
868,resnet_pa,3,9,number,7,inanimate_006_right_pair.png,inanimate_006_right.png,485
869,resnet_pa,3,9,number,7,animate_009_right_pair.png,animate_009_right.png,486
870,resnet_pa,3,9,number,7,inanimate_009_right.png,inanimate_009_right_pair.png,488
871,resnet_pa,3,9,number,7,inanimate_006_left_pair.png,inanimate_006_left.png,507
872,resnet_pa,3,9,number,7,animate_009_right.png,animate_009_right_pair.png,511
873,resnet_pa,3,9,number,7,animate_010_left.png,animate_010_left_pair.png,525
874,resnet_pa,3,9,number,7,inanimate_012_right_pair.png,inanimate_012_right.png,529
875,resnet_pa,3,9,number,7,inanimate_012_left.png,inanimate_012_left_pair.png,534
876,resnet_pa,3,9,number,7,inanimate_005_right_pair.png,inanimate_005_right.png,535
877,resnet_pa,3,9,number,7,inanimate_010_left_pair.png,inanimate_010_left.png,549
878,resnet_pa,3,9,number,7,inanimate_003_right_pair.png,inanimate_003_right.png,574
879,resnet_pa,3,9,number,7,animate_012_left.png,animate_012_left_pair.png,584
880,resnet_pa,3,9,number,7,inanimate_012_left_pair.png,inanimate_012_left.png,597
881,resnet_pa,3,9,number,7,inanimate_009_left_pair.png,inanimate_009_left.png,635
882,resnet_pa,3,9,number,7,inanimate_004_left_pair.png,inanimate_004_left.png,663
883,resnet_pa,3,9,number,7,inanimate_005_left.png,inanimate_005_left_pair.png,685
884,resnet_pa,3,9,number,7,animate_003_right_pair.png,animate_003_right.png,691
885,resnet_pa,3,9,number,7,inanimate_004_right_pair.png,inanimate_004_right.png,706
886,resnet_pa,3,9,number,7,animate_006_left.png,animate_006_left_pair.png,719
887,resnet_pa,3,9,number,7,animate_004_left_pair.png,animate_004_left.png,722
888,resnet_pa,3,8,pose,3,inanimate_009_right_pair.png,inanimate_009_left_pair.png,4
889,resnet_pa,3,8,pose,3,animate_004_right_pair.png,animate_004_left_pair.png,7
890,resnet_pa,3,8,pose,3,animate_011_right.png,animate_011_left.png,24
891,resnet_pa,3,8,pose,3,inanimate_001_left.png,inanimate_001_right.png,33
892,resnet_pa,3,8,pose,3,inanimate_012_left.png,inanimate_012_right.png,36
893,resnet_pa,3,8,pose,3,animate_002_right_pair.png,animate_002_left_pair.png,45
894,resnet_pa,3,8,pose,3,inanimate_012_right_pair.png,inanimate_012_left_pair.png,61
895,resnet_pa,3,8,pose,3,inanimate_003_right_pair.png,inanimate_003_left_pair.png,62
896,resnet_pa,3,8,pose,3,inanimate_005_left.png,inanimate_005_right.png,73
897,resnet_pa,3,8,pose,3,animate_003_right_pair.png,animate_003_left_pair.png,78
898,resnet_pa,3,8,pose,3,inanimate_009_left_pair.png,inanimate_009_right_pair.png,88
899,resnet_pa,3,8,pose,3,inanimate_006_left_pair.png,inanimate_006_right_pair.png,91
900,resnet_pa,3,8,pose,3,animate_001_right.png,animate_001_left.png,92
901,resnet_pa,3,8,pose,3,inanimate_005_right.png,inanimate_005_left.png,93
902,resnet_pa,3,8,pose,3,inanimate_012_right.png,inanimate_012_left.png,98
903,resnet_pa,3,8,pose,3,inanimate_002_right_pair.png,inanimate_002_left_pair.png,104
904,resnet_pa,3,8,pose,3,inanimate_004_right.png,inanimate_004_left.png,107
905,resnet_pa,3,8,pose,3,animate_010_left_pair.png,animate_010_right_pair.png,112
906,resnet_pa,3,8,pose,3,animate_012_right.png,animate_012_left.png,115
907,resnet_pa,3,8,pose,3,inanimate_001_right_pair.png,inanimate_001_left_pair.png,117
908,resnet_pa,3,8,pose,3,animate_002_left.png,animate_002_right.png,129
909,resnet_pa,3,8,pose,3,inanimate_011_right_pair.png,inanimate_011_left_pair.png,131
910,resnet_pa,3,8,pose,3,inanimate_010_left.png,inanimate_010_right.png,136
911,resnet_pa,3,8,pose,3,animate_006_right.png,animate_006_left.png,137
912,resnet_pa,3,8,pose,3,inanimate_008_left.png,inanimate_008_right.png,138
913,resnet_pa,3,8,pose,3,animate_003_left.png,animate_003_right.png,148
914,resnet_pa,3,8,pose,3,animate_011_left.png,animate_011_right.png,182
915,resnet_pa,3,8,pose,3,inanimate_011_right.png,inanimate_011_left.png,190
916,resnet_pa,3,8,pose,3,animate_008_right.png,animate_008_left.png,194
917,resnet_pa,3,8,pose,3,animate_001_left.png,animate_001_right.png,199
918,resnet_pa,3,8,pose,3,inanimate_001_left_pair.png,inanimate_001_right_pair.png,202
919,resnet_pa,3,8,pose,3,inanimate_003_right.png,inanimate_003_left.png,206
920,resnet_pa,3,8,pose,3,animate_003_right.png,animate_003_left.png,217
921,resnet_pa,3,8,pose,3,animate_005_left.png,animate_005_right.png,219
922,resnet_pa,3,8,pose,3,inanimate_010_left_pair.png,inanimate_010_right_pair.png,224
923,resnet_pa,3,8,pose,3,animate_004_left.png,animate_004_right.png,228
924,resnet_pa,3,8,pose,3,inanimate_010_right_pair.png,inanimate_010_left_pair.png,230
925,resnet_pa,3,8,pose,3,inanimate_008_right.png,inanimate_008_left.png,232
926,resnet_pa,3,8,pose,3,inanimate_005_right_pair.png,inanimate_005_left_pair.png,242
927,resnet_pa,3,8,pose,3,animate_002_left_pair.png,animate_002_right_pair.png,243
928,resnet_pa,3,8,pose,3,inanimate_002_left_pair.png,inanimate_002_right_pair.png,248
929,resnet_pa,3,8,pose,3,animate_010_right.png,animate_010_left.png,249
930,resnet_pa,3,8,pose,3,animate_006_left_pair.png,animate_006_right_pair.png,253
931,resnet_pa,3,8,pose,3,inanimate_003_left_pair.png,inanimate_003_right_pair.png,254
932,resnet_pa,3,8,pose,3,animate_012_left_pair.png,animate_012_right_pair.png,255
933,resnet_pa,3,8,pose,3,inanimate_008_left_pair.png,inanimate_008_right_pair.png,259
934,resnet_pa,3,8,pose,3,inanimate_003_left.png,inanimate_003_right.png,271
935,resnet_pa,3,8,pose,3,inanimate_006_right_pair.png,inanimate_006_left_pair.png,272
936,resnet_pa,3,8,pose,3,animate_009_left.png,animate_009_right.png,273
937,resnet_pa,3,8,pose,3,inanimate_009_left.png,inanimate_009_right.png,276
938,resnet_pa,3,8,pose,3,inanimate_009_right.png,inanimate_009_left.png,303
939,resnet_pa,3,8,pose,3,inanimate_006_right.png,inanimate_006_left.png,319
940,resnet_pa,3,8,pose,3,inanimate_004_left.png,inanimate_004_right.png,322
941,resnet_pa,3,8,pose,3,animate_009_right.png,animate_009_left.png,325
942,resnet_pa,3,8,pose,3,inanimate_002_right.png,inanimate_002_left.png,327
943,resnet_pa,3,8,pose,3,animate_001_left_pair.png,animate_001_right_pair.png,339
944,resnet_pa,3,8,pose,3,inanimate_005_left_pair.png,inanimate_005_right_pair.png,340
945,resnet_pa,3,8,pose,3,inanimate_004_right_pair.png,inanimate_004_left_pair.png,346
946,resnet_pa,3,8,pose,3,animate_009_right_pair.png,animate_009_left_pair.png,348
947,resnet_pa,3,8,pose,3,animate_008_left.png,animate_008_right.png,368
948,resnet_pa,3,8,pose,3,animate_005_right.png,animate_005_left.png,371
949,resnet_pa,3,8,pose,3,animate_005_right_pair.png,animate_005_left_pair.png,379
950,resnet_pa,3,8,pose,3,inanimate_007_right.png,inanimate_007_left.png,383
951,resnet_pa,3,8,pose,3,inanimate_006_left.png,inanimate_006_right.png,391
952,resnet_pa,3,8,pose,3,animate_007_right_pair.png,animate_007_left_pair.png,393
953,resnet_pa,3,8,pose,3,animate_010_left.png,animate_010_right.png,397
954,resnet_pa,3,8,pose,3,inanimate_004_left_pair.png,inanimate_004_right_pair.png,403
955,resnet_pa,3,8,pose,3,animate_005_left_pair.png,animate_005_right_pair.png,406
956,resnet_pa,3,8,pose,3,animate_008_left_pair.png,animate_008_right_pair.png,420
957,resnet_pa,3,8,pose,3,animate_007_right.png,animate_007_left.png,436
958,resnet_pa,3,8,pose,3,animate_012_right_pair.png,animate_012_left_pair.png,445
959,resnet_pa,3,8,pose,3,animate_002_right.png,animate_002_left.png,453
960,resnet_pa,3,8,pose,3,inanimate_012_left_pair.png,inanimate_012_right_pair.png,457
961,resnet_pa,3,8,pose,3,animate_007_left.png,animate_007_right.png,467
962,resnet_pa,3,8,pose,3,inanimate_001_right.png,inanimate_001_left.png,482
963,resnet_pa,3,8,pose,3,inanimate_011_left.png,inanimate_011_right.png,495
964,resnet_pa,3,8,pose,3,animate_006_left.png,animate_006_right.png,496
965,resnet_pa,3,8,pose,3,animate_006_right_pair.png,animate_006_left_pair.png,497
966,resnet_pa,3,8,pose,3,inanimate_010_right.png,inanimate_010_left.png,508
967,resnet_pa,3,8,pose,3,inanimate_007_left.png,inanimate_007_right.png,531
968,resnet_pa,3,8,pose,3,animate_008_right_pair.png,animate_008_left_pair.png,541
969,resnet_pa,3,8,pose,3,animate_003_left_pair.png,animate_003_right_pair.png,564
970,resnet_pa,3,8,pose,3,inanimate_011_left_pair.png,inanimate_011_right_pair.png,565
971,resnet_pa,3,8,pose,3,animate_007_left_pair.png,animate_007_right_pair.png,575
972,resnet_pa,3,8,pose,3,inanimate_007_right_pair.png,inanimate_007_left_pair.png,588
973,resnet_pa,3,8,pose,3,animate_011_right_pair.png,animate_011_left_pair.png,596
974,resnet_pa,3,8,pose,3,inanimate_007_left_pair.png,inanimate_007_right_pair.png,598
975,resnet_pa,3,8,pose,3,inanimate_002_left.png,inanimate_002_right.png,632
976,resnet_pa,3,8,pose,3,animate_004_right.png,animate_004_left.png,652
977,resnet_pa,3,8,pose,3,inanimate_008_right_pair.png,inanimate_008_left_pair.png,678
978,resnet_pa,3,8,pose,3,animate_011_left_pair.png,animate_011_right_pair.png,716
979,resnet_pa,3,8,pose,3,animate_009_left_pair.png,animate_009_right_pair.png,723
980,resnet_pa,3,8,pose,3,animate_004_left_pair.png,animate_004_right_pair.png,768
981,resnet_pa,3,8,pose,3,animate_012_left.png,animate_012_right.png,776
982,resnet_pa,3,8,pose,3,animate_010_right_pair.png,animate_010_left_pair.png,805
983,resnet_pa,3,8,pose,3,animate_001_right_pair.png,animate_001_left_pair.png,824
984,resnet_pa,3,9,pose,8,inanimate_009_right_pair.png,inanimate_009_left_pair.png,4
985,resnet_pa,3,9,pose,8,animate_004_right_pair.png,animate_004_left_pair.png,7
986,resnet_pa,3,9,pose,8,animate_011_right.png,animate_011_left.png,24
987,resnet_pa,3,9,pose,8,inanimate_001_left.png,inanimate_001_right.png,33
988,resnet_pa,3,9,pose,8,inanimate_012_left.png,inanimate_012_right.png,36
989,resnet_pa,3,9,pose,8,animate_002_right_pair.png,animate_002_left_pair.png,45
990,resnet_pa,3,9,pose,8,inanimate_012_right_pair.png,inanimate_012_left_pair.png,61
991,resnet_pa,3,9,pose,8,inanimate_003_right_pair.png,inanimate_003_left_pair.png,62
992,resnet_pa,3,9,pose,8,inanimate_005_left.png,inanimate_005_right.png,73
993,resnet_pa,3,9,pose,8,animate_003_right_pair.png,animate_003_left_pair.png,78
994,resnet_pa,3,9,pose,8,inanimate_009_left_pair.png,inanimate_009_right_pair.png,88
995,resnet_pa,3,9,pose,8,inanimate_006_left_pair.png,inanimate_006_right_pair.png,91
996,resnet_pa,3,9,pose,8,animate_001_right.png,animate_001_left.png,92
997,resnet_pa,3,9,pose,8,inanimate_005_right.png,inanimate_005_left.png,93
998,resnet_pa,3,9,pose,8,inanimate_012_right.png,inanimate_012_left.png,98
999,resnet_pa,3,9,pose,8,inanimate_002_right_pair.png,inanimate_002_left_pair.png,104
1000,resnet_pa,3,9,pose,8,inanimate_004_right.png,inanimate_004_left.png,107
1001,resnet_pa,3,9,pose,8,animate_010_left_pair.png,animate_010_right_pair.png,112
1002,resnet_pa,3,9,pose,8,animate_012_right.png,animate_012_left.png,115
1003,resnet_pa,3,9,pose,8,inanimate_001_right_pair.png,inanimate_001_left_pair.png,117
1004,resnet_pa,3,9,pose,8,animate_002_left.png,animate_002_right.png,129
1005,resnet_pa,3,9,pose,8,inanimate_011_right_pair.png,inanimate_011_left_pair.png,131
1006,resnet_pa,3,9,pose,8,inanimate_010_left.png,inanimate_010_right.png,136
1007,resnet_pa,3,9,pose,8,animate_006_right.png,animate_006_left.png,137
1008,resnet_pa,3,9,pose,8,inanimate_008_left.png,inanimate_008_right.png,138
1009,resnet_pa,3,9,pose,8,animate_003_left.png,animate_003_right.png,148
1010,resnet_pa,3,9,pose,8,animate_011_left.png,animate_011_right.png,182
1011,resnet_pa,3,9,pose,8,inanimate_011_right.png,inanimate_011_left.png,190
1012,resnet_pa,3,9,pose,8,animate_008_right.png,animate_008_left.png,194
1013,resnet_pa,3,9,pose,8,animate_001_left.png,animate_001_right.png,199
1014,resnet_pa,3,9,pose,8,inanimate_001_left_pair.png,inanimate_001_right_pair.png,202
1015,resnet_pa,3,9,pose,8,inanimate_003_right.png,inanimate_003_left.png,206
1016,resnet_pa,3,9,pose,8,animate_003_right.png,animate_003_left.png,217
1017,resnet_pa,3,9,pose,8,animate_005_left.png,animate_005_right.png,219
1018,resnet_pa,3,9,pose,8,inanimate_010_left_pair.png,inanimate_010_right_pair.png,224
1019,resnet_pa,3,9,pose,8,animate_004_left.png,animate_004_right.png,228
1020,resnet_pa,3,9,pose,8,inanimate_010_right_pair.png,inanimate_010_left_pair.png,230
1021,resnet_pa,3,9,pose,8,inanimate_008_right.png,inanimate_008_left.png,232
1022,resnet_pa,3,9,pose,8,inanimate_005_right_pair.png,inanimate_005_left_pair.png,242
1023,resnet_pa,3,9,pose,8,animate_002_left_pair.png,animate_002_right_pair.png,243
1024,resnet_pa,3,9,pose,8,inanimate_002_left_pair.png,inanimate_002_right_pair.png,248
1025,resnet_pa,3,9,pose,8,animate_010_right.png,animate_010_left.png,249
1026,resnet_pa,3,9,pose,8,animate_006_left_pair.png,animate_006_right_pair.png,253
1027,resnet_pa,3,9,pose,8,inanimate_003_left_pair.png,inanimate_003_right_pair.png,254
1028,resnet_pa,3,9,pose,8,animate_012_left_pair.png,animate_012_right_pair.png,255
1029,resnet_pa,3,9,pose,8,inanimate_008_left_pair.png,inanimate_008_right_pair.png,259
1030,resnet_pa,3,9,pose,8,inanimate_003_left.png,inanimate_003_right.png,271
1031,resnet_pa,3,9,pose,8,inanimate_006_right_pair.png,inanimate_006_left_pair.png,272
1032,resnet_pa,3,9,pose,8,animate_009_left.png,animate_009_right.png,273
1033,resnet_pa,3,9,pose,8,inanimate_009_left.png,inanimate_009_right.png,276
1034,resnet_pa,3,9,pose,8,inanimate_009_right.png,inanimate_009_left.png,303
1035,resnet_pa,3,9,pose,8,inanimate_006_right.png,inanimate_006_left.png,319
1036,resnet_pa,3,9,pose,8,inanimate_004_left.png,inanimate_004_right.png,322
1037,resnet_pa,3,9,pose,8,animate_009_right.png,animate_009_left.png,325
1038,resnet_pa,3,9,pose,8,inanimate_002_right.png,inanimate_002_left.png,327
1039,resnet_pa,3,9,pose,8,animate_001_left_pair.png,animate_001_right_pair.png,339
1040,resnet_pa,3,9,pose,8,inanimate_005_left_pair.png,inanimate_005_right_pair.png,340
1041,resnet_pa,3,9,pose,8,inanimate_004_right_pair.png,inanimate_004_left_pair.png,346
1042,resnet_pa,3,9,pose,8,animate_009_right_pair.png,animate_009_left_pair.png,348
1043,resnet_pa,3,9,pose,8,animate_008_left.png,animate_008_right.png,368
1044,resnet_pa,3,9,pose,8,animate_005_right.png,animate_005_left.png,371
1045,resnet_pa,3,9,pose,8,animate_005_right_pair.png,animate_005_left_pair.png,379
1046,resnet_pa,3,9,pose,8,inanimate_007_right.png,inanimate_007_left.png,383
1047,resnet_pa,3,9,pose,8,inanimate_006_left.png,inanimate_006_right.png,391
1048,resnet_pa,3,9,pose,8,animate_007_right_pair.png,animate_007_left_pair.png,393
1049,resnet_pa,3,9,pose,8,animate_010_left.png,animate_010_right.png,397
1050,resnet_pa,3,9,pose,8,inanimate_004_left_pair.png,inanimate_004_right_pair.png,403
1051,resnet_pa,3,9,pose,8,animate_005_left_pair.png,animate_005_right_pair.png,406
1052,resnet_pa,3,9,pose,8,animate_008_left_pair.png,animate_008_right_pair.png,420
1053,resnet_pa,3,9,pose,8,animate_007_right.png,animate_007_left.png,436
1054,resnet_pa,3,9,pose,8,animate_012_right_pair.png,animate_012_left_pair.png,445
1055,resnet_pa,3,9,pose,8,animate_002_right.png,animate_002_left.png,453
1056,resnet_pa,3,9,pose,8,inanimate_012_left_pair.png,inanimate_012_right_pair.png,457
1057,resnet_pa,3,9,pose,8,animate_007_left.png,animate_007_right.png,467
1058,resnet_pa,3,9,pose,8,inanimate_001_right.png,inanimate_001_left.png,482
1059,resnet_pa,3,9,pose,8,inanimate_011_left.png,inanimate_011_right.png,495
1060,resnet_pa,3,9,pose,8,animate_006_left.png,animate_006_right.png,496
1061,resnet_pa,3,9,pose,8,animate_006_right_pair.png,animate_006_left_pair.png,497
1062,resnet_pa,3,9,pose,8,inanimate_010_right.png,inanimate_010_left.png,508
1063,resnet_pa,3,9,pose,8,inanimate_007_left.png,inanimate_007_right.png,531
1064,resnet_pa,3,9,pose,8,animate_008_right_pair.png,animate_008_left_pair.png,541
1065,resnet_pa,3,9,pose,8,animate_003_left_pair.png,animate_003_right_pair.png,564
1066,resnet_pa,3,9,pose,8,inanimate_011_left_pair.png,inanimate_011_right_pair.png,565
1067,resnet_pa,3,9,pose,8,animate_007_left_pair.png,animate_007_right_pair.png,575
1068,resnet_pa,3,9,pose,8,inanimate_007_right_pair.png,inanimate_007_left_pair.png,588
1069,resnet_pa,3,9,pose,8,animate_011_right_pair.png,animate_011_left_pair.png,596
1070,resnet_pa,3,9,pose,8,inanimate_007_left_pair.png,inanimate_007_right_pair.png,598
1071,resnet_pa,3,9,pose,8,inanimate_002_left.png,inanimate_002_right.png,632
1072,resnet_pa,3,9,pose,8,animate_004_right.png,animate_004_left.png,652
1073,resnet_pa,3,9,pose,8,inanimate_008_right_pair.png,inanimate_008_left_pair.png,678
1074,resnet_pa,3,9,pose,8,animate_011_left_pair.png,animate_011_right_pair.png,716
1075,resnet_pa,3,9,pose,8,animate_009_left_pair.png,animate_009_right_pair.png,723
1076,resnet_pa,3,9,pose,8,animate_004_left_pair.png,animate_004_right_pair.png,768
1077,resnet_pa,3,9,pose,8,animate_012_left.png,animate_012_right.png,776
1078,resnet_pa,3,9,pose,8,animate_010_right_pair.png,animate_010_left_pair.png,805
1079,resnet_pa,3,9,pose,8,animate_001_right_pair.png,animate_001_left_pair.png,824
1080,resnet_pa,3,8,animacy,4,inanimate_008_right.png,animate_012_right.png,5
1081,resnet_pa,3,8,animacy,4,inanimate_010_left_pair.png,animate_010_left_pair.png,11
1082,resnet_pa,3,8,animacy,4,inanimate_004_left_pair.png,animate_002_left_pair.png,13
1083,resnet_pa,3,8,animacy,4,animate_005_right_pair.png,inanimate_005_right_pair.png,22
1084,resnet_pa,3,8,animacy,4,inanimate_010_left.png,animate_005_left.png,31
1085,resnet_pa,3,8,animacy,4,inanimate_008_right.png,animate_002_right.png,32
1086,resnet_pa,3,8,animacy,4,inanimate_001_right.png,animate_011_right.png,49
1087,resnet_pa,3,8,animacy,4,inanimate_011_left_pair.png,animate_010_left_pair.png,50
1088,resnet_pa,3,8,animacy,4,inanimate_009_right.png,animate_007_right.png,52
1089,resnet_pa,3,8,animacy,4,animate_007_left_pair.png,inanimate_004_left_pair.png,59
1090,resnet_pa,3,8,animacy,4,animate_001_left.png,inanimate_004_left.png,66
1091,resnet_pa,3,8,animacy,4,animate_005_left_pair.png,inanimate_007_left_pair.png,68
1092,resnet_pa,3,8,animacy,4,animate_004_left_pair.png,inanimate_005_left_pair.png,72
1093,resnet_pa,3,8,animacy,4,inanimate_008_right_pair.png,animate_004_right_pair.png,84
1094,resnet_pa,3,8,animacy,4,animate_005_right.png,inanimate_006_right.png,89
1095,resnet_pa,3,8,animacy,4,animate_005_left_pair.png,inanimate_011_left_pair.png,101
1096,resnet_pa,3,8,animacy,4,animate_003_right_pair.png,inanimate_005_right_pair.png,106
1097,resnet_pa,3,8,animacy,4,animate_009_left_pair.png,inanimate_009_left_pair.png,109
1098,resnet_pa,3,8,animacy,4,animate_007_left.png,inanimate_009_left.png,110
1099,resnet_pa,3,8,animacy,4,animate_005_right_pair.png,inanimate_003_right_pair.png,120
1100,resnet_pa,3,8,animacy,4,inanimate_009_left.png,animate_009_left.png,123
1101,resnet_pa,3,8,animacy,4,inanimate_008_left.png,animate_003_left.png,124
1102,resnet_pa,3,8,animacy,4,animate_009_left.png,inanimate_012_left.png,125
1103,resnet_pa,3,8,animacy,4,animate_010_left.png,inanimate_003_left.png,128
1104,resnet_pa,3,8,animacy,4,inanimate_008_right_pair.png,animate_008_right_pair.png,139
1105,resnet_pa,3,8,animacy,4,inanimate_012_left_pair.png,animate_007_left_pair.png,142
1106,resnet_pa,3,8,animacy,4,animate_012_left.png,inanimate_008_left.png,147
1107,resnet_pa,3,8,animacy,4,inanimate_003_left.png,animate_001_left.png,154
1108,resnet_pa,3,8,animacy,4,inanimate_010_left.png,animate_008_left.png,156
1109,resnet_pa,3,8,animacy,4,inanimate_010_right_pair.png,animate_009_right_pair.png,158
1110,resnet_pa,3,8,animacy,4,animate_001_right.png,inanimate_006_right.png,161
1111,resnet_pa,3,8,animacy,4,animate_004_left.png,inanimate_004_left.png,162
1112,resnet_pa,3,8,animacy,4,inanimate_005_left_pair.png,animate_003_left_pair.png,170
1113,resnet_pa,3,8,animacy,4,inanimate_006_right_pair.png,animate_002_right_pair.png,171
1114,resnet_pa,3,8,animacy,4,inanimate_007_left_pair.png,animate_003_left_pair.png,173
1115,resnet_pa,3,8,animacy,4,inanimate_009_left.png,animate_004_left.png,176
1116,resnet_pa,3,8,animacy,4,inanimate_003_right.png,animate_005_right.png,178
1117,resnet_pa,3,8,animacy,4,animate_011_right_pair.png,inanimate_008_right_pair.png,179
1118,resnet_pa,3,8,animacy,4,animate_004_right_pair.png,inanimate_011_right_pair.png,180
1119,resnet_pa,3,8,animacy,4,inanimate_011_left_pair.png,animate_003_left_pair.png,184
1120,resnet_pa,3,8,animacy,4,animate_005_right_pair.png,inanimate_004_right_pair.png,188
1121,resnet_pa,3,8,animacy,4,animate_003_left_pair.png,inanimate_010_left_pair.png,191
1122,resnet_pa,3,8,animacy,4,inanimate_001_left_pair.png,animate_006_left_pair.png,192
1123,resnet_pa,3,8,animacy,4,inanimate_003_left.png,animate_006_left.png,196
1124,resnet_pa,3,8,animacy,4,inanimate_001_right_pair.png,animate_002_right_pair.png,198
1125,resnet_pa,3,8,animacy,4,inanimate_009_right_pair.png,animate_005_right_pair.png,203
1126,resnet_pa,3,8,animacy,4,animate_004_left_pair.png,inanimate_012_left_pair.png,216
1127,resnet_pa,3,8,animacy,4,inanimate_003_right_pair.png,animate_011_right_pair.png,218
1128,resnet_pa,3,8,animacy,4,inanimate_006_right.png,animate_002_right.png,220
1129,resnet_pa,3,8,animacy,4,inanimate_005_left.png,animate_004_left.png,221
1130,resnet_pa,3,8,animacy,4,inanimate_002_right_pair.png,animate_002_right_pair.png,227
1131,resnet_pa,3,8,animacy,4,animate_006_right_pair.png,inanimate_009_right_pair.png,231
1132,resnet_pa,3,8,animacy,4,animate_006_right_pair.png,inanimate_008_right_pair.png,233
1133,resnet_pa,3,8,animacy,4,animate_012_left_pair.png,inanimate_009_left_pair.png,235
1134,resnet_pa,3,8,animacy,4,animate_009_right_pair.png,inanimate_010_right_pair.png,236
1135,resnet_pa,3,8,animacy,4,animate_003_right.png,inanimate_004_right.png,239
1136,resnet_pa,3,8,animacy,4,animate_011_left.png,inanimate_008_left.png,240
1137,resnet_pa,3,8,animacy,4,inanimate_012_left.png,animate_009_left.png,244
1138,resnet_pa,3,8,animacy,4,animate_011_left_pair.png,inanimate_010_left_pair.png,250
1139,resnet_pa,3,8,animacy,4,animate_010_left_pair.png,inanimate_008_left_pair.png,256
1140,resnet_pa,3,8,animacy,4,inanimate_005_right.png,animate_009_right.png,260
1141,resnet_pa,3,8,animacy,4,inanimate_012_left_pair.png,animate_010_left_pair.png,261
1142,resnet_pa,3,8,animacy,4,inanimate_009_right.png,animate_003_right.png,262
1143,resnet_pa,3,8,animacy,4,animate_012_left.png,inanimate_005_left.png,263
1144,resnet_pa,3,8,animacy,4,animate_005_left_pair.png,inanimate_012_left_pair.png,265
1145,resnet_pa,3,8,animacy,4,animate_003_left.png,inanimate_006_left.png,266
1146,resnet_pa,3,8,animacy,4,animate_007_right_pair.png,inanimate_002_right_pair.png,267
1147,resnet_pa,3,8,animacy,4,animate_002_left.png,inanimate_005_left.png,274
1148,resnet_pa,3,8,animacy,4,animate_003_left.png,inanimate_003_left.png,277
1149,resnet_pa,3,8,animacy,4,animate_009_right_pair.png,inanimate_002_right_pair.png,280
1150,resnet_pa,3,8,animacy,4,inanimate_004_left.png,animate_003_left.png,284
1151,resnet_pa,3,8,animacy,4,animate_004_left_pair.png,inanimate_007_left_pair.png,286
1152,resnet_pa,3,8,animacy,4,inanimate_007_right.png,animate_011_right.png,299
1153,resnet_pa,3,8,animacy,4,inanimate_009_left_pair.png,animate_004_left_pair.png,300
1154,resnet_pa,3,8,animacy,4,inanimate_008_right_pair.png,animate_006_right_pair.png,304
1155,resnet_pa,3,8,animacy,4,animate_007_left_pair.png,inanimate_010_left_pair.png,305
1156,resnet_pa,3,8,animacy,4,animate_003_right.png,inanimate_012_right.png,306
1157,resnet_pa,3,8,animacy,4,inanimate_011_left.png,animate_002_left.png,312
1158,resnet_pa,3,8,animacy,4,animate_006_right.png,inanimate_002_right.png,314
1159,resnet_pa,3,8,animacy,4,inanimate_009_right_pair.png,animate_010_right_pair.png,315
1160,resnet_pa,3,8,animacy,4,inanimate_008_right_pair.png,animate_001_right_pair.png,317
1161,resnet_pa,3,8,animacy,4,animate_006_left.png,inanimate_004_left.png,323
1162,resnet_pa,3,8,animacy,4,inanimate_009_right.png,animate_001_right.png,326
1163,resnet_pa,3,8,animacy,4,animate_003_right.png,inanimate_001_right.png,336
1164,resnet_pa,3,8,animacy,4,inanimate_009_right_pair.png,animate_009_right_pair.png,338
1165,resnet_pa,3,8,animacy,4,inanimate_011_right.png,animate_005_right.png,342
1166,resnet_pa,3,8,animacy,4,inanimate_007_left.png,animate_009_left.png,345
1167,resnet_pa,3,8,animacy,4,inanimate_002_right.png,animate_005_right.png,349
1168,resnet_pa,3,8,animacy,4,inanimate_008_right_pair.png,animate_012_right_pair.png,351
1169,resnet_pa,3,8,animacy,4,inanimate_011_right.png,animate_003_right.png,354
1170,resnet_pa,3,8,animacy,4,inanimate_005_left_pair.png,animate_007_left_pair.png,355
1171,resnet_pa,3,8,animacy,4,inanimate_003_right_pair.png,animate_006_right_pair.png,357
1172,resnet_pa,3,8,animacy,4,animate_012_right.png,inanimate_008_right.png,358
1173,resnet_pa,3,8,animacy,4,inanimate_008_left.png,animate_010_left.png,364
1174,resnet_pa,3,8,animacy,4,inanimate_001_left.png,animate_005_left.png,365
1175,resnet_pa,3,8,animacy,4,inanimate_007_left_pair.png,animate_002_left_pair.png,366
1176,resnet_pa,3,8,animacy,4,inanimate_001_left.png,animate_010_left.png,369
1177,resnet_pa,3,8,animacy,4,inanimate_012_left_pair.png,animate_002_left_pair.png,372
1178,resnet_pa,3,8,animacy,4,inanimate_002_right_pair.png,animate_008_right_pair.png,373
1179,resnet_pa,3,8,animacy,4,animate_005_left_pair.png,inanimate_006_left_pair.png,375
1180,resnet_pa,3,8,animacy,4,inanimate_003_right_pair.png,animate_008_right_pair.png,377
1181,resnet_pa,3,8,animacy,4,animate_012_right.png,inanimate_011_right.png,382
1182,resnet_pa,3,8,animacy,4,inanimate_005_left_pair.png,animate_009_left_pair.png,385
1183,resnet_pa,3,8,animacy,4,animate_010_right.png,inanimate_003_right.png,387
1184,resnet_pa,3,8,animacy,4,inanimate_001_left.png,animate_006_left.png,389
1185,resnet_pa,3,8,animacy,4,animate_008_left.png,inanimate_007_left.png,395
1186,resnet_pa,3,8,animacy,4,animate_001_right.png,inanimate_007_right.png,396
1187,resnet_pa,3,8,animacy,4,animate_004_right.png,inanimate_002_right.png,401
1188,resnet_pa,3,8,animacy,4,animate_008_right.png,inanimate_011_right.png,402
1189,resnet_pa,3,8,animacy,4,inanimate_008_right_pair.png,animate_007_right_pair.png,404
1190,resnet_pa,3,8,animacy,4,inanimate_008_left_pair.png,animate_003_left_pair.png,410
1191,resnet_pa,3,8,animacy,4,animate_004_right_pair.png,inanimate_012_right_pair.png,411
1192,resnet_pa,3,8,animacy,4,animate_004_left.png,inanimate_001_left.png,412
1193,resnet_pa,3,8,animacy,4,inanimate_007_left.png,animate_011_left.png,415
1194,resnet_pa,3,8,animacy,4,animate_006_left.png,inanimate_007_left.png,416
1195,resnet_pa,3,8,animacy,4,animate_002_right_pair.png,inanimate_011_right_pair.png,419
1196,resnet_pa,3,8,animacy,4,inanimate_001_right_pair.png,animate_001_right_pair.png,421
1197,resnet_pa,3,8,animacy,4,inanimate_002_left_pair.png,animate_006_left_pair.png,424
1198,resnet_pa,3,8,animacy,4,animate_006_right_pair.png,inanimate_011_right_pair.png,425
1199,resnet_pa,3,8,animacy,4,animate_004_left.png,inanimate_006_left.png,429
1200,resnet_pa,3,8,animacy,4,inanimate_001_right_pair.png,animate_005_right_pair.png,430
1201,resnet_pa,3,8,animacy,4,animate_010_right.png,inanimate_012_right.png,431
1202,resnet_pa,3,8,animacy,4,inanimate_007_left_pair.png,animate_009_left_pair.png,433
1203,resnet_pa,3,8,animacy,4,inanimate_011_left_pair.png,animate_001_left_pair.png,435
1204,resnet_pa,3,8,animacy,4,inanimate_002_right.png,animate_010_right.png,437
1205,resnet_pa,3,8,animacy,4,animate_008_left_pair.png,inanimate_006_left_pair.png,438
1206,resnet_pa,3,8,animacy,4,inanimate_001_left_pair.png,animate_007_left_pair.png,440
1207,resnet_pa,3,8,animacy,4,inanimate_002_right.png,animate_001_right.png,447
1208,resnet_pa,3,8,animacy,4,animate_007_left_pair.png,inanimate_003_left_pair.png,450
1209,resnet_pa,3,8,animacy,4,inanimate_008_left.png,animate_007_left.png,451
1210,resnet_pa,3,8,animacy,4,animate_008_left.png,inanimate_001_left.png,455
1211,resnet_pa,3,8,animacy,4,animate_002_left_pair.png,inanimate_011_left_pair.png,462
1212,resnet_pa,3,8,animacy,4,inanimate_011_right_pair.png,animate_005_right_pair.png,463
1213,resnet_pa,3,8,animacy,4,inanimate_005_right_pair.png,animate_011_right_pair.png,464
1214,resnet_pa,3,8,animacy,4,inanimate_001_right.png,animate_005_right.png,466
1215,resnet_pa,3,8,animacy,4,animate_010_left.png,inanimate_005_left.png,473
1216,resnet_pa,3,8,animacy,4,inanimate_009_right.png,animate_009_right.png,475
1217,resnet_pa,3,8,animacy,4,animate_004_left_pair.png,inanimate_009_left_pair.png,479
1218,resnet_pa,3,8,animacy,4,inanimate_005_left.png,animate_006_left.png,480
1219,resnet_pa,3,8,animacy,4,animate_002_right.png,inanimate_012_right.png,483
1220,resnet_pa,3,8,animacy,4,animate_011_right_pair.png,inanimate_002_right_pair.png,484
1221,resnet_pa,3,8,animacy,4,animate_001_right_pair.png,inanimate_008_right_pair.png,487
1222,resnet_pa,3,8,animacy,4,animate_011_right_pair.png,inanimate_012_right_pair.png,491
1223,resnet_pa,3,8,animacy,4,inanimate_010_right.png,animate_004_right.png,493
1224,resnet_pa,3,8,animacy,4,animate_011_left_pair.png,inanimate_011_left_pair.png,499
1225,resnet_pa,3,8,animacy,4,animate_010_left.png,inanimate_012_left.png,500
1226,resnet_pa,3,8,animacy,4,inanimate_003_right.png,animate_008_right.png,501
1227,resnet_pa,3,8,animacy,4,inanimate_005_right_pair.png,animate_002_right_pair.png,502
1228,resnet_pa,3,8,animacy,4,inanimate_004_left.png,animate_005_left.png,503
1229,resnet_pa,3,8,animacy,4,inanimate_012_left_pair.png,animate_012_left_pair.png,504
1230,resnet_pa,3,8,animacy,4,inanimate_007_left_pair.png,animate_005_left_pair.png,505
1231,resnet_pa,3,8,animacy,4,inanimate_007_right_pair.png,animate_008_right_pair.png,506
1232,resnet_pa,3,8,animacy,4,animate_008_right.png,inanimate_001_right.png,509
1233,resnet_pa,3,8,animacy,4,animate_007_right.png,inanimate_004_right.png,510
1234,resnet_pa,3,8,animacy,4,inanimate_003_left_pair.png,animate_008_left_pair.png,513
1235,resnet_pa,3,8,animacy,4,inanimate_008_right.png,animate_005_right.png,514
1236,resnet_pa,3,8,animacy,4,inanimate_011_right_pair.png,animate_002_right_pair.png,516
1237,resnet_pa,3,8,animacy,4,inanimate_012_right_pair.png,animate_001_right_pair.png,517
1238,resnet_pa,3,8,animacy,4,animate_003_left.png,inanimate_012_left.png,519
1239,resnet_pa,3,8,animacy,4,inanimate_006_right_pair.png,animate_011_right_pair.png,522
1240,resnet_pa,3,8,animacy,4,animate_007_right.png,inanimate_002_right.png,527
1241,resnet_pa,3,8,animacy,4,animate_001_right_pair.png,inanimate_009_right_pair.png,530
1242,resnet_pa,3,8,animacy,4,inanimate_003_right.png,animate_011_right.png,538
1243,resnet_pa,3,8,animacy,4,animate_009_right.png,inanimate_004_right.png,540
1244,resnet_pa,3,8,animacy,4,inanimate_004_right_pair.png,animate_011_right_pair.png,542
1245,resnet_pa,3,8,animacy,4,animate_003_left.png,inanimate_002_left.png,543
1246,resnet_pa,3,8,animacy,4,animate_009_left_pair.png,inanimate_001_left_pair.png,546
1247,resnet_pa,3,8,animacy,4,animate_010_right.png,inanimate_006_right.png,548
1248,resnet_pa,3,8,animacy,4,animate_008_right_pair.png,inanimate_008_right_pair.png,552
1249,resnet_pa,3,8,animacy,4,inanimate_010_right_pair.png,animate_007_right_pair.png,558
1250,resnet_pa,3,8,animacy,4,inanimate_004_left_pair.png,animate_007_left_pair.png,559
1251,resnet_pa,3,8,animacy,4,inanimate_008_left.png,animate_009_left.png,560
1252,resnet_pa,3,8,animacy,4,inanimate_008_left.png,animate_006_left.png,563
1253,resnet_pa,3,8,animacy,4,animate_005_left_pair.png,inanimate_008_left_pair.png,567
1254,resnet_pa,3,8,animacy,4,animate_005_right.png,inanimate_005_right.png,568
1255,resnet_pa,3,8,animacy,4,inanimate_004_right.png,animate_008_right.png,569
1256,resnet_pa,3,8,animacy,4,inanimate_004_right_pair.png,animate_009_right_pair.png,571
1257,resnet_pa,3,8,animacy,4,animate_007_right_pair.png,inanimate_001_right_pair.png,572
1258,resnet_pa,3,8,animacy,4,animate_008_left.png,inanimate_011_left.png,578
1259,resnet_pa,3,8,animacy,4,animate_012_left_pair.png,inanimate_007_left_pair.png,579
1260,resnet_pa,3,8,animacy,4,inanimate_002_right.png,animate_003_right.png,583
1261,resnet_pa,3,8,animacy,4,inanimate_011_right.png,animate_002_right.png,585
1262,resnet_pa,3,8,animacy,4,animate_007_left_pair.png,inanimate_008_left_pair.png,586
1263,resnet_pa,3,8,animacy,4,animate_007_left.png,inanimate_008_left.png,589
1264,resnet_pa,3,8,animacy,4,animate_002_left.png,inanimate_012_left.png,590
1265,resnet_pa,3,8,animacy,4,inanimate_011_right_pair.png,animate_001_right_pair.png,592
1266,resnet_pa,3,8,animacy,4,animate_011_left.png,inanimate_010_left.png,594
1267,resnet_pa,3,8,animacy,4,inanimate_010_right.png,animate_007_right.png,595
1268,resnet_pa,3,8,animacy,4,animate_011_left.png,inanimate_007_left.png,599
1269,resnet_pa,3,8,animacy,4,animate_003_right.png,inanimate_005_right.png,600
1270,resnet_pa,3,8,animacy,4,inanimate_004_left_pair.png,animate_012_left_pair.png,604
1271,resnet_pa,3,8,animacy,4,animate_005_left.png,inanimate_007_left.png,605
1272,resnet_pa,3,8,animacy,4,animate_001_left.png,inanimate_006_left.png,609
1273,resnet_pa,3,8,animacy,4,inanimate_010_right.png,animate_010_right.png,611
1274,resnet_pa,3,8,animacy,4,animate_006_left_pair.png,inanimate_006_left_pair.png,613
1275,resnet_pa,3,8,animacy,4,animate_012_left_pair.png,inanimate_005_left_pair.png,614
1276,resnet_pa,3,8,animacy,4,inanimate_011_left_pair.png,animate_005_left_pair.png,615
1277,resnet_pa,3,8,animacy,4,inanimate_012_right.png,animate_003_right.png,619
1278,resnet_pa,3,8,animacy,4,inanimate_011_right.png,animate_010_right.png,620
1279,resnet_pa,3,8,animacy,4,animate_010_right.png,inanimate_004_right.png,621
1280,resnet_pa,3,8,animacy,4,animate_007_right.png,inanimate_008_right.png,625
1281,resnet_pa,3,8,animacy,4,animate_010_left.png,inanimate_011_left.png,626
1282,resnet_pa,3,8,animacy,4,animate_009_left_pair.png,inanimate_002_left_pair.png,627
1283,resnet_pa,3,8,animacy,4,inanimate_009_right_pair.png,animate_002_right_pair.png,629
1284,resnet_pa,3,8,animacy,4,inanimate_003_left.png,animate_009_left.png,634
1285,resnet_pa,3,8,animacy,4,inanimate_008_left_pair.png,animate_008_left_pair.png,636
1286,resnet_pa,3,8,animacy,4,inanimate_003_right_pair.png,animate_009_right_pair.png,639
1287,resnet_pa,3,8,animacy,4,animate_004_right.png,inanimate_010_right.png,643
1288,resnet_pa,3,8,animacy,4,animate_012_left_pair.png,inanimate_004_left_pair.png,644
1289,resnet_pa,3,8,animacy,4,inanimate_008_left_pair.png,animate_005_left_pair.png,646
1290,resnet_pa,3,8,animacy,4,inanimate_011_right.png,animate_008_right.png,647
1291,resnet_pa,3,8,animacy,4,inanimate_002_right_pair.png,animate_001_right_pair.png,649
1292,resnet_pa,3,8,animacy,4,animate_003_right_pair.png,inanimate_008_right_pair.png,650
1293,resnet_pa,3,8,animacy,4,animate_006_left_pair.png,inanimate_011_left_pair.png,655
1294,resnet_pa,3,8,animacy,4,animate_002_right_pair.png,inanimate_003_right_pair.png,660
1295,resnet_pa,3,8,animacy,4,animate_001_left_pair.png,inanimate_011_left_pair.png,661
1296,resnet_pa,3,8,animacy,4,inanimate_012_left.png,animate_004_left.png,664
1297,resnet_pa,3,8,animacy,4,inanimate_004_left.png,animate_008_left.png,666
1298,resnet_pa,3,8,animacy,4,animate_010_right.png,inanimate_007_right.png,667
1299,resnet_pa,3,8,animacy,4,animate_002_right_pair.png,inanimate_001_right_pair.png,668
1300,resnet_pa,3,8,animacy,4,animate_002_right_pair.png,inanimate_007_right_pair.png,669
1301,resnet_pa,3,8,animacy,4,animate_005_right.png,inanimate_011_right.png,670
1302,resnet_pa,3,8,animacy,4,animate_012_right.png,inanimate_005_right.png,673
1303,resnet_pa,3,8,animacy,4,inanimate_010_right.png,animate_006_right.png,674
1304,resnet_pa,3,8,animacy,4,inanimate_012_right.png,animate_009_right.png,675
1305,resnet_pa,3,8,animacy,4,animate_004_left.png,inanimate_012_left.png,676
1306,resnet_pa,3,8,animacy,4,animate_010_left_pair.png,inanimate_009_left_pair.png,680
1307,resnet_pa,3,8,animacy,4,animate_007_right.png,inanimate_005_right.png,681
1308,resnet_pa,3,8,animacy,4,inanimate_002_left.png,animate_012_left.png,682
1309,resnet_pa,3,8,animacy,4,animate_012_right_pair.png,inanimate_004_right_pair.png,683
1310,resnet_pa,3,8,animacy,4,animate_001_right.png,inanimate_010_right.png,684
1311,resnet_pa,3,8,animacy,4,inanimate_012_right.png,animate_010_right.png,686
1312,resnet_pa,3,8,animacy,4,animate_012_right_pair.png,inanimate_005_right_pair.png,688
1313,resnet_pa,3,8,animacy,4,animate_011_left.png,inanimate_006_left.png,689
1314,resnet_pa,3,8,animacy,4,animate_005_right_pair.png,inanimate_008_right_pair.png,693
1315,resnet_pa,3,8,animacy,4,animate_006_left.png,inanimate_002_left.png,694
1316,resnet_pa,3,8,animacy,4,animate_006_right_pair.png,inanimate_010_right_pair.png,699
1317,resnet_pa,3,8,animacy,4,animate_007_left_pair.png,inanimate_011_left_pair.png,702
1318,resnet_pa,3,8,animacy,4,animate_008_left_pair.png,inanimate_002_left_pair.png,703
1319,resnet_pa,3,8,animacy,4,inanimate_008_left_pair.png,animate_001_left_pair.png,705
1320,resnet_pa,3,8,animacy,4,inanimate_002_left_pair.png,animate_012_left_pair.png,708
1321,resnet_pa,3,8,animacy,4,animate_010_right.png,inanimate_008_right.png,712
1322,resnet_pa,3,8,animacy,4,inanimate_008_right.png,animate_006_right.png,714
1323,resnet_pa,3,8,animacy,4,animate_004_left_pair.png,inanimate_010_left_pair.png,717
1324,resnet_pa,3,8,animacy,4,inanimate_006_right_pair.png,animate_008_right_pair.png,725
1325,resnet_pa,3,8,animacy,4,inanimate_002_left_pair.png,animate_007_left_pair.png,728
1326,resnet_pa,3,8,animacy,4,inanimate_001_left_pair.png,animate_001_left_pair.png,729
1327,resnet_pa,3,8,animacy,4,inanimate_012_right.png,animate_004_right.png,730
1328,resnet_pa,3,8,animacy,4,inanimate_007_left.png,animate_007_left.png,731
1329,resnet_pa,3,8,animacy,4,animate_002_left.png,inanimate_006_left.png,732
1330,resnet_pa,3,8,animacy,4,inanimate_003_left.png,animate_011_left.png,735
1331,resnet_pa,3,8,animacy,4,animate_010_right.png,inanimate_009_right.png,737
1332,resnet_pa,3,8,animacy,4,inanimate_001_left.png,animate_012_left.png,739
1333,resnet_pa,3,8,animacy,4,inanimate_004_left_pair.png,animate_001_left_pair.png,740
1334,resnet_pa,3,8,animacy,4,animate_011_right.png,inanimate_005_right.png,741
1335,resnet_pa,3,8,animacy,4,inanimate_010_left.png,animate_001_left.png,744
1336,resnet_pa,3,8,animacy,4,inanimate_006_right_pair.png,animate_007_right_pair.png,745
1337,resnet_pa,3,8,animacy,4,animate_002_right_pair.png,inanimate_010_right_pair.png,747
1338,resnet_pa,3,8,animacy,4,animate_011_left_pair.png,inanimate_012_left_pair.png,749
1339,resnet_pa,3,8,animacy,4,inanimate_001_right_pair.png,animate_012_right_pair.png,750
1340,resnet_pa,3,8,animacy,4,animate_001_left_pair.png,inanimate_004_left_pair.png,751
1341,resnet_pa,3,8,animacy,4,inanimate_003_left_pair.png,animate_002_left_pair.png,752
1342,resnet_pa,3,8,animacy,4,inanimate_003_right_pair.png,animate_010_right_pair.png,753
1343,resnet_pa,3,8,animacy,4,animate_003_right.png,inanimate_010_right.png,754
1344,resnet_pa,3,8,animacy,4,inanimate_007_left_pair.png,animate_004_left_pair.png,763
1345,resnet_pa,3,8,animacy,4,animate_012_right_pair.png,inanimate_012_right_pair.png,764
1346,resnet_pa,3,8,animacy,4,animate_008_left_pair.png,inanimate_005_left_pair.png,771
1347,resnet_pa,3,8,animacy,4,inanimate_004_right_pair.png,animate_008_right_pair.png,773
1348,resnet_pa,3,8,animacy,4,animate_004_right.png,inanimate_012_right.png,775
1349,resnet_pa,3,8,animacy,4,inanimate_010_right.png,animate_008_right.png,777
1350,resnet_pa,3,8,animacy,4,animate_006_right.png,inanimate_005_right.png,781
1351,resnet_pa,3,8,animacy,4,inanimate_011_left.png,animate_004_left.png,782
1352,resnet_pa,3,8,animacy,4,animate_012_right.png,inanimate_009_right.png,783
1353,resnet_pa,3,8,animacy,4,animate_008_right_pair.png,inanimate_003_right_pair.png,784
1354,resnet_pa,3,8,animacy,4,animate_004_right_pair.png,inanimate_006_right_pair.png,785
1355,resnet_pa,3,8,animacy,4,animate_005_left.png,inanimate_008_left.png,789
1356,resnet_pa,3,8,animacy,4,inanimate_009_right_pair.png,animate_012_right_pair.png,790
1357,resnet_pa,3,8,animacy,4,animate_012_right.png,inanimate_006_right.png,793
1358,resnet_pa,3,8,animacy,4,inanimate_010_right.png,animate_009_right.png,795
1359,resnet_pa,3,8,animacy,4,animate_009_left_pair.png,inanimate_005_left_pair.png,798
1360,resnet_pa,3,8,animacy,4,animate_008_left.png,inanimate_002_left.png,799
1361,resnet_pa,3,8,animacy,4,animate_005_left.png,inanimate_004_left.png,800
1362,resnet_pa,3,8,animacy,4,inanimate_005_left_pair.png,animate_006_left_pair.png,801
1363,resnet_pa,3,8,animacy,4,animate_011_right.png,inanimate_003_right.png,802
1364,resnet_pa,3,8,animacy,4,inanimate_007_right.png,animate_007_right.png,803
1365,resnet_pa,3,8,animacy,4,animate_002_right_pair.png,inanimate_008_right_pair.png,807
1366,resnet_pa,3,8,animacy,4,animate_012_left.png,inanimate_002_left.png,811
1367,resnet_pa,3,8,animacy,4,animate_009_left_pair.png,inanimate_010_left_pair.png,812
1368,resnet_pa,3,8,animacy,4,inanimate_011_right_pair.png,animate_011_right_pair.png,815
1369,resnet_pa,3,8,animacy,4,inanimate_004_right.png,animate_012_right.png,816
1370,resnet_pa,3,8,animacy,4,animate_002_left_pair.png,inanimate_003_left_pair.png,817
1371,resnet_pa,3,8,animacy,4,inanimate_009_left.png,animate_001_left.png,819
1372,resnet_pa,3,8,animacy,4,animate_009_left.png,inanimate_001_left.png,820
1373,resnet_pa,3,8,animacy,4,inanimate_012_left.png,animate_011_left.png,821
1374,resnet_pa,3,8,animacy,4,animate_009_right.png,inanimate_002_right.png,826
1375,resnet_pa,3,8,animacy,4,animate_004_right.png,inanimate_009_right.png,827
1376,resnet_pa,3,8,animacy,4,animate_003_left_pair.png,inanimate_011_left_pair.png,832
1377,resnet_pa,3,8,animacy,4,inanimate_001_right.png,animate_002_right.png,833
1378,resnet_pa,3,8,animacy,4,animate_010_right_pair.png,inanimate_008_right_pair.png,835
1379,resnet_pa,3,8,animacy,4,inanimate_005_right.png,animate_011_right.png,836
1380,resnet_pa,3,8,animacy,4,animate_006_left.png,inanimate_010_left.png,837
1381,resnet_pa,3,8,animacy,4,animate_005_left_pair.png,inanimate_002_left_pair.png,838
1382,resnet_pa,3,8,animacy,4,animate_006_right_pair.png,inanimate_001_right_pair.png,839
1383,resnet_pa,3,8,animacy,4,inanimate_005_left_pair.png,animate_011_left_pair.png,840
1384,resnet_pa,3,8,animacy,4,animate_009_right.png,inanimate_001_right.png,844
1385,resnet_pa,3,9,animacy,9,inanimate_008_right.png,animate_012_right.png,5
1386,resnet_pa,3,9,animacy,9,inanimate_010_left_pair.png,animate_010_left_pair.png,11
1387,resnet_pa,3,9,animacy,9,inanimate_004_left_pair.png,animate_002_left_pair.png,13
1388,resnet_pa,3,9,animacy,9,animate_005_right_pair.png,inanimate_005_right_pair.png,22
1389,resnet_pa,3,9,animacy,9,inanimate_010_left.png,animate_005_left.png,31
1390,resnet_pa,3,9,animacy,9,inanimate_008_right.png,animate_002_right.png,32
1391,resnet_pa,3,9,animacy,9,inanimate_001_right.png,animate_011_right.png,49
1392,resnet_pa,3,9,animacy,9,inanimate_011_left_pair.png,animate_010_left_pair.png,50
1393,resnet_pa,3,9,animacy,9,inanimate_009_right.png,animate_007_right.png,52
1394,resnet_pa,3,9,animacy,9,animate_007_left_pair.png,inanimate_004_left_pair.png,59
1395,resnet_pa,3,9,animacy,9,animate_001_left.png,inanimate_004_left.png,66
1396,resnet_pa,3,9,animacy,9,animate_005_left_pair.png,inanimate_007_left_pair.png,68
1397,resnet_pa,3,9,animacy,9,animate_004_left_pair.png,inanimate_005_left_pair.png,72
1398,resnet_pa,3,9,animacy,9,inanimate_008_right_pair.png,animate_004_right_pair.png,84
1399,resnet_pa,3,9,animacy,9,animate_005_right.png,inanimate_006_right.png,89
1400,resnet_pa,3,9,animacy,9,animate_005_left_pair.png,inanimate_011_left_pair.png,101
1401,resnet_pa,3,9,animacy,9,animate_003_right_pair.png,inanimate_005_right_pair.png,106
1402,resnet_pa,3,9,animacy,9,animate_009_left_pair.png,inanimate_009_left_pair.png,109
1403,resnet_pa,3,9,animacy,9,animate_007_left.png,inanimate_009_left.png,110
1404,resnet_pa,3,9,animacy,9,animate_005_right_pair.png,inanimate_003_right_pair.png,120
1405,resnet_pa,3,9,animacy,9,inanimate_009_left.png,animate_009_left.png,123
1406,resnet_pa,3,9,animacy,9,inanimate_008_left.png,animate_003_left.png,124
1407,resnet_pa,3,9,animacy,9,animate_009_left.png,inanimate_012_left.png,125
1408,resnet_pa,3,9,animacy,9,animate_010_left.png,inanimate_003_left.png,128
1409,resnet_pa,3,9,animacy,9,inanimate_008_right_pair.png,animate_008_right_pair.png,139
1410,resnet_pa,3,9,animacy,9,inanimate_012_left_pair.png,animate_007_left_pair.png,142
1411,resnet_pa,3,9,animacy,9,animate_012_left.png,inanimate_008_left.png,147
1412,resnet_pa,3,9,animacy,9,inanimate_003_left.png,animate_001_left.png,154
1413,resnet_pa,3,9,animacy,9,inanimate_010_left.png,animate_008_left.png,156
1414,resnet_pa,3,9,animacy,9,inanimate_010_right_pair.png,animate_009_right_pair.png,158
1415,resnet_pa,3,9,animacy,9,animate_001_right.png,inanimate_006_right.png,161
1416,resnet_pa,3,9,animacy,9,animate_004_left.png,inanimate_004_left.png,162
1417,resnet_pa,3,9,animacy,9,inanimate_005_left_pair.png,animate_003_left_pair.png,170
1418,resnet_pa,3,9,animacy,9,inanimate_006_right_pair.png,animate_002_right_pair.png,171
1419,resnet_pa,3,9,animacy,9,inanimate_007_left_pair.png,animate_003_left_pair.png,173
1420,resnet_pa,3,9,animacy,9,inanimate_009_left.png,animate_004_left.png,176
1421,resnet_pa,3,9,animacy,9,inanimate_003_right.png,animate_005_right.png,178
1422,resnet_pa,3,9,animacy,9,animate_011_right_pair.png,inanimate_008_right_pair.png,179
1423,resnet_pa,3,9,animacy,9,animate_004_right_pair.png,inanimate_011_right_pair.png,180
1424,resnet_pa,3,9,animacy,9,inanimate_011_left_pair.png,animate_003_left_pair.png,184
1425,resnet_pa,3,9,animacy,9,animate_005_right_pair.png,inanimate_004_right_pair.png,188
1426,resnet_pa,3,9,animacy,9,animate_003_left_pair.png,inanimate_010_left_pair.png,191
1427,resnet_pa,3,9,animacy,9,inanimate_001_left_pair.png,animate_006_left_pair.png,192
1428,resnet_pa,3,9,animacy,9,inanimate_003_left.png,animate_006_left.png,196
1429,resnet_pa,3,9,animacy,9,inanimate_001_right_pair.png,animate_002_right_pair.png,198
1430,resnet_pa,3,9,animacy,9,inanimate_009_right_pair.png,animate_005_right_pair.png,203
1431,resnet_pa,3,9,animacy,9,animate_004_left_pair.png,inanimate_012_left_pair.png,216
1432,resnet_pa,3,9,animacy,9,inanimate_003_right_pair.png,animate_011_right_pair.png,218
1433,resnet_pa,3,9,animacy,9,inanimate_006_right.png,animate_002_right.png,220
1434,resnet_pa,3,9,animacy,9,inanimate_005_left.png,animate_004_left.png,221
1435,resnet_pa,3,9,animacy,9,inanimate_002_right_pair.png,animate_002_right_pair.png,227
1436,resnet_pa,3,9,animacy,9,animate_006_right_pair.png,inanimate_009_right_pair.png,231
1437,resnet_pa,3,9,animacy,9,animate_006_right_pair.png,inanimate_008_right_pair.png,233
1438,resnet_pa,3,9,animacy,9,animate_012_left_pair.png,inanimate_009_left_pair.png,235
1439,resnet_pa,3,9,animacy,9,animate_009_right_pair.png,inanimate_010_right_pair.png,236
1440,resnet_pa,3,9,animacy,9,animate_003_right.png,inanimate_004_right.png,239
1441,resnet_pa,3,9,animacy,9,animate_011_left.png,inanimate_008_left.png,240
1442,resnet_pa,3,9,animacy,9,inanimate_012_left.png,animate_009_left.png,244
1443,resnet_pa,3,9,animacy,9,animate_011_left_pair.png,inanimate_010_left_pair.png,250
1444,resnet_pa,3,9,animacy,9,animate_010_left_pair.png,inanimate_008_left_pair.png,256
1445,resnet_pa,3,9,animacy,9,inanimate_005_right.png,animate_009_right.png,260
1446,resnet_pa,3,9,animacy,9,inanimate_012_left_pair.png,animate_010_left_pair.png,261
1447,resnet_pa,3,9,animacy,9,inanimate_009_right.png,animate_003_right.png,262
1448,resnet_pa,3,9,animacy,9,animate_012_left.png,inanimate_005_left.png,263
1449,resnet_pa,3,9,animacy,9,animate_005_left_pair.png,inanimate_012_left_pair.png,265
1450,resnet_pa,3,9,animacy,9,animate_003_left.png,inanimate_006_left.png,266
1451,resnet_pa,3,9,animacy,9,animate_007_right_pair.png,inanimate_002_right_pair.png,267
1452,resnet_pa,3,9,animacy,9,animate_002_left.png,inanimate_005_left.png,274
1453,resnet_pa,3,9,animacy,9,animate_003_left.png,inanimate_003_left.png,277
1454,resnet_pa,3,9,animacy,9,animate_009_right_pair.png,inanimate_002_right_pair.png,280
1455,resnet_pa,3,9,animacy,9,inanimate_004_left.png,animate_003_left.png,284
1456,resnet_pa,3,9,animacy,9,animate_004_left_pair.png,inanimate_007_left_pair.png,286
1457,resnet_pa,3,9,animacy,9,inanimate_007_right.png,animate_011_right.png,299
1458,resnet_pa,3,9,animacy,9,inanimate_009_left_pair.png,animate_004_left_pair.png,300
1459,resnet_pa,3,9,animacy,9,inanimate_008_right_pair.png,animate_006_right_pair.png,304
1460,resnet_pa,3,9,animacy,9,animate_007_left_pair.png,inanimate_010_left_pair.png,305
1461,resnet_pa,3,9,animacy,9,animate_003_right.png,inanimate_012_right.png,306
1462,resnet_pa,3,9,animacy,9,inanimate_011_left.png,animate_002_left.png,312
1463,resnet_pa,3,9,animacy,9,animate_006_right.png,inanimate_002_right.png,314
1464,resnet_pa,3,9,animacy,9,inanimate_009_right_pair.png,animate_010_right_pair.png,315
1465,resnet_pa,3,9,animacy,9,inanimate_008_right_pair.png,animate_001_right_pair.png,317
1466,resnet_pa,3,9,animacy,9,animate_006_left.png,inanimate_004_left.png,323
1467,resnet_pa,3,9,animacy,9,inanimate_009_right.png,animate_001_right.png,326
1468,resnet_pa,3,9,animacy,9,animate_003_right.png,inanimate_001_right.png,336
1469,resnet_pa,3,9,animacy,9,inanimate_009_right_pair.png,animate_009_right_pair.png,338
1470,resnet_pa,3,9,animacy,9,inanimate_011_right.png,animate_005_right.png,342
1471,resnet_pa,3,9,animacy,9,inanimate_007_left.png,animate_009_left.png,345
1472,resnet_pa,3,9,animacy,9,inanimate_002_right.png,animate_005_right.png,349
1473,resnet_pa,3,9,animacy,9,inanimate_008_right_pair.png,animate_012_right_pair.png,351
1474,resnet_pa,3,9,animacy,9,inanimate_011_right.png,animate_003_right.png,354
1475,resnet_pa,3,9,animacy,9,inanimate_005_left_pair.png,animate_007_left_pair.png,355
1476,resnet_pa,3,9,animacy,9,inanimate_003_right_pair.png,animate_006_right_pair.png,357
1477,resnet_pa,3,9,animacy,9,animate_012_right.png,inanimate_008_right.png,358
1478,resnet_pa,3,9,animacy,9,inanimate_008_left.png,animate_010_left.png,364
1479,resnet_pa,3,9,animacy,9,inanimate_001_left.png,animate_005_left.png,365
1480,resnet_pa,3,9,animacy,9,inanimate_007_left_pair.png,animate_002_left_pair.png,366
1481,resnet_pa,3,9,animacy,9,inanimate_001_left.png,animate_010_left.png,369
1482,resnet_pa,3,9,animacy,9,inanimate_012_left_pair.png,animate_002_left_pair.png,372
1483,resnet_pa,3,9,animacy,9,inanimate_002_right_pair.png,animate_008_right_pair.png,373
1484,resnet_pa,3,9,animacy,9,animate_005_left_pair.png,inanimate_006_left_pair.png,375
1485,resnet_pa,3,9,animacy,9,inanimate_003_right_pair.png,animate_008_right_pair.png,377
1486,resnet_pa,3,9,animacy,9,animate_012_right.png,inanimate_011_right.png,382
1487,resnet_pa,3,9,animacy,9,inanimate_005_left_pair.png,animate_009_left_pair.png,385
1488,resnet_pa,3,9,animacy,9,animate_010_right.png,inanimate_003_right.png,387
1489,resnet_pa,3,9,animacy,9,inanimate_001_left.png,animate_006_left.png,389
1490,resnet_pa,3,9,animacy,9,animate_008_left.png,inanimate_007_left.png,395
1491,resnet_pa,3,9,animacy,9,animate_001_right.png,inanimate_007_right.png,396
1492,resnet_pa,3,9,animacy,9,animate_004_right.png,inanimate_002_right.png,401
1493,resnet_pa,3,9,animacy,9,animate_008_right.png,inanimate_011_right.png,402
1494,resnet_pa,3,9,animacy,9,inanimate_008_right_pair.png,animate_007_right_pair.png,404
1495,resnet_pa,3,9,animacy,9,inanimate_008_left_pair.png,animate_003_left_pair.png,410
1496,resnet_pa,3,9,animacy,9,animate_004_right_pair.png,inanimate_012_right_pair.png,411
1497,resnet_pa,3,9,animacy,9,animate_004_left.png,inanimate_001_left.png,412
1498,resnet_pa,3,9,animacy,9,inanimate_007_left.png,animate_011_left.png,415
1499,resnet_pa,3,9,animacy,9,animate_006_left.png,inanimate_007_left.png,416
1500,resnet_pa,3,9,animacy,9,animate_002_right_pair.png,inanimate_011_right_pair.png,419
1501,resnet_pa,3,9,animacy,9,inanimate_001_right_pair.png,animate_001_right_pair.png,421
1502,resnet_pa,3,9,animacy,9,inanimate_002_left_pair.png,animate_006_left_pair.png,424
1503,resnet_pa,3,9,animacy,9,animate_006_right_pair.png,inanimate_011_right_pair.png,425
1504,resnet_pa,3,9,animacy,9,animate_004_left.png,inanimate_006_left.png,429
1505,resnet_pa,3,9,animacy,9,inanimate_001_right_pair.png,animate_005_right_pair.png,430
1506,resnet_pa,3,9,animacy,9,animate_010_right.png,inanimate_012_right.png,431
1507,resnet_pa,3,9,animacy,9,inanimate_007_left_pair.png,animate_009_left_pair.png,433
1508,resnet_pa,3,9,animacy,9,inanimate_011_left_pair.png,animate_001_left_pair.png,435
1509,resnet_pa,3,9,animacy,9,inanimate_002_right.png,animate_010_right.png,437
1510,resnet_pa,3,9,animacy,9,animate_008_left_pair.png,inanimate_006_left_pair.png,438
1511,resnet_pa,3,9,animacy,9,inanimate_001_left_pair.png,animate_007_left_pair.png,440
1512,resnet_pa,3,9,animacy,9,inanimate_002_right.png,animate_001_right.png,447
1513,resnet_pa,3,9,animacy,9,animate_007_left_pair.png,inanimate_003_left_pair.png,450
1514,resnet_pa,3,9,animacy,9,inanimate_008_left.png,animate_007_left.png,451
1515,resnet_pa,3,9,animacy,9,animate_008_left.png,inanimate_001_left.png,455
1516,resnet_pa,3,9,animacy,9,animate_002_left_pair.png,inanimate_011_left_pair.png,462
1517,resnet_pa,3,9,animacy,9,inanimate_011_right_pair.png,animate_005_right_pair.png,463
1518,resnet_pa,3,9,animacy,9,inanimate_005_right_pair.png,animate_011_right_pair.png,464
1519,resnet_pa,3,9,animacy,9,inanimate_001_right.png,animate_005_right.png,466
1520,resnet_pa,3,9,animacy,9,animate_010_left.png,inanimate_005_left.png,473
1521,resnet_pa,3,9,animacy,9,inanimate_009_right.png,animate_009_right.png,475
1522,resnet_pa,3,9,animacy,9,animate_004_left_pair.png,inanimate_009_left_pair.png,479
1523,resnet_pa,3,9,animacy,9,inanimate_005_left.png,animate_006_left.png,480
1524,resnet_pa,3,9,animacy,9,animate_002_right.png,inanimate_012_right.png,483
1525,resnet_pa,3,9,animacy,9,animate_011_right_pair.png,inanimate_002_right_pair.png,484
1526,resnet_pa,3,9,animacy,9,animate_001_right_pair.png,inanimate_008_right_pair.png,487
1527,resnet_pa,3,9,animacy,9,animate_011_right_pair.png,inanimate_012_right_pair.png,491
1528,resnet_pa,3,9,animacy,9,inanimate_010_right.png,animate_004_right.png,493
1529,resnet_pa,3,9,animacy,9,animate_011_left_pair.png,inanimate_011_left_pair.png,499
1530,resnet_pa,3,9,animacy,9,animate_010_left.png,inanimate_012_left.png,500
1531,resnet_pa,3,9,animacy,9,inanimate_003_right.png,animate_008_right.png,501
1532,resnet_pa,3,9,animacy,9,inanimate_005_right_pair.png,animate_002_right_pair.png,502
1533,resnet_pa,3,9,animacy,9,inanimate_004_left.png,animate_005_left.png,503
1534,resnet_pa,3,9,animacy,9,inanimate_012_left_pair.png,animate_012_left_pair.png,504
1535,resnet_pa,3,9,animacy,9,inanimate_007_left_pair.png,animate_005_left_pair.png,505
1536,resnet_pa,3,9,animacy,9,inanimate_007_right_pair.png,animate_008_right_pair.png,506
1537,resnet_pa,3,9,animacy,9,animate_008_right.png,inanimate_001_right.png,509
1538,resnet_pa,3,9,animacy,9,animate_007_right.png,inanimate_004_right.png,510
1539,resnet_pa,3,9,animacy,9,inanimate_003_left_pair.png,animate_008_left_pair.png,513
1540,resnet_pa,3,9,animacy,9,inanimate_008_right.png,animate_005_right.png,514
1541,resnet_pa,3,9,animacy,9,inanimate_011_right_pair.png,animate_002_right_pair.png,516
1542,resnet_pa,3,9,animacy,9,inanimate_012_right_pair.png,animate_001_right_pair.png,517
1543,resnet_pa,3,9,animacy,9,animate_003_left.png,inanimate_012_left.png,519
1544,resnet_pa,3,9,animacy,9,inanimate_006_right_pair.png,animate_011_right_pair.png,522
1545,resnet_pa,3,9,animacy,9,animate_007_right.png,inanimate_002_right.png,527
1546,resnet_pa,3,9,animacy,9,animate_001_right_pair.png,inanimate_009_right_pair.png,530
1547,resnet_pa,3,9,animacy,9,inanimate_003_right.png,animate_011_right.png,538
1548,resnet_pa,3,9,animacy,9,animate_009_right.png,inanimate_004_right.png,540
1549,resnet_pa,3,9,animacy,9,inanimate_004_right_pair.png,animate_011_right_pair.png,542
1550,resnet_pa,3,9,animacy,9,animate_003_left.png,inanimate_002_left.png,543
1551,resnet_pa,3,9,animacy,9,animate_009_left_pair.png,inanimate_001_left_pair.png,546
1552,resnet_pa,3,9,animacy,9,animate_010_right.png,inanimate_006_right.png,548
1553,resnet_pa,3,9,animacy,9,animate_008_right_pair.png,inanimate_008_right_pair.png,552
1554,resnet_pa,3,9,animacy,9,inanimate_010_right_pair.png,animate_007_right_pair.png,558
1555,resnet_pa,3,9,animacy,9,inanimate_004_left_pair.png,animate_007_left_pair.png,559
1556,resnet_pa,3,9,animacy,9,inanimate_008_left.png,animate_009_left.png,560
1557,resnet_pa,3,9,animacy,9,inanimate_008_left.png,animate_006_left.png,563
1558,resnet_pa,3,9,animacy,9,animate_005_left_pair.png,inanimate_008_left_pair.png,567
1559,resnet_pa,3,9,animacy,9,animate_005_right.png,inanimate_005_right.png,568
1560,resnet_pa,3,9,animacy,9,inanimate_004_right.png,animate_008_right.png,569
1561,resnet_pa,3,9,animacy,9,inanimate_004_right_pair.png,animate_009_right_pair.png,571
1562,resnet_pa,3,9,animacy,9,animate_007_right_pair.png,inanimate_001_right_pair.png,572
1563,resnet_pa,3,9,animacy,9,animate_008_left.png,inanimate_011_left.png,578
1564,resnet_pa,3,9,animacy,9,animate_012_left_pair.png,inanimate_007_left_pair.png,579
1565,resnet_pa,3,9,animacy,9,inanimate_002_right.png,animate_003_right.png,583
1566,resnet_pa,3,9,animacy,9,inanimate_011_right.png,animate_002_right.png,585
1567,resnet_pa,3,9,animacy,9,animate_007_left_pair.png,inanimate_008_left_pair.png,586
1568,resnet_pa,3,9,animacy,9,animate_007_left.png,inanimate_008_left.png,589
1569,resnet_pa,3,9,animacy,9,animate_002_left.png,inanimate_012_left.png,590
1570,resnet_pa,3,9,animacy,9,inanimate_011_right_pair.png,animate_001_right_pair.png,592
1571,resnet_pa,3,9,animacy,9,animate_011_left.png,inanimate_010_left.png,594
1572,resnet_pa,3,9,animacy,9,inanimate_010_right.png,animate_007_right.png,595
1573,resnet_pa,3,9,animacy,9,animate_011_left.png,inanimate_007_left.png,599
1574,resnet_pa,3,9,animacy,9,animate_003_right.png,inanimate_005_right.png,600
1575,resnet_pa,3,9,animacy,9,inanimate_004_left_pair.png,animate_012_left_pair.png,604
1576,resnet_pa,3,9,animacy,9,animate_005_left.png,inanimate_007_left.png,605
1577,resnet_pa,3,9,animacy,9,animate_001_left.png,inanimate_006_left.png,609
1578,resnet_pa,3,9,animacy,9,inanimate_010_right.png,animate_010_right.png,611
1579,resnet_pa,3,9,animacy,9,animate_006_left_pair.png,inanimate_006_left_pair.png,613
1580,resnet_pa,3,9,animacy,9,animate_012_left_pair.png,inanimate_005_left_pair.png,614
1581,resnet_pa,3,9,animacy,9,inanimate_011_left_pair.png,animate_005_left_pair.png,615
1582,resnet_pa,3,9,animacy,9,inanimate_012_right.png,animate_003_right.png,619
1583,resnet_pa,3,9,animacy,9,inanimate_011_right.png,animate_010_right.png,620
1584,resnet_pa,3,9,animacy,9,animate_010_right.png,inanimate_004_right.png,621
1585,resnet_pa,3,9,animacy,9,animate_007_right.png,inanimate_008_right.png,625
1586,resnet_pa,3,9,animacy,9,animate_010_left.png,inanimate_011_left.png,626
1587,resnet_pa,3,9,animacy,9,animate_009_left_pair.png,inanimate_002_left_pair.png,627
1588,resnet_pa,3,9,animacy,9,inanimate_009_right_pair.png,animate_002_right_pair.png,629
1589,resnet_pa,3,9,animacy,9,inanimate_003_left.png,animate_009_left.png,634
1590,resnet_pa,3,9,animacy,9,inanimate_008_left_pair.png,animate_008_left_pair.png,636
1591,resnet_pa,3,9,animacy,9,inanimate_003_right_pair.png,animate_009_right_pair.png,639
1592,resnet_pa,3,9,animacy,9,animate_004_right.png,inanimate_010_right.png,643
1593,resnet_pa,3,9,animacy,9,animate_012_left_pair.png,inanimate_004_left_pair.png,644
1594,resnet_pa,3,9,animacy,9,inanimate_008_left_pair.png,animate_005_left_pair.png,646
1595,resnet_pa,3,9,animacy,9,inanimate_011_right.png,animate_008_right.png,647
1596,resnet_pa,3,9,animacy,9,inanimate_002_right_pair.png,animate_001_right_pair.png,649
1597,resnet_pa,3,9,animacy,9,animate_003_right_pair.png,inanimate_008_right_pair.png,650
1598,resnet_pa,3,9,animacy,9,animate_006_left_pair.png,inanimate_011_left_pair.png,655
1599,resnet_pa,3,9,animacy,9,animate_002_right_pair.png,inanimate_003_right_pair.png,660
1600,resnet_pa,3,9,animacy,9,animate_001_left_pair.png,inanimate_011_left_pair.png,661
1601,resnet_pa,3,9,animacy,9,inanimate_012_left.png,animate_004_left.png,664
1602,resnet_pa,3,9,animacy,9,inanimate_004_left.png,animate_008_left.png,666
1603,resnet_pa,3,9,animacy,9,animate_010_right.png,inanimate_007_right.png,667
1604,resnet_pa,3,9,animacy,9,animate_002_right_pair.png,inanimate_001_right_pair.png,668
1605,resnet_pa,3,9,animacy,9,animate_002_right_pair.png,inanimate_007_right_pair.png,669
1606,resnet_pa,3,9,animacy,9,animate_005_right.png,inanimate_011_right.png,670
1607,resnet_pa,3,9,animacy,9,animate_012_right.png,inanimate_005_right.png,673
1608,resnet_pa,3,9,animacy,9,inanimate_010_right.png,animate_006_right.png,674
1609,resnet_pa,3,9,animacy,9,inanimate_012_right.png,animate_009_right.png,675
1610,resnet_pa,3,9,animacy,9,animate_004_left.png,inanimate_012_left.png,676
1611,resnet_pa,3,9,animacy,9,animate_010_left_pair.png,inanimate_009_left_pair.png,680
1612,resnet_pa,3,9,animacy,9,animate_007_right.png,inanimate_005_right.png,681
1613,resnet_pa,3,9,animacy,9,inanimate_002_left.png,animate_012_left.png,682
1614,resnet_pa,3,9,animacy,9,animate_012_right_pair.png,inanimate_004_right_pair.png,683
1615,resnet_pa,3,9,animacy,9,animate_001_right.png,inanimate_010_right.png,684
1616,resnet_pa,3,9,animacy,9,inanimate_012_right.png,animate_010_right.png,686
1617,resnet_pa,3,9,animacy,9,animate_012_right_pair.png,inanimate_005_right_pair.png,688
1618,resnet_pa,3,9,animacy,9,animate_011_left.png,inanimate_006_left.png,689
1619,resnet_pa,3,9,animacy,9,animate_005_right_pair.png,inanimate_008_right_pair.png,693
1620,resnet_pa,3,9,animacy,9,animate_006_left.png,inanimate_002_left.png,694
1621,resnet_pa,3,9,animacy,9,animate_006_right_pair.png,inanimate_010_right_pair.png,699
1622,resnet_pa,3,9,animacy,9,animate_007_left_pair.png,inanimate_011_left_pair.png,702
1623,resnet_pa,3,9,animacy,9,animate_008_left_pair.png,inanimate_002_left_pair.png,703
1624,resnet_pa,3,9,animacy,9,inanimate_008_left_pair.png,animate_001_left_pair.png,705
1625,resnet_pa,3,9,animacy,9,inanimate_002_left_pair.png,animate_012_left_pair.png,708
1626,resnet_pa,3,9,animacy,9,animate_010_right.png,inanimate_008_right.png,712
1627,resnet_pa,3,9,animacy,9,inanimate_008_right.png,animate_006_right.png,714
1628,resnet_pa,3,9,animacy,9,animate_004_left_pair.png,inanimate_010_left_pair.png,717
1629,resnet_pa,3,9,animacy,9,inanimate_006_right_pair.png,animate_008_right_pair.png,725
1630,resnet_pa,3,9,animacy,9,inanimate_002_left_pair.png,animate_007_left_pair.png,728
1631,resnet_pa,3,9,animacy,9,inanimate_001_left_pair.png,animate_001_left_pair.png,729
1632,resnet_pa,3,9,animacy,9,inanimate_012_right.png,animate_004_right.png,730
1633,resnet_pa,3,9,animacy,9,inanimate_007_left.png,animate_007_left.png,731
1634,resnet_pa,3,9,animacy,9,animate_002_left.png,inanimate_006_left.png,732
1635,resnet_pa,3,9,animacy,9,inanimate_003_left.png,animate_011_left.png,735
1636,resnet_pa,3,9,animacy,9,animate_010_right.png,inanimate_009_right.png,737
1637,resnet_pa,3,9,animacy,9,inanimate_001_left.png,animate_012_left.png,739
1638,resnet_pa,3,9,animacy,9,inanimate_004_left_pair.png,animate_001_left_pair.png,740
1639,resnet_pa,3,9,animacy,9,animate_011_right.png,inanimate_005_right.png,741
1640,resnet_pa,3,9,animacy,9,inanimate_010_left.png,animate_001_left.png,744
1641,resnet_pa,3,9,animacy,9,inanimate_006_right_pair.png,animate_007_right_pair.png,745
1642,resnet_pa,3,9,animacy,9,animate_002_right_pair.png,inanimate_010_right_pair.png,747
1643,resnet_pa,3,9,animacy,9,animate_011_left_pair.png,inanimate_012_left_pair.png,749
1644,resnet_pa,3,9,animacy,9,inanimate_001_right_pair.png,animate_012_right_pair.png,750
1645,resnet_pa,3,9,animacy,9,animate_001_left_pair.png,inanimate_004_left_pair.png,751
1646,resnet_pa,3,9,animacy,9,inanimate_003_left_pair.png,animate_002_left_pair.png,752
1647,resnet_pa,3,9,animacy,9,inanimate_003_right_pair.png,animate_010_right_pair.png,753
1648,resnet_pa,3,9,animacy,9,animate_003_right.png,inanimate_010_right.png,754
1649,resnet_pa,3,9,animacy,9,inanimate_007_left_pair.png,animate_004_left_pair.png,763
1650,resnet_pa,3,9,animacy,9,animate_012_right_pair.png,inanimate_012_right_pair.png,764
1651,resnet_pa,3,9,animacy,9,animate_008_left_pair.png,inanimate_005_left_pair.png,771
1652,resnet_pa,3,9,animacy,9,inanimate_004_right_pair.png,animate_008_right_pair.png,773
1653,resnet_pa,3,9,animacy,9,animate_004_right.png,inanimate_012_right.png,775
1654,resnet_pa,3,9,animacy,9,inanimate_010_right.png,animate_008_right.png,777
1655,resnet_pa,3,9,animacy,9,animate_006_right.png,inanimate_005_right.png,781
1656,resnet_pa,3,9,animacy,9,inanimate_011_left.png,animate_004_left.png,782
1657,resnet_pa,3,9,animacy,9,animate_012_right.png,inanimate_009_right.png,783
1658,resnet_pa,3,9,animacy,9,animate_008_right_pair.png,inanimate_003_right_pair.png,784
1659,resnet_pa,3,9,animacy,9,animate_004_right_pair.png,inanimate_006_right_pair.png,785
1660,resnet_pa,3,9,animacy,9,animate_005_left.png,inanimate_008_left.png,789
1661,resnet_pa,3,9,animacy,9,inanimate_009_right_pair.png,animate_012_right_pair.png,790
1662,resnet_pa,3,9,animacy,9,animate_012_right.png,inanimate_006_right.png,793
1663,resnet_pa,3,9,animacy,9,inanimate_010_right.png,animate_009_right.png,795
1664,resnet_pa,3,9,animacy,9,animate_009_left_pair.png,inanimate_005_left_pair.png,798
1665,resnet_pa,3,9,animacy,9,animate_008_left.png,inanimate_002_left.png,799
1666,resnet_pa,3,9,animacy,9,animate_005_left.png,inanimate_004_left.png,800
1667,resnet_pa,3,9,animacy,9,inanimate_005_left_pair.png,animate_006_left_pair.png,801
1668,resnet_pa,3,9,animacy,9,animate_011_right.png,inanimate_003_right.png,802
1669,resnet_pa,3,9,animacy,9,inanimate_007_right.png,animate_007_right.png,803
1670,resnet_pa,3,9,animacy,9,animate_002_right_pair.png,inanimate_008_right_pair.png,807
1671,resnet_pa,3,9,animacy,9,animate_012_left.png,inanimate_002_left.png,811
1672,resnet_pa,3,9,animacy,9,animate_009_left_pair.png,inanimate_010_left_pair.png,812
1673,resnet_pa,3,9,animacy,9,inanimate_011_right_pair.png,animate_011_right_pair.png,815
1674,resnet_pa,3,9,animacy,9,inanimate_004_right.png,animate_012_right.png,816
1675,resnet_pa,3,9,animacy,9,animate_002_left_pair.png,inanimate_003_left_pair.png,817
1676,resnet_pa,3,9,animacy,9,inanimate_009_left.png,animate_001_left.png,819
1677,resnet_pa,3,9,animacy,9,animate_009_left.png,inanimate_001_left.png,820
1678,resnet_pa,3,9,animacy,9,inanimate_012_left.png,animate_011_left.png,821
1679,resnet_pa,3,9,animacy,9,animate_009_right.png,inanimate_002_right.png,826
1680,resnet_pa,3,9,animacy,9,animate_004_right.png,inanimate_009_right.png,827
1681,resnet_pa,3,9,animacy,9,animate_003_left_pair.png,inanimate_011_left_pair.png,832
1682,resnet_pa,3,9,animacy,9,inanimate_001_right.png,animate_002_right.png,833
1683,resnet_pa,3,9,animacy,9,animate_010_right_pair.png,inanimate_008_right_pair.png,835
1684,resnet_pa,3,9,animacy,9,inanimate_005_right.png,animate_011_right.png,836
1685,resnet_pa,3,9,animacy,9,animate_006_left.png,inanimate_010_left.png,837
1686,resnet_pa,3,9,animacy,9,animate_005_left_pair.png,inanimate_002_left_pair.png,838
1687,resnet_pa,3,9,animacy,9,animate_006_right_pair.png,inanimate_001_right_pair.png,839
1688,resnet_pa,3,9,animacy,9,inanimate_005_left_pair.png,animate_011_left_pair.png,840
1689,resnet_pa,3,9,animacy,9,animate_009_right.png,inanimate_001_right.png,844
